Date,GARCH_vol,EGARCH_vol
2015-01-05,1.1518422106062958,1.1479141779003694
2015-01-06,1.0898159060184103,1.096851654847465
2015-01-07,1.4369595443408243,1.477719242699338
2015-01-08,1.3555240151324894,1.4052047520490878
2015-01-09,1.3706043865997455,1.3495773040746195
2015-01-12,1.3004873781157675,1.2667306290706293
2015-01-13,1.2306160233636203,1.188076164271133
2015-01-14,1.1645727747405317,1.1430672202244307
2015-01-15,1.1032215592285601,1.100118403068125
2015-01-16,1.3219115256597347,1.109528735773586
2015-01-19,1.244794544360632,1.0394520942753
2015-01-20,1.1783504574338592,0.9828392884016451
2015-01-21,1.2276192941664452,0.9732785666160189
2015-01-22,1.16120336071684,0.9217016775931739
2015-01-23,1.0994016325101779,0.8742624879253273
2015-01-27,1.068225603407873,0.8470561221709297
2015-01-28,1.040389608904681,0.8224276223024934
2015-01-29,0.9836993107868706,0.773752093483254
2015-01-30,0.9388788515521704,0.7419710291962732
2015-02-02,1.042320786708768,0.9379300233083007
2015-02-03,0.9874325297230707,0.8985105604457787
2015-02-04,0.950385925348035,0.9062299549113921
2015-02-05,0.9119790495690014,0.9013797792210163
2015-02-06,0.8680809194957559,0.866327792319037
2015-02-09,0.8513854002954149,0.8930337307054734
2015-02-10,0.9662063845053057,1.0603047748938277
2015-02-11,0.9243349610797387,1.0024849754638394
2015-02-12,0.9022871139542449,0.9588716805781586
2015-02-13,0.9055686410723738,0.9278054176359972
2015-02-16,0.9195819108974191,0.9031455099213918
2015-02-18,0.8726607766362698,0.8470543662064955
2015-02-19,0.8529481930673147,0.8168375540425417
2015-02-20,0.8150507831969598,0.776867792665021
2015-02-23,0.8146798434519258,0.8281268950153683
2015-02-24,0.835861512198646,0.9021894195419372
2015-02-25,0.7959888196388861,0.8474101378767016
2015-02-26,0.7595528671301321,0.7969739831400502
2015-02-27,0.7973642324489305,0.8833072402270008
2015-03-02,0.9519260331937229,0.8888393991423297
2015-03-03,0.9816958981694837,0.8742196605463787
2015-03-04,0.9376329058552038,0.8337041816950983
2015-03-05,0.9339325521007789,0.8967906612226558
2015-03-09,0.8864731377500742,0.8453432401242469
2015-03-10,1.0831534704563586,1.0978197994351817
2015-03-11,1.0397598509514403,1.091483640446513
2015-03-12,0.9852538500049149,1.0380563976194663
2015-03-13,0.9687273362613823,0.9959035848219836
2015-03-16,1.0430790965602217,1.1354109954043867
2015-03-17,0.9889889185154858,1.081310304474697
2015-03-18,0.9880262998226871,1.0403977736749994
2015-03-19,0.9489183728596453,1.029228211105106
2015-03-20,0.9240665299942771,1.040550534946624
2015-03-23,0.9143749777452209,1.0707346382377791
2015-03-24,0.8731241806539414,1.0313136975174695
2015-03-25,0.8315809918829746,0.9781111081062377
2015-03-26,0.7948161905870365,0.9362911650526701
2015-03-27,1.0613961273357961,1.2061493751582897
2015-03-30,1.003291285797968,1.1249856551718846
2015-03-31,1.1017526198345182,1.1047974994935945
2015-04-01,1.0405222441741726,1.034670598608854
2015-04-06,1.0409028186174185,1.0009662415196026
2015-04-07,1.0167993256030354,0.9619342464025847
2015-04-08,0.9621475997967721,0.9033283127049825
2015-04-09,0.9294843215034035,0.8660776369040849
2015-04-10,0.9077253058653101,0.8358960852649472
2015-04-13,0.8618586019077815,0.786767454080841
2015-04-16,0.8385282671271564,0.7598691447359236
2015-04-17,0.9362738080815287,0.926527035718274
2015-04-20,0.9722431233320119,1.028594517976134
2015-04-21,1.1093030117252387,1.2220094032358646
2015-04-22,1.086679225730217,1.2454187749408316
2015-04-23,1.0418823516606404,1.1739725980714721
2015-04-24,0.9950617772205524,1.1417935908272852
2015-04-27,1.015760526164413,1.2122241340860074
2015-04-28,1.0326215887416894,1.2736547807578278
2015-04-29,1.0107615048322895,1.2074465081869095
2015-04-30,0.9769885265048892,1.1952246969459372
2015-05-04,0.9583683652713865,1.2046375615496556
2015-05-05,1.0713641249352248,1.1771297319193228
2015-05-06,1.0133441185135732,1.1084190657040704
2015-05-07,1.3262497315716884,1.4405052880901823
2015-05-08,1.260395910969149,1.3948686664079426
2015-05-11,1.2929366386553949,1.341345866937488
2015-05-12,1.3165985383820613,1.2925443980814726
2015-05-13,1.4739393960678067,1.5357329963042778
2015-05-14,1.4432933631468619,1.4560740380874875
2015-05-15,1.3575322238710048,1.3642381325842472
2015-05-18,1.283097612937986,1.2752852540614203
2015-05-19,1.2760101838314748,1.2242299862462003
2015-05-20,1.2022322215914147,1.1518869271481953
2015-05-21,1.1507062727572377,1.0922685430739891
2015-05-22,1.0857603030480314,1.0247997716561166
2015-05-25,1.0330606420624189,0.9701836235322508
2015-05-26,1.041393371585774,1.0515241339426946
2015-05-27,0.9944639596498439,1.0314718105426666
2015-05-28,0.9422123112152464,0.97376315856573
2015-05-29,0.8970503384695253,0.938057233560851
2015-06-01,0.950678927545355,0.9223513308547702
2015-06-02,0.9014313905959612,0.8684474728410134
2015-06-03,1.1603910919003224,1.1721827665367017
2015-06-04,1.1721928778964301,1.2565271838498027
2015-06-05,1.1058610836803324,1.1757895327120917
2015-06-08,1.0473529543319744,1.1210021374760473
2015-06-09,1.0352036469363937,1.160491931389163
2015-06-10,0.9848099450896104,1.116657730074065
2015-06-11,1.0100350660910908,1.0796269310591267
2015-06-12,1.1609079083884772,1.2856492913714432
2015-06-15,1.095971456245635,1.1972041295004658
2015-06-16,1.0401920031799055,1.123286202945879
2015-06-17,0.9900890306568897,1.0577915634453665
2015-06-18,0.950428009483716,1.0031366012804777
2015-06-19,0.9526436265870429,0.969419674209897
2015-06-22,0.9203746887056998,0.925560956778053
2015-06-23,0.9961284828259791,0.9170844182262604
2015-06-24,0.9471932255272498,0.8692763151508789
2015-06-25,0.9035447543825569,0.851266411157022
2015-06-26,0.8666945938720823,0.812992708838704
2015-06-29,0.8285757775574787,0.7943467697375125
2015-06-30,0.8318981625632806,0.8515478399321394
2015-07-01,0.8111536161875903,0.8184175210400745
2015-07-02,0.8311448316133538,0.8018507045263363
2015-07-03,0.7933213257565507,0.770827828936088
2015-07-06,0.7686010001447263,0.740845730596111
2015-07-07,0.744520665140857,0.712395814705621
2015-07-08,0.715474666964823,0.6940672059404194
2015-07-09,0.9023349133546701,0.9206868138596602
2015-07-10,0.8705101317666935,0.9193472970588347
2015-07-13,0.8341234606150716,0.8727411307026391
2015-07-14,0.8722744268571659,0.8569013670883406
2015-07-15,0.8303158699066544,0.8169391975973792
2015-07-16,0.827952387663459,0.7943351180886352
2015-07-17,0.8429426868247737,0.7792620022058765
2015-07-20,0.8025533916121517,0.7355531442579528
2015-07-21,0.7668205157127495,0.7076739809920773
2015-07-22,0.7916969641958882,0.7901874153524946
2015-07-23,0.8419521782634138,0.783250469310613
2015-07-24,0.8224148756153488,0.8078434950082861
2015-07-27,0.8314883690818744,0.8702700923030108
2015-07-28,1.0148181825037141,1.094590585916597
2015-07-29,0.9667793656663296,1.0596090424379663
2015-07-30,0.9247077498597553,1.0017496329260913
2015-07-31,0.8917270370697279,0.9528739540709583
2015-08-03,0.938000785093183,0.9337395146092463
2015-08-04,0.8897302216878417,0.8772074930538192
2015-08-05,0.8536419899674287,0.8661176887488493
2015-08-06,0.8303943329143592,0.8315361862697702
2015-08-07,0.7930684832736754,0.7884746917586954
2015-08-10,0.7649578659329211,0.7823339190533227
2015-08-11,0.7502409189680338,0.8001109893688171
2015-08-12,0.7637613847631148,0.8558364474363938
2015-08-13,0.8598304278458306,0.9931856791396636
2015-08-14,0.8179013763034829,0.9295851069548208
2015-08-17,0.9852841065466654,0.9338140718977993
2015-08-18,0.9496248402374674,0.940687716323134
2015-08-19,0.9022941035418333,0.9005317832983808
2015-08-20,0.8613603921113487,0.8541939571642198
2015-08-21,0.9541138746008933,1.0084240422259672
2015-08-24,0.9535236318973187,1.0601501476033337
2015-08-25,2.185130524520909,2.1165841952638162
2015-08-26,2.063378516553858,1.9566747791538803
2015-08-27,1.9700233605157282,1.9337594198386903
2015-08-28,1.9477634542890774,1.8303060290430266
2015-08-31,1.8345912156380462,1.696070047488421
2015-09-01,1.7251385767678615,1.6081958353132977
2015-09-02,1.7959165152781649,1.7981354086354495
2015-09-03,1.7109658479944478,1.7624630878472283
2015-09-04,1.6584428715046267,1.6584596587225129
2015-09-07,1.714576253651127,1.81484158936714
2015-09-08,1.6638709570168837,1.8264784245121004
2015-09-09,1.6475252162878542,1.7258990446733786
2015-09-10,1.6314114822038803,1.6363683655656414
2015-09-11,1.5374408619981144,1.5561553498548362
2015-09-14,1.443355235893316,1.4347759963010316
2015-09-15,1.393734616801482,1.3575094463048396
2015-09-16,1.3249385664932427,1.3284263880361333
2015-09-18,1.274774752064163,1.2571018633242088
2015-09-21,1.240992599106122,1.1982376381360598
2015-09-22,1.16944238462609,1.1241862858805043
2015-09-23,1.303796707601495,1.3417319295647971
2015-09-24,1.232681305496638,1.2542323656575374
2015-09-28,1.1633443903204097,1.1712000681055712
2015-09-29,1.1428873051961372,1.2128394588010718
2015-09-30,1.0924866792443884,1.144460451096398
2015-10-01,1.1107790229340961,1.1070202801687283
2015-10-05,1.0486106038396927,1.0316939220557835
2015-10-06,1.189013186120676,1.0314006953710027
2015-10-07,1.1264373443100593,0.9749457696366929
2015-10-08,1.0657430731685047,0.920316967973957
2015-10-09,1.0288115109367666,0.942440710245853
2015-10-12,0.997277211590265,0.9053122893696168
2015-10-13,0.9654950929906453,0.9256013753197869
2015-10-14,0.9172769917794447,0.889331476297684
2015-10-15,0.8780775536815788,0.8753353533594932
2015-10-16,0.8752639721007719,0.8492229432853354
2015-10-19,0.8582329953295235,0.8200809602680454
2015-10-20,0.8258024231249371,0.7847931634562936
2015-10-21,0.7901138801450929,0.7636758256504388
2015-10-23,0.756510971840583,0.7391581392960757
2015-10-26,0.7390693130737367,0.713860671967937
2015-10-27,0.7247920454418711,0.7333859924618317
2015-10-28,0.7065301048916822,0.7395426911874783
2015-10-29,0.7274521387153959,0.8025573303887181
2015-10-30,0.7427029356201069,0.8560024741743739
2015-11-02,0.739626296611073,0.8816978593834616
2015-11-03,0.7127647058910936,0.8546702434728757
2015-11-04,0.6840974217956544,0.8056403107776335
2015-11-05,0.6657756709597842,0.7945509794917245
2015-11-06,0.73662927778906,0.8964443087906547
2015-11-09,0.705934507346336,0.84640521237469
2015-11-10,0.7009712229713396,0.8628846245478506
2015-11-13,0.8773908672722817,1.052048861226838
2015-11-16,0.8409205409440051,1.01931401120322
2015-11-17,0.8171653211676281,0.9691480930550401
2015-11-18,0.7862700157538057,0.9181829389667706
2015-11-19,0.8798887119236571,1.0501931221259404
2015-11-20,0.9448993242765922,1.0252570944882184
2015-11-23,0.8966188420431288,0.9617335761581586
2015-11-24,0.853065677190271,0.9152918679359273
2015-11-26,0.8170047287184767,0.8900477293628534
2015-11-27,0.8026080539976783,0.8554216721237309
2015-11-30,0.7966124265293003,0.8266922133158736
2015-12-01,0.7618005476777884,0.7930686026987183
2015-12-02,0.7308290315660875,0.753695737514846
2015-12-03,0.7097678555039207,0.7528639946659174
2015-12-04,0.7422674196814801,0.8286845149979807
2015-12-07,0.7965238046543404,0.925497419084557
2015-12-08,0.7652104563395064,0.8976293000263245
2015-12-09,0.7855209747596752,0.9542886884940229
2015-12-10,0.8483593876547425,1.053392838238756
2015-12-11,0.854151907277246,1.0115425744484627
2015-12-14,0.8763631790961762,1.073973310552376
2015-12-15,0.8459579893532684,1.0167556172494212
2015-12-16,0.8281708486990011,0.9698748444181122
2015-12-17,0.8112034915918285,0.9270590938880576
2015-12-18,0.8560098851632466,0.9066859088099103
2015-12-21,0.8909411694025836,0.9954079967245194
2015-12-22,0.891495101174451,0.9594194844607177
2015-12-23,0.875043477466941,0.9815726772299602
2015-12-24,0.8874509464417831,0.9499447428957344
2015-12-28,0.8441477880192765,0.9008019678228599
2015-12-29,0.8392003687772798,0.8700485627865697
2015-12-30,0.7990321186373006,0.8171762613058392
2015-12-31,0.7776735780624423,0.8258542141286778
2016-01-04,0.7653035439193436,0.7961578797691397
2016-01-05,0.983063478030659,1.0438342330829395
2016-01-06,0.9321651201958596,0.9884468854589394
2016-01-07,0.9069340184205598,1.0000300839201839
2016-01-08,1.1411857863405033,1.2628958906463223
2016-01-11,1.083310097851964,1.183742409385672
2016-01-12,1.0389241025405334,1.1661831688974602
2016-01-13,1.01357266817818,1.1788639618661187
2016-01-14,0.9802495595060817,1.1166589256448627
2016-01-15,0.9373765552220216,1.0860260594023856
2016-01-18,0.9951586217152343,1.1925170759584454
2016-01-19,1.023217089398533,1.2654773028337578
2016-01-20,1.0282412621726924,1.2088613663516916
2016-01-21,1.1279281492560556,1.3563771996299516
2016-01-22,1.0769459522173512,1.314083593887013
2016-01-25,1.1912829948083323,1.2802690958547231
2016-01-27,1.1235266812593792,1.1912445992806207
2016-01-28,1.060381354423445,1.1078639912680166
2016-01-29,1.0050576156146398,1.0574697617428366
2016-02-01,1.1132009329539074,1.0462672595879143
2016-02-02,1.052095771069733,0.9925292656931081
2016-02-03,1.0924734446849838,1.112432038102088
2016-02-04,1.1172822151666115,1.207637758186622
2016-02-05,1.0672684395683771,1.1385918968360156
2016-02-08,1.0670648252509705,1.0953075212037424
2016-02-09,1.1092618211896241,1.207506968793956
2016-02-10,1.1252552301057572,1.284172800991243
2016-02-11,1.1303578841712496,1.341429409208928
2016-02-12,1.5391969232116132,1.7337933197096136
2016-02-15,1.4449031768683542,1.591609737105235
2016-02-16,1.5812804571411119,1.5468103652779646
2016-02-17,1.5796827102510564,1.638718336275914
2016-02-18,1.5041268292235839,1.532199526138644
2016-02-19,1.456563134541181,1.4476918171179372
2016-02-22,1.3698407803729666,1.3434302335178936
2016-02-23,1.290849396678086,1.2524124704150075
2016-02-24,1.3475831909807199,1.3997332629815373
2016-02-25,1.3401405679356502,1.4640106932241475
2016-02-26,1.283563060753826,1.4409766855527721
2016-02-29,1.2342640349997156,1.3560923871189414
2016-03-01,1.182634280801892,1.3348713664783611
2016-03-02,1.530952114561096,1.344013345102828
2016-03-03,1.568679165163136,1.3078677690246279
2016-03-04,1.537814516541327,1.2566586231562016
2016-03-08,1.4437860617538192,1.1683618431255673
2016-03-09,1.3566146619411859,1.0900311566692664
2016-03-10,1.2883276740698597,1.034476820503232
2016-03-11,1.231730478795009,1.0474081048970278
2016-03-14,1.1631975156330117,0.9863912580798435
2016-03-15,1.1016647538915973,0.9332334473042072
2016-03-16,1.0996320382943954,1.0169775651775743
2016-03-17,1.0482654586258717,0.9650936074319412
2016-03-18,0.9917021819999305,0.9076514508957658
2016-03-21,1.0098921390746203,0.8896918688565206
2016-03-22,1.0364394450480456,0.8765159940947721
2016-03-23,0.9803438321698477,0.8259580935041003
2016-03-28,0.9285361236479092,0.7780595167368409
2016-03-29,0.9879932171226306,0.9219753694792973
2016-03-30,0.9404962263884955,0.8977361955769279
2016-03-31,1.0541313049857646,0.9007729053281
2016-04-01,0.9963561646696351,0.8448282048707353
2016-04-04,0.9515684878896057,0.8396383622791342
2016-04-05,0.9180175425005569,0.8073121858022774
2016-04-06,1.1018120940385336,1.0626869342237468
2016-04-07,1.0406241566695336,0.9945473823364186
2016-04-08,1.0314388526652845,1.0508891190149035
2016-04-11,0.9755889006031717,0.9829265646573438
2016-04-12,1.0379470325796947,0.9681308410482502
2016-04-13,0.9910068644097573,0.920282209455746
2016-04-18,1.0963537538740116,0.921657818149919
2016-04-20,1.0633749600786062,0.8890160586498681
2016-04-21,1.0050469358076555,0.8377974018956399
2016-04-22,0.9516663960368628,0.7956488433585119
2016-04-25,0.9049846151820156,0.7734418542124978
2016-04-26,0.8826034680087114,0.8063992406788464
2016-04-27,0.9376409104328272,0.8030031899756783
2016-04-28,0.8905953144656782,0.7617255577655752
2016-04-29,1.015506273130793,0.9649030129046485
2016-05-02,0.9608244072085635,0.9026031486237819
2016-05-03,0.9325044476200055,0.9226691174872867
2016-05-04,0.9233051546032028,0.9674862117389089
2016-05-05,0.8962800720519671,0.9760378351942445
2016-05-06,0.8572244940003839,0.9237349686808247
2016-05-09,0.8160131936495624,0.8726231387727783
2016-05-10,0.9405667304789906,0.8745688842294108
2016-05-11,0.8945560833453721,0.8286697473551697
2016-05-12,0.8685754861260834,0.8471813489914326
2016-05-13,0.8477301953096312,0.8162465663476378
2016-05-16,0.8883142579014115,0.9198949301148601
2016-05-17,0.860663154251249,0.879830806845779
2016-05-18,0.8250764114090863,0.8368576964167836
2016-05-19,0.7930477493425596,0.8237317488109095
2016-05-20,0.8461115541368939,0.9295319675801824
2016-05-23,0.8211544707635918,0.9300222640096449
2016-05-24,0.7886473186226899,0.9053895678608966
2016-05-25,0.7547912523209225,0.8551085865718755
2016-05-26,1.038196850637744,0.8822579236759168
2016-05-27,1.1125693499928644,0.8827138634999172
2016-05-30,1.0996488514659992,0.862360036074681
2016-05-31,1.0403822866867038,0.8173144018033722
2016-06-01,0.9880573937655771,0.8013336343318256
2016-06-02,0.9373377127589521,0.7610727246201624
2016-06-03,0.8988808383199387,0.7320662644250944
2016-06-06,0.8537549900220724,0.6923283531283604
2016-06-07,0.8182124226779717,0.6896816972958539
2016-06-08,0.814846428463281,0.677618799382859
2016-06-09,0.776783732209147,0.6429004424237882
2016-06-10,0.7976168725250281,0.729239076597661
2016-06-13,0.7761870249464097,0.74574307159761
2016-06-14,0.7844843429913467,0.8049976823058391
2016-06-15,0.7495543238050631,0.764270901997329
2016-06-16,0.805570617123044,0.7592357119492352
2016-06-17,0.8178803581356662,0.8278598108336915
2016-06-20,0.785469430457825,0.7890460903065423
2016-06-21,0.7900911618856107,0.7693832441309975
2016-06-22,0.7599155458987316,0.7579147657551306
2016-06-23,0.7315121390301703,0.7437670833250528
2016-06-24,0.7412745277067908,0.7274574912174342
2016-06-27,1.0241114571086358,1.0332397488367098
2016-06-28,0.9687021579033447,0.9657073283315274
2016-06-29,0.9245153348365905,0.9154969963804753
2016-06-30,0.9210521749372129,0.8873444958850277
2016-07-01,0.9265949975495742,0.8646514446003468
2016-07-04,0.8897731750312475,0.8266227605022847
2016-07-05,0.8574132082387339,0.7927198131188123
2016-07-07,0.8302005293469259,0.804090931366561
2016-07-08,0.7908930037929833,0.7578448984046547
2016-07-11,0.7588453694592736,0.7410184554954311
2016-07-12,0.9024251809229161,0.7562958089292682
2016-07-13,0.875983264784184,0.7326910621672194
2016-07-14,0.8330866382390956,0.6979838659363952
2016-07-15,0.8078145037919104,0.6764290599182146
2016-07-18,0.7780682953618305,0.6798529322063891
2016-07-19,0.7570592033598605,0.6973633229999415
2016-07-20,0.7261627700723755,0.6659627256727984
2016-07-21,0.7063707671339895,0.6439664621483189
2016-07-22,0.716336753918322,0.7023613626157011
2016-07-25,0.6939548066245746,0.674863684387123
2016-07-26,0.7461588901234897,0.6744950344157145
2016-07-27,0.7387425516834528,0.711523046112214
2016-07-28,0.7112915582269448,0.680843741545828
2016-07-29,0.7029760561326076,0.6625010786463844
2016-08-01,0.6862426677317581,0.6732003697853245
2016-08-02,0.6603557880932726,0.6441874404396256
2016-08-03,0.640354613704403,0.6349826953698775
2016-08-04,0.6934432086429961,0.73215784665935
2016-08-05,0.6663111064308279,0.6925184511525291
2016-08-08,0.7982226434605452,0.7055682045083257
2016-08-09,0.766258932427357,0.6764555523014255
2016-08-10,0.7463201244447202,0.6938836837357318
2016-08-11,0.8214673962523813,0.8280662334818646
2016-08-16,0.7839996164299096,0.7838576960638294
2016-08-17,0.767376518184163,0.7564169069520786
2016-08-18,0.7389061807564403,0.7446056884981647
2016-08-19,0.726202898966961,0.7201551628789572
2016-08-22,0.6974043235155051,0.6934882920175153
2016-08-23,0.6890222727956729,0.7169253467955677
2016-08-24,0.662338816404662,0.6775354629127823
2016-08-25,0.63980860609982,0.6469108491342465
2016-08-26,0.6620485080287437,0.7080281718134496
2016-08-29,0.6448159351408606,0.7024723360214793
2016-08-30,0.6321564901704381,0.676335926097502
2016-08-31,0.782765387247056,0.69244942247938
2016-09-01,0.7593994883986416,0.6695401107252361
2016-09-02,0.7289119807388961,0.6547186195800635
2016-09-06,0.7068297076621439,0.6324066327330832
2016-09-07,0.8224681022864736,0.6497939374061301
2016-09-08,0.7915255183681474,0.6561748158880368
2016-09-09,0.7626909738921913,0.6333609823079448
2016-09-12,0.8009247587916036,0.7389233922579113
2016-09-14,0.9564712816975691,0.9527395007331457
2016-09-15,0.9067329940698822,0.8946156390989047
2016-09-16,0.8617253830603977,0.8438098038823753
2016-09-19,0.8279666210673096,0.805647445491208
2016-09-20,0.7932734936475765,0.7676649833616342
2016-09-21,0.7698448515918566,0.7752171423642883
2016-09-22,0.7358852702970926,0.7326978987633369
2016-09-23,0.7701072107087134,0.7245817472026955
2016-09-26,0.751343933672311,0.740962850820694
2016-09-27,0.8323193236818631,0.8760111314455915
2016-09-28,0.7969528486673415,0.8501469984392958
2016-09-29,0.7703419577403077,0.8120009494913237
2016-09-30,0.9457308538068683,1.0241554676619489
2016-10-03,0.8982910832571658,0.9625313027105515
2016-10-04,0.9656457570545754,0.9476270645066268
2016-10-05,0.9197773801010924,0.8973939981515165
2016-10-06,0.8801285833050169,0.8819342859521346
2016-10-07,0.8493900503541513,0.8818545205057505
2016-10-10,0.8109136621157311,0.8486011467029004
2016-10-13,0.7734666255265795,0.8003173029868675
2016-10-14,0.9073971772350147,0.9801233223307191
2016-10-17,0.8616434192340475,0.9190866758338708
2016-10-18,0.8592525576463707,0.9614176543668853
2016-10-19,0.9972259298457816,0.9591538831467049
2016-10-20,0.9482683545757501,0.9286248739394365
2016-10-21,0.908277726995529,0.8837773171548302
2016-10-24,0.863385100653451,0.8422390718151559
2016-10-25,0.8220569427410378,0.7962924332929747
2016-10-26,0.7880322365690032,0.7793690325154704
2016-10-27,0.8114320668744984,0.856422083276436
2016-10-28,0.7739114697335194,0.8083063847771684
2016-11-01,0.7422677543143419,0.7680913731253337
2016-11-02,0.7135160119506004,0.7451680412608719
2016-11-03,0.8154981574463772,0.8912189939290694
2016-11-04,0.788260100201312,0.8833708260312371
2016-11-07,0.7828150466710015,0.9113757225737266
2016-11-08,0.7795907023233212,0.8774859015631797
2016-11-09,0.7607663793726727,0.8401343620838082
2016-11-10,0.8526178292146674,0.975010176354449
2016-11-11,0.878440433745524,0.946866903620929
2016-11-15,1.2286311096055145,1.301001431295171
2016-11-16,1.3845400248459119,1.524253727895392
2016-11-17,1.3016036203883097,1.4045293384475814
2016-11-18,1.2335494202602177,1.3500582614932755
2016-11-21,1.1627089596298978,1.2616809594270695
2016-11-22,1.252548710973641,1.4180282993287867
2016-11-23,1.2114354827956315,1.3380212836862075
2016-11-24,1.1462390556093518,1.2494060992588667
2016-11-25,1.120508118975445,1.2713139981464097
2016-11-28,1.2049221537628136,1.237703101250428
2016-11-29,1.1358300458964408,1.1521602593591769
2016-11-30,1.0724055814581626,1.0763943107546823
2016-12-01,1.0580086965983855,1.0349027225271878
2016-12-02,1.0103024191511725,1.0184818055291043
2016-12-05,1.0529012357698482,1.1302662610468746
2016-12-06,1.0059756046611763,1.0673551018161778
2016-12-07,0.9527217728475543,0.9997336054047062
2016-12-08,0.9215475037791914,1.0027015171742517
2016-12-09,1.0340167535828257,0.9942509541037574
2016-12-12,0.978550728120436,0.9338931077320018
2016-12-13,1.0008219446050255,1.0269185313570097
2016-12-14,0.964348428785204,0.9777215075635116
2016-12-15,0.9303821007791973,0.9794493951971813
2016-12-16,0.8927129468531236,0.9644566414487169
2016-12-19,0.8514333667293924,0.9279242094122251
2016-12-20,0.8258200997849076,0.9283437943503142
2016-12-21,0.7941451245395812,0.9077609387047257
2016-12-22,0.765064991220769,0.8878995780900231
2016-12-23,0.8113471526853908,0.9742295127136682
2016-12-26,0.7735974399067743,0.9126695845649547
2016-12-27,0.8115997674442175,0.9891270238186896
2016-12-28,0.9130364986703586,0.974966874045405
2016-12-29,0.8667215005318368,0.9126079314139516
2016-12-30,0.8627174602453406,0.8820546567880889
2017-01-02,0.8756274408158996,0.8596491403818088
2017-01-03,0.833572923096751,0.8208583904206218
2017-01-04,0.7944418648841628,0.775989260042171
2017-01-05,0.7586267217657664,0.7378454950343907
2017-01-06,0.7876101267965088,0.7288705523295445
2017-01-09,0.7643914299993275,0.7391664007970999
2017-01-10,0.7325039080196166,0.7134673876066864
2017-01-11,0.7257614870737792,0.694005932271004
2017-01-12,0.7727109056868232,0.692105677731783
2017-01-13,0.7428581000878847,0.6638957007429852
2017-01-16,0.712681178336772,0.6431475256913812
2017-01-17,0.6843013282432031,0.613567683060357
2017-01-18,0.6625272415138185,0.6092952452338003
2017-01-19,0.6405047984743883,0.5850810956695262
2017-01-20,0.6204014171774004,0.562472002048018
2017-01-23,0.6950528314437622,0.685587989029363
2017-01-24,0.6827713682154517,0.6641395862709757
2017-01-25,0.7229970034336048,0.6612787280192024
2017-01-27,0.8318078186547319,0.6755425923573494
2017-01-30,0.801899060346865,0.6530633075998348
2017-01-31,0.7667125468506759,0.6353975396945263
2017-02-01,0.7876705448790572,0.7207566866443389
2017-02-02,0.9373436700389536,0.7404495512666788
2017-02-03,0.890118066846304,0.704365583658043
2017-02-06,0.8456372581102152,0.6672548340935713
2017-02-07,0.8296322605442955,0.653463203895544
2017-02-08,0.802691889001618,0.6719036594379078
2017-02-09,0.7658678277806502,0.6390904084496557
2017-02-10,0.7322335200539164,0.6084900247495206
2017-02-13,0.7023937858120677,0.5825782217677542
2017-02-14,0.674771949036569,0.5574007439430928
2017-02-15,0.6528528149240784,0.5537047968336275
2017-02-16,0.6848591817770109,0.6387771406587386
2017-02-17,0.6817575283093802,0.6248571576935904
2017-02-20,0.670526987457879,0.6083397565172514
2017-02-21,0.6728199438581548,0.598346164660337
2017-02-22,0.6530317585223093,0.5782105683680246
2017-02-23,0.6316384027171046,0.5561174596006953
2017-02-27,0.6109878148826655,0.5333942540801084
2017-02-28,0.6172852327429726,0.5774679859950935
2017-03-01,0.6031994263673123,0.578360853601045
2017-03-02,0.6247673619742385,0.574010301317384
2017-03-03,0.6325312357412247,0.6195235638520964
2017-03-06,0.6119200836621925,0.5952881826426222
2017-03-07,0.6315655597317001,0.5893718836206705
2017-03-08,0.6156107347116399,0.5882744614772101
2017-03-09,0.6046948941248648,0.5962911207982282
2017-03-10,0.5863256722778328,0.5670383799838896
2017-03-14,0.5698000135215261,0.5415905384274725
2017-03-15,0.7647538460631046,0.5737496209619981
2017-03-16,0.7316209107266484,0.5531832502730107
2017-03-17,0.7357925945954081,0.5513292037657882
2017-03-20,0.704737122098232,0.5266272168716448
2017-03-21,0.6903757194907885,0.5548664266025511
2017-03-22,0.66468024073006,0.5402025116481005
2017-03-23,0.7269557689997278,0.6630595761029879
2017-03-24,0.7192998867420041,0.6473229273868735
2017-03-27,0.692086070237726,0.6203629929459128
2017-03-28,0.708320096863609,0.6867286979227508
2017-03-29,0.7026210396406164,0.6688256089165135
2017-03-30,0.687410088860421,0.6477471205962513
2017-03-31,0.6663280902375249,0.623670158297481
2017-04-03,0.6420847236361745,0.595972378411869
2017-04-05,0.6527794494377426,0.5885855281319422
2017-04-06,0.6339851009271059,0.5683489805783107
2017-04-07,0.6133826985255666,0.5495296406783146
2017-04-10,0.6418059080194293,0.6226534089249337
2017-04-11,0.6247023399735241,0.618563377245468
2017-04-12,0.6289283701212794,0.6061482113902901
2017-04-13,0.6234369087097329,0.6275868185253174
2017-04-17,0.6371451791357388,0.6762544819996271
2017-04-18,0.6184281027145748,0.6601091345068549
2017-04-19,0.6149927390054407,0.6781605553454461
2017-04-20,0.5960566368294677,0.6481642719582507
2017-04-21,0.5864330088696816,0.625168823154671
2017-04-24,0.5754970081368079,0.6212434544639879
2017-04-25,0.6484806193016542,0.6246811465145781
2017-04-26,0.6891112252804462,0.6237722769679005
2017-04-27,0.6762759632072465,0.6069589397799043
2017-04-28,0.6529780684948707,0.5938547983057287
2017-05-02,0.6478482385258694,0.6225270613020021
2017-05-03,0.6252242208223888,0.5932402303885077
2017-05-04,0.6052763019430447,0.5705453327289924
2017-05-05,0.6045549456665175,0.5590722021826087
2017-05-08,0.6489934534914106,0.6478982043680281
2017-05-09,0.6311486893806616,0.6232182287410649
2017-05-10,0.6101139733526186,0.5917880956181585
2017-05-11,0.6591904195274263,0.5939771479878037
2017-05-12,0.6360987112287609,0.5688538481430682
2017-05-15,0.6216355140546174,0.5752394647114397
2017-05-16,0.6158299738062618,0.5619955127919073
2017-05-17,0.631318402223106,0.5577069349186192
2017-05-18,0.6107103106533835,0.5348834607814779
2017-05-19,0.6866045674985701,0.6604884085909422
2017-05-22,0.6606034660802355,0.6317806917635863
2017-05-23,0.6367733525875229,0.6018909264022434
2017-05-24,0.6464888362513228,0.6501262222816828
2017-05-25,0.6332090181234156,0.6554978652257571
2017-05-26,0.784191064113183,0.6736115043372257
2017-05-29,0.7954130237113772,0.6663094817168096
2017-05-30,0.7591330476820406,0.6332772329890785
2017-05-31,0.7274046221724236,0.606367718773469
2017-06-01,0.6978159837600951,0.5844288780996999
2017-06-02,0.671315900495494,0.5667335284176316
2017-06-05,0.6547669211302488,0.551362319586624
2017-06-06,0.6334533655040132,0.5317390211637596
2017-06-07,0.6295455307610365,0.5636989787733253
2017-06-08,0.612508272032435,0.544874623528684
2017-06-09,0.5980928455406067,0.5458119751462422
2017-06-12,0.5824537167500264,0.5264263882488646
2017-06-13,0.598572425660911,0.5794464864074085
2017-06-14,0.5830755105605498,0.5679709024551257
2017-06-15,0.5671168438638969,0.5435157242782547
2017-06-16,0.5739497186725131,0.5779120780978929
2017-06-19,0.5588406415377687,0.5522448570708732
2017-06-20,0.5853155369717928,0.5493280494627482
2017-06-21,0.5698548691034768,0.5329691153900947
2017-06-22,0.5617798570747068,0.539369418339241
2017-06-23,0.548757462394901,0.5232133303666182
2017-06-27,0.5741886015118456,0.5817137734103658
2017-06-28,0.6064142498409835,0.6481262924006997
2017-06-29,0.5944383691495754,0.6456171924778863
2017-06-30,0.5775039092838693,0.6154112914940006
2017-07-03,0.5630612261733773,0.5890686353683987
2017-07-04,0.6243236401417489,0.5920848509656992
2017-07-05,0.6044359212555813,0.569208352288059
2017-07-06,0.5891947616694497,0.5491226926052806
2017-07-07,0.5815806212666895,0.5349753707775496
2017-07-10,0.5676673000828666,0.5259955843936328
2017-07-11,0.6437866851188812,0.5377056668715605
2017-07-12,0.6221029271086365,0.5168386844090379
2017-07-13,0.6070115787931043,0.5026821396176232
2017-07-14,0.630778777653992,0.5052689835732945
2017-07-17,0.6108558881647295,0.4939127752348552
2017-07-18,0.5966648319115092,0.48126085626619336
2017-07-19,0.6571565728677494,0.594502804384617
2017-07-20,0.669606926772606,0.5885362826597805
2017-07-21,0.6534123259763677,0.5982804168360499
2017-07-24,0.6408102906949279,0.5815401170187514
2017-07-25,0.6357048860608099,0.5692041776687599
2017-07-26,0.6146882820652755,0.5482862260412316
2017-07-27,0.6166183067085779,0.5402204217591494
2017-07-28,0.5973007348737306,0.5193731330935907
2017-07-31,0.5809575144287009,0.5077339286952604
2017-08-01,0.5932355549836488,0.5049772591486085
2017-08-02,0.5845440731274592,0.4939254190181719
2017-08-03,0.5820247769268456,0.5200958974849386
2017-08-04,0.6140505500189554,0.5940337379264912
2017-08-07,0.6131259686459875,0.5810384871135763
2017-08-08,0.5958364178727265,0.5682223005970027
2017-08-09,0.6401075956693559,0.654080435889766
2017-08-10,0.6664571583964745,0.7195538047543462
2017-08-11,0.7118334436640475,0.8046570542524565
2017-08-14,0.7826608267333754,0.9145056178365624
2017-08-16,0.7899511723178098,0.8838594409697047
2017-08-17,0.8183976279780024,0.8625692318473183
2017-08-18,0.7800102021691548,0.8110743074421829
2017-08-21,0.7822750704386976,0.8561133457954475
2017-08-22,0.802841798225128,0.9205639352713538
2017-08-23,0.7659892894119651,0.8651258471263347
2017-08-24,0.7790387518879841,0.8402155507073068
2017-08-28,0.7441150259204844,0.7900320547543043
2017-08-29,0.7304668183942663,0.7613411079080442
2017-08-30,0.8075725717479622,0.8859724870018059
2017-08-31,0.8159898980049626,0.8594759006285075
2017-09-01,0.7828858889027528,0.8170060187546092
2017-09-04,0.7652103915972923,0.7859918326495372
2017-09-05,0.7639134872694168,0.8256039875943382
2017-09-06,0.7382150730059075,0.7881456425627338
2017-09-07,0.7201440392968528,0.7928170972053971
2017-09-08,0.6909475844367869,0.7499093468127142
2017-09-11,0.6640559400123104,0.707940468964146
2017-09-12,0.673467969143413,0.6915960011878886
2017-09-13,0.6981749849461699,0.6817791557843079
2017-09-14,0.6736644189979925,0.6665157789027045
2017-09-15,0.6484058600011268,0.6324976150999687
2017-09-18,0.6260438419024481,0.605565016213343
2017-09-19,0.6363053337542608,0.5964561674107101
2017-09-20,0.61583666710858,0.5779239730540241
2017-09-21,0.5976259131689373,0.5619760133864646
2017-09-22,0.5856028051200817,0.5638334368766464
2017-09-25,0.7754680544541533,0.7802644165393133
2017-09-26,0.8066728268337998,0.8640033183793865
2017-09-27,0.7696711921734468,0.8165722226909234
2017-09-28,0.8715371829789225,0.9652592968301137
2017-09-29,0.833445817690982,0.9128724688688877
2017-10-03,0.7950115555416328,0.860945989227211
2017-10-04,0.7879484259825031,0.8309501654766775
2017-10-05,0.7691947496473844,0.7983999243917737
2017-10-06,0.7426883265127435,0.7892764834610846
2017-10-09,0.7625461117129939,0.7723953430470654
2017-10-10,0.7291275511871937,0.7297750373642959
2017-10-11,0.7022552079879711,0.6971606728680874
2017-10-12,0.6856103892673329,0.7047773696269316
2017-10-13,0.7411406261032121,0.7021598484446409
2017-10-16,0.7389551176335021,0.6858742561396545
2017-10-17,0.730268767674292,0.6683400687332189
2017-10-18,0.6997707475137208,0.6329561930433457
2017-10-19,0.6786925171015888,0.634227265065507
2017-10-23,0.6903906831796859,0.6905262829643979
2017-10-24,0.6712442980050005,0.6644471997051827
2017-10-25,0.6483085051898958,0.6355680104122237
2017-10-26,0.67580670683932,0.6302396414162075
2017-10-27,0.6634735152283653,0.6123662917116199
2017-10-30,0.6448265597221782,0.6114377324633765
2017-10-31,0.6314008863170387,0.592564530188601
2017-11-01,0.6198598111509402,0.6030250936486261
2017-11-02,0.6737754616680123,0.6058721586717949
2017-11-03,0.6524785825937001,0.6001584525106528
2017-11-06,0.6329780110198192,0.5783109176014916
2017-11-07,0.6120812571385743,0.5551588483593526
2017-11-08,0.6814074855897934,0.6720463738851565
2017-11-09,0.6764065895106175,0.7000110361398094
2017-11-10,0.6508820952808344,0.6626116458733282
2017-11-13,0.6281273734938633,0.6306103035438011
2017-11-14,0.6885930658510883,0.7332992748749599
2017-11-15,0.6768893680260136,0.7448603611490195
2017-11-16,0.6935496585526039,0.7964100585609578
2017-11-17,0.7255514621418597,0.7800563550390861
2017-11-20,0.7227122347365413,0.755845300581856
2017-11-21,0.6933880229515589,0.7165327255694598
2017-11-22,0.6697040547014602,0.6847816547636395
2017-11-23,0.6454190270239664,0.6517108560371757
2017-11-24,0.6228854340904437,0.6186116275576804
2017-11-27,0.6120608826307966,0.5992235515547744
2017-11-28,0.5929394329112259,0.571519517139439
2017-11-29,0.5863586441584789,0.5848735936088533
2017-11-30,0.5718160054132891,0.5713451107591412
2017-12-01,0.7115263761985369,0.7408329610725115
2017-12-04,0.7684558442720613,0.8443212819531979
2017-12-05,0.7344546440148566,0.794168661420392
2017-12-06,0.7053325819376693,0.7635132181937991
2017-12-07,0.7245006925167458,0.8216978052106373
2017-12-08,0.7876329936720096,0.8118524295432523
2017-12-11,0.8068405126691572,0.794659813425971
2017-12-12,0.7853731819045051,0.765080873011887
2017-12-13,0.7997978758858366,0.8320794267135287
2017-12-14,0.781619099707302,0.8458278036258238
2017-12-15,0.7648179450549901,0.8125070986000965
2017-12-18,0.767789905059256,0.7892218322780719
2017-12-19,0.7495751737602325,0.7596672997498877
2017-12-20,0.7474807255998771,0.7387064588019844
2017-12-21,0.7197053090939068,0.7242818806109244
2017-12-22,0.6908768825117598,0.6927194542621483
2017-12-26,0.6790679026940943,0.6706522367453774
2017-12-27,0.6606005206436822,0.6459305672064544
2017-12-28,0.6529977515775827,0.6670669613727973
2017-12-29,0.6325606861131926,0.6513029127423902
2018-01-02,0.6275899332447005,0.632759329673659
2018-01-03,0.6737750258377977,0.7203214357143976
2018-01-04,0.648725397244213,0.6832192811347707
2018-01-05,0.6484638297676814,0.6647949010652714
2018-01-08,0.6423271164518913,0.6454541977058472
2018-01-09,0.6449166593446444,0.6310455838140353
2018-01-10,0.6227684078253,0.6017517572278853
2018-01-11,0.6034843499622683,0.5815697254145061
2018-01-12,0.5863395825101952,0.5580481099466302
2018-01-15,0.5741427707983969,0.5398255288947851
2018-01-16,0.5817357269724655,0.5324874894723938
2018-01-17,0.5837037238796454,0.5630373093266552
2018-01-18,0.6178696306119884,0.562586102872517
2018-01-19,0.6015718711808541,0.5433918380375962
2018-01-22,0.6203792776350475,0.5409681975326462
2018-01-23,0.6299836414094157,0.5366366311070964
2018-01-24,0.689778997862788,0.5468699104341608
2018-01-25,0.6631219429410933,0.5227555851325699
2018-01-29,0.6424680510086863,0.522196295967256
2018-01-30,0.6396649498437975,0.5157235464956602
2018-01-31,0.6684212860661173,0.5981166460670544
2018-02-01,0.649177038465222,0.5981336857393216
2018-02-02,0.6284226038567717,0.58501441292171
2018-02-05,0.989092333435401,0.9520121146489688
2018-02-06,0.9845165680685574,1.0104511341750297
2018-02-07,1.074329481757228,1.1659775464838158
2018-02-08,1.0186292471808374,1.1133428248941992
2018-02-09,1.0054815929054972,1.0663160063601347
2018-02-12,1.0301409858062347,1.1517256590799148
2018-02-14,1.0035237218432647,1.0960927891050825
2018-02-15,0.9599443918491714,1.0714383585493135
2018-02-16,0.9171373589281349,1.0113831508557194
2018-02-19,0.922937365851552,1.064788539055641
2018-02-20,0.9105411445002478,1.0881523722805244
2018-02-21,0.8677096223902685,1.0394022720319305
2018-02-22,0.8305561332318836,0.9803454330502448
2018-02-23,0.7938729333228098,0.9382624030440998
2018-02-26,0.8205097402065253,0.9114399173478392
2018-02-27,0.8241426826908756,0.881557716740207
2018-02-28,0.7924765263741639,0.865026168827209
2018-03-01,0.7846514605281171,0.8919743791264056
2018-03-05,0.7598362969095342,0.8824304874206232
2018-03-06,0.7976155456354279,0.9594443458649722
2018-03-07,0.843512257742908,1.0433516721417342
2018-03-08,0.8648078515185793,1.0993760712736416
2018-03-09,0.8625189640431996,1.0509962884514146
2018-03-12,0.8233405647370985,1.0035391505287465
2018-03-13,0.980639795305936,0.998861917888186
2018-03-14,0.9287153228114415,0.9339307301260469
2018-03-15,0.8837714688137308,0.8977303261479042
2018-03-16,0.8584825776805411,0.908617300724633
2018-03-19,0.9783617418995928,1.0797634391128113
2018-03-20,0.9875354178790587,1.1405095468685478
2018-03-21,0.9381242590384168,1.0694653121975266
2018-03-22,0.8930821236531866,1.0057527098225514
2018-03-23,0.8613812659378265,0.9941655315030292
2018-03-26,0.9095756519341329,1.088035789960662
2018-03-27,0.9538385346992052,1.055693552854151
2018-03-28,0.9164188883963807,1.000541257371762
2018-04-02,0.9034366700617561,1.028584642696112
2018-04-03,0.90600796503473,0.9905044245508544
2018-04-04,0.8643380642606788,0.9351685553020335
2018-04-05,0.9098110625657879,1.0335169509739746
2018-04-06,1.0522694138707103,1.0271517536194963
2018-04-09,0.994617478117516,0.9597984662772824
2018-04-10,0.9503110618594258,0.911864734189922
2018-04-11,0.9022821804956143,0.8606634637441402
2018-04-12,0.8571678813803101,0.8117360813874184
2018-04-13,0.822593457883412,0.7755902106123534
2018-04-16,0.7852753044772438,0.736556325619976
2018-04-17,0.7603865971704981,0.7090312089946271
2018-04-18,0.7283241741129476,0.6753151733535532
2018-04-19,0.7036265456260508,0.6706299874869606
2018-04-20,0.6828192416287049,0.6460598207413084
2018-04-23,0.6571229294414561,0.6179870189612998
2018-04-24,0.6348941236464894,0.5920460546911414
2018-04-25,0.6173879800416083,0.5710185261767219
2018-04-26,0.6171112078064617,0.6023878276855362
2018-04-27,0.6100800298044405,0.5860448026697266
2018-04-30,0.625794770518505,0.5795783428052564
2018-05-02,0.6172875329373758,0.5648703461398855
2018-05-03,0.6034752421617234,0.5676168507026452
2018-05-04,0.600772474351432,0.5917465057720521
2018-05-07,0.6182092067187348,0.6442328585247162
2018-05-08,0.6582082686473791,0.6400949355670196
2018-05-09,0.6345687893486522,0.6083411389434564
2018-05-10,0.6152785090267878,0.5840984989417448
2018-05-11,0.6034206784498445,0.5900011830031201
2018-05-14,0.6361421768861641,0.587865217774414
2018-05-15,0.6148454702319771,0.5629802214498262
2018-05-16,0.596348222582563,0.5457917129988904
2018-05-17,0.6131138136048708,0.6008076812409502
2018-05-18,0.625410735759225,0.6479581779416153
2018-05-21,0.6674576551578254,0.729017444656866
2018-05-22,0.6949224612383442,0.7935012808360881
2018-05-23,0.6689071790930712,0.7522207148075737
2018-05-24,0.7320441614342112,0.8521632342091678
2018-05-25,0.7403750280215273,0.8255001011759853
2018-05-28,0.7547292077172222,0.8035601648327416
2018-05-29,0.758635261334268,0.7809575866699358
2018-05-30,0.7494573445642423,0.807367462405731
2018-05-31,0.721373940817183,0.7862768019714463
2018-06-01,0.7743591573312983,0.7772693737966436
2018-06-04,0.7530836087644462,0.7843426617102368
2018-06-05,0.754871094000155,0.8263276811522076
2018-06-06,0.733316287585379,0.8235489951432431
2018-06-07,0.7481955047552469,0.8016366138216611
2018-06-08,0.7525850918269043,0.7790780264135513
2018-06-11,0.7203520052507866,0.7387988202405503
2018-06-12,0.6917293658988442,0.7020275312484086
2018-06-13,0.6807401794462301,0.6795962056064531
2018-06-14,0.6551358353930168,0.6462705129357635
2018-06-15,0.6529265531086307,0.6757821204302951
2018-06-18,0.6297182222550083,0.6415277583202057
2018-06-19,0.6131667545368467,0.6334571076455155
2018-06-20,0.6603065219447349,0.7190406064631077
2018-06-21,0.6573591439770008,0.6970039712350724
2018-06-22,0.6436907764187386,0.7001575800578526
2018-06-25,0.6596744084212673,0.6856504772440724
2018-06-26,0.6658764034819995,0.725505982663972
2018-06-27,0.6413569556227336,0.6860935247218627
2018-06-28,0.6946221399468181,0.778044776309744
2018-06-29,0.7200318012450028,0.8402272568616952
2018-07-02,0.7783432546585283,0.8273623900098037
2018-07-03,0.7679868023503542,0.8511868690549618
2018-07-04,0.7420147977939681,0.8114649586250973
2018-07-05,0.7354494365650615,0.7837397729241895
2018-07-06,0.7090337708939759,0.765956405129167
2018-07-09,0.6821608293937851,0.7278846062848187
2018-07-10,0.6918124509831391,0.710702970923683
2018-07-11,0.7136037183824903,0.6991979552616325
2018-07-12,0.6847975150218556,0.6639219202413497
2018-07-13,0.6881594114472259,0.6503023332661902
2018-07-16,0.6623320121952729,0.6253054172367105
2018-07-17,0.6897096334825055,0.6993067498385367
2018-07-18,0.6894238606816414,0.6815167087001142
2018-07-19,0.6703644760525287,0.681206987571242
2018-07-20,0.651522714141003,0.6759214839195986
2018-07-23,0.6429167298583653,0.6546365289524692
2018-07-24,0.6513526968632144,0.6415783927824235
2018-07-25,0.6403195842652923,0.6219694167505609
2018-07-26,0.6188728497297332,0.5970172802773598
2018-07-27,0.6045601402303349,0.5768066354497138
2018-07-30,0.6581185578865422,0.5810579046549967
2018-07-31,0.6417987548004821,0.5637441439301244
2018-08-01,0.6254233362153463,0.5465355219729184
2018-08-02,0.606894611870684,0.5366694299158926
2018-08-03,0.6651165488255502,0.6432403205178101
2018-08-06,0.7123804051879382,0.6431409156800354
2018-08-07,0.6856359904405518,0.6162912144760306
2018-08-08,0.6593717277929695,0.5866097763574326
2018-08-09,0.6531709234170805,0.5743861813462441
2018-08-10,0.6310305955673098,0.5515110505414152
2018-08-13,0.6249966656618781,0.5771592811442637
2018-08-14,0.6465223680033487,0.641299905913759
2018-08-16,0.6565846037135838,0.6301045858902037
2018-08-17,0.6533455654487356,0.659649080227257
2018-08-20,0.6679878932230225,0.6486931749298882
2018-08-21,0.6757524089037185,0.6371150370281122
2018-08-23,0.6511360791192672,0.6086138631919153
2018-08-24,0.6281742834237438,0.5803925229298568
2018-08-27,0.6142511603608142,0.5849175152081114
2018-08-28,0.6923962223000187,0.5944126662627822
2018-08-29,0.6740743137933779,0.577100787149215
2018-08-30,0.6655968446870388,0.605753029737457
2018-08-31,0.6440946477676406,0.5960395482728187
2018-09-03,0.6217716581018312,0.5666280186550243
2018-09-04,0.6690473493151164,0.6613180100225564
2018-09-05,0.6727252278725725,0.701640053905387
2018-09-06,0.6629381565514564,0.7162765626985997
2018-09-07,0.6556267157367585,0.6927370506460935
2018-09-10,0.6444443671014669,0.6689391853171122
2018-09-11,0.7641169643700667,0.8251959386092594
2018-09-12,0.8570974692503174,0.9636229988084953
2018-09-14,0.8431702897058122,0.9240483727424302
2018-09-17,0.892319479979717,0.9063675455704802
2018-09-18,0.9407583182855614,1.0162840084255436
2018-09-19,0.9418287829499131,1.0670653685515574
2018-09-21,0.9052484017263345,1.0487885994102832
2018-09-24,0.9050898610615951,1.0882324867014832
2018-09-25,1.0115108669370863,1.2336871991998286
2018-09-26,0.9952817837202186,1.1728868077020629
2018-09-27,0.9440868318412995,1.109276384941726
2018-09-28,0.9277386245790777,1.1256003108315438
2018-10-01,0.8943915247512122,1.1057445432212056
2018-10-03,0.8748616675879981,1.051563125874376
2018-10-04,0.9520909035669514,1.1694757755820735
2018-10-05,1.2059834499265105,1.4316890235424868
2018-10-08,1.4457132429048318,1.700066804327036
2018-10-09,1.3605135890917592,1.5692762407369973
2018-10-10,1.2902245842354416,1.5047118406185973
2018-10-11,1.3037436374415188,1.4352134586964773
2018-10-12,1.4244828921065351,1.6229092388459032
2018-10-15,1.5207440386770423,1.5653622736744253
2018-10-16,1.4314928922396581,1.451993982631984
2018-10-17,1.3599987270765692,1.3607528834825628
2018-10-19,1.347510233586329,1.4249461767505138
2018-10-22,1.3571110441891254,1.5075941798801258
2018-10-23,1.292310519974046,1.4641983777644179
2018-10-24,1.260748173842892,1.4776126327427554
2018-10-25,1.2085248282580596,1.3861731898958767
2018-10-26,1.1876399652098037,1.4106286020880363
2018-10-29,1.1655284219328452,1.4270000521534032
2018-10-30,1.2940793895734677,1.3874327776230453
2018-10-31,1.231967543108901,1.3503677933783274
2018-11-01,1.2929974916496636,1.307524984509037
2018-11-02,1.2174932218944705,1.2220132158125947
2018-11-05,1.2562089973478594,1.1868696946955704
2018-11-06,1.1878588279079147,1.1408754397196117
2018-11-07,1.1196781865205359,1.0620695487470777
2018-11-09,1.0734913576225513,1.0102227709241978
2018-11-12,1.0159707748317754,0.9630460700630623
2018-11-13,1.018255469855549,1.0343380027162745
2018-11-14,1.005237241384047,0.9952584248290207
2018-11-15,0.952133978749121,0.9412859394690465
2018-11-16,0.9083629000182682,0.8925220639400294
2018-11-19,0.8806071035014449,0.8560385603995444
2018-11-20,0.8664523798967934,0.8276811032460639
2018-11-21,0.8926966623988734,0.9172189798033717
2018-11-22,0.8692068493121744,0.9314626997935049
2018-11-26,0.8618402392046348,0.9666435051387873
2018-11-27,0.8697554836004696,0.9345639420555543
2018-11-28,0.8409150198016659,0.8914579723793851
2018-11-29,0.808134837002253,0.8481483199399332
2018-11-30,0.8541147125049555,0.8354711175953515
2018-12-03,0.8133443682825692,0.7896040377032322
2018-12-04,0.775392660927868,0.7445934276945396
2018-12-05,0.7434107487553443,0.7231239247750483
2018-12-06,0.7642491466484297,0.7946858027601928
2018-12-07,0.9262141090452055,0.9968962192044365
2018-12-10,0.9165172119543818,0.9587620824147348
2018-12-11,1.0835733735727455,1.1757809782741417
2018-12-12,1.0368523639322509,1.1101805607010067
2018-12-13,1.1249375052605646,1.090769347614495
2018-12-14,1.0710026414598353,1.0312988615220202
2018-12-17,1.0120989576647774,0.9656698093282547
2018-12-18,0.9840793534291338,0.927113350290382
2018-12-19,0.932731360282779,0.8733819552093356
2018-12-20,0.8977984190090863,0.8360851727099214
2018-12-21,0.8552319522827823,0.807742751906299
2018-12-24,1.0161050722317775,1.028251132510014
2018-12-26,1.0050426866892563,1.0739525046774043
2018-12-27,0.9680448502622321,1.020035848093201
2018-12-28,0.926266066899232,0.9663675527664372
2018-12-31,0.9056110749491013,0.9269539874569332
2019-01-02,0.8599153111783179,0.8692305495367977
2019-01-03,0.8494720436078815,0.904352352554742
2019-01-04,0.8941738114995154,1.0027025899477524
2019-01-07,0.8618092952566355,0.9523730229780875
2019-01-08,0.82749252213014,0.9035996179374723
2019-01-09,0.7914728642454043,0.8551552855525258
2019-01-10,0.7679012117753137,0.8180341762182854
2019-01-11,0.7437308200851993,0.8129456481915706
2019-01-14,0.718923704110224,0.8001298383739456
2019-01-15,0.715726738135283,0.8265160181913426
2019-01-16,0.8076371792296181,0.8218930175725871
2019-01-17,0.7702451024318825,0.7729506015030653
2019-01-18,0.736471382683005,0.7317777959478462
2019-01-21,0.7055118435850308,0.692869419726354
2019-01-22,0.6919483154494467,0.6707417942477372
2019-01-23,0.6786453554812618,0.6855376631739384
2019-01-24,0.7148985115615991,0.7667373181140624
2019-01-25,0.6866130340793292,0.7271615883436511
2019-01-28,0.6980729917111247,0.7755624535869915
2019-01-29,0.7700718919711874,0.8871571720767406
2019-01-30,0.7375278523456659,0.8471492659317108
2019-01-31,0.7066373196694997,0.8003548340264334
2019-02-01,0.8536960582552007,0.8081124223897826
2019-02-04,0.8290987723043967,0.7782146990034738
2019-02-05,0.7905522868810494,0.7376737202773429
2019-02-06,0.7559386262523763,0.7017600270433406
2019-02-07,0.8059072087064073,0.7012358353965908
2019-02-08,0.7686026708467171,0.6639434185129758
2019-02-11,0.831413958966904,0.7938880096123755
2019-02-12,0.8126314890188243,0.8167149571365336
2019-02-14,0.797927104739833,0.8409195586170332
2019-02-15,0.8097223095393341,0.8989629685778023
2019-02-18,0.7767924924830214,0.8722801993030451
2019-02-19,0.7905179391971461,0.9256576257755651
2019-02-20,0.7659399886070849,0.9148286114152037
2019-02-21,0.8233296833448852,0.8966541269290456
2019-02-22,0.797436997277931,0.8561789034003108
2019-02-25,0.7610181904348996,0.8060144239396093
2019-02-26,0.7672998331455209,0.7842552517620213
2019-02-27,0.7492948400944671,0.7959750677108656
2019-02-28,0.7247698312921316,0.7870968412811052
2019-03-01,0.6975314007653732,0.7618052390914114
2019-03-05,0.6968417358572593,0.7387055449036559
2019-03-06,0.7535890143771057,0.7338247248766382
2019-03-07,0.7411183005995364,0.7111933362608611
2019-03-08,0.7095933177204818,0.6725294067187135
2019-03-11,0.6864680501253636,0.6671558311432272
2019-03-12,0.7545051568368438,0.6707409774426107
2019-03-13,0.8076810989449091,0.673675808869053
2019-03-14,0.7760927763129004,0.6484144787805135
2019-03-15,0.7415803097135208,0.6169418165289436
2019-03-18,0.7423867781426355,0.6090910766377733
2019-03-19,0.7151617287841815,0.5876339345011374
2019-03-20,0.708448822270998,0.5780347143836182
2019-03-22,0.6818957471843514,0.5666269697048665
2019-03-25,0.6858338226188376,0.6188697766817658
2019-03-26,0.7290388571815731,0.7164142817172342
2019-03-27,0.7789698534542777,0.7133790852332338
2019-03-28,0.7549412200247808,0.7210887177725336
2019-04-01,0.7941555319857833,0.7161345629018747
2019-04-02,0.7997357965837492,0.7037336312836346
2019-04-03,0.7696833250286343,0.6765126434390756
2019-04-04,0.7654469443796689,0.7232070088635895
2019-04-05,0.7465223736413943,0.7383338579514537
2019-04-08,0.7340695630827924,0.7149485643081186
2019-04-09,0.7286010916114599,0.7489236073007802
2019-04-10,0.7178756934408441,0.7244434792825012
2019-04-11,0.7372344505532628,0.7892233492945488
2019-04-12,0.7061892046640598,0.7456294236692129
2019-04-15,0.6866725660111537,0.7155772522242918
2019-04-16,0.6692018865511203,0.6881574137538766
2019-04-18,0.689750372859183,0.677252067779429
2019-04-22,0.6727745366800859,0.6827145825196882
2019-04-23,0.793389595492516,0.8444330078523092
2019-04-24,0.7605799540638685,0.8175249170930114
2019-04-25,0.8281529913845876,0.8106517520574127
2019-04-26,0.82862167258517,0.8621083486166766
2019-04-30,0.8413859069284699,0.8400962774833105
2019-05-02,0.8019226983948374,0.800390468697435
2019-05-03,0.7696352358973368,0.782640551524591
2019-05-06,0.7375593298629708,0.7546541195763442
2019-05-07,0.7822483098525235,0.8489213942914456
2019-05-08,0.8053473672113168,0.9171391675968097
2019-05-09,0.8713807410705585,1.0273629478069097
2019-05-10,0.8487752579909162,1.0278880274864879
2019-05-13,0.8123138749749258,0.9888330261048106
2019-05-14,0.8701383070492705,1.0840515272068882
2019-05-15,0.8495344661127415,1.0304311214831574
2019-05-16,0.8347991397630853,1.0402409058511506
2019-05-17,0.8390204408638198,0.9986245356028303
2019-05-20,0.8967378478766078,0.9754628136711866
2019-05-21,1.4314491355188141,1.035134726212834
2019-05-22,1.3891294347989318,1.103331305091739
2019-05-23,1.3071668849269429,1.0343444130873127
2019-05-24,1.2538322352612437,1.0584459917790294
2019-05-27,1.2797688950173003,1.0382920173798367
2019-05-28,1.220933951119122,0.9898192076331884
2019-05-29,1.1502697493665266,0.9251598234043983
2019-05-30,1.1039732022961257,0.9440233360601954
2019-05-31,1.063176004568786,0.9058451669406073
2019-06-03,1.0080672967993975,0.8774724518762895
2019-06-04,1.044582091042176,0.8680265909309944
2019-06-06,1.0074847320887208,0.8907506055757346
2019-06-07,1.0773700578335308,1.046412778028344
2019-06-10,1.0191216836616783,0.9824622268598028
2019-06-11,0.9716710091877491,0.9315741310378786
2019-06-12,0.9254322965438618,0.8830157024044671
2019-06-13,0.8964649033001062,0.8965560114350793
2019-06-14,0.8514423774868953,0.8417969943795748
2019-06-17,0.853137195406058,0.8960283328259686
2019-06-18,0.9213469852527387,1.0199357229485462
2019-06-19,0.8748901656319948,0.9566040101406252
2019-06-20,0.8319257002646792,0.899131015611526
2019-06-21,0.8723958960289905,0.8812602574094002
2019-06-24,0.8873543501577895,0.9524151582642849
2019-06-25,0.847639422844026,0.92150366455615
2019-06-26,0.8433674607110648,0.8891707272015806
2019-06-27,0.8116504317417831,0.8470011918825292
2019-06-28,0.7747114874873157,0.8060755163069423
2019-07-01,0.7581709645881991,0.820190787333246
2019-07-02,0.749398781744289,0.7915604394031851
2019-07-03,0.7242096697465008,0.7565356713385452
2019-07-04,0.6942160491125302,0.7141382922221889
2019-07-05,0.669781723284209,0.6818891302985466
2019-07-08,0.7530897366311637,0.8094143274643303
2019-07-09,1.017377204539048,1.0881720442228533
2019-07-10,0.9628976516799539,1.0206961076624752
2019-07-11,0.9299816387394744,1.0200146114600137
2019-07-12,0.9079590291027502,0.9749565781934916
2019-07-15,0.8683666247842061,0.9487542926514856
2019-07-16,0.829550966020277,0.8969551312948238
2019-07-17,0.811797429525259,0.8608318615173408
2019-07-18,0.7755060393387141,0.8141639253311047
2019-07-19,0.7890866292791723,0.8731710947842365
2019-07-22,0.9146455399236719,1.0393530763669647
2019-07-23,0.8974314085295667,1.0562949068314762
2019-07-24,0.854682981919286,1.0057049825732651
2019-07-25,0.8353107912702498,1.0110681241719257
2019-07-26,0.7990059086317975,0.9695255231872187
2019-07-29,0.7656869117045012,0.9149403088422526
2019-07-30,0.788618687617428,0.972934172687952
2019-07-31,0.8185114080105431,1.036690763733323
2019-08-01,0.7836684821575792,0.9758510091463254
2019-08-02,0.8599103894952291,1.0847047068284978
2019-08-05,0.8185395550256327,1.0147500499988917
2019-08-06,0.8852655148325458,1.1166974276801989
2019-08-07,0.8729597138346877,1.0638860913641737
2019-08-08,0.8807880286912736,1.1065205392750384
2019-08-09,0.9760399138859687,1.0823102334091028
2019-08-13,0.9469278775500488,1.0300747243069663
2019-08-14,1.0575749152293437,1.1949189689398296
2019-08-16,1.0391778529259619,1.1392869903903486
2019-08-19,0.9831358600496651,1.064153734616469
2019-08-20,0.9310068417029322,0.9929382941608906
2019-08-21,0.8923856296024165,0.974171701406626
2019-08-22,0.9025100678083597,1.0327912878262018
2019-08-23,1.0178334367282404,1.1926123323566373
2019-08-26,0.993168549833034,1.1330549382179733
2019-08-27,1.1453800087308947,1.122025795937544
2019-08-28,1.086904728596242,1.0570698122210975
2019-08-29,1.0445196784240245,1.05799205754619
2019-08-30,1.034243163163539,1.1065592510214113
2019-09-03,0.998277149374155,1.0513996789697413
2019-09-04,1.1684689500528245,1.2753560304818685
2019-09-05,1.1082095885991194,1.194783654253463
2019-09-06,1.0462244495856605,1.1100078782959335
2019-09-09,1.0255288620037613,1.0616978083378448
2019-09-11,0.9810802503197927,1.0056675976656784
2019-09-12,0.9321717688876325,0.9479440539894325
2019-09-13,0.9014289200825559,0.9527579584667928
2019-09-16,0.8924191184130003,0.9180879857626442
2019-09-17,0.8789228919022757,0.9494482363629936
2019-09-18,1.0116201265005664,1.1305261762723164
2019-09-19,0.9584268037980147,1.0577575460749293
2019-09-20,1.003889777811289,1.158750228489736
2019-09-23,1.9070265434656077,1.255011502298429
2019-09-24,2.0004786986396033,1.2570591978950045
2019-09-25,1.8740363035747654,1.182291781603028
2019-09-26,1.8089282007852865,1.2721328632982591
2019-09-27,1.73050443842022,1.214849759365456
2019-09-30,1.6329183260788043,1.1959340162542085
2019-10-01,1.5370913607758876,1.155980509060638
2019-10-03,1.4834562930819462,1.2094302824433283
2019-10-04,1.4013847608546617,1.1776054947769663
2019-10-07,1.382587784310114,1.2613557325072322
2019-10-09,1.3096198772090906,1.2277257665244758
2019-10-10,1.336587544843763,1.1925560568853368
2019-10-11,1.281001532750068,1.200806770519788
2019-10-14,1.2193867089435835,1.1342131749062923
2019-10-15,1.1517753549064882,1.064483330394796
2019-10-16,1.1098206117356082,1.0162588742482763
2019-10-17,1.0507430875531218,0.9580087182839662
2019-10-18,1.0442908215597622,0.9300535370881252
2019-10-22,1.0052952984059487,0.8911427381291218
2019-10-23,0.9774987092294186,0.9220363145283995
2019-10-24,0.9261230584483191,0.8671393077213498
2019-10-25,0.8822884356566537,0.8413955738013311
2019-10-29,0.8386166811752945,0.7932667047162447
2019-10-30,0.9643193363652712,0.8040910671837007
2019-10-31,0.923811454033758,0.7714998444254413
2019-11-01,0.8793548150155006,0.7351684913964037
2019-11-04,0.8359080368464397,0.696485830941237
2019-11-05,0.804584042212315,0.6715035077512402
2019-11-06,0.7721433312487563,0.6656486593119358
2019-11-07,0.7462441781459158,0.6427722863847072
2019-11-08,0.7217200631872046,0.6209912334187496
2019-11-11,0.7545120052349022,0.7135524187344016
2019-11-13,0.7217825765371305,0.6746018721206897
2019-11-14,0.7257614028898737,0.7245387686424488
2019-11-15,0.6987399266078063,0.6918914720739888
2019-11-18,0.6724917778313529,0.6597648221549691
2019-11-19,0.6492657603814256,0.6407198785687666
2019-11-20,0.6398036118695415,0.6218738011775559
2019-11-21,0.6332520118531659,0.6054824508223745
2019-11-22,0.6205238284606612,0.6124664789542814
2019-11-25,0.6230628330029252,0.6454900824254292
2019-11-26,0.728316456976934,0.6556255392420055
2019-11-27,0.7076512795506997,0.663960083854712
2019-11-28,0.6951911056299033,0.644983754227935
2019-11-29,0.6775652658021846,0.6240912243907313
2019-12-02,0.7071732968763175,0.7038820133876854
2019-12-03,0.6800035011975407,0.6776073754008795
2019-12-04,0.6747038988488187,0.7042458380231609
2019-12-05,0.6588281496216886,0.6780019180520847
2019-12-06,0.6408978530671734,0.6721163506857819
2019-12-09,0.6799132614048021,0.7504057402857951
2019-12-10,0.6544581088492153,0.7111474780087023
2019-12-11,0.6749018366417602,0.7665041976676011
2019-12-12,0.6613873732440824,0.7361310332937666
2019-12-13,0.6539195571085379,0.7106867926932545
2019-12-16,0.6933120916976306,0.702216735374805
2019-12-17,0.6748627980391775,0.7027377220729311
2019-12-18,0.7056632841055536,0.693678856891781
2019-12-19,0.6897027128595644,0.6702363081289789
2019-12-20,0.6677406704026168,0.6437204763200328
2019-12-23,0.6431467252638412,0.6124746059737736
2019-12-24,0.622398909698886,0.595062329616201
2019-12-26,0.6199364111442478,0.6215836403312243
2019-12-27,0.6513982986840077,0.6923838791701361
2019-12-30,0.694427259087094,0.6863291648987351
2019-12-31,0.6672233844827088,0.6509408477770721
2020-01-02,0.6900006584453584,0.7176957480053844
2020-01-03,0.7199674750556833,0.7077641365850451
2020-01-06,0.7101896330328263,0.7321597697206691
2020-01-07,0.9371388212724158,0.9835263204114149
2020-01-08,0.8998110376335126,0.9345138758284639
2020-01-09,0.8596960363851717,0.9079504157069813
2020-01-10,0.9520475402733933,0.9020814527574879
2020-01-13,0.9066896011536002,0.8555004370027343
2020-01-14,0.8776108684589641,0.8217165565203745
2020-01-15,0.8367286539434017,0.7803327712687639
2020-01-16,0.7998210460484789,0.7585647965029126
2020-01-17,0.763137216396124,0.7174368510542365
2020-01-20,0.7301660168895406,0.6849808430514482
2020-01-21,0.7850517390276378,0.796436930336449
2020-01-22,0.7675426183229614,0.8118002553989171
2020-01-23,0.7572638978616351,0.8351374311142479
2020-01-24,0.7451260809309521,0.8036711008796689
2020-01-27,0.7307901634158824,0.7734736014161382
2020-01-28,0.7886330353834192,0.87793921907253
2020-01-29,0.7762335823098978,0.8953584064797241
2020-01-30,0.7622740900013948,0.8584232431350958
2020-01-31,0.777476923805245,0.9124509023046656
2020-02-03,0.7741837105057952,0.9387357241208985
2020-02-04,1.0280377339053475,1.1933238989442239
2020-02-05,1.2103492982377952,1.1829770266107666
2020-02-06,1.172813918243589,1.1274822049116038
2020-02-07,1.1112271933812983,1.061142947243661
2020-02-10,1.0564698373554553,1.0345742501785888
2020-02-11,1.0181635930384265,1.0403403149847514
2020-02-12,0.9806709157284011,0.9901725616759445
2020-02-13,0.9562335578150396,0.949344727200032
2020-02-14,0.9108014427749984,0.9198883638030833
2020-02-17,0.8837434519182635,0.9306137731427924
2020-02-18,0.8635338511001759,0.9477603420748181
2020-02-19,0.8373905676887331,0.9477018513586417
2020-02-20,0.8656611341827097,0.9222379847419552
2020-02-24,0.8351238990330384,0.9153504999846059
2020-02-25,1.059188110006125,1.16620264098736
2020-02-26,1.0066258874156526,1.1212605685058041
2020-02-27,1.0144460745535222,1.1805149066110407
2020-02-28,0.9707646792030626,1.1495250596088058
2020-03-02,1.5447001352127938,1.654436447668225
2020-03-03,1.4665721609704025,1.6008422832643106
2020-03-04,1.4557934326495128,1.5202476355197427
2020-03-05,1.3781164667405836,1.4622469575056936
2020-03-06,1.296012509041605,1.353103186824009
2020-03-09,1.4761408976767565,1.603178494097748
2020-03-11,2.1485706904549224,2.2328071897483084
2020-03-12,2.0109747523134467,2.032254013948586
2020-03-13,3.3903681782324555,3.258431400939041
2020-03-16,3.38216082464509,3.043705626707475
2020-03-17,4.077480025778991,3.8652800399999805
2020-03-18,3.8991339123784607,3.7684123330071757
2020-03-19,4.091982672140805,4.118496623831381
2020-03-20,3.90675731065129,3.9749218620427524
2020-03-23,4.073152105515745,3.7243613115704526
2020-03-24,5.900357882242191,5.451719700446604
2020-03-25,5.562344481815189,4.889127037552143
2020-03-26,5.582787994043216,4.531950296495134
2020-03-27,5.3504614664319865,4.143991345138066
2020-03-30,4.994878505801157,3.6987575866387563
2020-03-31,4.888090353723525,3.8848823869571305
2020-04-01,4.716492715494427,3.585614640509282
2020-04-03,4.602492882489544,3.7346407197717535
2020-04-07,4.352596595805853,3.598167716363554
2020-04-08,4.87529416254336,3.4896172332277593
2020-04-09,4.555103395770223,3.190636322348627
2020-04-13,4.445269506359103,2.99559649244456
2020-04-15,4.173988902511602,2.8618585126517178
2020-04-16,3.906829776570005,2.6785275843656544
2020-04-17,3.655441524930643,2.4444579370381136
2020-04-20,3.5437271448895418,2.311459171222401
2020-04-21,3.3104125249275995,2.1105340359702818
2020-04-22,3.25449609947306,2.334919515825873
2020-04-23,3.122842244074463,2.1917628831295253
2020-04-24,2.948344613092162,2.0372918754956015
2020-04-27,2.8154648543365037,2.082876420176222
2020-04-28,2.6662598434917273,1.9420900441199784
2020-04-29,2.513349415853601,1.8073752544337733
2020-04-30,2.4180787904234413,1.7130267479996582
2020-05-04,2.472859477385395,1.6738111751983953
2020-05-05,3.012841089766515,2.454594425931118
2020-05-06,2.8344945312716545,2.346401521348551
2020-05-07,2.657585669512808,2.152148432725503
2020-05-08,2.499481953154917,2.0598335197115065
2020-05-11,2.3431995083973636,1.8957345563136025
2020-05-12,2.1929555566129695,1.7539835422769403
2020-05-13,2.059262253845501,1.6693436195282934
2020-05-14,2.0282038530251865,1.5971258246592734
2020-05-15,2.0846423252836948,1.825192001208738
2020-05-18,1.9519537329300791,1.683260198880896
2020-05-19,2.1588395371302567,2.036439055990872
2020-05-20,2.02884389668856,1.8770835931167438
2020-05-21,2.009219022341677,1.7833257707623007
2020-05-22,1.8852705373838565,1.6472448343093995
2020-05-26,1.7850425588458663,1.609919159095566
2020-05-27,1.6740368534962882,1.4982407301222886
2020-05-28,1.854234905163703,1.482351064416987
2020-05-29,1.8320462000262983,1.4262028280334393
2020-06-01,1.740276310736666,1.3461879786514737
2020-06-02,1.8162442662300424,1.3274677164746016
2020-06-03,1.7680625206003067,1.277674422737679
2020-06-04,1.675389048498381,1.2094988980914654
2020-06-05,1.5761926877859191,1.1672218324785795
2020-06-08,1.5181834518341384,1.1202789495754804
2020-06-09,1.4266889246302523,1.04970669513191
2020-06-10,1.400826793602937,1.142169428057263
2020-06-11,1.3321289365963473,1.0836438267194044
2020-06-12,1.440864811006177,1.3147157143927393
2020-06-15,1.369971055656207,1.2390928961392362
2020-06-16,1.3966920313887659,1.3685372890630136
2020-06-17,1.3485150528662389,1.2970356051001908
2020-06-18,1.2746153477485558,1.2466594124694648
2020-06-19,1.3696582530113242,1.224312579586751
2020-06-22,1.3691582084011304,1.1840578523949024
2020-06-23,1.3012336124080113,1.1199755860648735
2020-06-24,1.3138962857898286,1.0917353316052554
2020-06-25,1.3471618530078198,1.2376135256863035
2020-06-26,1.269001978748701,1.1717974487523855
2020-06-29,1.2256332513293844,1.1174682220915737
2020-06-30,1.1793776405336494,1.1315972651062085
2020-07-01,1.1130847917768925,1.0692605727977862
2020-07-02,1.1167281820647081,1.0360438899392548
2020-07-03,1.111966680580778,1.0036677980675006
2020-07-06,1.0602471782355165,0.9536046747173955
2020-07-07,1.099268329294306,0.9395542114436083
2020-07-08,1.0416153605199432,0.8894144451016001
2020-07-09,1.0301578134276248,0.9539196387706818
2020-07-10,1.020296517342553,0.9243425002424317
2020-07-13,0.9777302773857462,0.9236103416568744
2020-07-14,0.9297923237724677,0.8745747158450672
2020-07-15,1.0721900089514975,1.0855641355771561
2020-07-16,1.0130488785767304,1.013737972983617
2020-07-17,1.019716757564591,0.9829284219019802
2020-07-20,1.0698023193513877,0.9670685517059038
2020-07-21,1.0647651045662045,0.9394869516290647
2020-07-22,1.0781784573649624,0.9200644005171953
2020-07-23,1.0240042655772175,0.8996084608331345
2020-07-24,0.9930910454073778,0.8666279506741124
2020-07-27,0.9436953240311722,0.8415258627971381
2020-07-28,0.9169902055363861,0.8673634639253242
2020-07-29,0.9870150684525942,0.8631100095097511
2020-07-30,0.9817518601133911,0.9297219184817161
2020-07-31,0.9806449221665458,0.9940787102619998
2020-08-03,0.9345024713695588,0.9654908560955082
2020-08-04,1.045777015316273,1.1369270918529797
2020-08-05,1.1452275148975213,1.1175148449235848
2020-08-06,1.080321083546474,1.04107597108728
2020-08-07,1.054317180003786,0.9990521516454678
2020-08-10,0.9967001912586957,0.9364092453807641
2020-08-11,0.953940495073203,0.8919541528192378
2020-08-12,0.9133918311256894,0.8505438737501075
2020-08-13,0.8690695514451655,0.8186089082553265
2020-08-14,0.82746246871499,0.7827602622811756
2020-08-17,0.8712159320487133,0.8899122981963219
2020-08-18,0.8471420759278112,0.853596725208513
2020-08-19,0.888932544921499,0.8410367941054461
2020-08-20,0.8457405235430417,0.7958343410982633
2020-08-21,0.8569187270944534,0.8665225621650126
2020-08-24,0.828709120721685,0.8294707137787534
2020-08-25,0.8274706774192212,0.8060273569538122
2020-08-26,0.7883061248346079,0.759093586006526
2020-08-27,0.7778438634561737,0.7367790662285062
2020-08-28,0.743037236349865,0.6970733485873867
2020-08-31,0.7462552679384683,0.6832551585367536
2020-09-01,1.0354233723117319,1.0052776127164271
2020-09-02,1.0021316035783927,0.961540670855203
2020-09-03,0.9621302954381816,0.9167669350660865
2020-09-04,0.9126394867094538,0.871176213022464
2020-09-07,1.0354830892346976,1.0614149448983896
2020-09-08,0.9799815025004388,0.9946982648580174
2020-09-09,0.9368429336554921,0.9755225119989517
2020-09-10,0.8983400423099209,0.9602820588896799
2020-09-11,0.9723538421600137,0.9470731399352884
2020-09-14,0.9213707543598219,0.8897003718132948
2020-09-15,0.8788052876832149,0.8653559993869382
2020-09-16,0.8611862031285066,0.8346279138747073
2020-09-17,0.8458372252659649,0.8068788231719562
2020-09-18,0.8483205573460568,0.8647935636517876
2020-09-21,0.8090015828553673,0.828026313127485
2020-09-22,1.070647147107552,1.1166353745365327
2020-09-23,1.0549891880187003,1.1554847290251131
2020-09-24,1.0006077247292096,1.102688371720283
2020-09-25,1.3636282078606268,1.4705809746062315
2020-09-28,1.4622751424833187,1.4282357741560638
2020-09-29,1.459665252575388,1.369095901643941
2020-09-30,1.3716228985587764,1.275434030152454
2020-10-01,1.2906698151463558,1.1881747784377106
2020-10-05,1.29978740025257,1.1514501760614364
2020-10-06,1.2433414090299817,1.0940847918169818
2020-10-07,1.2450814900750338,1.0629836412195957
2020-10-08,1.1879651626345062,1.0112388974492372
2020-10-09,1.1456495314862365,0.9698221287960251
2020-10-12,1.0983832886423717,0.9277727479256337
2020-10-13,1.0374147469855886,0.8724843359125075
2020-10-14,0.980996813101059,0.8191965927667157
2020-10-15,0.9323482653150491,0.7793650847383381
2020-10-16,1.2020898078948468,1.118337445799932
2020-10-19,1.1513922520492486,1.0625844602230317
2020-10-20,1.122025929967406,1.0201515243865666
2020-10-21,1.059839152636749,0.9579008106430111
2020-10-22,1.0056658980510296,0.9062965930635528
2020-10-23,0.9608199419525396,0.8975034953361211
2020-10-26,0.9133106788707817,0.8497353320019728
2020-10-27,0.9829965950602886,0.9923136103643946
2020-10-28,0.9817391154959089,0.9599031568613423
2020-10-29,1.036092170096613,1.086042066225091
2020-10-30,0.9965857288171821,1.0797184165054594
2020-11-02,0.9485443928555106,1.0406650873180137
2020-11-03,0.9008335588873014,0.9773640047510527
2020-11-04,0.9347585658788747,0.9531251508571305
2020-11-05,0.9180655511914072,0.916992113948601
2020-11-06,1.0298525527485076,0.9167685924826431
2020-11-09,1.0381098895719518,0.8966001317584527
2020-11-10,1.0996553490906755,0.8927052944074513
2020-11-11,1.11907966326716,0.8809416870195218
2020-11-12,1.0927285437437941,0.8560018598851838
2020-11-13,1.0455496694986284,0.8669922810381094
2020-11-17,0.9898947037223151,0.8202787140379243
2020-11-18,1.0072565796543747,0.8102992457403274
2020-11-19,0.9634149715851779,0.777529315626082
2020-11-20,1.0128202688685675,0.91728467334748
2020-11-23,0.9789267045021687,0.880648409844908
2020-11-24,0.9389654104910126,0.8422455332104384
2020-11-25,0.9395141236239647,0.8229693257699452
2020-11-26,1.026918799167201,0.9918538798290836
2020-11-27,1.0168915507380396,0.9583828686631687
2020-12-01,0.9642544388158555,0.918062562875169
2020-12-02,0.970326781056612,0.8944007172645502
2020-12-03,0.9192718645472495,0.8388743596051986
2020-12-04,0.8728478222409601,0.7922885969928686
2020-12-07,0.8773239811301519,0.776091628009907
2020-12-08,0.8613378484640096,0.7541949938817469
2020-12-09,0.822217789615001,0.7193040426517783
2020-12-10,0.8412803824930103,0.711977027598719
2020-12-11,0.8133670348988603,0.7255580283668032
2020-12-14,0.778117545042846,0.692705727235718
2020-12-15,0.7481516846291041,0.6648059481854434
2020-12-16,0.7159773367969238,0.630903423461201
2020-12-17,0.7315068938877552,0.6255620618960435
2020-12-18,0.7104329953118773,0.6065298244703375
2020-12-21,0.6822154011235422,0.5798561874082723
2020-12-22,1.2388231328584258,1.1469230819652854
2020-12-23,1.2078049588271598,1.0990443553450122
2020-12-24,1.1773421455151245,1.05493331344759
2020-12-28,1.1578779555526502,1.0181403159760831
2020-12-29,1.124782730572842,0.9788508456366166
2020-12-30,1.067965620960258,0.9279774867489426
2020-12-31,1.0134395206317495,0.8795789611512342
2021-01-04,0.9590969844504414,0.829495710603594
2021-01-05,0.9659517835188876,0.8142547088643828
2021-01-06,0.9246214535395075,0.7802629993739774
2021-01-07,0.888616853946101,0.7874429257381835
2021-01-08,0.8452244020985106,0.7534921077297397
2021-01-11,0.9246389911714703,0.7589145157261951
2021-01-12,0.9232783057240986,0.7460709587827312
2021-01-13,0.8895932057427344,0.7205933534484106
2021-01-14,0.8453182961701181,0.683463481802732
2021-01-15,0.8060344688224312,0.6525315983237723
2021-01-18,0.8577350767228451,0.7795358884439194
2021-01-19,0.8931032828215902,0.8834037913196962
2021-01-20,0.9938214097632948,0.8831162164636128
2021-01-21,0.9743482325690053,0.8552045237009274
2021-01-25,0.9335354277326949,0.8547578358268417
2021-01-27,1.1985143266806038,1.1745764954954874
2021-01-28,1.2991149587850108,1.3592959103956495
2021-01-29,1.27694790755253,1.4000457159497761
2021-02-01,1.2837409538441076,1.4707448020469331
2021-02-02,1.9076176422792097,1.5105042672736964
2021-02-03,1.9572244848485818,1.4735801111900229
2021-02-04,1.8561001317673986,1.3890444742121744
2021-02-05,1.7516864747786591,1.3054684691732432
2021-02-08,1.642626997176127,1.2140461322358425
2021-02-09,1.5898439920427805,1.1673481013864833
2021-02-10,1.492269529993865,1.0943338253178798
2021-02-11,1.4016392070125425,1.025648884999303
2021-02-12,1.3230756545026967,0.9706754377020106
2021-02-16,1.2453769962202428,0.9199925917061946
2021-02-18,1.2100838872617559,0.8931686598884001
2021-02-19,1.2196867700446745,1.0161630100013135
2021-02-22,1.1913865782349926,1.07236569435268
2021-02-23,1.3163359874384426,1.293032597708214
2021-02-24,1.2394689173056221,1.2037647884374458
2021-02-25,1.301870546488831,1.177186350334493
2021-02-26,1.2460001433901189,1.11761704841794
2021-03-01,1.7211919889418559,1.6410190346262585
2021-03-02,1.6871889744524389,1.5580695499082309
2021-03-03,1.614771365227157,1.4673481504045098
2021-03-04,1.6601744286785962,1.4228806039139512
2021-03-05,1.6008135599533322,1.4573398430373472
2021-03-08,1.5372814188908406,1.4695267438236923
2021-03-09,1.443249680327591,1.3583639535584724
2021-03-10,1.3856653775850645,1.2856557134883466
2021-03-12,1.3104220797392538,1.2063477073999196
2021-03-15,1.275824413394201,1.247205544961607
2021-03-16,1.2245185433793389,1.2467347718530506
2021-03-17,1.1551812861564361,1.1760404320443287
2021-03-18,1.172241921117965,1.2653845650012872
2021-03-19,1.1690318667781374,1.3220053095522268
2021-03-22,1.1692849671238517,1.2637704141670671
2021-03-23,1.1031432697638102,1.1818902719487139
2021-03-24,1.052389092477307,1.1141488600076632
2021-03-25,1.1637265736284572,1.2891255595797237
2021-03-26,1.2154262464159673,1.4045399148632727
2021-03-30,1.2092110785229369,1.3372646011669662
2021-03-31,1.3495067016928142,1.311681690343566
2021-04-01,1.3186500707038227,1.353297198805561
2021-04-05,1.2933895450981931,1.289251040761306
2021-04-06,1.3247414514284541,1.4047908419384842
2021-04-07,1.2488173882783893,1.30667055422767
2021-04-08,1.2080748640267036,1.2385663311657342
2021-04-09,1.1426337032909188,1.159783510807053
2021-04-12,1.0830224360065723,1.114941382177841
2021-04-13,1.5630268027419392,1.5932565049243934
2021-04-15,1.5244706362767595,1.507852133438872
2021-04-16,1.4390827296453776,1.4054595880194658
2021-04-19,1.3534447728838086,1.3052758099254356
2021-04-20,1.40553578716177,1.4517733633283498
2021-04-22,1.330967133018741,1.3983514341021455
2021-04-23,1.2723512101933516,1.3154753645178112
2021-04-26,1.2091897280535597,1.2782613596114425
2021-04-27,1.1786308976791544,1.2156887049522793
2021-04-28,1.1656620512615636,1.164803761229842
2021-04-29,1.1849361420163784,1.128447244195735
2021-04-30,1.117908820803907,1.0556021774036504
2021-05-03,1.2124896615671001,1.2352735726948385
2021-05-04,1.1425088460662232,1.1474588312140954
2021-05-06,1.1258827747990756,1.1938547973473683
2021-05-10,1.1676885670517865,1.1587934365945176
2021-05-12,1.190756966617168,1.1241757655352578
2021-05-14,1.2525477317665756,1.2754661862896521
2021-05-17,1.1810463599148666,1.201730159451173
2021-05-18,1.2267849719568742,1.1690213420119426
2021-05-19,1.2157483387763242,1.1255512215143826
2021-05-21,1.1606549540421784,1.1170504918210509
2021-05-24,1.1323615217846792,1.0699673181487461
2021-05-26,1.0687990496936122,1.0011394733121555
2021-05-27,1.0293567622711002,0.9563727885591129
2021-05-28,0.975158372931078,0.9015034160227068
2021-06-01,0.9420211630052991,0.8648491501864601
2021-06-02,0.9330580294919378,0.8403426913898921
2021-06-03,0.8851766612721307,0.7926279951621207
2021-06-04,0.8682823302587889,0.7692203529059619
2021-06-07,0.8279241672755245,0.7451823755641995
2021-06-08,0.8023071426935064,0.7189964473273217
2021-06-09,0.7665776387798872,0.6924464919900385
2021-06-10,0.769781575804354,0.7481590688220608
2021-06-11,0.7599448995461269,0.7261841565967291
2021-06-14,0.7343809484551114,0.697461428290594
2021-06-15,0.7034707708108362,0.6610231965834528
2021-06-16,0.6822895058271373,0.636993009843736
2021-06-17,0.6946499639898724,0.694630587333211
2021-06-18,0.6903680282044588,0.7244695702582511
2021-06-21,0.6645382457010027,0.6946519426096202
2021-06-22,0.6494502409221913,0.6690462492539007
2021-06-23,0.6274195283983249,0.6378899285090162
2021-06-24,0.6376696519662443,0.6815885514366238
2021-06-25,0.6451710531722812,0.6656319022479743
2021-06-28,0.634577547648601,0.6438396760431876
2021-06-29,0.6235005415104896,0.6517729401290917
2021-06-30,0.6229434309699455,0.6767584818161606
2021-07-01,0.607355639063288,0.6664463350758087
2021-07-02,0.598022523298379,0.6692182364636262
2021-07-06,0.5840469152870474,0.6414027056377043
2021-07-07,0.5945045327790386,0.6272607192444323
2021-07-08,0.5865378382838166,0.6069030282192995
2021-07-09,0.6587755341845336,0.7150525825633335
2021-07-12,0.6425494768258361,0.7106452624931795
2021-07-13,0.6204666679510765,0.6733505462229614
2021-07-14,0.6412746706957002,0.6615585469250898
2021-07-15,0.6225091720786645,0.6341946825770907
2021-07-16,0.6145849517123837,0.6150772007382663
2021-07-19,0.595519883614125,0.5887208257813487
2021-07-20,0.6857209589053737,0.7178938773214294
2021-07-22,0.7116397480120266,0.7851924502933576
2021-07-23,0.778475053684497,0.7789878755896628
2021-07-26,0.7449419524789221,0.7394015089069977
2021-07-27,0.7180631453522701,0.7272077599632283
2021-07-28,0.7117258255430557,0.7553453348477073
2021-07-29,0.6896401450757234,0.7463947910089352
2021-07-30,0.673881560941092,0.717470832286551
2021-08-02,0.6506593336694908,0.694142285329836
2021-08-03,0.6680697840316349,0.6809243300700336
2021-08-04,0.7998489828840472,0.6950884493981803
2021-08-05,0.7984728419315,0.6824305003078667
2021-08-06,0.7635086444720712,0.6518835704558233
2021-08-09,0.7418289808420202,0.666942804677935
2021-08-10,0.7104917971973465,0.6345527462614335
2021-08-11,0.6821509407275536,0.6052375079468082
2021-08-12,0.6562716206984656,0.5773941815504829
2021-08-13,0.6484820123299215,0.5650170498655981
2021-08-16,0.6952321585987519,0.5706629542909839
2021-08-17,0.6695067229553193,0.548897201935939
2021-08-18,0.649596641709619,0.5323669079896459
2021-08-20,0.636116595081644,0.5481417651472252
2021-08-23,0.6640769317478632,0.6254869399011889
2021-08-24,0.6435305657948842,0.6016826952042464
2021-08-25,0.6622797304402651,0.5964548781911776
2021-08-26,0.6381072020361568,0.5678527266135708
2021-08-27,0.6164971991042149,0.5429870730300022
2021-08-30,0.607266115757388,0.5302319501264804
2021-08-31,0.7192590368337929,0.5507897627341861
2021-09-01,0.7785626028314587,0.5638934318678483
2021-09-02,0.7542436993126617,0.5839928780751381
2021-09-03,0.7728642155328227,0.585260452590909
2021-09-06,0.7529461905324824,0.5727257170131965
2021-09-07,0.724832934695125,0.5543463663021879
2021-09-08,0.6965339798951192,0.5438110029679948
2021-09-09,0.6700847057841111,0.5288610251694406
2021-09-13,0.645224566206576,0.5066171964968571
2021-09-14,0.624421656476467,0.49854495779252506
2021-09-15,0.6045116671286173,0.4803255128814574
2021-09-16,0.6324911151286314,0.48576714768016555
2021-09-17,0.6377487981445396,0.484820438336566
2021-09-20,0.6242929110136791,0.5012381781086959
2021-09-21,0.7070730651044043,0.6411769442353886
2021-09-22,0.7359944376362783,0.638423546159142
2021-09-23,0.7065834519995496,0.6205917992867608
2021-09-24,0.8334033298716811,0.6411516200000734
2021-09-27,0.7944684069130079,0.6124428067148485
2021-09-28,0.7583512822552475,0.5843316741771045
2021-09-29,0.7560166596277293,0.6406421624715043
2021-09-30,0.7284866456220745,0.6385546364294175
2021-10-01,0.7236373545365853,0.6796443747113339
2021-10-04,0.7162820195928554,0.7116823642777507
2021-10-05,0.7387845078194858,0.701387663447357
2021-10-06,0.7403111392318827,0.6864049583539203
2021-10-07,0.7867404327248761,0.7907085600202809
2021-10-08,0.7894051952267644,0.7702986405107669
2021-10-11,0.7723815917039881,0.7441727336408833
2021-10-12,0.7414568690972334,0.7103336518126645
2021-10-13,0.7126224464497208,0.6785648545954579
2021-10-14,0.7399938529433255,0.6723888519293889
2021-10-18,0.7666008314000169,0.6677558873386744
2021-10-19,0.7658712203719511,0.6561847200818722
2021-10-20,0.7422481031221722,0.6667407443185007
2021-10-21,0.7668035624536201,0.7485378756263685
2021-10-22,0.7540432390334028,0.7734954351920629
2021-10-25,0.7334427818021992,0.7776679903600955
2021-10-26,0.7026000043071134,0.7335178453086927
2021-10-27,0.7138854700863303,0.7173006999415457
2021-10-28,0.695616977168943,0.7222317265080679
2021-10-29,0.934832921587471,0.9811027699281715
2021-11-01,0.9560639851110116,1.0598907528876933
2021-11-02,1.0107628899819048,1.034802773450819
2021-11-03,0.960984952739263,0.9981621179338721
2021-11-04,0.919642409701488,0.9789005553289248
2021-11-08,0.8835449442619246,0.9300721806210154
2021-11-09,0.8766444856737374,0.8975625735925761
2021-11-10,0.8357150768173687,0.8624835217359533
2021-11-11,0.7987919286239142,0.8326619188560059
2021-11-12,0.8114682711243926,0.892849609616535
2021-11-15,0.8669475429628654,0.8783140474882896
2021-11-16,0.8244452507288115,0.8243227082740864
2021-11-17,0.8150806182847714,0.8589774305562543
2021-11-18,0.8026004779524234,0.8833096815801503
2021-11-22,0.8093958718517285,0.9312848850785773
2021-11-23,1.0152892666969155,1.1591810923761734
2021-11-24,0.9707673793577352,1.0926830894439052
2021-11-25,0.9377826250674575,1.0860901173906132
2021-11-26,0.9123787468068751,1.0333528451870624
2021-11-29,1.3026453267631621,1.4103034028092778
2021-11-30,1.226195082558601,1.3067994554730535
2021-12-01,1.165382109352789,1.2660320974503827
2021-12-02,1.1466025405513116,1.2073350178029258
2021-12-03,1.1596933195913937,1.1640770740625277
2021-12-06,1.16552035783235,1.2418461246874477
2021-12-07,1.233013324071157,1.379508349615089
2021-12-08,1.2569994984748838,1.3243417397529444
2021-12-09,1.2952292044203526,1.2797571474620213
2021-12-10,1.220744177609264,1.193500275963903
2021-12-13,1.1504598084198636,1.1164223544957879
2021-12-14,1.1219936084538775,1.1492128984047973
2021-12-15,1.0636863190217252,1.103897474691661
2021-12-16,1.027615414285436,1.1084289014136797
2021-12-17,0.9723919255425516,1.0360711527578923
2021-12-20,1.0562406106216855,1.180384694889139
2021-12-21,1.2387869046913718,1.4082349718486318
2021-12-22,1.2005225342604522,1.3299177702145293
2021-12-23,1.1794458821214011,1.2650799884914594
2021-12-24,1.1301296202206026,1.1938644837537427
2021-12-27,1.0769934185940986,1.1635712088189398
2021-12-28,1.0264529582039406,1.0962020568307702
2021-12-29,1.004139881529754,1.0477926017395955
2021-12-30,0.952032023494449,0.9955994572008696
2021-12-31,0.9032395923600821,0.9412791293436822
2022-01-03,0.8962844894591906,0.9085305764243191
2022-01-04,0.9779551506319868,0.9019589492862381
2022-01-05,0.9758190983340168,0.8778021629333099
2022-01-06,0.9449728906265352,0.8445721898154646
2022-01-07,0.9600796497606681,0.9329108277504755
2022-01-10,0.9154147476672164,0.8847640081982467
2022-01-11,0.9270870439794345,0.8639470407275865
2022-01-12,0.8826073472753548,0.8195158246875909
2022-01-13,0.8777192620022147,0.7980940564915372
2022-01-14,0.8364390976278008,0.7583309574431372
2022-01-17,0.7968513588441934,0.7204916442867779
2022-01-18,0.7637614039004336,0.6888346335543141
2022-01-19,0.8168517128978025,0.804610799253351
2022-01-20,0.8468870217672747,0.8920153151164918
2022-01-21,0.8781646799121147,0.9766570237614489
2022-01-24,0.8790043120591462,1.0203818657631456
2022-01-25,1.2206176304542706,1.3541809463393364
2022-01-27,1.1710768403757872,1.2755068729091414
2022-01-28,1.1540085622108633,1.311788331190432
2022-01-31,1.0890105168501243,1.2244413043063374
2022-02-01,1.1131742566680631,1.180167654128745
2022-02-02,1.1309075052798883,1.1397116421767102
2022-02-03,1.1233147201226061,1.096521955694158
2022-02-04,1.141009130290115,1.1905164366476062
2022-02-07,1.081163840026691,1.1410005974510649
2022-02-08,1.1760578097423535,1.3027404351134744
2022-02-09,1.1116122385794323,1.2153300951260924
2022-02-10,1.1049549470516298,1.1638661842870395
2022-02-11,1.07073227032165,1.1070680976064902
2022-02-14,1.1059795764105622,1.2109261013030286
2022-02-15,1.4628015015681997,1.5820131243582531
2022-02-16,1.6662645724526126,1.5519677657848063
2022-02-17,1.5646684342721622,1.4542888508024923
2022-02-18,1.46948498772391,1.3583300129059575
2022-02-21,1.3822099710678282,1.2803481460609059
2022-02-22,1.3081352982320726,1.2409068662712457
2022-02-23,1.2532419714155114,1.239822386763487
2022-02-24,1.1824733403768635,1.1750552984927345
2022-02-25,1.9512496217761552,1.8969435369567653
2022-02-28,1.9891581684736679,1.814126908604004
2022-03-02,1.8783182830400276,1.686392571505032
2022-03-03,1.8010837999513263,1.694988266227071
2022-03-04,1.7036794078341686,1.6410616537578655
2022-03-07,1.679643453813054,1.711507063015223
2022-03-08,1.7618374835049804,1.8912025821975738
2022-03-09,1.6758173860185828,1.7587978160708102
2022-03-10,1.6978366835329126,1.6775747946026365
2022-03-11,1.659770280512566,1.5881513413803394
2022-03-14,1.55753081758977,1.4669485635534112
2022-03-15,1.5278802612038376,1.398519228419386
2022-03-16,1.4950512299972816,1.4569261712203627
2022-03-17,1.5188840707441569,1.4033975572960204
2022-03-21,1.5347985304677545,1.354493993272758
2022-03-22,1.4800284888041544,1.383058507970635
2022-03-23,1.4336755870686533,1.3143201336490422
2022-03-24,1.3555069665186599,1.271279347464115
2022-03-25,1.2762643782819554,1.1986706215410732
2022-03-28,1.21087167933228,1.1680945497917303
2022-03-29,1.1461671361003192,1.097597365756898
2022-03-30,1.09492257767302,1.040592435412281
2022-03-31,1.0767167179209898,1.0022469778546759
2022-04-01,1.0204512971636674,0.9643011499967151
2022-04-04,1.029540044730958,0.9393835019771424
2022-04-05,1.1831814850713083,0.9500987504826856
2022-04-06,1.131838824275451,0.9616906522761139
2022-04-07,1.1068260562108316,1.0134608998546117
2022-04-08,1.0947402993396178,1.0750914528497328
2022-04-11,1.0621068990163802,1.0275149595994015
2022-04-12,1.0274088474987957,1.0423835804728196
2022-04-13,1.0128436982302327,1.083361414882296
2022-04-18,0.96594565017011,1.0526815717967208
2022-04-19,1.0852596937032744,1.2260212486391053
2022-04-20,1.1104477517990647,1.3071213271802775
2022-04-21,1.0950552188977285,1.2430337738959734
2022-04-22,1.131232415486033,1.2001754087028946
2022-04-25,1.1517392266487179,1.2866937062125514
2022-04-26,1.1694031457951641,1.3631572580001825
2022-04-27,1.1896438692251707,1.3062629511858403
2022-04-28,1.1679284857453607,1.3353918652223975
2022-04-29,1.1614804201257591,1.2735965420844844
2022-05-02,1.1326113599112637,1.2904458070530553
2022-05-04,1.071934705514147,1.2236571753064114
2022-05-05,1.2719971827579224,1.462785161061194
2022-05-06,1.1974794523008025,1.3497800370033748
2022-05-09,1.2554446794886007,1.4698818250448793
2022-05-10,1.2055089836987587,1.4437525954709345
2022-05-11,1.1449351888309636,1.3835919516795918
2022-05-12,1.0926804200068911,1.3389265735389129
2022-05-13,1.2731049876516622,1.5500572893990823
2022-05-16,1.2006859620543269,1.4512546858858462
2022-05-17,1.1361664610994797,1.350327636236536
2022-05-18,1.3489344196319797,1.3333325371321365
2022-05-19,1.269942004535818,1.2522164525162398
2022-05-20,1.4896861701209243,1.5459659261375913
2022-05-23,1.6632744852422503,1.5155543864056065
2022-05-24,1.5648245886636092,1.4395782155395893
2022-05-25,1.482106686450695,1.4020089527285253
2022-05-26,1.409228967385549,1.3768647019101756
2022-05-27,1.351557339865915,1.30056658096263
2022-05-30,1.316202989081417,1.2397077247999546
2022-05-31,1.3692268465809658,1.210156289917767
2022-06-01,1.2985205273364726,1.1856413688004768
2022-06-02,1.2300535183785466,1.1522660659502997
2022-06-03,1.1733068661746362,1.0909435316608784
2022-06-06,1.1112339940793128,1.0532369290745298
2022-06-07,1.050103478496852,0.9973690908420466
2022-06-08,1.0430070198420658,1.0580266909171854
2022-06-09,0.9957957728441718,1.0369185195870896
2022-06-10,0.9678520101158963,0.9906654470190573
2022-06-13,1.0777764216653192,1.1641982773911816
2022-06-14,1.348121352937171,1.4696819403774688
2022-06-15,1.2723686350342436,1.3927184851857464
2022-06-16,1.202143853553135,1.322333388631261
2022-06-17,1.3369425360390828,1.51895424186417
2022-06-20,1.2678631799139453,1.4578106486048865
2022-06-21,1.1977225296688327,1.355833635988601
2022-06-22,1.2697287258504604,1.3135439002384532
2022-06-23,1.2916187512280068,1.4113545246712602
2022-06-24,1.247127531664593,1.3322886995373742
2022-06-27,1.206079483951016,1.2612598079071637
2022-06-28,1.1640649227516173,1.195438614274262
2022-06-29,1.0978344303890408,1.1129387410548595
2022-06-30,1.044059725775112,1.0806166826129775
2022-07-01,0.9888076473918224,1.0258240172980104
2022-07-04,0.9394634781615034,0.9839428875666106
2022-07-05,0.9034380234859325,0.935843693443477
2022-07-06,0.8607064900686409,0.8996822625718042
2022-07-07,0.8877286991766531,0.8794924415627213
2022-07-08,0.8848384739968383,0.8533792667293842
2022-07-11,0.854925957052844,0.8181558288049787
2022-07-12,0.8139327812878071,0.7770824431018577
2022-07-13,0.8455051775847238,0.8687433826966696
2022-07-14,0.83050919852397,0.8937521759227536
2022-07-15,0.7948060463709371,0.8642294786615157
2022-07-18,0.7851635748461386,0.8329163411537707
2022-07-19,0.8682078702415778,0.8290098495420185
2022-07-20,0.8319106161637475,0.7907241219404888
2022-07-21,0.8599310813239325,0.7798272390251264
2022-07-22,0.8306150483396211,0.7502589370046577
2022-07-25,0.8163273340180451,0.7291831761026617
2022-07-26,0.8013500018795309,0.7621120326614061
2022-07-27,0.8238918217350456,0.8424444042966965
2022-07-28,0.8360997543186851,0.8219071157738536
2022-07-29,0.9583991927994503,0.8292328574521304
2022-08-01,0.9977706436091812,0.8230438347181727
2022-08-02,0.9972447971737897,0.8076874077557964
2022-08-03,0.9440314506807406,0.7601574689895605
2022-08-04,0.897030487969769,0.7236815345383646
2022-08-05,0.8525489590095184,0.6919229926907344
2022-08-08,0.8112712363754047,0.6562872109240995
2022-08-10,0.8030268726613143,0.6449731802901333
2022-08-11,0.7659777612542837,0.6121998988407112
2022-08-12,0.7611100122895205,0.603791573659562
2022-08-16,0.7295678696444277,0.5798792742353227
2022-08-17,0.7301843815945257,0.5744780749788913
2022-08-18,0.7262072118489119,0.5678139280555196
2022-08-19,0.6960270104973327,0.5417701457614171
2022-08-22,0.7683144452253574,0.6817520426735886
2022-08-23,0.89457279690116,0.8705333532967161
2022-08-24,0.8611031450003471,0.8321653695743307
2022-08-25,0.8196082365001465,0.7862745292410506
2022-08-26,0.7998170068081705,0.8054697204770346
2022-08-29,0.7644821537557188,0.7636891497305643
2022-08-30,0.8721394086609304,0.9233472348232932
2022-09-01,1.1535160202438148,0.9497528331071428
2022-09-02,1.1649300048555993,1.058382893120595
2022-09-05,1.0988230409451614,0.9933337480634193
2022-09-06,1.0588682114194938,0.9505589132848387
2022-09-07,1.0014515274486282,0.9007886900401437
2022-09-08,0.9509982972397596,0.8707697183446947
2022-09-09,0.9493495908654143,0.8486003735951632
2022-09-12,0.9009624323633103,0.8024413351364899
2022-09-13,0.8714708789331269,0.7730171469471789
2022-09-14,0.8571520129299449,0.7518066262839765
2022-09-15,0.8271954037388446,0.7605603971193455
2022-09-16,0.826059715103073,0.8146249838676708
2022-09-19,1.022297607711478,1.0570289767982652
2022-09-20,0.9782376342908597,1.0015265434787877
2022-09-21,0.9846453101499097,0.9704178981178
2022-09-22,0.9532272521965159,0.982332840405188
2022-09-23,0.921682913852495,0.9864035016215327
2022-09-26,1.048932928117375,1.1666336853915695
2022-09-27,1.1616943631194518,1.335287092436905
2022-09-28,1.0961480665938048,1.2460009589884566
2022-09-29,1.0787884378792516,1.2724741229611896
2022-09-30,1.0237439981776586,1.21317834182202
2022-10-03,1.0925559778984961,1.1783170493860613
2022-10-04,1.1116006615530825,1.2591537283370786
2022-10-06,1.2677363951185825,1.2407927634627145
2022-10-07,1.1966655501696617,1.1606075632769643
2022-10-10,1.1290193135810884,1.0952128851861167
2022-10-11,1.0770063058974628,1.0780089427493975
2022-10-12,1.1363582133967798,1.2121350499562065
2022-10-13,1.0997672626580899,1.1507361012946644
2022-10-14,1.0629025276350346,1.1557226860665362
2022-10-17,1.0492275689594677,1.1060472938865211
2022-10-18,1.0150341645194507,1.0525338121283414
2022-10-19,1.007567223584023,1.0134406040015784
2022-10-20,0.9538372613407656,0.9500631764140698
2022-10-21,0.907183803890949,0.8976502906253335
2022-10-24,0.8612717783109581,0.8429305573246351
2022-10-25,0.8601785724506794,0.8197133189795781
2022-10-27,0.8329576647286582,0.8291107472180989
2022-10-28,0.8033871675227368,0.7932763373532236
2022-10-31,0.769528795615819,0.7549738153635439
2022-11-01,0.8307810883543788,0.752875564130956
2022-11-02,0.8207215846678376,0.7332831695171045
2022-11-03,0.7931540806923347,0.7407832201724159
2022-11-04,0.7605888780131882,0.7242546039544923
2022-11-07,0.7334479818712928,0.6945715878086908
2022-11-09,0.7149081625173276,0.6712854169766319
2022-11-10,0.6932545927321474,0.6719959554130891
2022-11-11,0.7115605925898796,0.7360811754166621
2022-11-14,0.8770983427890977,0.7533647445558231
2022-11-15,0.8356063838628737,0.728692067674481
2022-11-16,0.8033420512926276,0.700198609975086
2022-11-17,0.7663176983748612,0.6620579019495343
2022-11-18,0.7449893332605387,0.6776972689211471
2022-11-21,0.7180421342094342,0.670752308770295
2022-11-22,0.7440672901163511,0.7492596206036332
2022-11-23,0.7238860941754622,0.7208832434448516
2022-11-24,0.6942201669006275,0.6839561230397226
2022-11-25,0.7583740768162814,0.6855456814550978
2022-11-28,0.7258842183463203,0.6526014820016854
2022-11-29,0.6989362132765143,0.6262242883360558
2022-11-30,0.6755484304068351,0.6029715829500141
2022-12-01,0.6870296406709185,0.5968503355050186
2022-12-02,0.6644981992921594,0.5757136796990991
2022-12-05,0.6770923851725599,0.6361015235713894
2022-12-06,0.6516043082399235,0.6040522272418956
2022-12-07,0.6400268891788758,0.6186731057592372
2022-12-08,0.6391718031048998,0.6497419420341795
2022-12-09,0.6206270432869462,0.6233790809082557
2022-12-12,0.6383936631172352,0.6772948571144977
2022-12-13,0.6168524583646509,0.6447217827920313
2022-12-14,0.6216320873850824,0.629909935838675
2022-12-15,0.6055611985835359,0.6057954262658507
2022-12-16,0.7383137466198119,0.7727923221875299
2022-12-19,0.7594086281478153,0.8385458583903481
2022-12-20,0.7668711826403485,0.8140911745618187
2022-12-21,0.737575782468647,0.7940004206651565
2022-12-22,0.7878748319735273,0.8897764507369486
2022-12-23,0.7665420351450514,0.8890449511638389
2022-12-27,0.9447966020662315,1.0913075898038762
2022-12-28,1.058961636835713,1.0752162325624433
2022-12-29,1.0014918573388776,1.0128290095768169
2022-12-30,0.9533109393990394,0.9570323690218699
2023-01-02,0.9199668761099161,0.9598420344646695
2023-01-03,0.8847410296380029,0.9134244516550155
2023-01-04,0.8417462545346155,0.8611793639969341
2023-01-05,0.8776239937006163,0.953457977856498
2023-01-06,0.8415732805538402,0.931815421453338
2023-01-09,0.8421158341292082,0.9733173309702858
2023-01-10,0.902265193709067,0.9533401575690856
2023-01-11,0.9276731223977999,1.0343637931307412
2023-01-12,0.8816896579173062,0.9821147362979787
2023-01-13,0.8425119298285192,0.9484423593081891
2023-01-16,0.8173089614800914,0.9044881255953505
2023-01-17,0.7900353868443198,0.8957077043949728
2023-01-18,0.7991481536795537,0.8677452902090993
2023-01-19,0.7832967199522012,0.8337087801044886
2023-01-20,0.757965691141438,0.828122175777841
2023-01-23,0.7431365464493133,0.8398306833019326
2023-01-24,0.7254800106303557,0.8045717784837103
2023-01-25,0.6956722743477829,0.7613626285726438
2023-01-27,0.7926955303758022,0.8971553426389592
2023-01-30,0.9316016772189176,1.072192931893603
2023-01-31,0.8858029426951642,1.006541196615013
2023-02-01,0.8416804943631214,0.9415887593450429
2023-02-02,0.8080327044512741,0.9182718587979658
2023-02-03,0.7711691839976271,0.8685476292092135
2023-02-06,0.8499599927235634,0.8597335933445313
2023-02-07,0.8291844821610028,0.8761836943033752
2023-02-08,0.7960060404082512,0.8569558474666411
2023-02-09,0.8003809091583368,0.8313967991940563
2023-02-10,0.763796154000162,0.7844602872777926
2023-02-13,0.7353761636218029,0.7691159872954072
2023-02-14,0.7258778430680268,0.7914134771501254
2023-02-15,0.7453194860757171,0.7734777378758823
2023-02-16,0.7259240434297178,0.7434545357104366
2023-02-17,0.695941924615363,0.7040546929420424
2023-02-20,0.6936344431937951,0.7364894170437579
2023-02-21,0.6958424376303222,0.7723233761801993
2023-02-22,0.6705481320270639,0.7444663840290354
2023-02-23,0.8274354181358234,0.9275868787987894
2023-02-24,0.7945262389371189,0.9037784362136648
2023-02-27,0.7653422504294908,0.8841031801475873
2023-02-28,0.748004728996099,0.8871393491956475
2023-03-01,0.7394765768722622,0.9021349958654395
2023-03-02,0.751877535324607,0.8723681724892425
2023-03-03,0.7648659052697306,0.9202734379398668
2023-03-06,0.8767356072950163,0.9128097012202439
2023-03-08,0.855644978386636,0.8759972406617933
2023-03-09,0.8161205755794486,0.8288624753089502
2023-03-10,0.841721279583678,0.9083455378665638
2023-03-13,0.8729642943084523,0.9902068918584302
2023-03-14,0.9706984572813425,1.1340506937154093
2023-03-15,0.9478787150035365,1.1420169899993098
2023-03-16,0.9119422817533881,1.118958487604698
2023-03-17,0.8656483029863675,1.0430644987777842
2023-03-20,0.8463724840146984,0.9938886170826228
2023-03-21,0.8382678868194574,1.0173427168973272
2023-03-22,0.8241643580396322,0.971588111052097
2023-03-23,0.7878352394958767,0.9159588478664549
2023-03-24,0.7693192686727913,0.9183578869155503
2023-03-27,0.7834489719928155,0.9660697868782356
2023-03-28,0.7502938403726611,0.9103360087504524
2023-03-29,0.7229309261820211,0.8824029966489979
2023-03-31,0.7285305947810782,0.8515996864844729
2023-04-03,0.860534592527558,0.8528348791106204
2023-04-05,0.8201159822127483,0.8071363850425131
2023-04-06,0.8280692352162952,0.7884036813192599
2023-04-10,0.7909069158638495,0.7491953521573469
2023-04-11,0.7553437614828832,0.7102803588209737
2023-04-12,0.7398665246283169,0.6884276968375058
2023-04-13,0.7228294652171515,0.6668518034806215
2023-04-17,0.6930035465016716,0.6332988688587412
2023-04-18,0.707994982028753,0.6969184447488249
2023-04-19,0.6876422327920862,0.6969587211028734
2023-04-20,0.6679906629432923,0.6931374925334836
2023-04-21,0.643342790753858,0.6555504042830695
2023-04-24,0.6213672565119582,0.6254761701465892
2023-04-25,0.6328947582672909,0.614897764637548
2023-04-26,0.6121808612020541,0.5875779206320858
2023-04-27,0.5960103676868068,0.565905657216043
2023-04-28,0.6010081831847466,0.5566390092514041
2023-05-02,0.6338541335265593,0.557177655521514
2023-05-03,0.6255233843802236,0.5448614479263635
2023-05-04,0.6173919907569804,0.5654777825842204
2023-05-05,0.6577399581300136,0.5680335616962809
2023-05-08,0.7253753048504618,0.6915473293413821
2023-05-09,0.7683833676010149,0.6888778661064787
2023-05-10,0.7345963784245587,0.6546266345416439
2023-05-11,0.7067851959447852,0.6280456878987467
2023-05-12,0.6804011334991934,0.6125520757630959
2023-05-15,0.6545881383683474,0.5838405756666456
2023-05-16,0.6439328856796952,0.5694148611518416
2023-05-17,0.6586910656778895,0.6292248637474085
2023-05-18,0.6673851465494796,0.6778440976464792
2023-05-19,0.6524750396489688,0.6823868392769351
2023-05-22,0.6388508998168813,0.657920269620914
2023-05-23,0.6415986555015539,0.6423342274471573
2023-05-24,0.6206629465828885,0.6139764852895238
2023-05-25,0.6146265986864878,0.6317217120422428
2023-05-26,0.596694304145696,0.6046441688781679
2023-05-29,0.64867061936718,0.6058109554121435
2023-05-30,0.6441655947604779,0.5921772026233617
2023-05-31,0.6230928376605813,0.5681444339106448
2023-06-01,0.632940145533747,0.6169149201087757
2023-06-02,0.6200250865292867,0.6223655024946311
2023-06-05,0.6030639711959058,0.5978780353968585
2023-06-06,0.5907267270599813,0.577771525647111
2023-06-07,0.5738116906336325,0.5503323093523896
2023-06-08,0.5933560313149363,0.5462190265560847
2023-06-09,0.6032430247914237,0.5908075009294116
2023-06-12,0.6023463144813244,0.6161540198502067
2023-06-13,0.5859289234445858,0.5906848768517878
2023-06-14,0.5966329051766104,0.580965346108501
2023-06-15,0.5810045544643146,0.5586013485194226
2023-06-16,0.5814146854952782,0.5839566273425691
2023-06-19,0.605640962951285,0.5788865561972077
2023-06-20,0.6038963703341635,0.6043061738802825
2023-06-21,0.5916590484537755,0.5838113006365119
2023-06-22,0.5765866168731278,0.5612501984780673
2023-06-23,0.5854210390953654,0.5992864108043543
2023-06-26,0.6039810485846562,0.6493943405499449
2023-06-27,0.5860900482233796,0.6189471347392802
2023-06-28,0.6026780651287341,0.6088506743667388
2023-06-30,0.6333785017468184,0.6045520391667006
2023-07-03,0.7035414663284741,0.6115731639720581
2023-07-04,0.7054901303696277,0.602784131682091
2023-07-05,0.6832585620041147,0.5829874178448946
2023-07-06,0.6570943678262785,0.5550987075771698
2023-07-07,0.6495454131881608,0.5446836511984852
2023-07-10,0.6928196903753386,0.6431222099451669
2023-07-11,0.6660375734170113,0.6127745285348599
2023-07-12,0.6524049015583918,0.5950545590210333
2023-07-13,0.6390668375360052,0.6066314132962269
2023-07-14,0.6178279035624205,0.5801942299090671
2023-07-17,0.6405809272082473,0.5767412288314933
2023-07-18,0.6569599705685683,0.5727125548791827
2023-07-19,0.6346678087146188,0.5503333243364512
2023-07-20,0.6241916031842352,0.5374719838221169
2023-07-21,0.6414441738832563,0.5361302344331407
2023-07-24,0.7377886929504242,0.6885681565544546
2023-07-25,0.720150496578515,0.7032704692610462
2023-07-26,0.6905573851700104,0.6651243526021176
2023-07-27,0.6782277244927334,0.6451555966219127
2023-07-28,0.6867762616780878,0.6959323981672487
2023-07-31,0.6616637752265218,0.6710246674603123
2023-08-01,0.6564521971484957,0.6522763351339381
2023-08-02,0.635090262557254,0.6352094604793957
2023-08-03,0.7118065017488534,0.7547425539313215
2023-08-04,0.731057730318592,0.8151433518256768
2023-08-07,0.7296742214211633,0.7885357555747953
2023-08-08,0.708143961400259,0.7549200419533977
2023-08-09,0.6826243360968423,0.7330453620410923
2023-08-10,0.6615333231493814,0.7012225288815697
2023-08-11,0.6591340042081314,0.726687141576787
2023-08-14,0.6692412040952466,0.7679827848842251
2023-08-16,0.6444740703555936,0.7238799203653473
2023-08-17,0.622770966007409,0.6876792839043517
2023-08-18,0.6305936033706159,0.7222591595311183
2023-08-21,0.6197777994894212,0.7227699602814809
2023-08-22,0.6114817343420239,0.6956864579154513
2023-08-23,0.5925316400214462,0.6600745618570011
2023-08-24,0.5783177497592403,0.6322475143820957
2023-08-25,0.5743347036359203,0.6421161895272836
2023-08-28,0.601598147894564,0.6967674333833356
2023-08-29,0.5853537223949282,0.664621276142884
2023-08-30,0.5703551312634226,0.6345881138455456
2023-08-31,0.5555998325693012,0.6028736735477053
2023-09-01,0.5704328232373853,0.641374090573919
2023-09-04,0.6233596689989129,0.6383887879017887
2023-09-05,0.6178819909771793,0.6201788776564972
2023-09-06,0.6006887430142936,0.5953905711722007
2023-09-07,0.5839618046481139,0.5709460619602534
2023-09-08,0.592611452223865,0.5620088189137632
2023-09-11,0.5902205137868218,0.5497526258303187
2023-09-12,0.6319208390670805,0.552664959164098
2023-09-13,0.611243886597397,0.532707292008931
2023-09-14,0.6011046660179403,0.519882280234018
2023-09-15,0.583940070752508,0.5007764686257542
2023-09-18,0.5807537930652968,0.4924406862662534
2023-09-20,0.5763239528556132,0.5138445914463494
2023-09-21,0.6856101904577088,0.6659712250385401
2023-09-22,0.7159762421123274,0.7438551801256108
2023-09-25,0.6992786386053946,0.7504120213130372
2023-09-26,0.6718813696552968,0.7116781916341209
2023-09-27,0.6478109222091817,0.6828217079108309
2023-09-28,0.628375344336722,0.6536492006123144
2023-09-29,0.6951170097699481,0.7599989004972518
2023-10-03,0.6888744680742709,0.7347442855322759
2023-10-04,0.6919764378681634,0.7711344968697283
2023-10-05,0.6873222708354714,0.7925664719656875
2023-10-06,0.6801940087378762,0.7635987906020607
2023-10-09,0.6729477471938867,0.7368184856094508
2023-10-10,0.6954216739272925,0.7956251946099836
2023-10-11,0.7214229578329935,0.7778106708564712
2023-10-12,0.7143226892807277,0.7519217999260074
2023-10-13,0.6869527640627386,0.7242723276726327
2023-10-16,0.6665833897311104,0.7157354933611919
2023-10-17,0.644084736264781,0.6925739903309908
2023-10-18,0.6313413735557942,0.6671977175277043
2023-10-19,0.659404336914548,0.7316658714187632
2023-10-20,0.642797937195931,0.7249336167395748
2023-10-23,0.6397246961852479,0.7430733528386234
2023-10-25,0.7668306092442233,0.8948007077060179
2023-10-26,0.7877776661943496,0.9528076981207115
2023-10-27,0.8872655511591152,1.0860649742048891
2023-10-30,0.8959896660264683,1.0434761094460732
2023-10-31,0.8621467518208797,0.9883515662812747
2023-11-01,0.8293096251400446,0.9682830670727881
2023-11-02,0.8088532497673153,0.9703576099217676
2023-11-03,0.8031339337925362,0.9310738605071649
2023-11-06,0.7794239933419043,0.8874052167118783
2023-11-07,0.7962643937183772,0.8620972209242788
2023-11-08,0.7603434952426402,0.8166969309192295
2023-11-09,0.7282176612871557,0.7733009092452109
2023-11-10,0.705038325728784,0.7643562731814088
2023-11-13,0.6774658345327257,0.7245363463705868
2023-11-15,0.6519136751513381,0.6862295035234234
2023-11-16,0.7258396628154337,0.6878069795164502
2023-11-17,0.7071398994471185,0.6645572681839483
2023-11-20,0.682835962484134,0.6550232891307105
2023-11-21,0.6618196082479613,0.6492592869426104
2023-11-22,0.6500244224354987,0.6292316629643735
2023-11-23,0.6275858246465177,0.6006663664069979
2023-11-24,0.6079000964500092,0.5811583237448408
2023-11-28,0.5899879692794925,0.5616034252066715
2023-11-29,0.5885823238115117,0.5496811095977567
2023-11-30,0.6523102502910056,0.5577601701371278
2023-12-01,0.6302763875108239,0.53624790797873
2023-12-04,0.6397397166933478,0.5327348904248638
2023-12-05,0.889837711829295,0.5787175526280407
2023-12-06,0.8791687462394054,0.5766427826128473
2023-12-07,0.8424691360358422,0.5607090050766071
2023-12-08,0.8056641626609623,0.5606542269395443
2023-12-11,0.773071715831819,0.543696444350335
2023-12-12,0.7389973311234342,0.5216547112398437
2023-12-13,0.7255239759541751,0.5600992094136737
2023-12-14,0.6954841713093534,0.5355585855816577
2023-12-15,0.7652053776386478,0.5512198109733432
2023-12-18,0.8312108912002836,0.5679537312438893
2023-12-19,0.7954988577528066,0.5676390009238063
2023-12-20,0.759764285500848,0.5446475110415534
2023-12-21,0.8705493913698342,0.7380576409290389
2023-12-22,0.8393799293906937,0.7117294533256378
2023-12-26,0.808560098886593,0.6859986646277392
2023-12-27,0.7800841405792478,0.6620641533119889
2023-12-28,0.8030288563250866,0.6590689728353136
2023-12-29,0.7833523512775692,0.6421398332187301
2024-01-02,0.7534791118751327,0.6408481814578815
2024-01-03,0.7303961605571305,0.6509247139856217
2024-01-04,0.7405910570183152,0.7136085779460328
2024-01-05,0.7343853772924566,0.6947457186305147
2024-01-08,0.7058004119411521,0.6638237171246655
2024-01-09,0.7475098485803401,0.7587252058629855
2024-01-10,0.715917175500826,0.7191811542918326
2024-01-11,0.6925886424086485,0.6894745083972494
2024-01-12,0.6659017443222297,0.6554380931569886
2024-01-15,0.7290828306538618,0.6580274063354287
2024-01-16,0.7517909465593462,0.6530645493283419
2024-01-17,0.728514749871007,0.6611227833109354
2024-01-18,0.9901956256301866,0.9597995448868247
2024-01-19,0.9555559605928218,0.9673094204826553
2024-01-23,0.9319625412062654,0.927907135084542
2024-01-24,1.0674720233019144,1.1255871935279211
2024-01-25,1.0538038813924706,1.0791782673295882
2024-01-29,1.0109751819852555,1.069767655437379
2024-01-30,1.1068942724474837,1.0550537753007392
2024-01-31,1.0995099970792659,1.1187801117009137
2024-02-01,1.0762513343945308,1.0708793524422342
2024-02-02,1.018616365357814,1.0184006056205255
2024-02-05,0.9866036954830782,0.9731784429381585
2024-02-06,0.9448947531680472,0.9618187686946994
2024-02-07,0.920806431706959,0.922233039084721
2024-02-08,0.8739612314176978,0.8673517918277706
2024-02-09,0.8957462725249216,0.9485979010489242
2024-02-12,0.8541350262587133,0.8963898699456511
2024-02-13,0.8557250284078206,0.9452874332919526
2024-02-14,0.8315362540525533,0.9028558557629223
2024-02-15,0.8015382358312071,0.8597908594417213
2024-02-16,0.7692291509729574,0.8167972423304661
2024-02-20,0.7547214067785987,0.7865714514712269
2024-02-21,0.7512857088973598,0.7629233208136377
2024-02-22,0.753928194094733,0.8079240274338954
2024-02-23,0.7530743298478826,0.7832334640053031
2024-02-26,0.7209620918491124,0.7444431701077272
2024-02-27,0.7078454817318596,0.7594124648417057
2024-02-28,0.6854187625545423,0.7262280697761048
2024-02-29,0.7617041666151948,0.8450909625981005
2024-03-01,0.7287791459105684,0.7976283112801958
2024-03-04,0.8580318153730602,0.8035085979171789
2024-03-05,0.8197968311272815,0.764874471858327
2024-03-06,0.7866129239583054,0.7530712798799233
2024-03-07,0.7657175830233214,0.7264220060627705
2024-03-11,0.7320007522249862,0.6877256387658739
2024-03-12,0.7452268866312725,0.7510861104390686
2024-03-13,0.7134873793133306,0.7107807236709198
2024-03-14,0.855216829681968,0.8962525155853123
2024-03-15,0.8373398075320944,0.8613880943933596
2024-03-18,0.8221564461077265,0.8852248305375765
2024-03-19,0.7839112390255387,0.8341360772752928
2024-03-20,0.835445129570645,0.9354455584942039
2024-03-21,0.7956719341602879,0.8780976448082645
2024-03-22,0.7946086001510665,0.8487032526763789
2024-03-26,0.7653815835904423,0.8087386281304565
2024-03-27,0.7479076664899772,0.8187790141933508
2024-03-28,0.7321004236355128,0.7866467481579912
2024-04-01,0.7534000107474542,0.7699548667698811
2024-04-02,0.7415894046026419,0.7443790507630391
2024-04-03,0.7107592051727553,0.7112244240530261
2024-04-04,0.6836255387861313,0.6865907623019712
2024-04-05,0.6641984048950017,0.6601635848405175
2024-04-08,0.640205590600895,0.629947083734888
2024-04-09,0.649094168184068,0.6190121817687128
2024-04-10,0.6285104042736084,0.6049284955477061
2024-04-12,0.623066204018133,0.5898223156840559
2024-04-15,0.6993606532757901,0.7118008846394143
2024-04-16,0.7698962430691647,0.8296977221950216
2024-04-18,0.7628425117765193,0.8570365874599095
2024-04-19,0.7686763478645815,0.8991649352504251
2024-04-22,0.7616339867747248,0.8643547669815671
2024-04-23,0.7715201502674324,0.8383544397935485
2024-04-24,0.7376824039207988,0.7914216807320946
2024-04-25,0.70706216794423,0.749146629050468
2024-04-26,0.7137154978907292,0.7302268884346056
2024-04-29,0.7242764779423592,0.7823047699685179
2024-04-30,0.7563308625671752,0.7686108395777517
2024-05-02,0.7273209588570373,0.750031922062779
2024-05-03,0.6982779166938551,0.7126794395422741
2024-05-06,0.7218641144446964,0.7801204456528071
2024-05-07,0.6954058909181834,0.7575774113566889
2024-05-08,0.7042032658844731,0.8010646768985444
2024-05-09,0.6763586993131792,0.7580003207546404
2024-05-10,0.8354098084812752,0.9423428244580103
2024-05-13,0.8050245699328118,0.8955220026200142
2024-05-14,0.7695024153260007,0.8458839132235731
2024-05-15,0.7496801231035656,0.8104129435066685
2024-05-16,0.7187979593007299,0.776265028893411
2024-05-17,0.741814824403332,0.7604219240214253
2024-05-21,0.7135872776490219,0.7249560642104587
2024-05-22,0.6881489967870068,0.6926945036108472
2024-05-23,0.6661077617745013,0.6640517308123728
2024-05-24,0.8158894889246303,0.6828786854159207
2024-05-27,0.7785080756387025,0.6559885869760692
2024-05-28,0.7456398450821812,0.6392301144615304
2024-05-29,0.7184627940122891,0.6350347064494435
2024-05-30,0.7437737591349846,0.7165045436108828
2024-05-31,0.7843478839386779,0.8117245759960846
2024-06-03,0.7500068869538111,0.7686938580426387
2024-06-04,1.242278143206678,0.8347464659832251
2024-06-05,2.312197244247506,2.068175459908691
2024-06-06,2.40361691769369,1.9916284286833001
2024-06-07,2.263895455489322,1.8456175312338319
2024-06-10,2.211786036458674,1.7537152330022276
2024-06-11,2.070740447156305,1.6282956135550315
2024-06-12,1.9386334185304601,1.4978579498592235
2024-06-13,1.8167808104593657,1.3876959948452119
2024-06-14,1.7046640146014858,1.2918321735216656
2024-06-18,1.6000434748846206,1.2048070821366779
2024-06-19,1.505116134084832,1.130270133917034
2024-06-20,1.4154396915192382,1.0778269646927015
2024-06-21,1.3311275364380486,1.0104444837457718
2024-06-24,1.257018195475979,0.9829496916181223
2024-06-25,1.1839689926323969,0.9229004952560107
2024-06-26,1.1396349415636875,0.8888580373816899
2024-06-27,1.0901134906437249,0.8528785782985429
2024-06-28,1.052028344731884,0.8240239070831257
2024-07-01,0.9965715194230672,0.796636637935899
2024-07-02,0.956159305506689,0.7667368089631859
2024-07-03,0.9073058864127418,0.7361681463451885
2024-07-04,0.8835686810694483,0.7159011428829297
2024-07-05,0.8396247931023955,0.6773942905517908
2024-07-08,0.7994518681324324,0.643002861316906
2024-07-09,0.7631091295278245,0.6154042840361111
2024-07-10,0.7408996962031972,0.5985223441926426
2024-07-11,0.7281603724942189,0.6319589031114164
2024-07-12,0.698511381824525,0.6079852501664526
2024-07-15,0.7079754921558244,0.6018557784405391
2024-07-16,0.6855427996080385,0.5821740965734632
2024-07-18,0.6593018886780576,0.5562483978381647
2024-07-19,0.6741772856427258,0.5543081074040083
2024-07-22,0.7487911825289639,0.6902352312644575
2024-07-23,0.7182112844143153,0.6680880346721539
2024-07-24,0.6913791248245262,0.652330241263023
2024-07-25,0.6729702287820117,0.6568482624745022
2024-07-26,0.648466918976308,0.6301990109657869
2024-07-29,0.8278785345486439,0.6562793389083854
2024-07-30,0.7888890461170889,0.6252281095491171
2024-07-31,0.7531114535419972,0.5950833821767479
2024-08-01,0.7275919292225211,0.5770334199654419
2024-08-02,0.6996078015872234,0.5558795603939102
2024-08-05,0.7825071910979033,0.7056328436773692
2024-08-06,1.1676020850767255,1.113663462998419
2024-08-07,1.1059689820410346,1.0735636572070804
2024-08-08,1.1137459679005794,1.0408678223457344
2024-08-09,1.083209000828184,1.0716423376626598
2024-08-12,1.07006878339169,1.0315197895384252
2024-08-13,1.0121261869162963,0.9771918900648431
2024-08-14,1.0027669069787926,1.0301583980719216
2024-08-16,0.9491569264445374,0.9630967345720546
2024-08-19,1.0327983692305653,0.9538710860270742
2024-08-20,0.9769187197251344,0.8957083502073713
2024-08-21,0.936610576387488,0.8555456876753522
2024-08-22,0.8912524326752385,0.811812443285844
2024-08-23,0.8473291947253425,0.7681168821984588
2024-08-26,0.8064676049133109,0.7244604112142121
2024-08-27,0.800710830326009,0.7079220523130617
2024-08-28,0.7639397077593009,0.6695237508313612
2024-08-29,0.7307475224825213,0.6373990082837262
2024-08-30,0.7084133506669517,0.6165041729655188
2024-09-02,0.6854637812354143,0.5952415837444509
2024-09-03,0.659976701086903,0.570313582873871
2024-09-04,0.6363035443508832,0.5463824266830031
2024-09-05,0.6270687331853625,0.5672132370137071
2024-09-06,0.6128494252969203,0.5716742447537654
2024-09-09,0.7150498594860295,0.7180659316729474
2024-09-10,0.6916510895631612,0.6883330958521823
2024-09-11,0.6745650339286234,0.663840269295841
2024-09-12,0.6733927129541187,0.6975072684504046
2024-09-13,0.8723153403502323,0.7220166788269964
2024-09-16,0.8315948929664421,0.7021254441976174
2024-09-17,0.7921969339387837,0.6662082759829004
2024-09-18,0.7564734686129627,0.63432519592742
2024-09-19,0.727156034134986,0.6263848779298462
2024-09-20,0.6974644826719535,0.5982821004387304
2024-09-23,0.8087106679105148,0.6173609712493354
2024-09-24,0.7885481553422121,0.6040172641876123
2024-09-25,0.7529942917241934,0.5772800272186679
2024-09-26,0.7227910900781832,0.5563138563817083
2024-09-27,0.7339175600758914,0.5561250617115961
2024-09-30,0.7061204051847431,0.5521030468699316
2024-10-01,0.8291577926029614,0.7431906114610846
2024-10-03,0.7907379609029092,0.7120712834009933
2024-10-04,1.0377244086387052,1.0059117535805944
2024-10-07,1.0329847786439805,1.066774957953187
2024-10-08,1.0230871646546515,1.1129310901948788
2024-10-09,1.0025049604652345,1.0633688998410473
2024-10-10,0.9507453082590511,1.010974059061197
2024-10-11,0.9012433809738818,0.9453105684396071
2024-10-14,0.8582466383328359,0.9059734387401092
2024-10-15,0.8384457959449791,0.8694882492260965
2024-10-16,0.8060246990148539,0.8558634335064791
2024-10-17,0.7798518056769985,0.8517005558470316
2024-10-18,0.8059852727545814,0.9227266657664492
2024-10-21,0.7772931777114664,0.8769957179223283
2024-10-22,0.7513870025986192,0.8642884205476419
2024-10-23,0.8353965034764413,0.9872150789715743
2024-10-24,0.7984918548843885,0.9454352359387554
2024-10-25,0.7648644454486867,0.9074682437311766
2024-10-28,0.7945398194656067,0.9738048500603282
2024-10-29,0.7818074204972673,0.9307907480573956
2024-10-30,0.7612933954030141,0.8876659537239858
2024-10-31,0.7515683809972524,0.903243666853057
2024-11-01,0.7465213837356044,0.9228975227234865
2024-11-04,0.7231472258149139,0.8767598366285044
2024-11-05,0.8176247958508592,1.001915843854504
2024-11-06,0.8253310865995928,0.9644452858334618
2024-11-07,0.8562538332364716,0.9375440232202034
2024-11-08,0.9066441491276508,1.039259119350769
2024-11-11,0.8653204890493305,1.000188140946359
2024-11-12,0.8234419293385733,0.9420049314910947
2024-11-13,0.8662329722875385,1.0293324648851743
2024-11-14,0.9444273696587323,1.1492094251697
2024-11-18,0.8972157196848816,1.0865795274395529
2024-11-19,0.8617967401919007,1.0585965152904473
2024-11-21,0.8225638578120997,0.995013821466322
2024-11-22,0.823515595027694,1.0270663281562908
2024-11-25,1.0796682347882578,1.0363201293521958
2024-11-26,1.0962425343298363,1.0088506590528588
2024-11-27,1.0366946849665069,0.9603732508461371
2024-11-28,0.9841196458356504,0.90817370368282
2024-11-29,1.0593790257101852,1.062578330451712
2024-12-02,1.037304898187491,1.0190659771183672
2024-12-03,0.996006568017004,0.9698768362768421
2024-12-04,0.968115599958778,0.9302194637211489
2024-12-05,0.9172232557028815,0.8715279410482534
2024-12-06,0.9195032565871744,0.8491388970619244
2024-12-09,0.8746464743678039,0.8172475994651413
2024-12-10,0.8371265077481268,0.8029951777340866
2024-12-11,0.7977637407105713,0.7642994164473175
2024-12-12,0.7614714666624376,0.7236425619681828
2024-12-13,0.7419086966112487,0.7364646797718991
2024-12-16,0.758949911152794,0.7235094272345807
2024-12-17,0.7413348049077255,0.7398671001118982
2024-12-18,0.8448239279885256,0.8939175276850242
2024-12-19,0.829333817174778,0.9154386969580061
2024-12-20,0.8647920791928133,0.9989448505447109
2024-12-23,0.9704298163371823,1.1471217342577653
2024-12-24,0.9421604391416976,1.0884740173678187
2024-12-26,0.8950731016230787,1.0315591105477993
2024-12-27,0.8502300092958398,0.9648202957687704
2024-12-30,0.8117579097710279,0.9100533403341655
2024-12-31,0.813194619382305,0.9496634408206538
2025-01-02,0.7755238480006483,0.8928523251123158
2025-01-03,1.029064118288027,0.9127623262339761
2025-01-06,1.0091417353769396,0.959410768572672
2025-01-07,1.1007392746778273,1.1280350659748277
2025-01-08,1.044584768798165,1.06116576013352
2025-01-09,0.9886152444030578,1.003390572637251
2025-01-10,0.9669417745200759,1.0303187040101278
2025-01-13,0.9284704112134177,1.016911960329268
2025-01-14,1.0128605312254124,1.1558338884562565
2025-01-15,0.9641355025664683,1.0861977540761287
2025-01-16,0.9140841408388805,1.0161678329046324
2025-01-17,0.8754016788572716,0.9615583284279219
2025-01-20,0.8495451477559228,0.9632200968672002
2025-01-21,0.8274502448436696,0.9197681968434973
2025-01-22,0.9158005786439067,1.0549336635723505
2025-01-23,0.8842413446527234,1.0011376876232891
2025-01-24,0.8416923114201571,0.9412482413101984
2025-01-27,0.8208546648034771,0.9478289079854874
2025-01-28,0.8741988652955912,1.0448742342190516
2025-01-29,0.8463924353279606,0.9918614600381773
2025-01-30,0.8490182788506743,0.9549949104714905
2025-01-31,0.8141599692249589,0.904629198594943
2025-02-03,0.8463040360242753,0.8833601886132493
2025-02-04,0.8358987047778389,0.9145663015386161
2025-02-05,0.9391671294538518,0.9092063395347685
2025-02-06,0.8940858947766609,0.878923222596164
2025-02-07,0.8619221418965366,0.87898215365327
2025-02-10,0.8236678760762399,0.8519429512744916
2025-02-11,0.828568660074433,0.9044596610005075
2025-02-12,0.909079564118402,1.0344351009909085
2025-02-13,0.864916238311416,0.9836921827558367
2025-02-14,0.8234999816692758,0.9310281645045269
2025-02-17,0.8015861704756255,0.9327683846501506
2025-02-18,0.7649848226765406,0.876727655165698
2025-02-19,0.7323983379885888,0.8344485375469393
2025-02-20,0.7026620223580049,0.7951044124003035
2025-02-21,0.6763689795827637,0.7633916348168276
2025-02-24,0.6768858459408327,0.7906554271512661
2025-02-25,0.7469735806773269,0.8944848234272184
2025-02-27,0.7154703042067276,0.8460295349715174
2025-02-28,0.6866902611646525,0.8002503379720839
2025-03-03,0.9112433282954631,1.0321231756102736
2025-03-04,0.8654483715665005,0.9703103928936597
2025-03-05,0.8263342936039235,0.932215207257388
2025-03-06,0.8615736923722611,0.9096024557476073
2025-03-07,0.8654288966437854,0.8817359086909048
2025-03-10,0.8230633212857443,0.8273491951274349
2025-03-11,0.7989700047975293,0.834574372660904
2025-03-12,0.7630192257986065,0.7888275930539966
2025-03-13,0.7319341641009768,0.762212318795402
2025-03-17,0.7124189537455224,0.7645850304190039
2025-03-18,0.6977384815304326,0.7359643358660941
2025-03-19,0.8036580908034178,0.7416917571048467
2025-03-20,0.7710574903284424,0.7092953097764255
2025-03-21,0.8273800629079572,0.7102709443691734
2025-03-24,0.8135517848174421,0.6927788501665513
2025-03-25,0.8739857147921853,0.6980712542331428
2025-03-26,0.8308705960624234,0.6604243753206129
2025-03-27,0.8359626506858486,0.7342870820382407
2025-03-28,0.8056490456257253,0.7066950276595938
2025-04-01,0.777649338398314,0.711688079970577
2025-04-02,0.9008105109372926,0.8954099248955498
2025-04-03,0.8811235900851759,0.8620115984531537
2025-04-04,0.8480868739052553,0.8584582426169102
2025-04-07,0.9515767555456807,1.0193870630394513
2025-04-08,1.4110303663435324,1.4632347987169407
2025-04-09,1.4246396327719513,1.4029874007245597
2025-04-11,1.3561557984210744,1.3764949155936563
2025-04-15,1.4064383679751673,1.3331574038702856
2025-04-16,1.4862751334113125,1.3034743823631085
2025-04-17,1.4018602413910821,1.2210066770719228
2025-04-21,1.4262185839042976,1.1894532996083969
2025-04-22,1.3847571916587693,1.1409055110286472
2025-04-23,1.3022663741328377,1.0658019285540667
2025-04-24,1.2408667228090404,1.0142172763192645
2025-04-25,1.1758196263746283,0.9938839222928967
2025-04-28,1.1478187658789585,1.04517684107024
2025-04-29,1.1428668940794744,1.0130888366170836
2025-04-30,1.0781912927509432,0.9463439557908002
2025-05-02,1.0187487313959023,0.890687712678504
2025-05-05,0.9637653704134687,0.8360075681235304
2025-05-06,0.9225805522901269,0.7999839246672314
2025-05-07,0.8847143411793404,0.7997900762549871
2025-05-08,0.8410704145386649,0.7564032850191246
2025-05-09,0.8269973278722964,0.7931974440784845
2025-05-12,0.8729244238012416,0.9014144460285103
2025-05-13,1.4507636668713098,0.9736088746815151
2025-05-14,1.4424040275931607,1.1049635972955725
2025-05-15,1.35856822872819,1.0394890161334946
2025-05-16,1.3693877335693592,1.0211689804832338
2025-05-19,1.2897221932473097,0.978491286453821
2025-05-20,1.21939233010667,0.9564117443501154
2025-05-21,1.2040917034476712,1.0392782747069724
2025-05-22,1.1443861847381605,0.9856412627158678
2025-05-23,1.1169253265548336,1.0330717656837365
2025-05-26,1.0954283780578042,0.9951784104410087
2025-05-27,1.0485073390097095,0.9481552815925649
2025-05-28,1.0214784756385316,0.9827457796955578
2025-05-29,0.9732488042038857,0.9602335156848807
2025-05-30,0.9258682851040354,0.9079029944679738
2025-06-02,0.8877195131069752,0.8974764347535754
2025-06-03,0.8459116021426618,0.8628212074149066
2025-06-04,0.8426459101022592,0.9068447820242788
2025-06-05,0.8063315816801379,0.8592243819880188
2025-06-06,0.7836259679430527,0.8230410447616383
2025-06-09,0.8088454944448815,0.8063250999122663
2025-06-10,0.7789278353064135,0.7707421303707443
2025-06-11,0.7442348379274145,0.7298743682621359
2025-06-12,0.712939919002291,0.6928673706645753
2025-06-13,0.7670412868420454,0.7991807103726523
2025-06-16,0.7717876695045739,0.8464700224273392
2025-06-17,0.7874945363216066,0.8243546694087801
2025-06-18,0.7649141113265864,0.827128222734775
2025-06-19,0.7349660740370448,0.8026966464220424
2025-06-20,0.7054026419229318,0.7689872563611415
2025-06-23,0.7828392915119046,0.7662786294870391
2025-06-24,0.7742290389221419,0.799838180705872
2025-06-25,0.7433366781995125,0.7612385916138215
2025-06-26,0.7500687562307793,0.74291009901895
2025-06-27,0.8059487305456726,0.7398160650748622
2025-06-30,0.7741035807409862,0.7084553093641903
2025-07-01,0.7594999029855514,0.7353501598448475
2025-07-02,0.7263826117971355,0.6962059682731043
2025-07-03,0.7086297925884681,0.7072748889186616
2025-07-04,0.6849173833888133,0.6966040292249608
2025-07-07,0.6605125856323523,0.6648094795589574
2025-07-08,0.636820444587487,0.6335215125123714
2025-07-09,0.6177939933136353,0.6077668892248045
2025-07-10,0.6032021243441806,0.6047546507577917
2025-07-11,0.6101741221471835,0.6417234044440712
2025-07-14,0.6553807833644519,0.7237742634105953
2025-07-15,0.640890302190891,0.7220450089779874
2025-07-16,0.6314117126678835,0.6956954353615786
2025-07-17,0.6102599614590772,0.658933426305203
2025-07-18,0.6098105611578687,0.6805449573548367
2025-07-21,0.6253023317963458,0.7238067915292133
2025-07-22,0.6202047617858364,0.6985320990646926
2025-07-23,0.6030291319108091,0.6795660772468475
2025-07-24,0.6130045040828906,0.6629408900053854
2025-07-25,0.6341856582869674,0.7158612788208635
2025-07-28,0.6874546614825883,0.8031518951158032
2025-07-29,0.6977689647382751,0.8426449773340795
2025-07-30,0.689684641294044,0.8092171370394236
2025-07-31,0.6633283612380741,0.7647854152396429
2025-08-01,0.652770083264402,0.7699225295576149
2025-08-04,0.6914593516169942,0.8399183018492792
2025-08-05,0.690052178289614,0.8091295669240657
2025-08-06,0.6733021616686278,0.8031706594679682
2025-08-07,0.658929728134602,0.7990299283789467
2025-08-08,0.6351384971976635,0.753980553843831
2025-08-11,0.6955255145408326,0.8443457431701459
2025-08-12,0.7215705056268176,0.8220378903836835
2025-08-13,0.7076334326647394,0.8282212167140925
2025-08-14,0.6962540383449282,0.7951658134539055
2025-08-18,0.6688651854852986,0.7491443849901029
2025-08-19,0.7106040641974904,0.7384882873055599
2025-08-20,0.691340848477858,0.7095183887804247
2025-08-21,0.6680745230449764,0.6785894901993488
2025-08-22,0.643737831415122,0.6455058225029618
2025-08-25,0.6884929132488975,0.7334157689140742
2025-08-26,0.6703022661076607,0.7040977161469609
2025-08-28,0.7354552592312408,0.8117388744615279
2025-08-29,0.7646319945523441,0.8823608099434452
2025-09-01,0.7404364304704998,0.8702755106190861
2025-09-02,0.7487159929049833,0.842274022398117
2025-09-03,0.720928596600118,0.818767538106791
2025-09-04,0.7088886696904964,0.7869809600863183
2025-09-05,0.6803223122086425,0.7426434613070915
2025-09-08,0.6545229993410625,0.7014092631650418
2025-09-09,0.6314736335767024,0.6662859079971759
2025-09-10,0.6191034619582216,0.6425426889639028
2025-09-11,0.6101500961652788,0.6219647429348251
2025-09-12,0.591527259713959,0.5935404225990841
2025-09-15,0.5867323995896044,0.5774889463644154
2025-09-16,0.5754208767095046,0.5765567159735292
2025-09-17,0.5939311360745754,0.5700639874801413
2025-09-18,0.5845391065081357,0.5535006993057185
2025-09-19,0.5766397226748494,0.538509751884409
2025-09-22,0.579055048303409,0.5681391794477796
2025-09-23,0.5912067402208436,0.6109980188518837
2025-09-24,0.5775092132325088,0.6010012385281356
2025-09-25,0.5856069622976587,0.6345312349835579
2025-09-26,0.6157203314347808,0.695574452821747
2025-09-29,0.6804777107625786,0.7926860690643727
2025-09-30,0.6561908909319236,0.7604567116548342
2025-10-01,0.6346976669796539,0.733193860929
2025-10-03,0.6716212505106476,0.72121682671771
2025-10-06,0.6488868247516675,0.6877489698791907
2025-10-07,0.6624946960104657,0.6738235450608292
2025-10-08,0.6385895536053535,0.640809117809083
2025-10-09,0.6248295690652657,0.643642830293744
2025-10-10,0.623693839969301,0.6270009388786391
2025-10-13,0.6136699092588801,0.6074280530341705
2025-10-14,0.6017495039216205,0.61072355271147
2025-10-15,0.596868600059911,0.6264828104539922
2025-10-16,0.6152968050427895,0.6168558548870381
2025-10-17,0.6724449169743314,0.6190634829819541
2025-10-20,0.6615484386652961,0.6026625024816129
2025-10-21,0.6541233561464147,0.5886785028187306
2025-10-23,0.630845767369168,0.5619498000784056
2025-10-24,0.6098050931054694,0.5370235503339899
2025-10-27,0.607307072052071,0.5656645639749772
2025-10-28,0.6194177589889216,0.559549125452635
2025-10-29,0.6022061590811304,0.5517854601165787
2025-10-30,0.5974310621014709,0.5397768618196126
2025-10-31,0.6271337545258847,0.6121500427976098
2025-11-03,0.6434681535796672,0.6665699232132548
2025-11-04,0.6219239795370145,0.6354164225609602
2025-11-06,0.6436948100590639,0.6935403679218712
2025-11-07,0.6350754544117883,0.7045139410644079
2025-11-10,0.615015929816944,0.6785769189857133
2025-11-11,0.6013347753646531,0.651694952999931
2025-11-12,0.5978976272876839,0.6320448904797944
2025-11-13,0.6157089153851826,0.6218052915592152
2025-11-14,0.5963451079678622,0.592635037123716
2025-11-17,0.5790269606541927,0.5662717239915662
2025-11-18,0.5735529375872629,0.5512749629255341
2025-11-19,0.5778336899973385,0.5822660964540605
2025-11-20,0.5836672920002731,0.5710251090277925
2025-11-21,0.5874393358897586,0.5602004747343586
2025-11-24,0.5965472002306254,0.601089477172849
2025-11-25,0.5993479179891938,0.6303575801881307
2025-11-26,0.5923727446455538,0.6394605444351337
2025-11-27,0.6878164052840112,0.646713424438149
2025-11-28,0.6612499747062964,0.61327525418788
2025-12-01,0.6381803959459916,0.5925193423818
2025-12-02,0.6187016982490278,0.5806199279237796
2025-12-03,0.6306612923879011,0.6303392248676116
2025-12-04,0.6145059745938488,0.6248480986417171
2025-12-05,0.5963260266388976,0.5979552180455044
2025-12-08,0.6027873780339605,0.5866359512672575
2025-12-09,0.657042782779431,0.6825945706636467
2025-12-10,0.6560573153018728,0.7111802840758523
2025-12-11,0.6442343514578294,0.7168666178306703
2025-12-12,0.6409642040558833,0.6940457255940996
2025-12-15,0.6403001938081273,0.674123237390573
2025-12-16,0.6198778070143464,0.65172896411515
2025-12-17,0.6418873428718926,0.7081445108120775
2025-12-18,0.6238905207460875,0.6937298805658223
2025-12-19,0.6039654638976643,0.6615816975249071
2025-12-22,0.6091768787133408,0.6448353276033434
2025-12-23,0.6353009976083396,0.6365132640617944
2025-12-24,0.6139322558442156,0.6054723612949148
2025-12-26,0.597915646316551,0.5963980352186495
2025-12-29,0.5976993731240655,0.6212421953001415
2025-12-30,0.5977464558100507,0.6442939170244338
2025-12-31,0.5805041539398846,0.6164568905800313
2026-01-02,0.6045903602496707,0.608592570116436
2026-01-05,0.6277397751246417,0.6022652424359753
2026-01-06,0.6180108212235748,0.6150760815679946
2026-01-07,0.6079529025454808,0.6234976289815063
2026-01-08,0.5929674646529761,0.6143491881023779
2026-01-09,0.672692298818195,0.7301165718642585
2026-01-12,0.6987897485981814,0.7938841654326643
2026-01-13,0.6807530012372535,0.75994821112999
2026-01-14,0.6613694036688108,0.7491993879437565
2026-01-16,0.6457274088972125,0.7439352198477873
2026-01-19,0.6233664860602768,0.7045257384450212
2026-01-20,0.6232112867889132,0.7253129111650329
2026-01-21,0.7637888116618082,0.8866084416344074
2026-01-22,0.7394217074852224,0.8734650816674374
2026-01-23,0.7235969652546721,0.8358042707310559
2026-01-27,0.7680748443409191,0.9182815282504557
2026-01-28,0.747858627836759,0.8757385878709254
2026-01-29,0.741459302644444,0.8423995868783115
2026-01-30,0.7140109720585168,0.8002555967083038
2026-02-02,0.7002001273380533,0.8070866034945834
2026-02-03,0.7437672806155545,0.8873259644134567
2026-02-04,1.0651484960718411,0.9163176245700063
2026-02-05,1.0072956143796987,0.8636519386606548
2026-02-06,0.9715024440605595,0.8818419864178023
2026-02-09,0.9213523672154008,0.8327373126956317
2026-02-10,0.8962335531969102,0.803761413532295
2026-02-11,0.8536584225923541,0.7639006154954708
2026-02-12,0.8122470317053383,0.7214327900103127
2026-02-13,0.8006221560619496,0.7601116143696937
2026-02-16,0.8832708268744008,0.9044386169458448
2026-02-17,0.8749410220366242,0.8738505911751996
2026-02-18,0.832390061925227,0.8244401404240418
2026-02-19,0.7987624036155607,0.7860514829115206
2026-02-20,0.900691390189105,0.9448075301372407
2026-02-23,0.8648006411322382,0.8982160823295079
2026-02-24,0.8375306731146032,0.8591478737797387
2026-02-25,0.8853342305931555,0.9637478471330845
2026-02-26,0.8429192675363945,0.9078381027271052
2026-02-27,0.8024221270474184,0.851674637774276
2026-03-02,0.8757262838539137,0.9761008415477305
2026-03-04,0.9342895873926533,1.085175976000973
2026-03-05,1.0297168358925564,1.226831259905197
2026-03-06,1.0362281273171579,1.1749695873511043
2026-03-09,1.0717688303198338,1.2651797064564452
2026-03-10,1.1684588976341854,1.4108285572264319
2026-03-11,1.1398385726037557,1.3331670156218074
2026-03-12,1.20786465044098,1.4553755203094283
2026-03-13,1.1849909732867996,1.4688779181980014
2026-03-16,1.3150748890130117,1.6383288359902293
2026-03-17,1.2824229091269226,1.5401119311324767
2026-03-18,1.226365760250122,1.4407998037982805
2026-03-19,1.1815616173535284,1.3554658000890345
2026-03-20,1.5594082965005118,1.735663124050741
2026-03-23,1.4700548597865666,1.6066058595587343
2026-03-24,1.6332697544215982,1.8391218041495458
2026-03-25,1.6272869526946956,1.7390862735590635
2026-03-27,1.6161543283528075,1.6488239551156476
2026-03-30,1.670927732848382,1.7979682064134577
2026-04-01,1.7240639819149568,1.93470076829758
2026-04-02,1.6859706301143602,1.8165731800133882
2026-04-06,1.5813262345699832,1.66756798364536
2026-04-07,1.5225469848504258,1.5663844925213015
2026-04-08,1.4430462146488525,1.4622695380054513
2026-04-09,1.795754389367832,1.4707380392987632
2026-04-10,1.7133185658921988,1.4787433769367622
2026-04-13,1.6445494977824053,1.3996987864358053
2026-04-15,1.571675021525894,1.4075728812995711
2026-04-16,1.5580941331269182,1.3515154054345098
2026-04-17,1.4639320209105706,1.2716581925464479
2026-04-20,1.3879690690440116,1.198374768590388
2026-04-21,1.3047668363066254,1.1133968268004952
2026-04-22,1.254809631990257,1.0635376090683106
2026-04-23,1.2147667883080486,1.1007700757430623
2026-04-24,1.1814554381168432,1.1385751113023526
2026-04-27,1.1800427034250662,1.21363603674657
2026-04-28,1.1384489401275613,1.1517684880946686
2026-04-29,1.0845641723603985,1.125776495182062
2026-04-30,1.0485162764343394,1.0710665071208734
2026-05-04,1.0251361295760077,1.0989092844789115
2026-05-05,0.9801516426037125,1.0387829808249343
2026-05-06,0.9382122649645581,1.0186502679583807
2026-05-07,0.9666821348172161,0.9904501186573262
2026-05-08,0.9162498482158684,0.9318588939470622
2026-05-11,0.8971480257585233,0.9570323645084591
2026-05-12,0.9905777607220392,1.1058620481691237
2026-05-13,1.1228276588407122,1.288307553930927
2026-05-14,1.0599566585833688,1.1970667021875894
2026-05-15,1.064292738073521,1.1488631848422073
2026-05-18,1.009125112771151,1.096634689714771
2026-05-19,0.9549725042938983,1.0220838386342284
2026-05-20,0.9073788189837532,0.9750692754119316
2026-05-21,0.8621891288750095,0.9163332432055558
2026-05-22,0.8204638392352668,0.8648862228665498
2026-05-25,0.7848311880316887,0.8197760052215743
2026-05-26,0.8505516381286394,0.8133488842801484
2026-05-27,0.829005020244319,0.832971755015475
2026-05-29,0.7902344647136023,0.79042406791086
2026-06-01,0.9102325816083349,0.9630926136101842
2026-06-02,0.8988289774599951,0.9963477180700443
2026-06-03,0.8618471773883867,0.9438950715701794
2026-06-04,0.8296122868831606,0.9297173609302342
2026-06-05,0.7902702048197475,0.8712238212718568
2026-06-08,0.7595776140358595,0.8486366543888251
2026-06-09,0.8101784690049026,0.9427688446478185
2026-06-10,0.7861160175195637,0.8981877962527038
2026-06-11,0.7527854360900429,0.8608133311999182
2026-06-12,0.7263686998249314,0.8413866639293488
2026-06-15,0.9300144965274153,0.8557935400670357
2026-06-16,0.9299190690892318,0.8346573425998438
2026-06-17,0.8969387909653933,0.8019326514577042
2026-06-18,0.8588807847596047,0.766811361559325
2026-06-19,0.8219527523323631,0.7328628876152242
2026-06-22,0.8157422890924411,0.7810774853530734
2026-06-23,0.7840241858161863,0.7469068095485066
2026-06-24,0.8469273006099934,0.8699992671007225
2026-06-25,0.8429158283393842,0.8426107275137418
2026-06-29,0.8028329577409558,0.7953371529805818
2026-06-30,0.7839946722502625,0.8119883610224634
2026-07-01,0.7596480495852361,0.8110338568184446
2026-07-02,0.7457834165037082,0.7811366579668747
2026-07-03,0.7433512782961544,0.7579360507264621
2026-07-06,0.7195470957602231,0.7264777238357437
2026-07-07,0.7160037957031788,0.7065037779895167
2026-07-08,0.6895646736947474,0.6882254634916024
2026-07-09,0.9723698076482304,0.9865758236695029
2026-07-10,0.9253752599882175,0.9320405011345629
2026-07-13,0.9301064328084636,0.9049965738884788
2026-07-14,0.8824196204034999,0.8502623385823688
2026-07-15,0.8703363547933394,0.888912686058787
2026-07-16,0.8276462924076802,0.8362876937006061
2026-07-17,0.7889527162265673,0.79299831192816
2026-07-20,0.8217610744140074,0.7813262624108733
2026-07-21,0.7968783652992135,0.7909008255743422
2026-07-22,0.7654404139787168,0.7753663819785273
2026-07-23,0.7823497235832454,0.8407398395186052
2026-07-27,0.7711828096343312,0.8626794319186383
2026-07-28,0.7520986060700346,0.8261243368264415
