Date,GARCH_vol,EGARCH_vol
2015-01-05,1.1682825649290716,1.1641890763286828
2015-01-06,1.1085418341531694,1.109569446778327
2015-01-07,1.4464186776891657,1.4842802860234776
2015-01-08,1.369783136480781,1.413077289619127
2015-01-09,1.3550264069450082,1.3505236078462135
2015-01-12,1.2941626266928254,1.2734282953253553
2015-01-13,1.2297379172742187,1.1975867252151426
2015-01-14,1.180638526742748,1.1909297411369362
2015-01-15,1.1231322643563646,1.1488067971959388
2015-01-16,1.332841097248433,1.1533985013326185
2015-01-19,1.2598447408035287,1.0801983292724529
2015-01-20,1.1991777833961212,1.0240531025789348
2015-01-21,1.2626093442454167,1.0150812837134005
2015-01-22,1.1976837462038021,0.9608366960828908
2015-01-23,1.1386630103264328,0.9128832283086399
2015-01-27,1.1127770425721581,0.885772772344989
2015-01-28,1.0940702356701852,0.8628894198350466
2015-01-29,1.0378395345924456,0.8212022135736603
2015-01-30,0.9912710636341965,0.7859046889363694
2015-02-02,1.0903683754971294,0.9797192838844397
2015-02-03,1.0373592687423794,0.9479064872965466
2015-02-04,0.9962072765107235,0.9453660334484791
2015-02-05,0.9577529730189046,0.9410638105661474
2015-02-06,0.912589726598466,0.9010058654752522
2015-02-09,0.8845314428616667,0.9081584111130174
2015-02-10,1.0111026419988338,1.0899834258701613
2015-02-11,0.9681158605286204,1.031576007188512
2015-02-12,0.937318129546266,0.9839739581444337
2015-02-13,0.9337905489371824,0.9506755505238507
2015-02-16,0.935957971129081,0.922171177409844
2015-02-18,0.8911439237437149,0.8696082710277768
2015-02-19,0.8677618816461815,0.836816342110421
2015-02-20,0.8381801572846518,0.8023120361941352
2015-02-23,0.8433467749774464,0.8614258933860396
2015-02-24,0.8575148204663964,0.9274444690489978
2015-02-25,0.8184437328799897,0.8732303971410967
2015-02-26,0.7825019381599186,0.8244573169147934
2015-02-27,0.807955192150015,0.8975351441258874
2015-03-02,0.9154734324309016,0.8940030089647614
2015-03-03,0.9030006868883159,0.8647809192975956
2015-03-04,0.8690806719400033,0.8269829560002135
2015-03-05,0.8645303234066148,0.8750409016755641
2015-03-09,0.8265213591902649,0.8294439939926491
2015-03-10,1.0339158835418891,1.077659240717926
2015-03-11,0.9954688304378397,1.0688694565337378
2015-03-12,0.94884414853961,1.0249268104317861
2015-03-13,0.9436420795153423,0.9877139624111966
2015-03-16,1.020182943315304,1.1249821162252651
2015-03-17,0.9731094608861195,1.0822137294584608
2015-03-18,0.9747836820420305,1.0428171119167997
2015-03-19,0.9378597153825203,1.0285785393424047
2015-03-20,0.9118206906163676,1.032761177427671
2015-03-23,0.9035639237536909,1.0623870225191667
2015-03-24,0.8661944966596785,1.0273194972360642
2015-03-25,0.8280628868072145,0.9789010574450562
2015-03-26,0.7947387980177458,0.9434019654253653
2015-03-27,1.0718852824325844,1.2196826429810836
2015-03-30,1.0169171332913012,1.1397375643531906
2015-03-31,1.1182035159198407,1.1206720336562952
2015-04-01,1.0605112870545426,1.058478241081207
2015-04-06,1.0549369557738182,1.022323798953011
2015-04-07,1.031648211501033,0.9828260234172004
2015-04-08,0.9794475915744493,0.9218148768221731
2015-04-09,0.9500993239599371,0.8855265100130822
2015-04-10,0.9203093214607694,0.8508710130750078
2015-04-13,0.8767188670174966,0.8078408015151659
2015-04-16,0.8509777159958989,0.778545735737455
2015-04-17,0.9187807326868366,0.9146497569392698
2015-04-20,0.9140542306491927,0.9624041394874054
2015-04-21,1.0782983594268327,1.1753728551365874
2015-04-22,1.054235691783156,1.1933687696816822
2015-04-23,1.0245591166705936,1.1348182926329042
2015-04-24,0.9919664649274009,1.1316043324790883
2015-04-27,1.0076427686864071,1.1960779053358854
2015-04-28,1.0086539120988294,1.2377178697211013
2015-04-29,0.9857395178037516,1.1758712126562052
2015-04-30,0.9611317895445448,1.1769495658880844
2015-05-04,0.9522424861743974,1.1992673501858344
2015-05-05,1.0495715490529782,1.170949671156704
2015-05-06,0.9990143092601506,1.118101369181346
2015-05-07,1.276558260398438,1.4174468328561127
2015-05-08,1.2173356533898718,1.371547111034373
2015-05-11,1.2850749864205517,1.329896298011179
2015-05-12,1.2923175906712219,1.2795480556559256
2015-05-13,1.4300447964913856,1.5011265716935132
2015-05-14,1.4114656127701353,1.4304301926144025
2015-05-15,1.3346117839283151,1.3496143507267988
2015-05-18,1.2663801481762569,1.2653522386590468
2015-05-19,1.2604561167761248,1.2167621424597475
2015-05-20,1.1938962345706905,1.1555319835757065
2015-05-21,1.1470456173374608,1.098184585115919
2015-05-22,1.0877382613946576,1.0422419625323915
2015-05-25,1.0418213963602823,0.9907001399983288
2015-05-26,1.0565253849916558,1.077120923822243
2015-05-27,1.0132063718633757,1.0607503499713986
2015-05-28,0.9625043326008769,0.9949422546123639
2015-05-29,0.9193335374575445,0.9620050463413974
2015-06-01,0.9405481168282753,0.9375478145868046
2015-06-02,0.8950613596717727,0.8815738154687256
2015-06-03,1.1489255662069786,1.1757274197012546
2015-06-04,1.168615136304882,1.2654911651012175
2015-06-05,1.1076056900666935,1.1920418358744638
2015-06-08,1.0523726951175385,1.135225572931422
2015-06-09,1.0448581155228274,1.1786783893617971
2015-06-10,0.994064444322599,1.1219738497885878
2015-06-11,1.0264075895548928,1.08824548427015
2015-06-12,1.1295072033130786,1.2535456140242567
2015-06-15,1.0711926982566653,1.171909313478941
2015-06-16,1.0303306619668757,1.1104505944615366
2015-06-17,0.9830789833999704,1.0477276921566891
2015-06-18,0.9465673711105483,0.9961313580586959
2015-06-19,0.9520051874219874,0.9649663860766586
2015-06-22,0.9297989588981659,0.9268793979889405
2015-06-23,0.9931999432154546,0.916501331847695
2015-06-24,0.9459583471778272,0.8683103335762405
2015-06-25,0.9059985981829557,0.8541297695432726
2015-06-26,0.8791838159415211,0.8216773204446951
2015-06-29,0.8460469567391053,0.8157798808065797
2015-06-30,0.8339642072299869,0.8488324296109271
2015-07-01,0.8077430722714809,0.813478599640002
2015-07-02,0.8117292988601528,0.792801148958201
2015-07-03,0.7830059426299659,0.7852151186631697
2015-07-06,0.7635155213366737,0.7564498458216535
2015-07-07,0.7399290521040984,0.726618796806817
2015-07-08,0.7127563596360786,0.7077214777535343
2015-07-09,0.8856141047703359,0.9188907378669626
2015-07-10,0.8572435091646048,0.91811204623334
2015-07-13,0.8219800350137512,0.8713304520542509
2015-07-14,0.8472677820588567,0.8524216102351275
2015-07-15,0.8105153614123793,0.8190357142305622
2015-07-16,0.8227097818741591,0.8005658794913962
2015-07-17,0.8262557840214626,0.7814750711638054
2015-07-20,0.7895356097754604,0.7386958348407394
2015-07-21,0.7586968910198866,0.7212921202818847
2015-07-22,0.7802453526153409,0.7958384302051893
2015-07-23,0.8194153517834478,0.7855372316706805
2015-07-24,0.8008087697697379,0.8044613428331071
2015-07-27,0.8247946118880578,0.8810037836019948
2015-07-28,1.0140257448800871,1.106315490603327
2015-07-29,0.9725816977877042,1.0826201570382141
2015-07-30,0.9299677114943345,1.0226264441958268
2015-07-31,0.8964229602952246,0.9723586394500897
2015-08-03,0.96030702101647,0.9565533300325836
2015-08-04,0.9153697152546875,0.9044738423648495
2015-08-05,0.8841464069914494,0.9045845534733107
2015-08-06,0.8558732802106568,0.8657727849325574
2015-08-07,0.8192993142365844,0.82202213383115
2015-08-10,0.7880296033309657,0.8056708983659248
2015-08-11,0.7730279034404284,0.8236170936558379
2015-08-12,0.7926585919035508,0.8881572819378579
2015-08-13,0.8665433770442669,1.0068005563469562
2015-08-14,0.8269942611276124,0.9464214382185064
2015-08-17,0.9698786430442534,0.9457322998933836
2015-08-18,0.9506113663101365,0.9761617688985142
2015-08-19,0.9072203129096664,0.9397518983508744
2015-08-20,0.8691967027305398,0.8922989297326464
2015-08-21,0.9136886549711613,0.9946083569810572
2015-08-24,0.9186489158009649,1.047017258782572
2015-08-25,2.1206455596251983,2.059168863198125
2015-08-26,2.022634195829594,1.9204028936639037
2015-08-27,1.9458291291632113,1.9171192706316842
2015-08-28,1.928132930749745,1.820487995298737
2015-08-31,1.823338034671199,1.6925795947299302
2015-09-01,1.723713455311262,1.614252404076865
2015-09-02,1.778572545031331,1.783839083024856
2015-09-03,1.7049988397589777,1.7611145632447003
2015-09-04,1.6465603654129564,1.6578535148103006
2015-09-07,1.7066673304133433,1.8152073678497247
2015-09-08,1.658162138128318,1.824229217312989
2015-09-09,1.6435042302906866,1.7286064689615255
2015-09-10,1.6196573111758044,1.6398189195729753
2015-09-11,1.5331955074162684,1.5628506786068017
2015-09-14,1.4466583472132573,1.4543612748780537
2015-09-15,1.393899062317554,1.375504409029595
2015-09-16,1.3317819049948367,1.3513246745788696
2015-09-18,1.2920201150063968,1.2841841797727789
2015-09-21,1.2544145828521556,1.2230822984812302
2015-09-22,1.1874802350624998,1.1550097272081132
2015-09-23,1.309605579790122,1.3592709809436285
2015-09-24,1.252033769029483,1.2811106963306484
2015-09-28,1.184560050439969,1.1952915811324163
2015-09-29,1.165898734899263,1.2373635707235722
2015-09-30,1.118214144691806,1.170205733873022
2015-10-01,1.1448791950609472,1.1349765227747681
2015-10-05,1.0861631695310658,1.0661879490952912
2015-10-06,1.2159296566837636,1.0627483281352035
2015-10-07,1.1605822196909985,1.0098215626983713
2015-10-08,1.103647753240235,0.9566825465424287
2015-10-09,1.07339608636299,0.9899083393284397
2015-10-12,1.0487182553672423,0.9535982805502696
2015-10-13,1.019840651979556,0.9798846447904335
2015-10-14,0.9723324806195603,0.9488030985886494
2015-10-15,0.9295893893511173,0.9248933105552957
2015-10-16,0.9190893614206018,0.8942160658601548
2015-10-19,0.901505296742559,0.8630818637984393
2015-10-20,0.8724138873960201,0.8283780904857391
2015-10-21,0.8365206022847248,0.8107368267138065
2015-10-23,0.8000680507983875,0.7772155607944509
2015-10-26,0.7885399604869937,0.7536474896691625
2015-10-27,0.7683530037084307,0.7658177746562972
2015-10-28,0.7501561032562232,0.7769605134054245
2015-10-29,0.7669676691112646,0.838616713812856
2015-10-30,0.7774420121434221,0.8890392416287708
2015-11-02,0.7797226177512457,0.9252220441522991
2015-11-03,0.7586810981867683,0.9181085669576027
2015-11-04,0.7275932931882276,0.8652263231601526
2015-11-05,0.7017728055087996,0.8356477432345601
2015-11-06,0.7444877262333989,0.9125614479445489
2015-11-09,0.7173833554832082,0.8795497666246916
2015-11-10,0.7155055026838754,0.899852221815308
2015-11-13,0.8359688698247371,1.0432652497056287
2015-11-16,0.8187505877287257,1.0438599635070902
2015-11-17,0.799306377138278,0.9937370526690532
2015-11-18,0.7721520527686618,0.9427728373387387
2015-11-19,0.8842422914773684,1.0854026365668668
2015-11-20,0.9410162228680246,1.0568511372388023
2015-11-23,0.8955760115058369,0.9908616433925412
2015-11-24,0.8571257440228803,0.9558282558634712
2015-11-26,0.8211822564634301,0.9214303481032675
2015-11-27,0.8102979347956482,0.8863873839531478
2015-11-30,0.7963760160449972,0.8527391398652368
2015-12-01,0.7620293962089274,0.8040429476594948
2015-12-02,0.7305119164955277,0.7602743403194383
2015-12-03,0.7062172243224658,0.7466496252630811
2015-12-04,0.7415350063435621,0.8254091009847513
2015-12-07,0.780668493617797,0.9066279272145262
2015-12-08,0.7627634365029986,0.9081644950930078
2015-12-09,0.7864259357373908,0.9673089276913187
2015-12-10,0.8345110210289091,1.0509315145970377
2015-12-11,0.8352055209623859,1.0087394433299575
2015-12-14,0.8447725674504313,1.0527199506765672
2015-12-15,0.8143900617310122,0.9968478167132421
2015-12-16,0.8017186447844459,0.9539111061698202
2015-12-17,0.7911997790809426,0.9152304498401889
2015-12-18,0.8373913944558005,0.8964286930628065
2015-12-21,0.8795698132963111,0.9902729636547398
2015-12-22,0.8736697143235351,0.9532670017961898
2015-12-23,0.856081828690293,0.9687591960116541
2015-12-24,0.8689775192058263,0.9388592791584568
2015-12-28,0.8296036074833429,0.8909921151240113
2015-12-29,0.8215073956314977,0.860125207104921
2015-12-30,0.7859358238236132,0.8140616126072915
2015-12-31,0.7698707654303121,0.8287959934279063
2016-01-04,0.7568876296154051,0.7987759024807185
2016-01-05,0.9522046356706125,1.0251758615245594
2016-01-06,0.9086956661135825,0.9842638192143724
2016-01-07,0.896362563947227,1.011815956301077
2016-01-08,1.1101518372110604,1.2539975354657156
2016-01-11,1.055629275627132,1.1761235358195423
2016-01-12,1.0138633947227165,1.1540322903247047
2016-01-13,0.983499143842392,1.1514371712046774
2016-01-14,0.9554643816602727,1.0945999116066667
2016-01-15,0.9169651107432188,1.0665631479347626
2016-01-18,0.9703626649550522,1.1672661503353652
2016-01-19,0.9911644560415523,1.2305411921711238
2016-01-20,1.0065108492032069,1.1815674207507456
2016-01-21,1.1067531246590725,1.3292507183558395
2016-01-22,1.0597079104275167,1.2889527023293306
2016-01-25,1.1667291636297548,1.2579264807791202
2016-01-27,1.1057514463851934,1.1758563062106944
2016-01-28,1.0482517734151655,1.0974880190602294
2016-01-29,0.9960138305628717,1.0407816781550643
2016-02-01,1.065074335023963,1.0236218482706703
2016-02-02,1.0133754941119832,0.9848663251571287
2016-02-03,1.0352950737277185,1.0760392544370712
2016-02-04,1.0704100318106025,1.176120388559921
2016-02-05,1.023498950339069,1.110147478012753
2016-02-08,1.0283419802763676,1.0709960498615452
2016-02-09,1.0711955825042507,1.178980735204551
2016-02-10,1.0794102842350346,1.2418875962930271
2016-02-11,1.0859582979007694,1.2972450606970727
2016-02-12,1.5064053334332503,1.6944757010643179
2016-02-15,1.4215176711511737,1.5661558806859885
2016-02-16,1.5341555931344997,1.5216505707759367
2016-02-17,1.5323011656814396,1.6058070104636388
2016-02-18,1.4644513567674686,1.5069043688565134
2016-02-19,1.4223202654862566,1.4281198111995972
2016-02-22,1.3441528414272121,1.3305307697701403
2016-02-23,1.2728360947189605,1.2452244685599265
2016-02-24,1.3114179594672717,1.3689062073927798
2016-02-25,1.3190804543570422,1.448109202205181
2016-02-26,1.2585274656233219,1.4047529264901626
2016-02-29,1.2107733462874273,1.3253023462449902
2016-03-01,1.1678247152964178,1.3156812111154703
2016-03-02,1.5038072351002965,1.3257814886849382
2016-03-03,1.5342780437893626,1.2902216735228254
2016-03-04,1.5144881183497696,1.2444337847493843
2016-03-08,1.429127762538082,1.1623137643266788
2016-03-09,1.3491832866206475,1.0848382911156254
2016-03-10,1.2835474283954593,1.0297255494531259
2016-03-11,1.2361277147559695,1.0538394778488347
2016-03-14,1.1736912353723015,0.9966878989772079
2016-03-15,1.1149074734250424,0.9437403964235418
2016-03-16,1.110048728134112,1.0210896007770964
2016-03-17,1.0624252724874141,0.9715750166854508
2016-03-18,1.008309047636062,0.917863522285435
2016-03-21,1.0121584057485202,0.8957658880276131
2016-03-22,1.0390763228473991,0.8824789979684154
2016-03-23,0.9869801749357437,0.8345848073148838
2016-03-28,0.9380950991983001,0.7872167688683105
2016-03-29,1.0139399821016197,0.9469496524366182
2016-03-30,0.9684140755478072,0.9250683015984401
2016-03-31,1.060244216817786,0.9225625968589549
2016-04-01,1.0060695762684506,0.8692511197667098
2016-04-04,0.9618780205789333,0.8570222156854486
2016-04-05,0.9255707757059181,0.8216821763934488
2016-04-06,1.1015218449303583,1.0677954963594352
2016-04-07,1.0442651881259177,0.9997473810112867
2016-04-08,1.0328945449463547,1.0501097799414032
2016-04-11,0.9811786318893277,0.9923076735927353
2016-04-12,1.0222667408778778,0.9725968572600425
2016-04-13,0.9799703428918713,0.9262620026918885
2016-04-18,1.093545802850636,0.9285378233567734
2016-04-20,1.058078246508346,0.8937918151052534
2016-04-21,1.0040409399226387,0.8427434022348818
2016-04-22,0.9541461629475579,0.7971500334279197
2016-04-25,0.9103729299298801,0.7761681274849733
2016-04-26,0.8928473485034054,0.8151580742474894
2016-04-27,0.9309568765535832,0.8073763710567623
2016-04-28,0.887519919770424,0.7672321905319627
2016-04-29,1.0241631251907692,0.9779931538889712
2016-05-02,0.972607184629289,0.9195955836588356
2016-05-03,0.9522298449797838,0.9511095773770555
2016-05-04,0.9467342848924658,0.9997481108091723
2016-05-05,0.9182742644535927,1.0034623385035741
2016-05-06,0.8927172936981317,0.9587798609612781
2016-05-09,0.8530434846236866,0.9198025089081294
2016-05-10,0.9801006332242452,0.9198572719961107
2016-05-11,0.9352726390266715,0.8731493550891405
2016-05-12,0.920171274529588,0.9115807820578121
2016-05-13,0.9023137852022198,0.8788228865487424
2016-05-16,0.9423552084532851,0.9835171384971481
2016-05-17,0.9147090820970797,0.9407527077497543
2016-05-18,0.8803394883471043,0.8965683514312429
2016-05-19,0.8457424692051051,0.8797249238176651
2016-05-20,0.8977728797481827,0.9872392997608623
2016-05-23,0.8669054470667861,0.976697729355397
2016-05-24,0.8340342812862135,0.9543790365238536
2016-05-25,0.8000746093196552,0.9037119900576693
2016-05-26,1.0261339986224836,0.9196691771557668
2016-05-27,1.124408860857112,0.9213630143948418
2016-05-30,1.112159704178794,0.8980832453104879
2016-05-31,1.056131439456009,0.851613079586951
2016-06-01,1.0059019985582833,0.8323401552229659
2016-06-02,0.956178674687765,0.7886353846386874
2016-06-03,0.9189406067241268,0.7582675545752691
2016-06-06,0.8752937606126112,0.7207850139120757
2016-06-07,0.8402509371262943,0.7164409501309418
2016-06-08,0.840568498899481,0.7041622273082248
2016-06-09,0.802753262692542,0.6672040720454667
2016-06-10,0.8312780762809296,0.7636640440988576
2016-06-13,0.8119398434259935,0.7854438690149115
2016-06-14,0.8327087471121936,0.8619521132171957
2016-06-15,0.7957515962624852,0.8160170714445595
2016-06-16,0.8463578049988157,0.807331818055978
2016-06-17,0.847419892432653,0.8616003052487666
2016-06-20,0.8150274897757948,0.8216760959881948
2016-06-21,0.8220853627035004,0.801569032900625
2016-06-22,0.7900174209170119,0.7849380763180067
2016-06-23,0.7598384892184639,0.766560043708017
2016-06-24,0.7719448238122723,0.7505562711138827
2016-06-27,1.0370713119964023,1.0448031323537386
2016-06-28,0.984546279858048,0.9795482253823214
2016-06-29,0.9439674187536893,0.931575206197498
2016-06-30,0.9281324165158545,0.8988393963121782
2016-07-01,0.9275063878148793,0.8739043859930461
2016-07-04,0.8953231617463084,0.8377954579731236
2016-07-05,0.8637385242070004,0.8034761076040191
2016-07-07,0.8372660806906007,0.8130028999007443
2016-07-08,0.7999380107872762,0.7695880039394695
2016-07-11,0.7725169369790933,0.7648183449311906
2016-07-12,0.9226634784433931,0.7795329061071391
2016-07-13,0.8977949699388188,0.7553184993566573
2016-07-14,0.8556117007433722,0.714999620944466
2016-07-15,0.8257717278342429,0.6899788786501493
2016-07-18,0.8010371705757098,0.7053391621549782
2016-07-19,0.7757359604629618,0.7122674740638536
2016-07-20,0.7435254984767219,0.6779281749840333
2016-07-21,0.7242397473253045,0.6561137665978161
2016-07-22,0.7394246983706761,0.7227485299702792
2016-07-25,0.7147704957487071,0.6933120201279807
2016-07-26,0.7526132671526137,0.6887768845077431
2016-07-27,0.7376317531224414,0.7100966768327632
2016-07-28,0.7088775287260807,0.6766516121631059
2016-07-29,0.70646144711135,0.6610729653862614
2016-08-01,0.706565470405583,0.7024862126766146
2016-08-02,0.6836085242934893,0.6908475051988177
2016-08-03,0.6600438437387427,0.6681639334233722
2016-08-04,0.7214487635586949,0.7738965334417663
2016-08-05,0.6932362149188321,0.7317703081989267
2016-08-08,0.7721086305041556,0.7323521322724355
2016-08-09,0.7459543741096191,0.7032499636408893
2016-08-10,0.7270059754830966,0.7132954084672689
2016-08-11,0.7887296336083077,0.8272780642922218
2016-08-16,0.7587768658078426,0.7880783911346999
2016-08-17,0.7570639293455755,0.7655960937191264
2016-08-18,0.7309211673017305,0.7532647356390622
2016-08-19,0.7107891970969289,0.7239737108236073
2016-08-22,0.6871674013443093,0.7094660028010582
2016-08-23,0.6729202175990535,0.7164259419914063
2016-08-24,0.6490108061653591,0.6803637087852742
2016-08-25,0.6297462709851781,0.6517552535049095
2016-08-26,0.6666319614338778,0.7276694293515312
2016-08-29,0.6480465024283257,0.7162874591284826
2016-08-30,0.6367559883836875,0.6904479226483483
2016-08-31,0.7746096261526624,0.7031008420000341
2016-09-01,0.7488049204421987,0.6768505064071362
2016-09-02,0.7201288045371084,0.6583013465553635
2016-09-06,0.6991704790076708,0.6355998602685968
2016-09-07,0.817930471869049,0.6524107729845526
2016-09-08,0.7854814275168073,0.6454642790240057
2016-09-09,0.7598231323833883,0.6246926720501288
2016-09-12,0.7831126910690167,0.7112873853989194
2016-09-14,0.9038785518496973,0.8929000753191665
2016-09-15,0.8611541355765203,0.8406560867364687
2016-09-16,0.8220954118025599,0.7953425790781098
2016-09-19,0.8070836559322547,0.7697198516436117
2016-09-20,0.7721206100676044,0.7298785949278056
2016-09-21,0.7530839243891728,0.743164168259988
2016-09-22,0.7231822707982406,0.713576135191694
2016-09-23,0.7455853359178596,0.7035849342051327
2016-09-26,0.7277417360703178,0.7160456991796035
2016-09-27,0.8205581579564301,0.8598369439147285
2016-09-28,0.7903308882030389,0.8440231346915
2016-09-29,0.7586059733457784,0.8015259278522221
2016-09-30,0.9044698184866764,0.9874772606444825
2016-10-03,0.8620234117106521,0.9289442296512417
2016-10-04,0.9149573331324345,0.9132926964956204
2016-10-05,0.8751761559182896,0.8670920281398558
2016-10-06,0.8471496000512804,0.869663813309789
2016-10-07,0.822014332710123,0.8727468427701148
2016-10-10,0.788710241004931,0.8447888312921941
2016-10-13,0.7549883936108869,0.797047903014846
2016-10-14,0.8868078421326838,0.9709360726044648
2016-10-17,0.8455175758891192,0.9130610072915086
2016-10-18,0.8275723997422691,0.9265104693953443
2016-10-19,0.9725753041237778,0.9280841653566951
2016-10-20,0.9294275896661671,0.9045897254946849
2016-10-21,0.8961728209119577,0.8652044091123053
2016-10-24,0.857594526026668,0.8412125894054394
2016-10-25,0.8237701196591242,0.8025845963712013
2016-10-26,0.7958725830450257,0.7995741496052194
2016-10-27,0.8201302508791761,0.8760790947005757
2016-10-28,0.7869669860390041,0.832014079252838
2016-11-01,0.7534297906273449,0.7858726525107704
2016-11-02,0.7284179801061161,0.7744316909109853
2016-11-03,0.8127470394616874,0.903598260613242
2016-11-04,0.7878514565863735,0.8966772059401806
2016-11-07,0.7797133716885414,0.9181684696139427
2016-11-08,0.7708833605267015,0.8824354479589723
2016-11-09,0.7500346387847295,0.8438315329195086
2016-11-10,0.8257899110389076,0.9612704691731166
2016-11-11,0.8383350013213619,0.9307641982699669
2016-11-15,1.1484704491809348,1.2453377797186194
2016-11-16,1.2543495012517352,1.4158408041509205
2016-11-17,1.1866459491856085,1.3195824458879004
2016-11-18,1.1281731593314632,1.2625947110868678
2016-11-21,1.0748500875527314,1.2143043044206003
2016-11-22,1.128173413166101,1.3248536477718833
2016-11-23,1.0907927606346588,1.2529306040015313
2016-11-24,1.0381994114005273,1.175726104805514
2016-11-25,1.0167724390695716,1.1913537170046131
2016-11-28,1.1000365267195793,1.1634947472657258
2016-11-29,1.0430885080190997,1.0882265127423916
2016-11-30,0.99056811422605,1.021233131557872
2016-12-01,0.9836686725335984,0.9854182718064004
2016-12-02,0.9437691592087857,0.9704656087658421
2016-12-05,0.9869126224394099,1.0756344471416435
2016-12-06,0.9457776621979079,1.018492201878125
2016-12-07,0.9004690122288739,0.9579579147850851
2016-12-08,0.8820658833768782,0.9763986559615
2016-12-09,0.9890862729921379,0.9685946168572024
2016-12-12,0.9409377025607224,0.9136052008669462
2016-12-13,0.941717317297313,0.9730564512996199
2016-12-14,0.917090904412963,0.9326813890583513
2016-12-15,0.8831148593109115,0.9235377016340691
2016-12-16,0.8502122020005425,0.9101167117357897
2016-12-19,0.813429854563839,0.8728441784179523
2016-12-20,0.7930764209446235,0.8790708019045228
2016-12-21,0.7653774795234715,0.8619717388231446
2016-12-22,0.7399873888402347,0.8459552358090925
2016-12-23,0.78484078489573,0.9308492618555003
2016-12-26,0.7533497807376697,0.8803903772332924
2016-12-27,0.7827149902614919,0.9472744609094167
2016-12-28,0.883940021242943,0.9368646376912253
2016-12-29,0.8430457785121929,0.8850711958521322
2016-12-30,0.8218036110624827,0.8496837692676804
2017-01-02,0.8363958300210302,0.8296807915666643
2017-01-03,0.8008334711491497,0.800145118756977
2017-01-04,0.7670027469793521,0.7594302526810744
2017-01-05,0.7356949201081836,0.7263723599777364
2017-01-06,0.7549905797848964,0.7149326956375981
2017-01-09,0.741072192224981,0.7365578590505375
2017-01-10,0.7135601816997242,0.7156837696561087
2017-01-11,0.709774255932207,0.6965622870986071
2017-01-12,0.7300454662616224,0.686833107483919
2017-01-13,0.7086622708888658,0.6621684166755829
2017-01-16,0.6821847343000127,0.6365623540826919
2017-01-17,0.6584076679948739,0.6094446665135494
2017-01-18,0.6405889117622047,0.6077483960963819
2017-01-19,0.6194031280170906,0.579698155534499
2017-01-20,0.6013648517229535,0.5570942900610808
2017-01-23,0.6728974618515048,0.6733151141143277
2017-01-24,0.6532800945093824,0.6470508774155644
2017-01-25,0.6889305883062612,0.6432101921514268
2017-01-27,0.7538122565944765,0.6480932945532563
2017-01-30,0.7441411838609071,0.633938445193286
2017-01-31,0.7162633415105705,0.6209745132111645
2017-02-01,0.7282960065510341,0.685267403859387
2017-02-02,0.8743047817521881,0.7041604859613744
2017-02-03,0.8371820214121655,0.6752454702896177
2017-02-06,0.799613724271782,0.6408941738838656
2017-02-07,0.7906302247584392,0.6296721223939696
2017-02-08,0.7685361659328633,0.6486264269284384
2017-02-09,0.7397009453824617,0.6396607587881211
2017-02-10,0.7103857378274564,0.6109589309685436
2017-02-13,0.6832584681645898,0.5834124715020499
2017-02-14,0.6582954301273788,0.5566369061658311
2017-02-15,0.6363701086410173,0.5404931704041414
2017-02-16,0.6546104231490174,0.6057043497888706
2017-02-17,0.6478569162781266,0.5914116245966383
2017-02-20,0.6473426402559952,0.5805767614874278
2017-02-21,0.6541654555171027,0.5732949344220497
2017-02-22,0.6380305199954683,0.5562275547403781
2017-02-23,0.6239174015953861,0.5407599623076988
2017-02-27,0.6043120078163053,0.5183301536729086
2017-02-28,0.5959541603312151,0.5347152297884169
2017-03-01,0.586578959006481,0.545173773925252
2017-03-02,0.6193929572423603,0.5457942924822373
2017-03-03,0.6253471461299329,0.589674733787203
2017-03-06,0.6061326171480305,0.5688101154674171
2017-03-07,0.6255953631467094,0.5646986622798897
2017-03-08,0.6099837272224284,0.5633746374418217
2017-03-09,0.6045904010627974,0.5839548191656453
2017-03-10,0.5867429381775976,0.5581498355690167
2017-03-14,0.5704858390418672,0.5332204437277455
2017-03-15,0.7555518474328932,0.563567859972062
2017-03-16,0.7275832267548087,0.5602906092953664
2017-03-17,0.7215195070661223,0.5533485983184762
2017-03-20,0.6948996375296725,0.5335651188834847
2017-03-21,0.6871321856351551,0.5703089874274196
2017-03-22,0.6640972634761027,0.5616988423348639
2017-03-23,0.73407251655984,0.688886956840632
2017-03-24,0.7219089082201698,0.6693707933529698
2017-03-27,0.6977455485695357,0.6433573368217443
2017-03-28,0.7053642290613995,0.6959903497126707
2017-03-29,0.6980892217436493,0.6766921342840637
2017-03-30,0.6807592989153423,0.6535117252830602
2017-03-31,0.6640467897504704,0.6315243491286288
2017-04-03,0.6425428905105841,0.615392221459746
2017-04-05,0.6832715683419459,0.6149417082549185
2017-04-06,0.6600047842841662,0.5904539498664432
2017-04-07,0.6407342438693807,0.5857380159986182
2017-04-10,0.6683625442861361,0.6594054239545569
2017-04-11,0.6636463771665553,0.6855919794341752
2017-04-12,0.6721957365411786,0.6712049479955445
2017-04-13,0.6705846801511097,0.702423164145622
2017-04-17,0.6805771989594821,0.7479630524855483
2017-04-18,0.6595958121708844,0.7310692548411494
2017-04-19,0.6479288611171086,0.7356250130112778
2017-04-20,0.6260621872643696,0.6966581394646902
2017-04-21,0.6103947052997496,0.6680667799029386
2017-04-24,0.5973350492006226,0.6618130638908584
2017-04-25,0.6477029924478056,0.6579439307589201
2017-04-26,0.6863997907804895,0.65374711316687
2017-04-27,0.6847751912214111,0.6393173994689961
2017-04-28,0.6718200924464317,0.654560544443252
2017-05-02,0.6618837798703482,0.6720171789256101
2017-05-03,0.6389982181396048,0.6404563467165977
2017-05-04,0.6197187173301364,0.6232867423483561
2017-05-05,0.6399322865675344,0.6157013761492384
2017-05-08,0.686847166823178,0.7081312506977653
2017-05-09,0.663529622961557,0.6765316173577881
2017-05-10,0.6403979714399244,0.6428720887922578
2017-05-11,0.6913660627335426,0.6425584606075349
2017-05-12,0.6659121494128314,0.6133489740507787
2017-05-15,0.6479872725168124,0.613269771263655
2017-05-16,0.637296896272295,0.5960701049533668
2017-05-17,0.6643198045979829,0.5933556465109124
2017-05-18,0.6436435522588013,0.5716318801721029
2017-05-19,0.6699984452478525,0.6456570468787668
2017-05-22,0.6462872193946679,0.6151976250186437
2017-05-23,0.6308870094708813,0.5948576840957852
2017-05-24,0.6526074748104193,0.6584784351923962
2017-05-25,0.6360346040977668,0.6549545024473222
2017-05-26,0.7560887700186603,0.6674293626666734
2017-05-29,0.770861554249638,0.6604045474032859
2017-05-30,0.741171266211363,0.6337808123990938
2017-05-31,0.7119814911904007,0.6061763383817369
2017-06-01,0.6853678009069447,0.5862533648999446
2017-06-02,0.6608054183179295,0.5657634902208719
2017-06-05,0.6483297902281613,0.5519957777838893
2017-06-06,0.626647913657375,0.5292807259293845
2017-06-07,0.6222851505328963,0.55836865754082
2017-06-08,0.6058318725043332,0.5396206728570849
2017-06-09,0.5928650389716726,0.5424943192689824
2017-06-12,0.576769777878034,0.521738673915373
2017-06-13,0.5915426771692208,0.5722567442198037
2017-06-14,0.5749502180785591,0.5465981405435246
2017-06-15,0.5607941918705438,0.5259248147175389
2017-06-16,0.5560991470659964,0.5391313635771885
2017-06-19,0.5441892214064352,0.5266198578857962
2017-06-20,0.5821298047627339,0.5280998022102545
2017-06-21,0.5673007406792182,0.5142711781529367
2017-06-22,0.5539098127662309,0.5014069091584756
2017-06-23,0.540961878454511,0.48127969758359496
2017-06-27,0.5564705249352159,0.5290552229311551
2017-06-28,0.5789986670545786,0.585335641259805
2017-06-29,0.5817961707497556,0.6125143026123628
2017-06-30,0.5660216809455152,0.5839254184118626
2017-07-03,0.5536069709833376,0.5616418776748854
2017-07-04,0.6097810852833778,0.565206108202106
2017-07-05,0.5922002772394028,0.5477350747430414
2017-07-06,0.5756578270766582,0.5253034196372554
2017-07-07,0.5700301774259562,0.5133366793310408
2017-07-10,0.5560836321218509,0.49849770489545514
2017-07-11,0.6363921154744996,0.5122147929273205
2017-07-12,0.6156634967113684,0.4919237015651899
2017-07-13,0.5978734597283374,0.47567438757363384
2017-07-14,0.6167554073567202,0.4780398303818669
2017-07-17,0.5987698161637159,0.46873688549462406
2017-07-18,0.5823268699409359,0.4537279854674083
2017-07-19,0.6798843833811342,0.6041634053504124
2017-07-20,0.6912771345316367,0.5979897961257438
2017-07-21,0.6692286319223967,0.5930522454003031
2017-07-24,0.6535222514526204,0.5757539356710785
2017-07-25,0.6595616216425636,0.5688505470684401
2017-07-26,0.6377138000121385,0.5531496930696884
2017-07-27,0.6302371271949934,0.5416846494516154
2017-07-28,0.6102433421892063,0.5210439817214984
2017-07-31,0.5986593218594558,0.5306649713223983
2017-08-01,0.607978782939835,0.5258521214185449
2017-08-02,0.5909781445799941,0.50723880785214
2017-08-03,0.5855386135022503,0.5277705278886102
2017-08-04,0.621932156729455,0.6067699550110404
2017-08-07,0.6059265377346068,0.5847038817821305
2017-08-08,0.5919732744088365,0.5808911209102954
2017-08-09,0.6361852613074066,0.6646373333404239
2017-08-10,0.6574361622214834,0.7221277471983933
2017-08-11,0.6947596332281655,0.7967004668289068
2017-08-14,0.7484606079036674,0.8876344791437605
2017-08-16,0.7495903104019429,0.8570043872199419
2017-08-17,0.7786033648126948,0.8374832541006131
2017-08-18,0.7456998160825237,0.7904296671834448
2017-08-21,0.7707989215036977,0.8600880890225543
2017-08-22,0.7912819475318003,0.9216472489443694
2017-08-23,0.7574621086533181,0.8680597139281144
2017-08-24,0.769749912812188,0.8431569352420367
2017-08-28,0.7375957921040243,0.7959636418985367
2017-08-29,0.7204516797190821,0.7651580867973484
2017-08-30,0.7889125715144925,0.8788119889674947
2017-08-31,0.7912888181020905,0.8510754287706972
2017-09-01,0.7599940947314475,0.8085974692809296
2017-09-04,0.7417995399279828,0.777322534852834
2017-09-05,0.7411547507192002,0.8134742673669095
2017-09-06,0.7164894685432699,0.7764937897381764
2017-09-07,0.7081412899000761,0.7953939027786069
2017-09-08,0.6813083504119439,0.7544322181564711
2017-09-11,0.6565323048061961,0.7144717884194516
2017-09-12,0.6567831780759121,0.6944165978171447
2017-09-13,0.6817519945449543,0.6839774053034977
2017-09-14,0.6569612149913506,0.6500582951886493
2017-09-15,0.6352228106828733,0.6215156715566473
2017-09-18,0.6145775363396013,0.5928387470017681
2017-09-19,0.6090084316434907,0.578006677457672
2017-09-20,0.5920301825685237,0.563005648180785
2017-09-21,0.5756674038709918,0.5417774752166261
2017-09-22,0.5625939442602348,0.5330137719502437
2017-09-25,0.7125228105204142,0.7140822974287484
2017-09-26,0.7521085629796471,0.8020279525827108
2017-09-27,0.7228197225449388,0.7710479971733765
2017-09-28,0.8317044190197003,0.9216229760995296
2017-09-29,0.8012383159468908,0.876839581388983
2017-10-03,0.766719404875171,0.8286467335757088
2017-10-04,0.7597376496561387,0.8010051110666103
2017-10-05,0.7442434694820126,0.7717387519877036
2017-10-06,0.7208562028044567,0.7639395316419963
2017-10-09,0.7208488269690303,0.7425059584768624
2017-10-10,0.6928004182586213,0.7042884376944953
2017-10-11,0.6694020803533391,0.673554720006101
2017-10-12,0.6546351534855624,0.6781276031904983
2017-10-13,0.7087572850861285,0.6762394454752874
2017-10-16,0.7170885675617711,0.6644928813430157
2017-10-17,0.7107460357458276,0.6487117950860383
2017-10-18,0.6847833350404039,0.6292662956075683
2017-10-19,0.6611074950735836,0.6115027336793666
2017-10-23,0.6706516594866603,0.6629561713362758
2017-10-24,0.6534253320441782,0.6392054349572378
2017-10-25,0.6357586027700469,0.6157703099145874
2017-10-26,0.7307758568751681,0.6267869016617102
2017-10-27,0.706247558917452,0.6045557544015768
2017-10-30,0.6793907197823192,0.5757740100625013
2017-10-31,0.6600010779232178,0.5578799385941905
2017-11-01,0.6408300232896914,0.5560759059738674
2017-11-02,0.708018709129075,0.5664108781722457
2017-11-03,0.6824020332929682,0.5540939984105064
2017-11-06,0.6629688032376101,0.538038236126928
2017-11-07,0.6401781785983172,0.5169755451780265
2017-11-08,0.7136748604317974,0.6481464944523915
2017-11-09,0.7050091672228616,0.6772690678280331
2017-11-10,0.6782682079831078,0.6442113527443069
2017-11-13,0.654973676494672,0.616716365530252
2017-11-14,0.6933968696708186,0.702600012950924
2017-11-15,0.6759815091495518,0.7040016720325685
2017-11-16,0.6793691660376997,0.7408804365484615
2017-11-17,0.7240590493850181,0.7325397081095814
2017-11-20,0.7244845645676011,0.7140573204038364
2017-11-21,0.6960261462945748,0.6766140161036945
2017-11-22,0.6761520321230257,0.6515921321123492
2017-11-23,0.6543844994175515,0.6252782929820196
2017-11-24,0.6319656986062623,0.595810241143154
2017-11-27,0.6149939134406075,0.5745917248312384
2017-11-28,0.5965237792094134,0.5507423350315347
2017-11-29,0.5911880811216987,0.5693576321123701
2017-11-30,0.5755287350064191,0.5526971398118952
2017-12-01,0.7149328677741504,0.7251393201587685
2017-12-04,0.757777797642556,0.8159361440636556
2017-12-05,0.7267191885827542,0.7717979868732016
2017-12-06,0.7030449110918793,0.7581358627724796
2017-12-07,0.7099340064028015,0.8000874751539147
2017-12-08,0.7523405518822073,0.7873521662959733
2017-12-11,0.7685973873348386,0.7704995901582999
2017-12-12,0.7565399854560702,0.7458480675257771
2017-12-13,0.7619195974494626,0.7963984165501451
2017-12-14,0.7532925201497571,0.8216567030116557
2017-12-15,0.7406069562772345,0.7916113997725355
2017-12-18,0.7340028999752323,0.7661656964903185
2017-12-19,0.7132369526899238,0.7355676906953398
2017-12-20,0.7138200313855011,0.7164163090782538
2017-12-21,0.6902674048102877,0.7038221005423523
2017-12-22,0.6658456874589266,0.6783662780438207
2017-12-26,0.6597628785765186,0.6591237013190501
2017-12-27,0.6384472184337943,0.6309282756299303
2017-12-28,0.6272221629498493,0.6399800754571922
2017-12-29,0.6122463468255209,0.6352734094067303
2018-01-02,0.6182087652166544,0.621762119730914
2018-01-03,0.647080163011642,0.6892103901339693
2018-01-04,0.6263798875636221,0.6641457662427409
2018-01-05,0.6230936780672052,0.6453219954463715
2018-01-08,0.6217017508962708,0.6286629621049508
2018-01-09,0.623600753634995,0.6145974542322628
2018-01-10,0.6071603492057315,0.5916608856914908
2018-01-11,0.5896898249315459,0.5711228793151331
2018-01-12,0.5748653630963766,0.5497180072559054
2018-01-15,0.5630427597415869,0.531586521378298
2018-01-16,0.5866132168787029,0.529618602420992
2018-01-17,0.5766012853298872,0.5361669871954946
2018-01-18,0.6179872739543965,0.5392409271780099
2018-01-19,0.6147554502136191,0.5297842569579396
2018-01-22,0.629321916409079,0.527528146891259
2018-01-23,0.6516423278864695,0.52845521565104
2018-01-24,0.6879338344086264,0.5341095522068664
2018-01-25,0.6625682290277318,0.5109970553961151
2018-01-29,0.6497982241536303,0.531938120550443
2018-01-30,0.6535150980486942,0.5273836595935029
2018-01-31,0.6735312728703929,0.5994695787642371
2018-02-01,0.6542167608611587,0.5983495795459939
2018-02-02,0.6356854672549733,0.5937386525973927
2018-02-05,0.9769332421258142,0.9423775897144787
2018-02-06,0.9749427669053113,1.0010529036212175
2018-02-07,1.0668150526099127,1.1570994667563663
2018-02-08,1.0195123529493442,1.1235991799229512
2018-02-09,1.0084102318021528,1.0777742071766208
2018-02-12,1.0348583753942657,1.163408198856536
2018-02-14,1.0137486352153444,1.1106014805531057
2018-02-15,0.9746720583731283,1.0928030278806378
2018-02-16,0.9331056145269159,1.0329132610837455
2018-02-19,0.9318099247816487,1.076138837554511
2018-02-20,0.9181378798041062,1.0964346859698142
2018-02-21,0.8784853885370298,1.0539950217819438
2018-02-22,0.8450496799308023,0.9978888752651951
2018-02-23,0.8079967404765261,0.9482695343202695
2018-02-26,0.820936768500697,0.918365610350087
2018-02-27,0.8256941623148288,0.889164931138615
2018-02-28,0.7966174303077915,0.8755738531514206
2018-03-01,0.7804503290616767,0.8865578478931835
2018-03-05,0.7613342850533408,0.8873785550460099
2018-03-06,0.7876417176202003,0.9514411141714648
2018-03-07,0.8630001960043345,1.063458620125755
2018-03-08,0.8720321815586979,1.105810589587673
2018-03-09,0.8777132090403492,1.061517311602979
2018-03-12,0.8392205145133549,1.0130148515647337
2018-03-13,0.9711102515757503,1.0046048685538649
2018-03-14,0.926451836102937,0.9671193950618119
2018-03-15,0.8828766066842508,0.9187756280455224
2018-03-16,0.8565533303683966,0.9220679214504687
2018-03-19,0.9560607542201511,1.072501884195492
2018-03-20,0.9454609530085902,1.1020221655147664
2018-03-21,0.901004755356289,1.0354691916803367
2018-03-22,0.8658050561842278,0.9811883811789534
2018-03-23,0.8381589745342255,0.972085055902379
2018-03-26,0.8993187883376034,1.0773141330484672
2018-03-27,0.9577501215378694,1.050501985816929
2018-03-28,0.9146868495534354,0.9918990746625452
2018-04-02,0.8970119772101027,1.0108758288706512
2018-04-03,0.8909095395949856,0.9725963087150894
2018-04-04,0.8537849007810105,0.9217722826038599
2018-04-05,0.8870707540223719,1.006015068463252
2018-04-06,0.9940342978502833,0.9956185777409852
2018-04-09,0.9446058904957939,0.9348756022469839
2018-04-10,0.908200067799657,0.8915655198564465
2018-04-11,0.8675995427384702,0.8457121798339121
2018-04-12,0.828435416954416,0.8010102282995489
2018-04-13,0.8018396713710751,0.7692653210447289
2018-04-16,0.7697407823015046,0.733895695472206
2018-04-17,0.7422409166429288,0.7033864800509672
2018-04-18,0.7149919025426674,0.6732779575570278
2018-04-19,0.6916373539911292,0.6653716071267038
2018-04-20,0.6693546809921952,0.638882145177235
2018-04-23,0.6463019013325894,0.6152110003272843
2018-04-24,0.6247031370550339,0.5872452490373585
2018-04-25,0.6188588068995865,0.5732595420381522
2018-04-26,0.612265384039402,0.59259497299382
2018-04-27,0.6181012048650949,0.5824149073887835
2018-04-30,0.6347335068984297,0.5769089250678183
2018-05-02,0.6321982097134382,0.5657306069480673
2018-05-03,0.6117631375328261,0.5398158356506926
2018-05-04,0.5991819681909645,0.5456233524356013
2018-05-07,0.6111004538148949,0.5944309296292327
2018-05-08,0.639856955434879,0.5911900803506089
2018-05-09,0.6188317170739877,0.5643064090016066
2018-05-10,0.6038704451527256,0.5461625849339069
2018-05-11,0.5920293012926894,0.5512978447170911
2018-05-14,0.6218461422923118,0.5508807571819792
2018-05-15,0.6023290438216858,0.5264889473195492
2018-05-16,0.5854156867840458,0.5116816870006733
2018-05-17,0.5905382304530516,0.5502218022448541
2018-05-18,0.6186835856856608,0.6182771481782734
2018-05-21,0.6650879906199606,0.7057995210578931
2018-05-22,0.6811368683051289,0.7581206391605385
2018-05-23,0.6564699124487586,0.7185610191412541
2018-05-24,0.6999686420326506,0.7999738270357631
2018-05-25,0.7251775349650404,0.782425671201825
2018-05-28,0.7292458197694753,0.7610312479129542
2018-05-29,0.7270293389577919,0.739395945171308
2018-05-30,0.7298924598791273,0.7816357695226699
2018-05-31,0.703376390843002,0.7570964333834609
2018-06-01,0.7622762958961747,0.7516512365867549
2018-06-04,0.7380161630707934,0.7478126354188261
2018-06-05,0.7392153759830905,0.7887956215810522
2018-06-06,0.7190468642840745,0.7869149134173977
2018-06-07,0.7271541365244971,0.7662171599138032
2018-06-08,0.7359619696017837,0.7478594512256905
2018-06-11,0.7074856079798614,0.717805550219782
2018-06-12,0.6806281464526246,0.681925485456635
2018-06-13,0.6760974880721928,0.66376905909128
2018-06-14,0.6521024079138378,0.6328418221181477
2018-06-15,0.6455792437233141,0.6546404375601482
2018-06-18,0.6239212249235817,0.6223503688096864
2018-06-19,0.6100776522770929,0.6215075563683405
2018-06-20,0.6423853429138886,0.6914640112484587
2018-06-21,0.6556899435833055,0.6772102027900244
2018-06-22,0.6445380634880399,0.6866102671780946
2018-06-25,0.6563094070493769,0.6723613250964164
2018-06-26,0.668240588413923,0.7206998055869056
2018-06-27,0.6445857450140575,0.68284027688428
2018-06-28,0.6753786255276829,0.751572374719916
2018-06-29,0.6752965809918318,0.7786928520227078
2018-07-02,0.7266227470462893,0.768488948083367
2018-07-03,0.7161126046178649,0.7861726072058182
2018-07-04,0.6931583411168337,0.7510773813983195
2018-07-05,0.7012015793003457,0.7323247657610233
2018-07-06,0.6796256902656506,0.72129506310541
2018-07-09,0.6571649908636082,0.688877621938996
2018-07-10,0.6722549968758599,0.6760318070897899
2018-07-11,0.6928271264537986,0.6665200261537699
2018-07-12,0.667048464237044,0.6335853990645973
2018-07-13,0.6810213960263206,0.6253267642785987
2018-07-16,0.6567392710762552,0.6008467976304367
2018-07-17,0.6668264059622603,0.6532129843757153
2018-07-18,0.6602805993284452,0.6358519123618823
2018-07-19,0.6536352365986703,0.6588819944818485
2018-07-20,0.6324401208197864,0.6369116189399294
2018-07-23,0.6209052187011092,0.6164523851332598
2018-07-24,0.625087509282712,0.6041889441693872
2018-07-25,0.6094237613573605,0.5829003133272971
2018-07-26,0.5911080954279229,0.5570486852590754
2018-07-27,0.5810608456787987,0.5410309948384849
2018-07-30,0.6294096176246338,0.5456206683117946
2018-07-31,0.6194269890679218,0.5329461780173017
2018-08-01,0.6046560159881869,0.5173666200219893
2018-08-02,0.593609071416083,0.5271659394284891
2018-08-03,0.6584647428361353,0.6384913951802301
2018-08-06,0.7061453676344112,0.6385355211687505
2018-08-07,0.6855912151914736,0.6167671293143535
2018-08-08,0.6617071802155011,0.5991479787032233
2018-08-09,0.6593251753250235,0.5876124279645556
2018-08-10,0.6432263501457737,0.569825058601141
2018-08-13,0.6389788121221072,0.5993250330977351
2018-08-14,0.6510816450395606,0.6513025395462809
2018-08-16,0.6470253331908445,0.6344094497913723
2018-08-17,0.6493913918953217,0.6703986353223421
2018-08-20,0.663372335216234,0.6583932147172722
2018-08-21,0.6878712206131855,0.6510704440081437
2018-08-23,0.662654090443807,0.6201019546468033
2018-08-24,0.6398668987023332,0.5927108009282706
2018-08-27,0.6250643452680281,0.5960534909016733
2018-08-28,0.694088105471144,0.6028948112614362
2018-08-29,0.6834533875080203,0.5890069687332823
2018-08-30,0.6774832759742442,0.6220455194711388
2018-08-31,0.654638717521976,0.6059235073557071
2018-09-03,0.6346425656880778,0.5949847548841363
2018-09-04,0.6788241656184416,0.6855717677506499
2018-09-05,0.6703051853373376,0.7046359404187622
2018-09-06,0.6602177546441165,0.7171700681260755
2018-09-07,0.6581454469663985,0.6961488323440337
2018-09-10,0.6432546857749766,0.6704462820300559
2018-09-11,0.7407041610384659,0.8064626041551097
2018-09-12,0.8369878025211558,0.9452136096781141
2018-09-14,0.8329854056859488,0.911272602952236
2018-09-17,0.8461588591136785,0.8857859662331988
2018-09-18,0.9183383322705645,1.0129147251216204
2018-09-19,0.9139596805642641,1.0513320991852437
2018-09-21,0.8853837479830347,1.043408126266504
2018-09-24,0.8819727777857456,1.0746688353997988
2018-09-25,0.9672653889361602,1.1989569478208157
2018-09-26,0.9608071893633883,1.1454380470460228
2018-09-27,0.9207906192879496,1.1091883680161658
2018-09-28,0.9007879015658418,1.1136827143225483
2018-10-01,0.8644668460751,1.076518723607744
2018-10-03,0.858234543697757,1.0307361717130785
2018-10-04,0.9564906826036822,1.1674451535499826
2018-10-05,1.1651968664363488,1.3969582168654255
2018-10-08,1.323818239615709,1.5974105944216908
2018-10-09,1.2529280679367858,1.483301793312032
2018-10-10,1.1983866090973674,1.4385262946482409
2018-10-11,1.2021020866328445,1.3729257260085657
2018-10-12,1.3411232949391367,1.566634191619962
2018-10-15,1.422534425948186,1.5123721634650682
2018-10-16,1.3466456566828173,1.4099413954933389
2018-10-17,1.295841978727265,1.3322950691945636
2018-10-19,1.2772464708401152,1.3776274654998169
2018-10-22,1.2850305425818374,1.4506737667570768
2018-10-23,1.2289132692826568,1.4118728427135498
2018-10-24,1.1967393227512373,1.4165005243824225
2018-10-25,1.1429568889107191,1.3290753954958838
2018-10-26,1.1339357437041773,1.3644168120957387
2018-10-29,1.1260426743912368,1.3961151872465227
2018-10-30,1.2474538109661808,1.359641789432836
2018-10-31,1.1938250295054849,1.3289178718234034
2018-11-01,1.229471603172284,1.2830530144143404
2018-11-02,1.1635504926689746,1.200833341910437
2018-11-05,1.2109342997378552,1.169544574969048
2018-11-06,1.148322958881721,1.1156158001774148
2018-11-07,1.0878732284303936,1.0445570654994787
2018-11-09,1.0506487428386126,0.9979973731103962
2018-11-12,1.001080857944942,0.9665326519616543
2018-11-13,1.0061151542851443,1.0363469561428151
2018-11-14,0.9949913535603557,0.9982462912246642
2018-11-15,0.945703552002968,0.9404832998489265
2018-11-16,0.903898342377092,0.8922814231712282
2018-11-19,0.8748782164066068,0.8551569511833045
2018-11-20,0.8737202722516205,0.831819906696104
2018-11-21,0.8800390037538208,0.895696770313793
2018-11-22,0.8792148188269193,0.94440660006632
2018-11-26,0.8653386729637723,0.9681633762622144
2018-11-27,0.8825495005163264,0.9399280900598723
2018-11-28,0.8500759493553554,0.8952246253683651
2018-11-29,0.8269804066945307,0.8583401134010634
2018-11-30,0.874549490011628,0.8464294245687346
2018-12-03,0.8340693334602299,0.7982565560138306
2018-12-04,0.7970056255126904,0.7561506601896004
2018-12-05,0.7707348865743343,0.7550945249372337
2018-12-06,0.7753598247666479,0.8062201521729098
2018-12-07,0.9077184084256605,0.9837183744857078
2018-12-10,0.914751287816716,0.9526890495091609
2018-12-11,1.0874800897967802,1.174243350132898
2018-12-12,1.0420967241592896,1.110553359928028
2018-12-13,1.1244284897937256,1.0913947624357494
2018-12-14,1.0713786168930386,1.0318356023462467
2018-12-17,1.0163260540626133,0.9678548431680981
2018-12-18,0.9961365037948955,0.9330625150681474
2018-12-19,0.947669525403584,0.8817074690206457
2018-12-20,0.9069815431926279,0.8399806620585383
2018-12-21,0.8664350291321355,0.8129498879974716
2018-12-24,1.0312633755655145,1.0373442248801814
2018-12-26,1.0125316347079212,1.0702001399706078
2018-12-27,0.9716265426362666,1.0152568035327025
2018-12-28,0.9313339728215205,0.963420520769836
2018-12-31,0.9121703513729539,0.9258954236789041
2019-01-02,0.8692281758374665,0.8766064032689925
2019-01-03,0.8470258575612676,0.8897492016365383
2019-01-04,0.8812408427690189,0.9772486313066185
2019-01-07,0.8517781676103042,0.9310254764539381
2019-01-08,0.8212845671384127,0.8866474049827551
2019-01-09,0.790596654429693,0.8440897802304798
2019-01-10,0.7781310530936243,0.8139118476574438
2019-01-11,0.7535405018815446,0.8077283911870652
2019-01-14,0.7300063114247046,0.7988091343819084
2019-01-15,0.7180978012789996,0.8118207612579073
2019-01-16,0.7892961140329531,0.8048889917203731
2019-01-17,0.7557063949797116,0.7624319348922607
2019-01-18,0.7251145862562488,0.7238568741486204
2019-01-21,0.6966495618854471,0.6850926901697054
2019-01-22,0.686087078758527,0.6647849108472212
2019-01-23,0.6744201446259894,0.6809086791892267
2019-01-24,0.7199455037219288,0.7716645728746833
2019-01-25,0.6940715406163065,0.7352169473386272
2019-01-28,0.6885476074324371,0.7584058305810822
2019-01-29,0.7457057293423224,0.8556825244869171
2019-01-30,0.7194807610109233,0.8316540019513609
2019-01-31,0.6917401767373853,0.7882930550968257
2019-02-01,0.8697575162912133,0.8017909701683272
2019-02-04,0.8455660936415275,0.7734891877061861
2019-02-05,0.8110362103088352,0.7390660084810988
2019-02-06,0.7755787536727415,0.700841395190962
2019-02-07,0.7956529778936833,0.6933979879964631
2019-02-08,0.7617104899149941,0.6625768330274259
2019-02-11,0.823343714771662,0.7888572782736334
2019-02-12,0.8008860066991117,0.8002378605495188
2019-02-14,0.7992304922565026,0.8432689090983226
2019-02-15,0.8077109957568015,0.8961635812310197
2019-02-18,0.7764020875379766,0.8694455465435914
2019-02-19,0.7988064584107745,0.9333321925422674
2019-02-20,0.7784893822595705,0.9310681075834878
2019-02-21,0.8174898688622335,0.9085776613653604
2019-02-22,0.7884075052285002,0.8650734803831528
2019-02-25,0.7559175219801361,0.8273858345682482
2019-02-26,0.7759412435051469,0.8082790351195644
2019-02-27,0.7771311726734319,0.8503493013385266
2019-02-28,0.748499566235302,0.827994255324716
2019-03-01,0.7199611180790638,0.7973048909428241
2019-03-05,0.7081816228148352,0.7681707374137997
2019-03-06,0.747055771988519,0.7572643737725915
2019-03-07,0.7314383657572413,0.7310339950653357
2019-03-08,0.7046660389555134,0.698107105385085
2019-03-11,0.681025098750803,0.6835122065977002
2019-03-12,0.7236188885050006,0.6795697520835265
2019-03-13,0.7942155064507738,0.684150803628848
2019-03-14,0.776744706363463,0.6654262428532475
2019-03-15,0.7441771288326782,0.6346462757572793
2019-03-18,0.7422840394606935,0.6242366354615352
2019-03-19,0.7133798291843823,0.59815459362124
2019-03-20,0.7143786702065172,0.590359418395905
2019-03-22,0.6867608339223877,0.5630331474434661
2019-03-25,0.6913189763495473,0.616376499977658
2019-03-26,0.735199136388068,0.715273562214118
2019-03-27,0.7789077477294382,0.7111853736072636
2019-03-28,0.7528763315820545,0.7100067877815568
2019-04-01,0.7885675923287412,0.7050880143147403
2019-04-02,0.7932364824479448,0.693094118644535
2019-04-03,0.7699689834352348,0.670469366226383
2019-04-04,0.7556451380612367,0.6982176136486168
2019-04-05,0.7453208181105673,0.7281812126815034
2019-04-08,0.7257164437276223,0.7021449876050389
2019-04-09,0.7130578965050288,0.7214070521909223
2019-04-10,0.7069514768996497,0.7008528418610722
2019-04-11,0.7451421120506924,0.7875941914582796
2019-04-12,0.7149603643242068,0.7441655686014896
2019-04-15,0.696009828035172,0.7154241501215262
2019-04-16,0.6762546007451762,0.6873130060557114
2019-04-18,0.7079583073159744,0.6800989938022285
2019-04-22,0.6926966273069066,0.6919966789779476
2019-04-23,0.7867159370088143,0.8326283630562669
2019-04-24,0.7578693620015637,0.8140572696217544
2019-04-25,0.8176363161568653,0.8060978923557293
2019-04-26,0.8301284908605693,0.8710915330088087
2019-04-30,0.83180882283952,0.8454897382069853
2019-05-02,0.7961081070972508,0.811545563101293
2019-05-03,0.764114152133211,0.7850442650396104
2019-05-06,0.7331650384403572,0.7508663337491801
2019-05-07,0.7699861101081034,0.8357188209176972
2019-05-08,0.7900627078886883,0.8990731431624028
2019-05-09,0.8650483878834104,1.017049679291242
2019-05-10,0.8517122264840048,1.032175436198442
2019-05-13,0.8190544040976175,1.0013062650786724
2019-05-14,0.8501877560816109,1.0689508574278974
2019-05-15,0.8295666251722336,1.0173971917088758
2019-05-16,0.8151573968891339,1.0243310628600488
2019-05-17,0.8082100452347374,0.9811389401900997
2019-05-20,0.8826798846503275,0.9632573099213739
2019-05-21,1.4093239772605957,1.021502551525287
2019-05-22,1.3698309692160817,1.0842636322967578
2019-05-23,1.2972325302072207,1.0235322574457903
2019-05-24,1.253360735308945,1.0581967928604963
2019-05-27,1.2783088277513768,1.0383393023793503
2019-05-28,1.2215204652550384,0.9901496651962196
2019-05-29,1.1562644422200175,0.9322644833088183
2019-05-30,1.1159902208267525,0.9573920135040356
2019-05-31,1.084673715610734,0.9229732571490282
2019-06-03,1.034704863001644,0.9072060790232297
2019-06-04,1.065529597442566,0.89478129864106
2019-06-06,1.0238618909610377,0.9019930561212909
2019-06-07,1.0730999087621582,1.0354015208149514
2019-06-10,1.019036598407568,0.9748970752193292
2019-06-11,0.9743360658724483,0.9262803636302804
2019-06-12,0.9328983267392695,0.8817977778921986
2019-06-13,0.9043590180525841,0.8937538128355382
2019-06-14,0.8621785512369854,0.8491970248044612
2019-06-17,0.8591645572462925,0.8962086801540485
2019-06-18,0.917152805253094,1.0104072790358118
2019-06-19,0.8747961731839011,0.9522543146827567
2019-06-20,0.8349720283279572,0.8978856384763934
2019-06-21,0.8786478806575087,0.8817962681924908
2019-06-24,0.9051256287027957,0.9666923974611615
2019-06-25,0.8656998645561621,0.9329651310153574
2019-06-26,0.8569786530201764,0.8995988684205556
2019-06-27,0.8245382854473097,0.8569273479798741
2019-06-28,0.7883180407408135,0.8126652206863438
2019-07-01,0.773804174292448,0.8309469630060543
2019-07-02,0.7707598172805818,0.8049039801341885
2019-07-03,0.7430903925186679,0.7683227485180707
2019-07-04,0.7130773245459071,0.7265530672570447
2019-07-05,0.6864324457585732,0.691808643214531
2019-07-08,0.7390035225209961,0.7910851950069546
2019-07-09,0.9640406893852121,1.0377872831690917
2019-07-10,0.9168616012223306,0.9724019938782409
2019-07-11,0.887695406731157,0.9712750962836686
2019-07-12,0.8684694637571418,0.9311086170869503
2019-07-15,0.8332790500293462,0.9056952049508986
2019-07-16,0.8035276447398565,0.8629667950669557
2019-07-17,0.7867929881804576,0.8298209684558194
2019-07-18,0.7547408640515106,0.7876760300260868
2019-07-19,0.7739217098013967,0.8520399851623556
2019-07-22,0.8794273919962179,1.0001582852662465
2019-07-23,0.880913778124645,1.0416306738835182
2019-07-24,0.8420335804225023,0.9942660675494511
2019-07-25,0.8146509791194635,0.97937602410034
2019-07-26,0.779557859264528,0.9277446503817084
2019-07-29,0.7469248441366116,0.8745681194850887
2019-07-30,0.7393308894586132,0.891554175302603
2019-07-31,0.7558163667188907,0.9397073326989478
2019-08-01,0.7265113198163261,0.8881215833286951
2019-08-02,0.8082612096866885,1.0017057549397177
2019-08-05,0.7756687591411624,0.9458819884371695
2019-08-06,0.831684025152709,1.0378570912107883
2019-08-07,0.8232348822588708,0.993533565936436
2019-08-08,0.8293686315808833,1.032557902316548
2019-08-09,0.9468200756602442,1.0192056291007285
2019-08-13,0.9212703861931458,0.9743771422867612
2019-08-14,1.0314158240446734,1.1404334856568439
2019-08-16,1.0178690752898332,1.092582424766561
2019-08-19,0.9667407474447898,1.023290312791877
2019-08-20,0.9196080312246163,0.9615233075362118
2019-08-21,0.8795017930495654,0.930303829310073
2019-08-22,0.8735155605585402,0.9679682319718275
2019-08-23,0.9814366826770676,1.123643043141525
2019-08-26,0.9492486564056559,1.0672805755885915
2019-08-27,1.1117910683969334,1.0639667639269492
2019-08-28,1.0588107715109516,1.006116006452191
2019-08-29,1.0201217986206121,1.0087155459111636
2019-08-30,1.0268846538804968,1.0795402757960066
2019-09-03,0.9957432171156981,1.029988516389194
2019-09-04,1.1597258596707487,1.250542987303303
2019-09-05,1.1047096132366008,1.1763562222781003
2019-09-06,1.0509077627416314,1.1272455047705718
2019-09-09,1.0323727600873438,1.0795677565407669
2019-09-11,0.9872363737101992,1.0217839035233223
2019-09-12,0.9421836636062825,0.9661756110189225
2019-09-13,0.9106349513295137,0.9654006410298296
2019-09-16,0.8938882433255267,0.9278202929412558
2019-09-17,0.8848141125970507,0.9634733014684794
2019-09-18,1.0151777530562804,1.1415372022609165
2019-09-19,0.965524434116541,1.0713407957445347
2019-09-20,1.0113950712961508,1.1719571277522998
2019-09-23,1.8670879692196198,1.2600804549703295
2019-09-24,1.9537975826571274,1.2585958320216373
2019-09-25,1.8392646211490442,1.1731737538423184
2019-09-26,1.7834238892797607,1.2627334910434238
2019-09-27,1.7064611414583826,1.205122112709885
2019-09-30,1.6153702020454874,1.178975860085077
2019-10-01,1.5298219102700308,1.1518284745021772
2019-10-03,1.476738229970124,1.196101511439862
2019-10-04,1.4054015614156654,1.1820306581008342
2019-10-07,1.3795890802579902,1.250102616207663
2019-10-09,1.3101748883028266,1.2128646258805749
2019-10-10,1.340660722250119,1.1815514480872222
2019-10-11,1.2939407334522695,1.2022427232931596
2019-10-14,1.2368676662897786,1.139100211759078
2019-10-15,1.1712359417676206,1.0692045399109225
2019-10-16,1.1302677224052755,1.0221998962951135
2019-10-17,1.0724144629254775,0.963621397972851
2019-10-18,1.0742016937184147,0.9391446671351543
2019-10-22,1.034157002792933,0.9000717726178611
2019-10-23,1.0227470745849665,0.9587274258098948
2019-10-24,0.972822237055662,0.9060216209841467
2019-10-25,0.9262875302945536,0.8675555415515703
2019-10-29,0.8819300371586027,0.8184713952174203
2019-10-30,1.0292347122254595,0.8328408807977385
2019-10-31,0.9890387026231371,0.8007860304320896
2019-11-01,0.9408184039271952,0.7604150945811134
2019-11-04,0.8953446340774315,0.7203029535297238
2019-11-05,0.8576775849452294,0.6912641787861812
2019-11-06,0.8207850816689943,0.675539677011907
2019-11-07,0.7990918347052575,0.65669384240187
2019-11-08,0.7742330420915603,0.6363771546483791
2019-11-11,0.7907649201256431,0.7157599999328409
2019-11-13,0.7568723563479632,0.6782371237605997
2019-11-14,0.7520888660753797,0.7197135593105931
2019-11-15,0.7301235653252622,0.6933237739881389
2019-11-18,0.7020535038739244,0.6613534757118932
2019-11-19,0.6797072656585809,0.6538484792779867
2019-11-20,0.6666956224573546,0.6339461439611606
2019-11-21,0.6543928682372407,0.6152933614157077
2019-11-22,0.6367894694830922,0.6125836363236337
2019-11-25,0.6434235470375468,0.6550727676843972
2019-11-26,0.7330781998029964,0.6621297556323503
2019-11-27,0.7075119888982668,0.6528720627421056
2019-11-28,0.6932908293049725,0.6339151761954739
2019-11-29,0.670511297651746,0.6095813908116365
2019-12-02,0.703132848149201,0.6924614428121858
2019-12-03,0.6765938296815984,0.6579002721142025
2019-12-04,0.6625672894700304,0.6672881938403148
2019-12-05,0.6495810348995058,0.6453464418994341
2019-12-06,0.6318718823141679,0.6383229018384264
2019-12-09,0.6711938310680335,0.7186690942484167
2019-12-10,0.6474109388631646,0.6824803235958844
2019-12-11,0.6602633119507986,0.7294957313186966
2019-12-12,0.6474749207712874,0.7024278528482024
2019-12-13,0.6354192097242645,0.6772695995145339
2019-12-16,0.6876688510032517,0.6742015697434082
2019-12-17,0.6664075632415569,0.6648250815324109
2019-12-18,0.7071493543233089,0.661361976826279
2019-12-19,0.6936206381165503,0.642060992602982
2019-12-20,0.671129956916755,0.6174064682848037
2019-12-23,0.647366206355441,0.5890908194056163
2019-12-24,0.627439222684289,0.576603676681024
2019-12-26,0.6271058142634479,0.6092260803876195
2019-12-27,0.6545053546831184,0.6777883682669409
2019-12-30,0.6959217648043255,0.6729169628341288
2019-12-31,0.6706533939039836,0.6473966226953559
2020-01-02,0.6931046826750129,0.7143698114353675
2020-01-03,0.7167710791835693,0.7034226618245656
2020-01-06,0.7033074998765547,0.7190846907733887
2020-01-07,0.9170865398448751,0.9593669750296901
2020-01-08,0.8827310268515793,0.9136465084494251
2020-01-09,0.8436925993521736,0.8779152687255222
2020-01-10,0.9289693012503553,0.8732490244173019
2020-01-13,0.8890548747217013,0.8315893942579025
2020-01-14,0.8653745596119103,0.8018901527933733
2020-01-15,0.827101820512423,0.7623243834035615
2020-01-16,0.794260807684111,0.7477070324142925
2020-01-17,0.7604969876159269,0.7102890671214572
2020-01-20,0.7291190982750921,0.6730691846611335
2020-01-21,0.7746842640014494,0.7749139129753208
2020-01-22,0.7622591641329145,0.7978588397024838
2020-01-23,0.75192358203253,0.8200890965966938
2020-01-24,0.7447290091062245,0.7924527336085132
2020-01-27,0.7304129354234793,0.7637506854242366
2020-01-28,0.7909111386990271,0.8716048299045033
2020-01-29,0.7743044618606288,0.8809976105979367
2020-01-30,0.7581279029567809,0.8451276818584726
2020-01-31,0.764320767348861,0.8876350744452155
2020-02-03,0.7509614502331726,0.8965411251383761
2020-02-04,0.9902673771047262,1.1408095694282907
2020-02-05,1.1675612830060091,1.1346885847027903
2020-02-06,1.133525774455892,1.0846264140986692
2020-02-07,1.0790446285650024,1.0249806288378467
2020-02-10,1.0334720791788106,1.012421208716596
2020-02-11,0.9914808156641906,1.000657734000003
2020-02-12,0.9557455235809702,0.9543255274105767
2020-02-13,0.9414312455610376,0.9206012744461296
2020-02-14,0.90136632860767,0.9000343774285539
2020-02-17,0.8759185771793983,0.9106289199196523
2020-02-18,0.8530403806059934,0.9205390004616977
2020-02-19,0.8266037646819452,0.9171973773477239
2020-02-20,0.8471693939102295,0.8930457494330943
2020-02-24,0.820052842360675,0.8893339906008952
2020-02-25,1.010664569418916,1.1134644340806061
2020-02-26,0.9635644389962461,1.0685275664057052
2020-02-27,0.9723709976561639,1.1265142953203267
2020-02-28,0.9338757398608619,1.0994553073223001
2020-03-02,1.4769215708176613,1.5802462486775093
2020-03-03,1.4012560029184096,1.512188767201382
2020-03-04,1.3742216890080128,1.4363182845816662
2020-03-05,1.3123095623098484,1.4022873157781095
2020-03-06,1.2406801614750889,1.3044750377829064
2020-03-09,1.3950839682231253,1.5278709105275676
2020-03-11,2.1328990577107056,2.1982612197674167
2020-03-12,2.0070491776696153,2.0155025983005914
2020-03-13,3.2833097292497695,3.1633527074508594
2020-03-16,3.3163353412983163,2.9798396182869453
2020-03-17,4.064111661498296,3.8448539165640776
2020-03-18,3.906817124194611,3.773431678695595
2020-03-19,4.0939658729033495,4.122446219955657
2020-03-20,3.89942008250056,3.9425249026203337
2020-03-23,4.049180897474628,3.7091209852939353
2020-03-24,5.834816772526445,5.40617265004422
2020-03-25,5.534978433449531,4.888157258583417
2020-03-26,5.5994123769943345,4.563280365399951
2020-03-27,5.462421160271814,4.224531295931263
2020-03-30,5.12958829080562,3.8431822192353895
2020-03-31,5.041855810996614,4.042251818909366
2020-04-01,4.856737606823479,3.7342052105930112
2020-04-03,4.747029028640084,3.8757517929505987
2020-04-07,4.523050136445741,3.7751497842818336
2020-04-08,5.01394565371113,3.656364004258676
2020-04-09,4.7108675625454755,3.364426789310947
2020-04-13,4.602883262915612,3.1612740740476273
2020-04-15,4.349306375246934,3.0437904864985303
2020-04-16,4.0972750646334095,2.8803616708535094
2020-04-17,3.852764130780609,2.6343575649350552
2020-04-20,3.7460508496335088,2.4912587499737318
2020-04-21,3.5180613810778074,2.275267123025872
2020-04-22,3.462251167277761,2.495342193213049
2020-04-23,3.332574038706407,2.34506654844313
2020-04-24,3.1636777966348237,2.186055906694392
2020-04-27,3.0224004136716154,2.210911428511788
2020-04-28,2.866662950066211,2.060927101049651
2020-04-29,2.715630233388105,1.9231693301204724
2020-04-30,2.613919041490197,1.8221716464897484
2020-05-04,2.623211441367545,1.7675277814895243
2020-05-05,3.1327926235264822,2.527998280754694
2020-05-06,2.9562429298688944,2.4047498904562055
2020-05-07,2.7856274190945354,2.2150567511019186
2020-05-08,2.6306677257324855,2.121081764242059
2020-05-11,2.479101373396,1.9606177207750521
2020-05-12,2.332926368888493,1.8343522316310277
2020-05-13,2.2037993060236647,1.7634999985478832
2020-05-14,2.1607160822849325,1.6844154773585553
2020-05-15,2.2216261090347476,1.9226697800889867
2020-05-18,2.090243792126906,1.7797701055358157
2020-05-19,2.259573949068824,2.1059135311152457
2020-05-20,2.1308493894052685,1.9448577665343147
2020-05-21,2.0979329412603045,1.8467362353026515
2020-05-22,1.9763678538895424,1.7087110864850343
2020-05-26,1.8818094816314304,1.681285774814686
2020-05-27,1.7738961017592578,1.5792398790057398
2020-05-28,1.9377185984421677,1.5574297538108564
2020-05-29,1.9092763140787212,1.4958831417814564
2020-06-01,1.80830693227075,1.4046480602001854
2020-06-02,1.8888962237908546,1.3845898478155305
2020-06-03,1.838689302891695,1.3312920712697363
2020-06-04,1.748391343195727,1.2611658975941975
2020-06-05,1.6529588516972562,1.2231431076676487
2020-06-08,1.579791318274779,1.165618153525966
2020-06-09,1.4908117695786633,1.0936109195563855
2020-06-10,1.4619504322144425,1.1803319389042846
2020-06-11,1.4016442170032684,1.1255362344778823
2020-06-12,1.4847931595926025,1.3342208629788328
2020-06-15,1.4161061736336855,1.2602636772667453
2020-06-16,1.4398878796766816,1.3882264820430097
2020-06-17,1.3992874393972665,1.3212859856485668
2020-06-18,1.3259383404805916,1.2664676092730904
2020-06-19,1.4009827685600003,1.241231156028128
2020-06-22,1.3990737864405465,1.2012276227498095
2020-06-23,1.3287317216632408,1.1341029659580317
2020-06-24,1.3310393036560193,1.1032412429547618
2020-06-25,1.3604967217360162,1.2426298875973563
2020-06-26,1.2859441860999323,1.170049091572234
2020-06-29,1.2463251411955274,1.1189937671496961
2020-06-30,1.1968154804772781,1.122457674692305
2020-07-01,1.1344290472348328,1.067900141992804
2020-07-02,1.1552912602206413,1.0415711228061917
2020-07-03,1.150969848814354,1.0110222511913105
2020-07-06,1.0985309762451456,0.9612428859135039
2020-07-07,1.109342526673647,0.9407153266119721
2020-07-08,1.0608624344696105,0.8978825532731581
2020-07-09,1.054750037743638,0.9691748972323013
2020-07-10,1.0538707916982886,0.9426651163960738
2020-07-13,1.0100251500524355,0.9369337058960518
2020-07-14,0.9615984762621023,0.887038825322391
2020-07-15,1.0868303625553655,1.0860603425932842
2020-07-16,1.030628830863049,1.015808010540603
2020-07-17,1.0366335908795645,0.9862035350672876
2020-07-20,1.0807772806080407,0.969946745663227
2020-07-21,1.072419556216047,0.9418866836122007
2020-07-22,1.0947639745963058,0.9254367213792184
2020-07-23,1.0402133891623226,0.8921111222999357
2020-07-24,1.0077458279656901,0.8597148701234871
2020-07-27,0.957710268601449,0.8171313224698865
2020-07-28,0.9283618098076691,0.8382305497426263
2020-07-29,0.9859077448557938,0.8345060087070081
2020-07-30,1.0051926587937372,0.9339980221082285
2020-07-31,0.9996515062431879,0.9931455904105442
2020-08-03,0.9581796144610413,0.9766962171107023
2020-08-04,1.0797076069316511,1.1598392011077414
2020-08-05,1.1904910402447464,1.1432409064117988
2020-08-06,1.1276446462980196,1.0788474493266138
2020-08-07,1.1044757009752242,1.0370324928590287
2020-08-10,1.0470302978404906,0.9709694894515792
2020-08-11,0.99836924379391,0.9210689675239091
2020-08-12,0.9626624577914751,0.8823420225024795
2020-08-13,0.9168778688799355,0.8458522980791849
2020-08-14,0.875787898682663,0.8195079304074501
2020-08-17,0.9154600710685658,0.9256191241670213
2020-08-18,0.8805252250183466,0.8824480263848459
2020-08-19,0.9175862640323252,0.8679123171268718
2020-08-20,0.8752821897673251,0.8227037273081036
2020-08-21,0.9014469158274075,0.9128504118605331
2020-08-24,0.8728221952377921,0.8739874745646339
2020-08-25,0.8768236630277267,0.8505978076571834
2020-08-26,0.8363315849801906,0.8035706428731673
2020-08-27,0.8156835838524702,0.7752852376099328
2020-08-28,0.779892273979251,0.7342760455077713
2020-08-31,0.7914613730601346,0.7216745104714937
2020-09-01,1.0253016073932089,1.0010637328059921
2020-09-02,0.9939084261336087,0.958636027686427
2020-09-03,0.9532106647365951,0.9130456999677126
2020-09-04,0.9117972694783838,0.8916803071229527
2020-09-07,1.0182476406950303,1.062915556886115
2020-09-08,0.9674507653913046,0.9979908709636155
2020-09-09,0.9220183406438998,0.9556149950114451
2020-09-10,0.89228046601505,0.9558336837356494
2020-09-11,0.9890333753302398,0.9483453839373233
2020-09-14,0.9399693936184023,0.8902717704456418
2020-09-15,0.899910203363453,0.8720477648944563
2020-09-16,0.8832136025413225,0.8424342167030701
2020-09-17,0.8625148063751475,0.8129388204124496
2020-09-18,0.8684487425157605,0.8762482781335212
2020-09-21,0.8381370801230398,0.8707733829224705
2020-09-22,1.0499005289545678,1.1188693559571803
2020-09-23,1.0315122103718881,1.1471931509657267
2020-09-24,0.9820879844236763,1.095483695798679
2020-09-25,1.3378032834243072,1.45351174785025
2020-09-28,1.438360631342457,1.415132597704863
2020-09-29,1.4375502603286439,1.3592793337731632
2020-09-30,1.3572901677945004,1.2686550844271125
2020-10-01,1.2835430379106216,1.186850494689251
2020-10-05,1.3097267953741876,1.1559798908724477
2020-10-06,1.2544569077176924,1.099247752217837
2020-10-07,1.2719892603820513,1.0734523448090398
2020-10-08,1.2227072117782258,1.0262323501786947
2020-10-09,1.1771867985600724,0.9832007880824348
2020-10-12,1.1387879963041125,0.9457418891277766
2020-10-13,1.0798358092926534,0.8931202295399113
2020-10-14,1.024142917045609,0.8412280927506187
2020-10-15,0.9787147185739021,0.8042492610554866
2020-10-16,1.2582871156355349,1.15649180528822
2020-10-19,1.2035626409844533,1.0974474714459785
2020-10-20,1.1856986241288452,1.0588170228522464
2020-10-21,1.1245117133659834,0.9979902265908837
2020-10-22,1.0708563839218879,0.9465355645161855
2020-10-23,1.024591944575799,0.937343077484039
2020-10-26,0.9760232736594769,0.8886837762692934
2020-10-27,1.0256528406652738,1.0156459212008704
2020-10-28,1.011211550467509,0.9790397613084151
2020-10-29,1.0761549444572571,1.117832620767111
2020-10-30,1.0324021558347865,1.100708653748503
2020-11-02,0.9882475359893805,1.0739554124537851
2020-11-03,0.9438485731210078,1.0142505164821247
2020-11-04,0.972784802805854,0.9879599394095262
2020-11-05,0.9593499009613723,0.9521771725421055
2020-11-06,1.0565245029967298,0.9478802779039881
2020-11-09,1.0777489780406866,0.9299667720830193
2020-11-10,1.138596255773271,0.9245328652024531
2020-11-11,1.1788685609761194,0.9169301533970241
2020-11-12,1.1353192737849558,0.8829314861835837
2020-11-13,1.0922163225517219,0.902244099878131
2020-11-17,1.0364862002480435,0.8531974415400767
2020-11-18,1.0426431030412826,0.8387151789421043
2020-11-19,0.9997175564182653,0.8050614045806425
2020-11-20,1.043672123552069,0.9395853640157236
2020-11-23,1.0071874899116242,0.9009874198066719
2020-11-24,0.9641227500531051,0.8595950663340455
2020-11-25,0.9631586683711543,0.8394723892116576
2020-11-26,1.0489091514085789,1.0074082271006006
2020-11-27,1.035908901371999,0.9730132839264578
2020-12-01,0.9881784508835073,0.9468139334735449
2020-12-02,0.9975735609081221,0.9229988799669994
2020-12-03,0.9489466940620863,0.8812411420400217
2020-12-04,0.902871732836844,0.8292332117862373
2020-12-07,0.908374463112794,0.8114731554343526
2020-12-08,0.8929336638571223,0.788055100422111
2020-12-09,0.857510868643631,0.7551381963733758
2020-12-10,0.8778894322970424,0.746462920626317
2020-12-11,0.8452881953543938,0.7484181714011767
2020-12-14,0.8105478809621605,0.715859546820321
2020-12-15,0.779718248776803,0.6870060305543724
2020-12-16,0.7468222959944086,0.6528280482284582
2020-12-17,0.7594274575657594,0.6459539118427817
2020-12-18,0.7395920691644867,0.6272862291598933
2020-12-21,0.7103930104686252,0.5998506995599356
2020-12-22,1.1862885062419322,1.091363226062556
2020-12-23,1.1597487732551892,1.0493587006588037
2020-12-24,1.1325614793122996,1.0099981674168106
2020-12-28,1.124060322873733,0.9801643236732304
2020-12-29,1.0902536439547674,0.9428637175723279
2020-12-30,1.0447934309581195,0.9008965894739217
2020-12-31,0.9939298713759998,0.8544674767905174
2021-01-04,0.944608827382819,0.8074274949191339
2021-01-05,0.9350204860979765,0.7881205092346506
2021-01-06,0.9023802615106827,0.7595948657933985
2021-01-07,0.8805352402842264,0.7905832129267336
2021-01-08,0.8426688336140827,0.7707090109218344
2021-01-11,0.9100536434982203,0.7717386070026865
2021-01-12,0.9143289525970689,0.7588773013590837
2021-01-13,0.8815613664212334,0.7316344905722638
2021-01-14,0.8412761410531906,0.702370080144931
2021-01-15,0.8042952209126021,0.6700095016977496
2021-01-18,0.852683902278228,0.7893414679871265
2021-01-19,0.8748081925911919,0.8741841861113868
2021-01-20,0.9791860118437681,0.8750227449325219
2021-01-21,0.9584830871845579,0.8468487400831841
2021-01-25,0.9201396102292065,0.843054402649502
2021-01-27,1.2098256687847013,1.179968670275208
2021-01-28,1.3075260372287412,1.3619774077824263
2021-01-29,1.2913573746790339,1.409466847077352
2021-02-01,1.2892065797288015,1.4684641068930437
2021-02-02,1.936968595645491,1.5134584119023002
2021-02-03,1.9682314540845667,1.474291315767788
2021-02-04,1.8717929244442266,1.3920967808033664
2021-02-05,1.7741497816049983,1.3120310474912704
2021-02-08,1.6721125068815215,1.2254214355347302
2021-02-09,1.6161741667184255,1.1773036647712323
2021-02-10,1.5240382786832871,1.1064481350886604
2021-02-11,1.4380562491062079,1.0423446401631673
2021-02-12,1.3624078076712602,0.9877430189091122
2021-02-16,1.2870392870054015,0.9271466094096762
2021-02-18,1.2576677818909596,0.9032788385018462
2021-02-19,1.286608694770072,1.0534953875883277
2021-02-22,1.2494202379642594,1.0961543693272944
2021-02-23,1.389514555059864,1.3370704631518822
2021-02-24,1.3123350507989946,1.2443742613051154
2021-02-25,1.3871057466015184,1.2207798131434777
2021-02-26,1.317316763566756,1.1514600681531768
2021-03-01,1.7500865983960716,1.6498335017488628
2021-03-02,1.710183466310017,1.5676731594322957
2021-03-03,1.6322679972759047,1.4751119651696012
2021-03-04,1.6845479772994034,1.4343998535981304
2021-03-05,1.6336329041007207,1.4784274377524529
2021-03-08,1.5673714346682095,1.479221465529915
2021-03-09,1.4781553405067651,1.3709561759750086
2021-03-10,1.4358498477794868,1.3065506209338293
2021-03-12,1.3622208181452458,1.2285201860228103
2021-03-15,1.325510444003525,1.2666843907026522
2021-03-16,1.280272738844768,1.2789003508680878
2021-03-17,1.2111019644965895,1.2009378517850893
2021-03-18,1.2044657889887622,1.2641146598277084
2021-03-19,1.2044170897866775,1.3282899866827238
2021-03-22,1.2032463294960198,1.272622547702794
2021-03-23,1.1412060870691214,1.208736848994733
2021-03-24,1.0923064222040582,1.142276168908189
2021-03-25,1.1813111696514862,1.2996356770879225
2021-03-26,1.2223948898971242,1.4049132647696136
2021-03-30,1.2069752529589293,1.3375121108345818
2021-03-31,1.3353293534800916,1.3116533674151016
2021-04-01,1.3276359992898275,1.3809157574348547
2021-04-05,1.2917017198367386,1.3122467752929918
2021-04-06,1.3467607467951501,1.4490138394261456
2021-04-07,1.2724263136868235,1.3442653094346617
2021-04-08,1.2334314204895271,1.275760679110678
2021-04-09,1.1673652753594108,1.1908642239670546
2021-04-12,1.111606843486732,1.1516411376560411
2021-04-13,1.5338269087379144,1.5845102786126926
2021-04-15,1.50346161393578,1.5047910766974928
2021-04-16,1.4261258223834945,1.4078376786735254
2021-04-19,1.3463807349590982,1.306431557088676
2021-04-20,1.4019925084137799,1.4535175268337481
2021-04-22,1.3358831941729623,1.4119375350633578
2021-04-23,1.2821821495809178,1.3320541806916004
2021-04-26,1.2216519346546917,1.2921749589372493
2021-04-27,1.196856380702215,1.2326987413272
2021-04-28,1.1823644457134304,1.1819001551943231
2021-04-29,1.2182116739971645,1.150301966070945
2021-04-30,1.1527220080532605,1.074359204543558
2021-05-03,1.2672410248488688,1.2756330202406914
2021-05-04,1.1998706269773414,1.206230140877633
2021-05-06,1.1796664311006482,1.2472564608848051
2021-05-10,1.1961270431862605,1.2039450866405499
2021-05-12,1.1796606060631636,1.1552468836919558
2021-05-14,1.2388593262139922,1.2963834348398422
2021-05-17,1.1719553620649763,1.2069189797465125
2021-05-18,1.2253625734528442,1.1767939773946212
2021-05-19,1.2152377375506886,1.1340196273135756
2021-05-21,1.1673896669004098,1.1338010558867864
2021-05-24,1.1680956672012668,1.0965063809872309
2021-05-26,1.1072147256954565,1.030374992363693
2021-05-27,1.0694294181059365,0.9857350149366082
2021-05-28,1.0152727045624172,0.9289846623841543
2021-06-01,0.9787749527908256,0.8899396763952555
2021-06-02,0.9746051973056213,0.8666102321380568
2021-06-03,0.9292841094875964,0.8396962740492111
2021-06-04,0.9093217101400054,0.8128165992208635
2021-06-07,0.8717999396457413,0.8016651217422277
2021-06-08,0.8397522178886565,0.7687842005916038
2021-06-09,0.8036007508940969,0.7426202022365984
2021-06-10,0.7994716073768396,0.7877728281416465
2021-06-11,0.7894959320319328,0.7639124954284676
2021-06-14,0.7604045521122541,0.7309939610971541
2021-06-15,0.7294360014361135,0.6950701073542872
2021-06-16,0.7094414386857517,0.670608673787898
2021-06-17,0.7056952942032054,0.7055205481302423
2021-06-18,0.6904099587254454,0.7146817675636525
2021-06-21,0.664866846878229,0.6768529529813421
2021-06-22,0.6521763817010894,0.6544344382892092
2021-06-23,0.630028555798672,0.6221384512951286
2021-06-24,0.6380611854646363,0.6645533298453806
2021-06-25,0.6532451463522526,0.6529089246688136
2021-06-28,0.6411650744359592,0.6320967363585843
2021-06-29,0.6337084034204616,0.6497832738881432
2021-06-30,0.6267187794887185,0.6652789383784342
2021-07-01,0.6096523327062612,0.6509508112044501
2021-07-02,0.602790085105073,0.6611928954483283
2021-07-06,0.590407034757902,0.636246568653033
2021-07-07,0.6089397731477982,0.6258265079802464
2021-07-08,0.5981533005775275,0.6052144535444348
2021-07-09,0.6569476323669522,0.7028739084381972
2021-07-12,0.6471321875320181,0.7132088041198094
2021-07-13,0.6259428084902476,0.6825263468119193
2021-07-14,0.6435590217911334,0.6696267306988444
2021-07-15,0.6249615785527634,0.6420533152143848
2021-07-16,0.6190986480519076,0.6237566590177183
2021-07-19,0.6006091573198521,0.6014437752784118
2021-07-20,0.6886182793246775,0.7280190690727233
2021-07-22,0.7023502177964356,0.7794879187608315
2021-07-23,0.7659094146264873,0.7730872552054855
2021-07-26,0.7366650023770204,0.7372076324328422
2021-07-27,0.7132006741976836,0.7300685367145923
2021-07-28,0.7093310464317827,0.7601706972804726
2021-07-29,0.6894117068140896,0.7540329890021181
2021-07-30,0.6721687824601503,0.7239842828974583
2021-08-02,0.6508324359830211,0.704614144348419
2021-08-03,0.6585266215715907,0.6878050024753888
2021-08-04,0.8034564395954202,0.7029598040876772
2021-08-05,0.8236181583330922,0.6964917321266717
2021-08-06,0.7887656866816495,0.6658691266264914
2021-08-09,0.7684710372064104,0.6854900492961197
2021-08-10,0.7382404376799829,0.6558919493388122
2021-08-11,0.7118411849188396,0.6301804009036379
2021-08-12,0.6853816684861791,0.6094736527291601
2021-08-13,0.6798757194813003,0.5969546297737429
2021-08-16,0.7277416640357244,0.6013175478424251
2021-08-17,0.701771284202483,0.5793820979067625
2021-08-18,0.6823187843632913,0.5627343671351797
2021-08-20,0.6667098405299209,0.5775009662552198
2021-08-23,0.6702588545722827,0.6241542625637195
2021-08-24,0.6554061401489374,0.6050192172153485
2021-08-25,0.6656993088598767,0.5973543257496826
2021-08-26,0.6428626230349099,0.5760112823087152
2021-08-27,0.6216734884714419,0.5520390950517149
2021-08-30,0.6072564416206988,0.5354897665837302
2021-08-31,0.7140571073026092,0.5539331110842617
2021-09-01,0.7671006614570218,0.5644092336846909
2021-09-02,0.7475926624060365,0.5895911522126186
2021-09-03,0.7627231930309394,0.5886034312564296
2021-09-06,0.7425589665395064,0.5744507750464064
2021-09-07,0.7160292254628451,0.5553673846557283
2021-09-08,0.6888764614242239,0.5376631972736375
2021-09-09,0.6643612515147188,0.5237734605030681
2021-09-13,0.6411185937748299,0.5024801589900767
2021-09-14,0.6260479778296243,0.5124417668896668
2021-09-15,0.6064060668161113,0.4927554892132953
2021-09-16,0.633460475739034,0.49664606461391597
2021-09-17,0.6453549936860561,0.496841652526155
2021-09-20,0.6295858915466431,0.5063873394546129
2021-09-21,0.678640287981639,0.6107025498740399
2021-09-22,0.7016903568774016,0.6074718398484655
2021-09-23,0.6778802185686525,0.5983645897918464
2021-09-24,0.8133795873360754,0.6203584862258784
2021-09-27,0.7804294928176516,0.5972566418022116
2021-09-28,0.7473756853578103,0.5690393310348905
2021-09-29,0.7541114325999588,0.636496103622577
2021-09-30,0.7391930116948575,0.6627717927050125
2021-10-01,0.7297628717472294,0.6942771473774978
2021-10-04,0.7318592297790915,0.7400408565943041
2021-10-05,0.7503845904211809,0.727064626168866
2021-10-06,0.7510232452670557,0.7102513707717715
2021-10-07,0.7847091420716741,0.7989569909931767
2021-10-08,0.7878290417454464,0.7783084168170737
2021-10-11,0.7752287348822019,0.753638755112121
2021-10-12,0.742863627106339,0.7152609763633251
2021-10-13,0.715188860741369,0.683736122262391
2021-10-14,0.7201261240338158,0.6705135532498488
2021-10-18,0.7434942604145158,0.6642506349107722
2021-10-19,0.7448216573623534,0.6525852252233779
2021-10-20,0.7160526583411888,0.6334655508082522
2021-10-21,0.7327314791749124,0.7027435558973879
2021-10-22,0.7291991374734899,0.739531709862325
2021-10-25,0.7040092909317045,0.7239727915850386
2021-10-26,0.6795083508500119,0.6914860105841588
2021-10-27,0.6781831656973499,0.6737792598509549
2021-10-28,0.6655195311916515,0.6852676301646761
2021-10-29,0.890717146256057,0.9302783196091907
2021-11-01,0.9279607999326469,1.0243159272068458
2021-11-02,0.9762791372378639,1.0013027323685517
2021-11-03,0.9312625720161313,0.9643179171493524
2021-11-04,0.8996829568280793,0.9613768222057355
2021-11-08,0.8677952447908606,0.9161067357223911
2021-11-09,0.8587031848991783,0.884210547691532
2021-11-10,0.8230984264268654,0.8582854963762189
2021-11-11,0.7890059595667234,0.8283119882308624
2021-11-12,0.7938615543245502,0.8759610414805589
2021-11-15,0.8485341563488811,0.8627972840865467
2021-11-16,0.8100739083167381,0.8127948700264666
2021-11-17,0.806411096236319,0.8532244362918325
2021-11-18,0.792585789935233,0.8724703955247279
2021-11-22,0.7881469311855782,0.9029613956129304
2021-11-23,0.9885214927982433,1.1254898337757548
2021-11-24,0.943422841768347,1.0602305129036744
2021-11-25,0.9180606537576451,1.0637065406173736
2021-11-26,0.902196793484803,1.0176867884411833
2021-11-29,1.2662216830986397,1.3743925773845105
2021-11-30,1.1991263298753612,1.2826788140071825
2021-12-01,1.1419961130445906,1.2380981286604824
2021-12-02,1.1276622911370926,1.1847423171218887
2021-12-03,1.1403691039729653,1.1446002872365182
2021-12-06,1.1631517292058537,1.2401126375782974
2021-12-07,1.225853492148735,1.3720189417513937
2021-12-08,1.249528885483874,1.3198409723689326
2021-12-09,1.2938607310649546,1.2791201247028057
2021-12-10,1.2248192629411683,1.1968626589818938
2021-12-13,1.1592671535652834,1.123700002158943
2021-12-14,1.1350960155703493,1.160330890982342
2021-12-15,1.0809386211135563,1.1209020577023663
2021-12-16,1.0438994432211772,1.120338146678184
2021-12-17,0.9916617016472012,1.0512084544671427
2021-12-20,1.0683139514402324,1.1897058508160827
2021-12-21,1.21959548412136,1.3925476560713577
2021-12-22,1.1823831996871133,1.3177985544217656
2021-12-23,1.1636856706120222,1.2565210056137526
2021-12-24,1.1184379981111794,1.1888255230180973
2021-12-27,1.0671781900215684,1.152482060680423
2021-12-28,1.0222884194329436,1.090081851580118
2021-12-29,0.9997710625683872,1.0431952134452855
2021-12-30,0.9523599148290259,0.9993048624030537
2021-12-31,0.9063577322257785,0.9431056114497625
2022-01-03,0.8930276735228405,0.9087463603472316
2022-01-04,0.9747522815347381,0.9025512449520405
2022-01-05,0.9849512687459255,0.8824901301969906
2022-01-06,0.9517544520995277,0.8479602206352366
2022-01-07,0.9684125837029988,0.9369113346078706
2022-01-10,0.9224973763280185,0.8860436865808452
2022-01-11,0.9345400342792695,0.8659984941293496
2022-01-12,0.8945307873596923,0.8253092890816734
2022-01-13,0.8895895371050391,0.8040829898540415
2022-01-14,0.8482948173863146,0.7617984416369397
2022-01-17,0.8102574195113583,0.7263799940690523
2022-01-18,0.7751834463633758,0.6906526781938945
2022-01-19,0.8020519139784701,0.7777112208850089
2022-01-20,0.8469851351986769,0.8810070098390386
2022-01-21,0.8815355707391276,0.9697971260080092
2022-01-24,0.8754783921860164,1.003830742059094
2022-01-25,1.1904162621319496,1.3192429481758758
2022-01-27,1.14101903837574,1.2441894260389788
2022-01-28,1.131669564194882,1.2878149725903092
2022-01-31,1.074020238750456,1.2175749628422314
2022-02-01,1.102683885387637,1.1765824735939776
2022-02-02,1.1319156716972676,1.140828648081396
2022-02-03,1.127441593022013,1.099888449236532
2022-02-04,1.1502485308677872,1.1982929804892404
2022-02-07,1.0937242124013657,1.1500706185185234
2022-02-08,1.183229766600043,1.3072087920128552
2022-02-09,1.123180264370915,1.2238936515987806
2022-02-10,1.1155037354431716,1.1734922853739513
2022-02-11,1.081012124455824,1.1172726651625136
2022-02-14,1.1125981113415506,1.216343449762916
2022-02-15,1.4346368755537753,1.5611399073893253
2022-02-16,1.6416560989519695,1.5358526201615494
2022-02-17,1.5505900564179014,1.4543236580230448
2022-02-18,1.464460823096393,1.3728834570416637
2022-02-21,1.383085078508452,1.2903505262493
2022-02-22,1.3101027384481136,1.2348352188323437
2022-02-23,1.2590057478121583,1.2352525281382298
2022-02-24,1.192043594578908,1.168486194094319
2022-02-25,1.9017485843824755,1.8455241281752566
2022-02-28,1.9346656127980255,1.7697160859120273
2022-03-02,1.8319693485225275,1.6497177330894495
2022-03-03,1.7842906604113702,1.698631611906696
2022-03-04,1.6959461751109388,1.6497433819270193
2022-03-07,1.6627062887640889,1.7001701001292933
2022-03-08,1.8017673635823133,1.93289477218378
2022-03-09,1.7274358910047314,1.807248552445255
2022-03-10,1.7670293609220586,1.7311970757748332
2022-03-11,1.7228822510786614,1.639367188716732
2022-03-14,1.6236317090263168,1.5170230877694562
2022-03-15,1.6110385633438224,1.4536353405956413
2022-03-16,1.5744071334001557,1.507693262387404
2022-03-17,1.585994945640107,1.4507670356674003
2022-03-21,1.5938922195206147,1.3991203603047981
2022-03-22,1.5386346562406388,1.4239663961508664
2022-03-23,1.4948948435138538,1.3559271542184457
2022-03-24,1.4224715709710776,1.3265343148454263
2022-03-25,1.3446847628353495,1.2549118118742673
2022-03-28,1.2788830351878147,1.2209208170086392
2022-03-29,1.213844019585751,1.148429457674192
2022-03-30,1.1611562801209112,1.0891579508817582
2022-03-31,1.162565682139229,1.0561315797529858
2022-04-01,1.1039556249902134,1.015841867261479
2022-04-04,1.1054377385372502,0.9876170506532561
2022-04-05,1.2472764214139929,0.9948855557872572
2022-04-06,1.2048757973460509,1.0263504742355114
2022-04-07,1.1829856988969925,1.084259332010158
2022-04-08,1.1655046391478623,1.1394833855459585
2022-04-11,1.1213159215007693,1.0838248856660382
2022-04-12,1.0974587407519094,1.1187063984905958
2022-04-13,1.064733431013187,1.130133685055885
2022-04-18,1.020674158809164,1.1084446320258245
2022-04-19,1.1691267155828995,1.3102318944451659
2022-04-20,1.1793406127783523,1.3768690106570256
2022-04-21,1.1553309675094074,1.3075607255667665
2022-04-22,1.185379148324766,1.2609913135855273
2022-04-25,1.1938666918909508,1.3334576179402196
2022-04-26,1.1855978108611176,1.3773737988399917
2022-04-27,1.1937482291626706,1.3188548637810051
2022-04-28,1.1726677936558494,1.3456552135174822
2022-04-29,1.1685129310113738,1.286132038844848
2022-05-02,1.139089847244423,1.2986972227463787
2022-05-04,1.0811766963779144,1.2291538838851142
2022-05-05,1.26723942229974,1.4582235807189639
2022-05-06,1.198346932290788,1.3517608241287782
2022-05-09,1.2434259499385159,1.4580687441720614
2022-05-10,1.198104496785515,1.4355740367796543
2022-05-11,1.1368564350452255,1.357700772649922
2022-05-12,1.091826374784865,1.3260732967831563
2022-05-13,1.2473721191853209,1.519262063607321
2022-05-16,1.1841108681297137,1.440443592437462
2022-05-17,1.124375502577528,1.3442495929666414
2022-05-18,1.3109532425926043,1.3250441359216532
2022-05-19,1.24181413537319,1.2593152012594455
2022-05-20,1.4480714559422985,1.5337536259843436
2022-05-23,1.623266011689902,1.5060825936462912
2022-05-24,1.5308903432558043,1.4061565668771223
2022-05-25,1.4524685347193051,1.360446637388269
2022-05-26,1.3847956169314142,1.3350887930130566
2022-05-27,1.3357779502013947,1.2675236910326393
2022-05-30,1.3078128360742707,1.2136758626643112
2022-05-31,1.3602410239780962,1.1877350814616632
2022-06-01,1.303820216265606,1.1902108202894592
2022-06-02,1.2386140146435065,1.1537521045705252
2022-06-03,1.1933129662774662,1.0994978972067957
2022-06-06,1.1305354074108829,1.04192972882661
2022-06-07,1.073639272585096,0.9995200683109393
2022-06-08,1.07361444686044,1.0710010021937302
2022-06-09,1.028151028950568,1.0530991044333144
2022-06-10,1.001349373792793,1.0081044755605206
2022-06-13,1.1243318420561612,1.1969159434744028
2022-06-14,1.3750330985975658,1.4919036167149216
2022-06-15,1.3034167712264737,1.4197146794717221
2022-06-16,1.2369211263185176,1.3548358876977624
2022-06-17,1.3373963007509846,1.5222648725394383
2022-06-20,1.2677715057863888,1.4436906771763043
2022-06-21,1.2053004343485196,1.3508067888885495
2022-06-22,1.2625898107483429,1.3084149468735768
2022-06-23,1.274052836182139,1.391480218863042
2022-06-24,1.229668343467057,1.315773351406388
2022-06-27,1.191139026847477,1.2485598579498574
2022-06-28,1.1520219089623653,1.1860912904774938
2022-06-29,1.0912219567016972,1.10625676209077
2022-06-30,1.0403275716628262,1.0717482581729092
2022-07-01,0.9877736578219732,1.0081423712558428
2022-07-04,0.9426085351860667,0.9738769414126206
2022-07-05,0.913479366950146,0.9312470867819423
2022-07-06,0.8735603050192832,0.9015025539785706
2022-07-07,0.9002521375736722,0.8822818699742921
2022-07-08,0.8875951979526235,0.8534018684654826
2022-07-11,0.8601897526905018,0.819783850160851
2022-07-12,0.8237316592428002,0.7963149505964829
2022-07-13,0.8471776475343963,0.8770207468827969
2022-07-14,0.8426123999126249,0.9164345263930024
2022-07-15,0.8082639788716491,0.8873557542981125
2022-07-18,0.7939802494837153,0.8533727871244505
2022-07-19,0.8678667345958687,0.846478152293631
2022-07-20,0.8367601623194701,0.8101358666374855
2022-07-21,0.8676875215596942,0.7987338682059919
2022-07-22,0.8395779037513574,0.7684214344391384
2022-07-25,0.8260773202137452,0.7465311349770092
2022-07-26,0.8120344814213175,0.7788818150168864
2022-07-27,0.8322567918977279,0.8553974379475017
2022-07-28,0.84585967308067,0.8350110077299568
2022-07-29,0.9817235781661114,0.8441671883804647
2022-08-01,1.0037000717384756,0.8330008866597943
2022-08-02,0.9924008713784082,0.8132125084811691
2022-08-03,0.9430906038637042,0.7669833502400136
2022-08-04,0.902462679545008,0.7348905135526909
2022-08-05,0.86114097334603,0.7100541819790659
2022-08-08,0.8221804172215047,0.6760584053113977
2022-08-10,0.818314225508825,0.6649059632495314
2022-08-11,0.7831681229679587,0.6424177749894328
2022-08-12,0.7914344940440982,0.6365301093693267
2022-08-16,0.7590645753678686,0.6105114759704904
2022-08-17,0.7494872960534905,0.5996387939685509
2022-08-18,0.7457011540172949,0.5915307302970191
2022-08-19,0.7154705579970017,0.5641811866497657
2022-08-22,0.7758901607037207,0.6915953081799177
2022-08-23,0.8846462879325657,0.8632817031508886
2022-08-24,0.8514749160098,0.8250344451370214
2022-08-25,0.8128313491135245,0.7794934461199085
2022-08-26,0.7987175120737491,0.8062143939512745
2022-08-29,0.7642754036052817,0.7625611708328978
2022-08-30,0.8759525251572259,0.9252486096644744
2022-09-01,1.1653822740428408,0.9528482095827029
2022-09-02,1.1831528550339945,1.0677396832974473
2022-09-05,1.1201151794528272,0.9995161408696834
2022-09-06,1.0830530881483376,0.9586871114327847
2022-09-07,1.028118430006335,0.9135802314653156
2022-09-08,0.9821505876452016,0.8972092567885562
2022-09-09,0.9893641336835146,0.8770133937786094
2022-09-12,0.9409064205947544,0.8295186614368197
2022-09-13,0.9075862595360399,0.797322941353726
2022-09-14,0.8912995367829466,0.7747490222407396
2022-09-15,0.8602460665452519,0.7816853456267292
2022-09-16,0.8535912651874944,0.8293007697978262
2022-09-19,1.0087186086709061,1.0401096669769547
2022-09-20,0.9682949120960856,0.9880891761433135
2022-09-21,0.9637339968780723,0.9552776164216331
2022-09-22,0.9299267033697413,0.9547011441228985
2022-09-23,0.9069203245699798,0.9703812999285252
2022-09-26,1.0316335903509462,1.1470622753667326
2022-09-27,1.1168283767039076,1.2894600940281062
2022-09-28,1.0592386199796209,1.2109582421525522
2022-09-29,1.048666712108766,1.2432433569926185
2022-09-30,1.0028628736393408,1.2014794490580245
2022-10-03,1.0945555045766462,1.1738260313977122
2022-10-04,1.1013343978998456,1.2391916538096104
2022-10-06,1.2433886169198447,1.2216371775889765
2022-10-07,1.177924356420169,1.1450355681291913
2022-10-10,1.1158362544288418,1.0790040888819779
2022-10-11,1.065177267708012,1.0546319215804503
2022-10-12,1.117671033818426,1.1810273973641658
2022-10-13,1.086352323349915,1.125625434444423
2022-10-14,1.0559856359542559,1.1388594118355666
2022-10-17,1.0620503649851842,1.0985463722564275
2022-10-18,1.0368144505981034,1.0513670626683873
2022-10-19,1.0214189379109981,1.0115105055659415
2022-10-20,0.9716821130226301,0.9541400473679031
2022-10-21,0.9243883602478125,0.8993537863633136
2022-10-24,0.8808243087425875,0.8498971609368404
2022-10-25,0.8779046550336354,0.8266611393554608
2022-10-27,0.8542766326836081,0.8431987885431192
2022-10-28,0.8205390662812168,0.8042314306291378
2022-10-31,0.7890225111634923,0.7680838464263405
2022-11-01,0.8490239120834918,0.7654871831873566
2022-11-02,0.8287102415439626,0.7412283176513327
2022-11-03,0.8023574616651951,0.748827270644534
2022-11-04,0.7695194559415498,0.725972555251947
2022-11-07,0.738366964689396,0.6917249024999753
2022-11-09,0.7158520182999091,0.6664089728331114
2022-11-10,0.6949165434709378,0.6670681284760047
2022-11-11,0.7090964365578664,0.7260055674669723
2022-11-14,0.8975905093963431,0.7476324588429714
2022-11-15,0.8618923350985305,0.7450563263226161
2022-11-16,0.8292458137837689,0.715903253938747
2022-11-17,0.7930562886225123,0.6820802446490285
2022-11-18,0.7710167677810407,0.6972528304236889
2022-11-21,0.741448417239858,0.6819943168330109
2022-11-22,0.7659433169721194,0.7609804905634621
2022-11-23,0.74384046897506,0.7318666851520186
2022-11-24,0.714276701088133,0.6959587002015415
2022-11-25,0.7777760047943778,0.6972127059737612
2022-11-28,0.7449791183638063,0.6606882390570643
2022-11-29,0.719991432063949,0.6364516848681991
2022-11-30,0.6953207685594661,0.612418360839343
2022-12-01,0.695246715418705,0.6022938550424547
2022-12-02,0.6730884551570965,0.581227892837439
2022-12-05,0.6870472108225556,0.6438567928630785
2022-12-06,0.6627555567400116,0.62221692794481
2022-12-07,0.651342716743922,0.6372758938369816
2022-12-08,0.641922748084771,0.6527624237806207
2022-12-09,0.6235334325394526,0.6265983025581332
2022-12-12,0.6407883984743872,0.6801436736178456
2022-12-13,0.6212048635780059,0.6590360014474789
2022-12-14,0.6287794950104268,0.6445963603894617
2022-12-15,0.6109061308371282,0.618304985586386
2022-12-16,0.7504926158522127,0.7902072264125833
2022-12-19,0.763229086843452,0.8454151088121982
2022-12-20,0.7634081795733825,0.8188118657324442
2022-12-21,0.7352662508179653,0.7965522487540523
2022-12-22,0.7847262691743713,0.8905679109558599
2022-12-23,0.7648166967558669,0.8902112624595211
2022-12-27,0.9031162720393665,1.059684656652572
2022-12-28,1.0161179812379622,1.0460146887818667
2022-12-29,0.9654456082116604,0.986354228959945
2022-12-30,0.922994569242887,0.9349017981548384
2023-01-02,0.8950563843999811,0.9412282967824274
2023-01-03,0.8657508006170556,0.8990988093523626
2023-01-04,0.8271739370514717,0.8505982348704856
2023-01-05,0.8627258298861049,0.9402827657236392
2023-01-06,0.8418886574231504,0.9489139287741092
2023-01-09,0.8433776042239333,0.9891812561399772
2023-01-10,0.9078964943614581,0.9698315307367069
2023-01-11,0.9315900096079727,1.0471608216906076
2023-01-12,0.8871127447536462,0.9860192726158765
2023-01-13,0.8511288388479802,0.9582196346690218
2023-01-16,0.8241120070988326,0.9135703153549014
2023-01-17,0.7947762143255188,0.8966039185248265
2023-01-18,0.8076507112151912,0.8708314272643306
2023-01-19,0.7932762402322422,0.8382463931856818
2023-01-20,0.7679174425152748,0.83153388536561
2023-01-23,0.7493015858344302,0.8358101136562265
2023-01-24,0.7332454817096482,0.8027329076739006
2023-01-25,0.7040472589380398,0.7581608234543428
2023-01-27,0.7961755579663935,0.8915316834279239
2023-01-30,0.8986112078347943,1.0365823893793262
2023-01-31,0.8591146249412069,0.9780277510321477
2023-02-01,0.8198518674960021,0.9186853374846733
2023-02-02,0.7861962230300397,0.8702443368502475
2023-02-03,0.7589656342834605,0.829460755215218
2023-02-06,0.8561873171125575,0.827991355036934
2023-02-07,0.839386169520041,0.8534872172956528
2023-02-08,0.812720131128522,0.8527489015287866
2023-02-09,0.7966817652993615,0.8212495585115919
2023-02-10,0.7642036907423398,0.7804139934277021
2023-02-13,0.7371480555962622,0.7658175133795754
2023-02-14,0.7231323229389497,0.7791231728801985
2023-02-15,0.7526524323176871,0.7654875876657758
2023-02-16,0.7293848297784935,0.7344319120118268
2023-02-17,0.7005151573042853,0.6959592380047485
2023-02-20,0.6980633930901208,0.7290404842554502
2023-02-21,0.6953277740048949,0.7582268993010374
2023-02-22,0.6699640259244102,0.7244324071651197
2023-02-23,0.8176338272370768,0.9023811078759724
2023-02-24,0.7870352898426414,0.8807036950671077
2023-02-27,0.7592745422001632,0.8616034528736454
2023-02-28,0.7364805227832897,0.8513486491741861
2023-03-01,0.7325992586444783,0.8746277805815941
2023-03-02,0.7363192444735006,0.8453764724875609
2023-03-03,0.7619767899777528,0.9085743651627594
2023-03-06,0.8600526537370761,0.900236371616394
2023-03-08,0.8439634343605379,0.8666360335861566
2023-03-09,0.8070859321446012,0.8209534674932848
2023-03-10,0.8286120618059837,0.8939529167499554
2023-03-13,0.8748145246690939,0.9908100247377837
2023-03-14,0.9712695106480753,1.1337166324416728
2023-03-15,0.9451502049668986,1.1336118765703618
2023-03-16,0.9225750176213162,1.1354046620535434
2023-03-17,0.8787429127373951,1.063073304856683
2023-03-20,0.8554920084422931,1.012135750472806
2023-03-21,0.8442193398966735,1.0294472696845531
2023-03-22,0.8359029089307941,0.9864807708505542
2023-03-23,0.8003637421799716,0.9311670386648462
2023-03-24,0.7854822654872983,0.9400801384508037
2023-03-27,0.787886602828798,0.9728835480447269
2023-03-28,0.7558275883393287,0.9181804682501755
2023-03-29,0.7259380255949074,0.8751496074260108
2023-03-31,0.717252186772841,0.8408897412156885
2023-04-03,0.8706006613846089,0.8467443137453284
2023-04-05,0.8314508992926898,0.8024774259003907
2023-04-06,0.8446252183493596,0.786583289654744
2023-04-10,0.8083793386733312,0.7488950970883366
2023-04-11,0.7731738034706692,0.7094329513364445
2023-04-12,0.7542909499032677,0.686854388584082
2023-04-13,0.7305584415553663,0.6621071630028379
2023-04-17,0.7015839040529711,0.6292400946021968
2023-04-18,0.7345815660196024,0.7163828224286887
2023-04-19,0.7146649224343421,0.7203150431278875
2023-04-20,0.6946880454633803,0.7188186649787348
2023-04-21,0.6688961711044398,0.6827350095870028
2023-04-24,0.6452252686949538,0.6474363526425021
2023-04-25,0.6518613905179054,0.634692387636502
2023-04-26,0.6299402167195713,0.6058775107567989
2023-04-27,0.613538973372221,0.5842226083277752
2023-04-28,0.6161146600505267,0.5735263662806648
2023-05-02,0.6357287529288387,0.5695345055874419
2023-05-03,0.6237063591906792,0.5542424713499707
2023-05-04,0.612540760057253,0.5659652399761238
2023-05-05,0.6495476903655082,0.5672047256327147
2023-05-08,0.7301153909856165,0.7012378449128509
2023-05-09,0.7800328695885708,0.6996127411147153
2023-05-10,0.7472939589177415,0.6675044114588228
2023-05-11,0.7204255542917157,0.6411881150911252
2023-05-12,0.6933142184085028,0.6202112473884638
2023-05-15,0.6688513816744435,0.59485472159511
2023-05-16,0.6601958441832865,0.5812488790216838
2023-05-17,0.6765730174812972,0.6447160095118961
2023-05-18,0.6844561888213293,0.6936767405450878
2023-05-19,0.6648463716706169,0.6872260742860306
2023-05-22,0.6548607065279064,0.665382289148477
2023-05-23,0.6400381240726433,0.6420140813012662
2023-05-24,0.6189624003193659,0.61044856660057
2023-05-25,0.6125046021888911,0.6270280287575316
2023-05-26,0.5946226631959521,0.5999208072199942
2023-05-29,0.6493196209222137,0.601950714878041
2023-05-30,0.6455629183270665,0.5890209976262923
2023-05-31,0.6252828760885257,0.5659619366216645
2023-06-01,0.6352038420095114,0.6151909669436304
2023-06-02,0.6253864448178905,0.6279672788087272
2023-06-05,0.6068516872573595,0.6017116761268448
2023-06-06,0.5972021246802749,0.5835553625248698
2023-06-07,0.5802036385173674,0.5590224848382489
2023-06-08,0.5852526674452407,0.549607650461797
2023-06-09,0.5927104364299582,0.5886382834339993
2023-06-12,0.590509037129412,0.6095386367589897
2023-06-13,0.5746733496535182,0.5837432695284048
2023-06-14,0.5903870165499958,0.5758905387003159
2023-06-15,0.574233807290042,0.5519718621622326
2023-06-16,0.5854744419347133,0.5942855323345635
2023-06-19,0.6073687673281563,0.5879887671399967
2023-06-20,0.6025682044556195,0.6071562953811939
2023-06-21,0.5878187617651793,0.5844642985667902
2023-06-22,0.5765948002845516,0.5652810043086793
2023-06-23,0.5835659805466141,0.6004590958025192
2023-06-26,0.5865883521496708,0.6277016614262393
2023-06-27,0.5708562536466554,0.6025888427568807
2023-06-28,0.5913425624435815,0.5945637425822479
2023-06-30,0.6173492124736749,0.5896866436509436
2023-07-03,0.7037837840337988,0.6002938600777965
2023-07-04,0.7102308127156177,0.5938265713732636
2023-07-05,0.6920092973502685,0.5774078864315185
2023-07-06,0.6672257448250783,0.5605403895799765
2023-07-07,0.6591814448714495,0.5497892423346289
2023-07-10,0.6875372931065745,0.6313678362426348
2023-07-11,0.6622963874696648,0.6019940159185946
2023-07-12,0.6487415386940777,0.5848958320835418
2023-07-13,0.6394068144552156,0.6043272084728153
2023-07-14,0.6211317040292049,0.5818542320477585
2023-07-17,0.6402477600666179,0.5772831940433953
2023-07-18,0.6603206088801487,0.5741887089238916
2023-07-19,0.6419485025659426,0.5557791214441898
2023-07-20,0.6324145134621011,0.5432995074816582
2023-07-21,0.644002696024429,0.5398391784100505
2023-07-24,0.7581062543081468,0.7081503641945726
2023-07-25,0.7442913685071183,0.7312009171353532
2023-07-26,0.7149481050898023,0.7012119506598161
2023-07-27,0.7025314670989982,0.6796144636909358
2023-07-28,0.7128516313209828,0.7335530861755213
2023-07-31,0.6889098281538812,0.7177144004421179
2023-08-01,0.6810018684726936,0.6955533011926497
2023-08-02,0.6582617378617664,0.6757080004434459
2023-08-03,0.720355022604162,0.7809646740329667
2023-08-04,0.7460011390134466,0.8477468055971168
2023-08-07,0.7458683418364982,0.820099339192036
2023-08-08,0.7213506607839457,0.7830061586543868
2023-08-09,0.6966951408470431,0.7631188040509238
2023-08-10,0.6725351792484103,0.7269865900676306
2023-08-11,0.6692886273829239,0.7506034042461815
2023-08-14,0.6740238297903451,0.7840040569090786
2023-08-16,0.6501212491616155,0.7428745025063083
2023-08-17,0.6297501708025803,0.7079293543716253
2023-08-18,0.6431416381926662,0.7500679598661413
2023-08-21,0.632561907838299,0.7515939419002797
2023-08-22,0.6216831132853062,0.7221386035053546
2023-08-23,0.6024375160473467,0.6868849061453746
2023-08-24,0.5904996685554961,0.660157819244201
2023-08-25,0.583602311813629,0.6649992804530171
2023-08-28,0.6002629095939357,0.7067237437043834
2023-08-29,0.5836950500997351,0.6735173106259186
2023-08-30,0.5680291165875567,0.6415365823424166
2023-08-31,0.553738727493793,0.6114112152524344
2023-09-01,0.5591481779813041,0.6354413296194252
2023-09-04,0.5989450081189844,0.6295179946338921
2023-09-05,0.5893203712915868,0.6086870163743116
2023-09-06,0.575250621252705,0.5852376415576807
2023-09-07,0.5607911466682329,0.5611393098782199
2023-09-08,0.5706785879312588,0.5524147815539292
2023-09-11,0.5726557952234685,0.541781957848544
2023-09-12,0.602292701589142,0.5411871576706487
2023-09-13,0.5850782121214886,0.5200346742714115
2023-09-14,0.576784296520584,0.5075013319116833
2023-09-15,0.5614926738228883,0.4868677234778287
2023-09-18,0.5624353105800078,0.4801646076543476
2023-09-20,0.5639550280564599,0.5100628761993569
2023-09-21,0.6739466310071672,0.6598770223134942
2023-09-22,0.7105797950253923,0.7429516888576361
2023-09-25,0.6944420565561362,0.7480527361832119
2023-09-26,0.6686367433787479,0.7087336783039633
2023-09-27,0.6474179248302477,0.689732597831637
2023-09-28,0.6287069355067236,0.6607824270979612
2023-09-29,0.6826594707408351,0.7537268446454441
2023-10-03,0.6710216152298588,0.7264744607291908
2023-10-04,0.6690812941446671,0.7520214635243015
2023-10-05,0.6639957774505514,0.7695653548856038
2023-10-06,0.6639607883483455,0.7451093886357293
2023-10-09,0.6587741791209533,0.7206360273362196
2023-10-10,0.6830134363254606,0.7806098326030113
2023-10-11,0.7038748084167248,0.7628219969822352
2023-10-12,0.6972227482857736,0.7381310692820842
2023-10-13,0.6729143479891214,0.7140764503606991
2023-10-16,0.6536017603966171,0.7033940592580751
2023-10-17,0.6355714731415038,0.691800996732375
2023-10-18,0.6234756768458212,0.6667736035451204
2023-10-19,0.6654931551805404,0.7456392128860426
2023-10-20,0.6565827233311775,0.7559249477928174
2023-10-23,0.6471369356859704,0.7623340371091141
2023-10-25,0.751387226181858,0.8942955255054046
2023-10-26,0.7708550033363921,0.9478942368574356
2023-10-27,0.8712467824980015,1.0796256447500328
2023-10-30,0.8811526915612133,1.0390791510051955
2023-10-31,0.8520254342664475,0.9873545188601767
2023-11-01,0.8245119727803721,0.9750043625823976
2023-11-02,0.8037237514681017,0.9730369608310495
2023-11-03,0.7996868403961098,0.9351695352368226
2023-11-06,0.7741409136471106,0.8906349968530999
2023-11-07,0.7885217698138361,0.8650188670714357
2023-11-08,0.7552991453804031,0.8213400852680652
2023-11-09,0.7242874730697967,0.774878887268663
2023-11-10,0.7014486626075911,0.7629479745128414
2023-11-13,0.67510195941103,0.7233013396158312
2023-11-15,0.6508682691842513,0.6849051512146068
2023-11-16,0.7126855277522335,0.6840124027472908
2023-11-17,0.6967000941515044,0.6618626269922825
2023-11-20,0.679311090323095,0.6675820146565354
2023-11-21,0.6602963314302803,0.6636432168776245
2023-11-22,0.6469974058493625,0.6416831950882167
2023-11-23,0.6256846360102694,0.6128101696029651
2023-11-24,0.6062191978243102,0.588057066606393
2023-11-28,0.5896443093203435,0.5730674753498947
2023-11-29,0.5782684439201732,0.5547844428474433
2023-11-30,0.6485408311635911,0.5630761461638419
2023-12-01,0.6269670069433649,0.5399485440829561
2023-12-04,0.6421223530025698,0.5376529041741195
2023-12-05,0.8737340240850667,0.5790113552429419
2023-12-06,0.8515886917864186,0.5702205062020786
2023-12-07,0.8250790443637958,0.5586367853057519
2023-12-08,0.7923791081688909,0.5605906979599623
2023-12-11,0.7672930670094827,0.5472598136881343
2023-12-12,0.7357708924872092,0.5258808855011943
2023-12-13,0.7311207880311419,0.5771074432605374
2023-12-14,0.702113284031775,0.5504103673184265
2023-12-15,0.7826340289383134,0.5667688286016173
2023-12-18,0.8528849069690378,0.5830962740035689
2023-12-19,0.8194115200584978,0.5890341183865019
2023-12-20,0.7839665303520352,0.5652262661866411
2023-12-21,0.864742354919843,0.728188821291183
2023-12-22,0.8366631131499087,0.7037062488000256
2023-12-26,0.80384251146542,0.6760469606591127
2023-12-27,0.7731878777329824,0.6500827096210032
2023-12-28,0.7941256996480743,0.6469900274138444
2023-12-29,0.7730046189473753,0.6293840059151772
2024-01-02,0.7463579495716666,0.6314625116315037
2024-01-03,0.7360466025596616,0.6655098069282763
2024-01-04,0.7506428237213116,0.7326026287357109
2024-01-05,0.7458811900392993,0.7133407050710864
2024-01-08,0.7179874976925787,0.6820222286615929
2024-01-09,0.7572996895793299,0.773977679845591
2024-01-10,0.7261396988446246,0.7313116751890821
2024-01-11,0.7045403804441531,0.7025792997129902
2024-01-12,0.6778040138862277,0.6672189226940892
2024-01-15,0.7399721013329685,0.6690363732842554
2024-01-16,0.7732642099004228,0.6663934331014119
2024-01-17,0.748112214662534,0.6700836444655232
2024-01-18,1.0187391764374563,0.9781654549605648
2024-01-19,0.980115213363698,0.9752691262394154
2024-01-23,0.9524040721388991,0.9349592191822849
2024-01-24,1.0850468536222524,1.1323531163156701
2024-01-25,1.0677864513458992,1.0860164680969029
2024-01-29,1.0284792329483903,1.0812594097870665
2024-01-30,1.108288303325489,1.0638530566518287
2024-01-31,1.1136897487677315,1.1414245315095526
2024-02-01,1.0843637855150166,1.09054683457638
2024-02-02,1.030453594676219,1.0412001781051494
2024-02-05,0.9933178259993759,0.9922620255776029
2024-02-06,0.959704114147475,0.9946736780684523
2024-02-07,0.9299604792336912,0.9506324714564993
2024-02-08,0.8859250772674333,0.9019913281234441
2024-02-09,0.9083836554983277,0.9812590237309485
2024-02-12,0.8669681851455118,0.9262070561642475
2024-02-13,0.8636288147644012,0.9660616216190248
2024-02-14,0.8460645654590173,0.926035212188443
2024-02-15,0.8136127064838191,0.8802543604332324
2024-02-16,0.7819272194637649,0.8367908154856633
2024-02-20,0.7623211743133772,0.8034585736366898
2024-02-21,0.7727803238183029,0.7838666223612504
2024-02-22,0.7684118927479219,0.8192479300416665
2024-02-23,0.7656572166883212,0.794101290873696
2024-02-26,0.7342542667012242,0.7560768635360745
2024-02-27,0.725305439666462,0.7791895691077575
2024-02-28,0.705585724629016,0.747629893164584
2024-02-29,0.7679087574203777,0.8543868963846235
2024-03-01,0.7387087590630462,0.8117653360282893
2024-03-04,0.8749196187684478,0.8182536698212249
2024-03-05,0.8351122144410825,0.7757557200984366
2024-03-06,0.804211641182455,0.7691886377787742
2024-03-07,0.7843882560901893,0.742687307452888
2024-03-11,0.7510227814512331,0.7026902928493196
2024-03-12,0.7730795010034625,0.7783441337512998
2024-03-13,0.7423420479563475,0.7408704310164931
2024-03-14,0.8200696743087963,0.8704092054829723
2024-03-15,0.7936160229392442,0.8322413885623297
2024-03-18,0.7890970222829988,0.8665981111730117
2024-03-19,0.7557675200863229,0.819062344295961
2024-03-20,0.7994084432326071,0.9082959147168338
2024-03-21,0.765063220152275,0.8564723792777388
2024-03-22,0.7636772394521427,0.8284181752771348
2024-03-26,0.7346300513149051,0.7878171137567483
2024-03-27,0.72671502922777,0.8099389465382054
2024-03-28,0.727959853987609,0.7852566907502203
2024-04-01,0.7458567239426569,0.768069315770722
2024-04-02,0.7280894438050292,0.7397446692032125
2024-04-03,0.7024521737570754,0.7219733811421496
2024-04-04,0.6765529956767413,0.6918844794078308
2024-04-05,0.6647147136519501,0.6693436343635043
2024-04-08,0.6414565193886365,0.6357807021263165
2024-04-09,0.6479862191126328,0.6237676260571227
2024-04-10,0.6276647895906408,0.6067571199957696
2024-04-12,0.6210452500929582,0.5910343017083423
2024-04-15,0.6968096378775712,0.7115934251252071
2024-04-16,0.7694959121277297,0.8307477439457889
2024-04-18,0.7678240631044125,0.865312367765049
2024-04-19,0.7665207561116262,0.8968647259311208
2024-04-22,0.7721117723241142,0.8676594320260345
2024-04-23,0.7714929224385053,0.8391861729856455
2024-04-24,0.7393847211659587,0.7933482035948328
2024-04-25,0.7102675910235421,0.7524636550287546
2024-04-26,0.7077819766464737,0.7306122089486966
2024-04-29,0.7347976457945926,0.8017447667457612
2024-04-30,0.7998078546156846,0.7950716917575545
2024-05-02,0.7714978411840264,0.7853498080085458
2024-05-03,0.7399503238698717,0.7456669812209897
2024-05-06,0.7822785904730638,0.8383256136512801
2024-05-07,0.7491622196771377,0.7911553343020034
2024-05-08,0.7413780835998903,0.8159396867762952
2024-05-09,0.7125638951751574,0.7809574305610867
2024-05-10,0.8334343130722766,0.9385425233124961
2024-05-13,0.8015200095383093,0.8911933797649697
2024-05-14,0.7672895650198557,0.841774340690443
2024-05-15,0.7452139484946023,0.80582037120225
2024-05-16,0.7184228454831595,0.783794877014484
2024-05-17,0.740967290010498,0.7676680207426759
2024-05-21,0.7165232815603476,0.7347603533344456
2024-05-22,0.6887371618428081,0.695543495021006
2024-05-23,0.6698489665793207,0.6691965845117099
2024-05-24,0.8050972852615753,0.6847905970930417
2024-05-27,0.7703867714271864,0.6545413430846144
2024-05-28,0.738656193804157,0.6286940348021209
2024-05-29,0.717620751272131,0.6381072456394582
2024-05-30,0.7514504160931162,0.7282894554645867
2024-05-31,0.7730401676027983,0.8009057777905421
2024-06-03,0.7406781655187973,0.7577616632327958
2024-06-04,1.245175812076757,0.8245328298911846
2024-06-05,2.2073606605148717,1.9333190441022265
2024-06-06,2.2890115313284625,1.8707549848188456
2024-06-07,2.169691091376559,1.7468463415566498
2024-06-10,2.141296368713199,1.6733351957509137
2024-06-11,2.0171999831647214,1.579136542476638
2024-06-12,1.89879766268448,1.4686130104708368
2024-06-13,1.7882731216844483,1.365186629978734
2024-06-14,1.6856802227327679,1.274336669991919
2024-06-18,1.5895541346913644,1.19159311405267
2024-06-19,1.5025610566658625,1.1218607933829232
2024-06-20,1.417679848603642,1.0480919281442351
2024-06-21,1.339031743460098,0.9853404900289625
2024-06-24,1.2716831894561835,0.9702341055003251
2024-06-25,1.2029509975161468,0.9142353187687075
2024-06-26,1.16942090105109,0.8863999249629751
2024-06-27,1.1305798016764623,0.8571509443155806
2024-06-28,1.0908131128846272,0.8282574574494442
2024-07-01,1.0393977362319937,0.8172608594429002
2024-07-02,0.9987680817606261,0.7868282802764176
2024-07-03,0.9495322070914728,0.7521476483793941
2024-07-04,0.9240188954432884,0.7311887936274576
2024-07-05,0.8797827314565987,0.693171824478783
2024-07-08,0.8398633696443277,0.6690576618850341
2024-07-09,0.8027804091196087,0.6443415456188663
2024-07-10,0.7793570173542426,0.6261023305328115
2024-07-11,0.7691937832397436,0.6673268073431443
2024-07-12,0.7376585403283352,0.6414178657365318
2024-07-15,0.742323545596931,0.6325146150955973
2024-07-16,0.7133278164190539,0.605616052837759
2024-07-18,0.685798596014722,0.5772184748970093
2024-07-19,0.6970019272425935,0.5733588794585186
2024-07-22,0.7367790542336657,0.6732837370973951
2024-07-23,0.7097680907453479,0.6582843205051253
2024-07-24,0.6842161128335333,0.6399986380837136
2024-07-25,0.6715865886356461,0.6557677789250711
2024-07-26,0.6506031837420241,0.6432909985556117
2024-07-29,0.7915737406433997,0.6611712946262066
2024-07-30,0.757685258808127,0.6281786800884173
2024-07-31,0.7267102748013011,0.5998189216384384
2024-08-01,0.7038344256825007,0.5807716022332416
2024-08-02,0.6777169656151918,0.5570760122219746
2024-08-05,0.7455611651518098,0.6854487261429801
2024-08-06,1.1411465852712717,1.0922231796420965
2024-08-07,1.0844509600071084,1.050276369861896
2024-08-08,1.0789816933385337,1.0158450971452877
2024-08-09,1.053223993828065,1.0470771042210354
2024-08-12,1.0445069007472076,1.0106527839106225
2024-08-13,0.9922354553278221,0.9594471940866939
2024-08-14,0.9872372914702638,1.0146488320247709
2024-08-16,0.93911260833931,0.9552001519838946
2024-08-19,1.0249984515431567,0.9474582468113218
2024-08-20,0.9735642452599734,0.8952608560689932
2024-08-21,0.9342931571086295,0.8551799119290114
2024-08-22,0.8894956139950223,0.808099067411201
2024-08-23,0.8486991821514039,0.7667991148290527
2024-08-26,0.8102487785638156,0.7246547922160209
2024-08-27,0.8041831502809671,0.7081457996565048
2024-08-28,0.7693443517631476,0.672761277531594
2024-08-29,0.7372284862180434,0.6398705739444074
2024-08-30,0.716754158146397,0.6200342357611797
2024-09-02,0.6923149088553899,0.5972398416853959
2024-09-03,0.6687590980125221,0.5747980837589194
2024-09-04,0.6454027210695537,0.5526258714450107
2024-09-05,0.6311597353948344,0.5622261738071949
2024-09-06,0.6156353013555171,0.5631872793696423
2024-09-09,0.7231839978461976,0.7156867984951869
2024-09-10,0.7059331013998084,0.6908059923140222
2024-09-11,0.6893409510068937,0.6673782641043556
2024-09-12,0.6857089905044882,0.6988891843194273
2024-09-13,0.8452960315169371,0.716916695321146
2024-09-16,0.8084240681492407,0.693315585419549
2024-09-17,0.7733098035238308,0.659615075038553
2024-09-18,0.7409661687100607,0.6283681519315192
2024-09-19,0.7144645788082393,0.6208545675696086
2024-09-20,0.690345340554448,0.598112523006216
2024-09-23,0.8241072472769847,0.6204096056168473
2024-09-24,0.796981913962047,0.6029848069379331
2024-09-25,0.7629909035281083,0.5800807745807185
2024-09-26,0.7351256542082335,0.561004875163755
2024-09-27,0.740460356387256,0.5585839816648279
2024-09-30,0.7200452824251833,0.5757837750378291
2024-10-01,0.8464422191500879,0.7680238573755228
2024-10-03,0.8087697052101601,0.7344575217116681
2024-10-04,1.0315405083023177,1.0068284710833528
2024-10-07,1.0325788450536029,1.0721012979915083
2024-10-08,1.015397361364722,1.1041948483243982
2024-10-09,0.9859429712417629,1.0526100307574662
2024-10-10,0.9408091872078436,1.0137070917507638
2024-10-11,0.8960110648023958,0.9539601724307145
2024-10-14,0.8606521452170445,0.9336353586170134
2024-10-15,0.8468973448666653,0.8980320983501643
2024-10-16,0.8122989107871577,0.8710305355293236
2024-10-17,0.7894631001486561,0.8718149456393218
2024-10-18,0.7842461139376401,0.9006071395212414
2024-10-21,0.7536401011482978,0.8538872526251151
2024-10-22,0.7243339903378982,0.8190722186191672
2024-10-23,0.7928235582497186,0.9275531353850693
2024-10-24,0.7623212741680311,0.8962234612068837
2024-10-25,0.7311912026902867,0.8493064650564528
2024-10-28,0.7556696605172039,0.9098451142820098
2024-10-29,0.7563578942075951,0.877377161088241
2024-10-30,0.7354967061545145,0.8384106790525606
2024-10-31,0.7301753897312595,0.8603974608351143
2024-11-01,0.7400282343063406,0.9015060982624228
2024-11-04,0.7190579576903984,0.8593886887354074
2024-11-05,0.7939319818367855,0.9684607873880571
2024-11-06,0.8013379255018869,0.9344592524500813
2024-11-07,0.8357737162476545,0.9114255153110505
2024-11-08,0.8702008578387335,0.9949472607344203
2024-11-11,0.8310821675534406,0.9449739783019748
2024-11-12,0.7941360498771357,0.8897242157075173
2024-11-13,0.834152160299482,0.9744359444987597
2024-11-14,0.8974310258181182,1.08077110479506
2024-11-18,0.8575912226416436,1.0315683472605277
2024-11-19,0.8267208129543818,1.0076202234391205
2024-11-21,0.7937135822025806,0.9524622813924432
2024-11-22,0.7830277188803033,0.9654964962319743
2024-11-25,1.0710753256725007,0.984166079786182
2024-11-26,1.0813266477204169,0.9603136474756848
2024-11-27,1.027315616720701,0.9210280031810214
2024-11-28,0.9779340783825273,0.8730466721400023
2024-11-29,1.0492901475121188,1.0250580903614406
2024-12-02,1.0341717677183002,0.9882609265649205
2024-12-03,0.9938299781669432,0.94247898181046
2024-12-04,0.9679603029040035,0.9066223784205678
2024-12-05,0.9207135756268221,0.8553221629391191
2024-12-06,0.9238749859116666,0.8352157986159593
2024-12-09,0.8805994644695868,0.7994785044110021
2024-12-10,0.845161915936171,0.7885131681068689
2024-12-11,0.8071802745024809,0.7481947686778729
2024-12-12,0.772085334639173,0.7091369655258822
2024-12-13,0.7478536593677948,0.7115255729755585
2024-12-16,0.7787802007743019,0.7050365279428994
2024-12-17,0.764130847366288,0.7308707294814047
2024-12-18,0.8487491916098657,0.8724627445352857
2024-12-19,0.8382110276858782,0.9032236692003787
2024-12-20,0.8938187128615606,1.0104960666866094
2024-12-23,0.9812647716329072,1.1463676747315108
2024-12-24,0.9498529857963132,1.0882356010257626
2024-12-26,0.904847744495408,1.0315052887845697
2024-12-27,0.8622731449515326,0.9698984688334802
2024-12-30,0.8257632033036962,0.9175525207485761
2024-12-31,0.8138049409508382,0.9375606444484339
2025-01-02,0.780624278675398,0.9012408258227569
2025-01-03,1.0200237057020416,0.9185452474229474
2025-01-06,1.0147711358113607,0.9821539617719799
2025-01-07,1.0949867762451906,1.1365461813200306
2025-01-08,1.0408429776998653,1.069048535265306
2025-01-09,0.9887531544261556,1.0116090887972007
2025-01-10,0.9677619752232333,1.0359241724460813
2025-01-13,0.9276204070626087,1.011545197167793
2025-01-14,0.9893245369888726,1.128614907433703
2025-01-15,0.9415255715441394,1.059503753603101
2025-01-16,0.8988499679516466,0.9990533463849819
2025-01-17,0.8635477097802667,0.9479157963472143
2025-01-20,0.8459338824896897,0.9620211702810498
2025-01-21,0.8243823912690905,0.9197015054507782
2025-01-22,0.9463286790594458,1.0839256103961263
2025-01-23,0.925275465178941,1.0350439726589353
2025-01-24,0.881363884583733,0.9725378040487819
2025-01-27,0.8544480377254962,0.9691779486374653
2025-01-28,0.8912101045939522,1.0523544927096773
2025-01-29,0.8730523249635729,1.0053059278706156
2025-01-30,0.8664245868579215,0.9663862123905715
2025-01-31,0.8297859137418159,0.9145926513230238
2025-02-03,0.8409816918091719,0.8880890069087658
2025-02-04,0.8163218820374444,0.8892618134249971
2025-02-05,0.9495834485434428,0.891668732744652
2025-02-06,0.9148223177551605,0.8915947206093694
2025-02-07,0.8775360471754252,0.8757699616064927
2025-02-10,0.8426442890913837,0.859048254649405
2025-02-11,0.8397749720766806,0.9019458632168695
2025-02-12,0.9117871938482719,1.0258956591835757
2025-02-13,0.871256408666406,0.9840349933907436
2025-02-14,0.8316716168588,0.9317530855398586
2025-02-17,0.8009943543021646,0.9110462387886903
2025-02-18,0.7662888223159044,0.857499629493426
2025-02-19,0.7350508929496682,0.8161245152730461
2025-02-20,0.7063878449765545,0.7781427459034107
2025-02-21,0.6872444164670769,0.7717986049399167
2025-02-24,0.6901503056718474,0.8038605764390612
2025-02-25,0.764071056894541,0.9126733906794503
2025-02-27,0.7335611545290593,0.8627146873927382
2025-02-28,0.7045001999147595,0.8145826859901308
2025-03-03,0.9168610737522164,1.0391786461452468
2025-03-04,0.8757506804422165,0.9951873944158305
2025-03-05,0.8373716311731563,0.9526242144134377
2025-03-06,0.8527368226322118,0.9241923110494026
2025-03-07,0.847998936056489,0.8925400402488469
2025-03-10,0.809891975551888,0.8446452727358005
2025-03-11,0.7823851007709168,0.8355592553773425
2025-03-12,0.7495761040964262,0.7935182594305527
2025-03-13,0.720770800448954,0.7648465072932262
2025-03-17,0.7004392416229732,0.7601229590930749
2025-03-18,0.6854066087246315,0.7315038128413303
2025-03-19,0.8010120801144267,0.7389072370175229
2025-03-20,0.7674307548789423,0.7038625245470369
2025-03-21,0.814729101826121,0.7029324580866182
2025-03-24,0.8061664210888689,0.6874665859252326
2025-03-25,0.8760134203137592,0.694704690103197
2025-03-26,0.835444057429017,0.6585588149919648
2025-03-27,0.8570947174552735,0.7533183132100568
2025-03-28,0.8251634389857626,0.7237056164744947
2025-04-01,0.794437739421408,0.7194230206367731
2025-04-02,0.9597822518251575,0.9419032937766498
2025-04-03,0.9397561710561116,0.9071849435358326
2025-04-04,0.9070033372474101,0.9085586403896257
2025-04-07,0.9534119034597549,1.0177301870129687
2025-04-08,1.3182764042094128,1.3892349251304614
2025-04-09,1.322090572240777,1.3330693181393225
2025-04-11,1.2623025707666158,1.304373286397214
2025-04-15,1.306117571270625,1.2655579328940505
2025-04-16,1.385837687438927,1.2407133356951985
2025-04-17,1.3131258711693328,1.166293875851222
2025-04-21,1.3727092771352616,1.1469590445179167
2025-04-22,1.335224356911805,1.1025576647304862
2025-04-23,1.2628142082158054,1.0363162740595206
2025-04-24,1.20836862550504,0.9890539927321804
2025-04-25,1.1524263698114088,0.9793626844970024
2025-04-28,1.120029377399849,1.014976468299782
2025-04-29,1.125673637190933,0.9887187803507207
2025-04-30,1.0667226009643243,0.9285287704998153
2025-05-02,1.012655147786285,0.8831072786770623
2025-05-05,0.9652665185858196,0.8396029568350074
2025-05-06,0.9228031930727213,0.8012176060897531
2025-05-07,0.8822615091326202,0.7835371549972356
2025-05-08,0.841460686738282,0.7427451740540219
2025-05-09,0.8233171376943437,0.7707408630158126
2025-05-12,0.8668730453156788,0.8771157058535126
2025-05-13,1.3997238311748226,0.9439661163189108
2025-05-14,1.4164531841768246,1.0980530538097792
2025-05-15,1.3383195922771116,1.0319051010364386
2025-05-16,1.338329390992259,1.010472690442185
2025-05-19,1.2681424221604343,0.9800517646728716
2025-05-20,1.2054377570655623,0.9632115755450925
2025-05-21,1.1944167827254035,1.044519985409127
2025-05-22,1.138977769951491,0.9919256336484135
2025-05-23,1.1116828908740302,1.0331807633969847
2025-05-26,1.0892380170384128,0.995308936302671
2025-05-27,1.0442962573501309,0.9488570553918547
2025-05-28,1.0241870842741385,0.9904484131155035
2025-05-29,0.978863007403669,0.9681767931813675
2025-05-30,0.9362537304321538,0.9192158227915588
2025-06-02,0.895541318937385,0.8947824131782398
2025-06-03,0.8548659981423132,0.8568874356350775
2025-06-04,0.8577981632249432,0.9104218998216289
2025-06-05,0.822633968154066,0.8644717573106799
2025-06-06,0.8006129369760776,0.82950814180105
2025-06-09,0.8107302265183338,0.8090898849480129
2025-06-10,0.7791275847760415,0.7716640694740826
2025-06-11,0.7472271669125363,0.7408364686676009
2025-06-12,0.7173891023944903,0.7042032490632141
2025-06-13,0.7656306516180658,0.8034260009045922
2025-06-16,0.7718945847954055,0.8513385157054415
2025-06-17,0.7776165948452649,0.8264434340888323
2025-06-18,0.7515856582943781,0.8149378618119053
2025-06-19,0.7245223160715322,0.793240928269147
2025-06-20,0.6979388762622615,0.765047660201484
2025-06-23,0.7716437482493974,0.761883814780474
2025-06-24,0.7696452520432703,0.8027886332531715
2025-06-25,0.7385836991242571,0.7622655409313144
2025-06-26,0.7504380569155177,0.7456783112496582
2025-06-27,0.8030221125376152,0.7417333332800555
2025-06-30,0.7737942698911263,0.711558651453046
2025-07-01,0.7647713248456374,0.7460832823371114
2025-07-02,0.733118302310064,0.707750300670548
2025-07-03,0.7153069015169092,0.7171493553687256
2025-07-04,0.6926428236079374,0.7080651720817014
2025-07-07,0.668976808138598,0.6766809388724273
2025-07-08,0.6454500380168288,0.6444763439689469
2025-07-09,0.6290978726290581,0.6210587240138365
2025-07-10,0.6148847865175159,0.6207453824580302
2025-07-11,0.6143769351051284,0.6467412119850371
2025-07-14,0.6579516928169975,0.7275499146705396
2025-07-15,0.6452052422594043,0.7295971236571219
2025-07-16,0.6316845180322497,0.7011811259886946
2025-07-17,0.6112903192186834,0.6655792898327823
2025-07-18,0.6144064248952092,0.693018415915388
2025-07-21,0.6317087825601351,0.7388286901480156
2025-07-22,0.6292416931463897,0.7144678442836966
2025-07-23,0.6095501808066419,0.6825568791389609
2025-07-24,0.6194525619454149,0.6664702990493476
2025-07-25,0.6409738353091902,0.7210236700085287
2025-07-28,0.6863082877680765,0.8012464085873636
2025-07-29,0.7032031214830968,0.8494174633002042
2025-07-30,0.6935429573147825,0.8159183498322722
2025-07-31,0.6686507693122085,0.7737679033291683
2025-08-01,0.6585950425329338,0.779975199318038
2025-08-04,0.6816243741323635,0.8327775491396708
2025-08-05,0.6720713502667294,0.7997145051186334
2025-08-06,0.6627558533192613,0.8058074044271099
2025-08-07,0.6450628887164688,0.7893628722192733
2025-08-08,0.6235520656277052,0.7470767182390694
2025-08-11,0.6823067443351408,0.834878744604333
2025-08-12,0.7111509401049855,0.814531677885566
2025-08-13,0.7028914606497095,0.8291104303894243
2025-08-14,0.6834233003587146,0.792036143221149
2025-08-18,0.6584522847191732,0.7487063459085249
2025-08-19,0.6799921592614797,0.7328117832901492
2025-08-20,0.6666947583082518,0.7063018182768084
2025-08-21,0.6461608717082729,0.675959680023228
2025-08-22,0.6254301907402555,0.6454042032189019
2025-08-25,0.6693150297754232,0.728783128541882
2025-08-26,0.6543213839238157,0.7010164723216863
2025-08-28,0.7205707809302806,0.8068474437324495
2025-08-29,0.7521734758359744,0.8779466141497545
2025-09-01,0.7322278800930502,0.8716204453887738
2025-09-02,0.7301858900536687,0.8405820924256645
2025-09-03,0.7083289979273569,0.8274333577546936
2025-09-04,0.6954293482582136,0.7945768749553765
2025-09-05,0.6705399428742244,0.7545468522702689
2025-09-08,0.6470654819217043,0.7184060095116885
2025-09-09,0.6253567974226356,0.6819409522112727
2025-09-10,0.6140036642864853,0.6575310770748888
2025-09-11,0.6043968432118059,0.6354240784403089
2025-09-12,0.58714661333613,0.6074013470897919
2025-09-15,0.5826371153577783,0.5904347764954923
2025-09-16,0.5704750771589724,0.5843128272759522
2025-09-17,0.5930628967475362,0.5783308460462289
2025-09-18,0.5846522089851661,0.5618487818732162
2025-09-19,0.5775412308061036,0.5468555938848775
2025-09-22,0.5860986319740379,0.586250031764613
2025-09-23,0.6027739445807615,0.6355264014158037
2025-09-24,0.5864838172749874,0.6165715376627048
2025-09-25,0.5941848425881175,0.6504788316178567
2025-09-26,0.6224137075813669,0.7099281384201995
2025-09-29,0.6747489953908026,0.7949784754328556
2025-09-30,0.6519705152518857,0.763574514674319
2025-10-01,0.6323520592603907,0.7402922857364077
2025-10-03,0.6640025703200789,0.7267713462485313
2025-10-06,0.6441831383243712,0.6952040276778291
2025-10-07,0.6552186675119956,0.6799922469987305
2025-10-08,0.6335467789197244,0.6488805738267068
2025-10-09,0.6179045346393665,0.643299075968408
2025-10-10,0.613206656196645,0.6250788044810174
2025-10-13,0.603724719715406,0.6055811459573138
2025-10-14,0.5920651029262475,0.606497871007142
2025-10-15,0.5903583985051207,0.6267034782299418
2025-10-16,0.6072692777281861,0.6165473292250567
2025-10-17,0.6633497227967067,0.6181092951619781
2025-10-20,0.6601453815407666,0.6048198290550819
2025-10-21,0.6509634268403731,0.5897252692040942
2025-10-23,0.6288380312716648,0.5628783742192087
2025-10-24,0.609355641927902,0.5405316349104012
2025-10-27,0.6090117822421743,0.5723932609142501
2025-10-28,0.6205296960378258,0.5656174974405416
2025-10-29,0.6058042809710189,0.5655282956176428
2025-10-30,0.5991836283536209,0.5517845922907075
2025-10-31,0.6286171282408943,0.6229300599097182
2025-11-03,0.638181037161759,0.6672269511640427
2025-11-04,0.6172028320650633,0.6334615113514486
2025-11-06,0.6350226572812683,0.6859257863395427
2025-11-07,0.6188744579469776,0.6761296761284596
2025-11-10,0.6021499997239085,0.6592243758564676
2025-11-11,0.592952592152466,0.6364873699353732
2025-11-12,0.5857645066391168,0.6161527748673221
2025-11-13,0.60417686917614,0.6070948417789421
2025-11-14,0.5864766507258617,0.5800491007341111
2025-11-17,0.5703615718762658,0.5547117856517226
2025-11-18,0.5692500636660836,0.5425166975476443
2025-11-19,0.5679028254132016,0.5635393287561319
2025-11-20,0.5787936833507206,0.5553254648034512
2025-11-21,0.581343262402705,0.5451269781507032
2025-11-24,0.5894799343265157,0.5847943527477647
2025-11-25,0.5900988647702066,0.6104653678282012
2025-11-26,0.5892395122456707,0.6314741317943059
2025-11-27,0.6743482664079965,0.6371303163315483
2025-11-28,0.6504942996954063,0.6082859554599297
2025-12-01,0.6288765941119857,0.5848286792897133
2025-12-02,0.6102456281737354,0.5704849419283847
2025-12-03,0.625902752412706,0.624462614993933
2025-12-04,0.6068106007243823,0.6022892083331486
2025-12-05,0.5899407842892945,0.5779245851408513
2025-12-08,0.5911620573630233,0.5660082104123849
2025-12-09,0.6235991411558338,0.6378095676556622
2025-12-10,0.6302206588564322,0.67550994232429
2025-12-11,0.6218610876915596,0.6852439554200527
2025-12-12,0.6179815863776892,0.6642113583961251
2025-12-15,0.6162792717768492,0.6456449734364241
2025-12-16,0.5985690887822952,0.6250556965568115
2025-12-17,0.6199548174866175,0.6793454229534398
2025-12-18,0.6039987124762468,0.6656711043931529
2025-12-19,0.5881083494169228,0.6469503157980769
2025-12-22,0.5899687720127631,0.629768089997541
2025-12-23,0.6121776054048957,0.6209430921435828
2025-12-24,0.5945812119668985,0.6006182749865082
2025-12-26,0.5808994291347581,0.5925142342327719
2025-12-29,0.585843080517761,0.6230379979226843
2025-12-30,0.5882983892718333,0.6478894602409776
2025-12-31,0.5725329147384979,0.6223038094209689
2026-01-02,0.5863215267598371,0.6106903595162231
2026-01-05,0.5973601139530191,0.5997152456700832
2026-01-06,0.5961054458681461,0.6224660517597528
2026-01-07,0.5999870636159594,0.6518203566690272
2026-01-08,0.5852741567188785,0.6376856211939517
2026-01-09,0.6470425552228575,0.7323233557249189
2026-01-12,0.6714643774208281,0.7892707826269434
2026-01-13,0.6541942426968858,0.755065985650641
2026-01-14,0.641790441656507,0.7546400283084472
2026-01-16,0.6303527487780961,0.753530441927667
2026-01-19,0.612168000245527,0.718150123024261
2026-01-20,0.6100442968886558,0.732357334095488
2026-01-21,0.7267671505711318,0.8704930815314698
2026-01-22,0.7088027346272939,0.8637412319045694
2026-01-23,0.694292299880715,0.8269192096087912
2026-01-27,0.7380751950029428,0.9045038510659624
2026-01-28,0.7158952164360896,0.8612028801808586
2026-01-29,0.7078708602129878,0.8279881430579954
2026-01-30,0.683852068306457,0.787627635850518
2026-02-02,0.6719219220439173,0.7920467891570893
2026-02-03,0.6943217041650714,0.8453111173794198
2026-02-04,1.0148664172298962,0.8752855095093826
2026-02-05,0.9639203953798773,0.8254410154605426
2026-02-06,0.9399566652354852,0.8578093048977736
2026-02-09,0.8981021903520297,0.8164093656498845
2026-02-10,0.8709082692292203,0.7866574964761294
2026-02-11,0.8327148262974507,0.7491765904603802
2026-02-12,0.7962317961166944,0.7181726088710866
2026-02-13,0.7951256140463907,0.7689333357049051
2026-02-16,0.8659356746626782,0.8986334327127297
2026-02-17,0.8563425296617245,0.8680394841533562
2026-02-18,0.8185429920342067,0.822339024083044
2026-02-19,0.7871863784210137,0.7846252710686654
2026-02-20,0.8957477879768113,0.9464397112967909
2026-02-23,0.8594994847747505,0.8991205352771705
2026-02-24,0.8358468397220621,0.8620629954162176
2026-02-25,0.9035264356800197,0.9855982289198261
2026-02-26,0.860828233990527,0.924894335532052
2026-02-27,0.8219524832017909,0.8769065932234407
2026-03-02,0.8756898236359136,0.9822635903264603
2026-03-04,0.9371011122059001,1.0932272283473048
2026-03-05,1.003415787300003,1.2072398024160962
2026-03-06,1.010026689157617,1.1584708996616553
2026-03-09,1.0600509567769028,1.261155111463333
2026-03-10,1.1510517675030278,1.4003483260806162
2026-03-11,1.1157773245313711,1.3228239137927023
2026-03-12,1.1968494530917608,1.4549764543557893
2026-03-13,1.1882166435480273,1.4856561689244314
2026-03-16,1.2891198074470636,1.6289204740871033
2026-03-17,1.274088203298194,1.5408708491146093
2026-03-18,1.2237019154519626,1.4467401481669775
2026-03-19,1.1823522723397177,1.364726746498634
2026-03-20,1.5372443577111514,1.7266126133865876
2026-03-23,1.4547758179747317,1.6035321609271398
2026-03-24,1.5887155831846416,1.8080191403897807
2026-03-25,1.600999914589654,1.7197137937438578
2026-03-27,1.585474606497808,1.6330976749169441
2026-03-30,1.663389575317501,1.8022085927873541
2026-04-01,1.7260430909662858,1.946810151395002
2026-04-02,1.699040361682295,1.8360928603500781
2026-04-06,1.6022091740885591,1.6957141088535082
2026-04-07,1.5430128009201651,1.5949800317827874
2026-04-08,1.468382396705044,1.4932693857318455
2026-04-09,1.8270175970205855,1.502357690342619
2026-04-10,1.7658797140784586,1.5437553688706642
2026-04-13,1.7005573428159644,1.4628173542487029
2026-04-15,1.6310873016444158,1.4703053200457055
2026-04-16,1.6138717345639655,1.4105527909910938
2026-04-17,1.5231076639562617,1.3307586623737457
2026-04-20,1.4483396541323794,1.2548495477363804
2026-04-21,1.3671232014444603,1.167922438516685
2026-04-22,1.3211207474402096,1.1175107304424337
2026-04-23,1.288695236423795,1.1678488257433215
2026-04-24,1.2705779186584811,1.2304287678662094
2026-04-27,1.2742032169165596,1.3135398534449596
2026-04-28,1.2285083639054077,1.2450159946778203
2026-04-29,1.1774736320808676,1.2286487366871341
2026-04-30,1.1377524380288437,1.1672446623475148
2026-05-04,1.1077636240349018,1.1858660102822152
2026-05-05,1.057444337714127,1.1185749505691194
2026-05-06,1.0106737206213778,1.0881295869449894
2026-05-07,1.0252178335998032,1.0534600796202909
2026-05-08,0.9756493165651111,1.0072857921439073
2026-05-11,0.9550233294962971,1.0303710383317382
2026-05-12,1.0643595602516007,1.1951877835436033
2026-05-13,1.1869418819248405,1.3717168516770577
2026-05-14,1.1236391666915442,1.2741972720675083
2026-05-15,1.1088782546046227,1.2164252509588138
2026-05-18,1.0546224538889934,1.1627416468522653
2026-05-19,1.0008130341909207,1.0867553572556874
2026-05-20,0.9531993501863072,1.0380994809275752
2026-05-21,0.9072322264075542,0.9754708972727688
2026-05-22,0.8675505932602892,0.940546013509093
2026-05-25,0.8311621857187631,0.8914583676794825
2026-05-26,0.899322333191386,0.881414990195255
2026-05-27,0.8837261630836396,0.9118617613493271
2026-05-29,0.846133595453039,0.8836326715763438
2026-06-01,0.9359209641417533,1.027753716381463
2026-06-02,0.9206639972271301,1.0509873951689936
2026-06-03,0.8879361349835428,0.9980894153313725
2026-06-04,0.8590771382424764,0.9892477079027926
2026-06-05,0.8199060564389238,0.9292488015276266
2026-06-08,0.7866808155896705,0.8958041353479427
2026-06-09,0.8197052051227864,0.9709613018384938
2026-06-10,0.7973036659927538,0.9261031487981748
2026-06-11,0.7629205732025287,0.8715575172176336
2026-06-12,0.7359936969374462,0.8490211478921698
2026-06-15,0.9875393721335561,0.8707805833964677
2026-06-16,0.9804852494580374,0.848518586101427
2026-06-17,0.9537965909649675,0.8200855700652591
2026-06-18,0.9153979462343452,0.7860332207836013
2026-06-19,0.8757732469532313,0.7511302868318466
2026-06-22,0.8763920376543539,0.8153344672919922
2026-06-23,0.8415813671576509,0.7794456973122026
2026-06-24,0.8905718258151635,0.8940618597827118
2026-06-25,0.9013201935115112,0.8716658806793158
2026-06-29,0.8591478604200081,0.8236058397587148
2026-06-30,0.837434986463879,0.8406525475574654
2026-07-01,0.8089912607175685,0.8360659079210125
2026-07-02,0.7902874326383202,0.8046000342589607
2026-07-03,0.7863922374310357,0.7812367801897465
2026-07-06,0.7577267811023501,0.7469917083847505
2026-07-07,0.7507436237539842,0.7259600204765422
2026-07-08,0.7226923907126996,0.7073499062886657
2026-07-09,0.9839442155403394,0.9929165563294549
2026-07-10,0.9384388040676187,0.9391633876943136
2026-07-13,0.9472471380620704,0.9139571052813612
2026-07-14,0.9012517922701587,0.8596859852545861
2026-07-15,0.8933697906688597,0.9050710344006174
2026-07-16,0.8520991803417307,0.8549018207739061
2026-07-17,0.8135758479123101,0.8088799180353259
2026-07-20,0.8607610576727857,0.8007317573218729
2026-07-21,0.8446660124915011,0.8308812640561568
2026-07-22,0.8147337670168531,0.8248220440434824
2026-07-23,0.8380757144742422,0.9009349607729813
2026-07-27,0.8178485178238325,0.9097062842014232
2026-07-28,0.7983485727118782,0.8717706401517059
