Date,NSEI,NSEI_ret,realized_vol_5d,regime,regime_label
2015-01-09,8284.5,0.6041557177688,1.7346155419953504,2,High Volatility / Crisis
2015-01-12,8323.0,0.4636467736743234,1.7660090377098006,2,High Volatility / Crisis
2015-01-13,8299.400390625,-0.2839496664365051,0.7923238377336409,1,Low-Momentum / Sideways
2015-01-14,8277.5498046875,-0.26362628028638235,0.7815849481587908,1,Low-Momentum / Sideways
2015-01-15,8494.150390625,2.5830729950324276,1.1700717052555318,1,Low-Momentum / Sideways
2015-01-16,8513.7998046875,0.23106162211340323,1.1832102282508214,1,Low-Momentum / Sideways
2015-01-19,8550.7001953125,0.4324820315931695,1.183834697606631,1,Low-Momentum / Sideways
2015-01-20,8695.599609375,1.680393189462208,1.1679562410181474,1,Low-Momentum / Sideways
2015-01-21,8729.5,0.3890988763950604,1.0290302610045072,1,Low-Momentum / Sideways
2015-01-22,8761.400390625,0.3647659672542357,0.597772644983825,0,Bull (Strong Uptrend)
2015-01-23,8835.599609375,0.8433216854945564,0.5597977207187977,0,Bull (Strong Uptrend)
2015-01-27,8910.5,0.8441385660836974,0.5324994079752176,0,Bull (Strong Uptrend)
2015-01-28,8914.2998046875,0.04263503418490414,0.34497090155976673,0,Bull (Strong Uptrend)
2015-01-29,8952.349609375,0.4259317047079271,0.34248055817592343,0,Bull (Strong Uptrend)
2015-01-30,8808.900390625,-1.6153405638702816,1.0195407939476053,1,Low-Momentum / Sideways
2015-02-02,8797.400390625,-0.13063506955069548,0.9333610642651088,1,Low-Momentum / Sideways
2015-02-03,8756.5498046875,-0.4654298232220474,0.7776171588614952,1,Low-Momentum / Sideways
2015-02-04,8723.7001953125,-0.3758487212147993,0.7468990378142514,0,Bull (Strong Uptrend)
2015-02-05,8711.7001953125,-0.13765100457609084,0.616077103265967,0,Bull (Strong Uptrend)
2015-02-06,8661.0498046875,-0.5831032408607971,0.20055235917167027,0,Bull (Strong Uptrend)
2015-02-09,8526.349609375,-1.5674617197285399,0.5511427754753453,1,Low-Momentum / Sideways
2015-02-10,8565.5498046875,0.4586999150377187,0.7407487005955881,1,Low-Momentum / Sideways
2015-02-11,8627.400390625,0.7194908616778425,0.9079558028440068,1,Low-Momentum / Sideways
2015-02-12,8711.5498046875,0.9706478627223794,1.0567846305871438,1,Low-Momentum / Sideways
2015-02-13,8805.5,1.0726817268910518,1.0875006108323144,1,Low-Momentum / Sideways
2015-02-16,8809.349609375,0.04370868354434235,0.4154643101690131,0,Bull (Strong Uptrend)
2015-02-18,8869.099609375,0.6759668427262326,0.40117216858444,0,Bull (Strong Uptrend)
2015-02-19,8895.2998046875,0.2949743889349689,0.43829417685069516,0,Bull (Strong Uptrend)
2015-02-20,8833.599609375,-0.6960437077779418,0.6696711914658386,0,Bull (Strong Uptrend)
2015-02-23,8754.9501953125,-0.8943311319236859,0.6640528387368668,0,Bull (Strong Uptrend)
2015-02-24,8762.099609375,0.08162806567537197,0.6665324935973074,0,Bull (Strong Uptrend)
2015-02-25,8767.25,0.05876305610850604,0.5278782612152119,0,Bull (Strong Uptrend)
2015-02-26,8683.849609375,-0.9558254487962844,0.5124548745430758,0,Bull (Strong Uptrend)
2015-02-27,8844.599609375,1.8342125395864908,1.1274733838503095,1,Low-Momentum / Sideways
2015-03-02,8956.75,1.2600378838793267,1.0996759835665355,1,Low-Momentum / Sideways
2015-03-03,8996.25,0.44003858673006596,1.0807089809368182,1,Low-Momentum / Sideways
2015-03-04,8922.650390625,-0.8214792388202198,1.2365978240135438,1,Low-Momentum / Sideways
2015-03-05,8937.75,0.169084820521354,1.0232325732184662,1,Low-Momentum / Sideways
2015-03-09,8756.75,-2.045904811401918,1.2719260989666201,1,Low-Momentum / Sideways
2015-03-10,8712.0498046875,-0.5117729137055929,0.9759703640034928,1,Low-Momentum / Sideways
2015-03-11,8699.9501953125,-0.138980143838521,0.8554444845670771,1,Low-Momentum / Sideways
2015-03-12,8776.0,0.870342200550124,1.0844071996788576,1,Low-Momentum / Sideways
2015-03-13,8647.75,-1.4721551472009753,1.1418962159628916,1,Low-Momentum / Sideways
2015-03-16,8633.150390625,-0.1689681963150601,0.8411839385346804,1,Low-Momentum / Sideways
2015-03-17,8723.2998046875,1.038809476984804,1.0060313734709974,1,Low-Momentum / Sideways
2015-03-18,8685.900390625,-0.42965180681336584,1.0261320516915107,1,Low-Momentum / Sideways
2015-03-19,8634.650390625,-0.5917842938767325,0.9058714992531561,1,Low-Momentum / Sideways
2015-03-20,8570.900390625,-0.7410433126336075,0.7127884206484368,1,Low-Momentum / Sideways
2015-03-23,8550.900390625,-0.23362039252688188,0.7131579732615383,0,Bull (Strong Uptrend)
2015-03-24,8542.9501953125,-0.09301819792756466,0.2618695204602186,0,Bull (Strong Uptrend)
2015-03-25,8530.7998046875,-0.14232834235154115,0.2887686614241502,0,Bull (Strong Uptrend)
2015-03-26,8342.150390625,-2.2362097108321906,0.902493891198804,1,Low-Momentum / Sideways
2015-03-27,8341.400390625,-0.008990891811211021,0.9501133951856621,1,Low-Momentum / Sideways
2015-03-30,8492.2998046875,1.7928732765285011,1.427361198639272,1,Low-Momentum / Sideways
2015-03-31,8491.0,-0.015306856794447524,1.4283898358906366,1,Low-Momentum / Sideways
2015-04-01,8586.25,1.1155307528727894,1.530996281840812,1,Low-Momentum / Sideways
2015-04-06,8659.900390625,0.8541133724940244,0.7735908156319399,1,Low-Momentum / Sideways
2015-04-07,8660.2998046875,0.0046121183134830894,0.7702814439096975,1,Low-Momentum / Sideways
2015-04-08,8714.400390625,0.6227533157299894,0.5071878371205809,0,Bull (Strong Uptrend)
2015-04-09,8778.2998046875,0.7305870171212896,0.41259516233328575,0,Bull (Strong Uptrend)
2015-04-10,8780.349609375,0.023348090715570997,0.40380690502135036,0,Bull (Strong Uptrend)
2015-04-13,8834.0,0.6091687484636806,0.35384970388519316,0,Bull (Strong Uptrend)
2015-04-16,8706.7001953125,-1.4515046525185487,0.914189533486488,1,Low-Momentum / Sideways
2015-04-17,8606.0,-1.1633232232741262,1.0065054844520507,1,Low-Momentum / Sideways
2015-04-20,8448.099609375,-1.8518116639556812,1.0393417914352332,1,Low-Momentum / Sideways
2015-04-21,8377.75,-0.8362135754524264,0.9425494997372125,1,Low-Momentum / Sideways
2015-04-22,8429.7001953125,0.6181825339152999,0.9462515805575615,1,Low-Momentum / Sideways
2015-04-23,8398.2998046875,-0.3731926202576211,0.9222307851848043,1,Low-Momentum / Sideways
2015-04-24,8305.25,-1.1141436198728827,0.9165824506082656,1,Low-Momentum / Sideways
2015-04-27,8213.7998046875,-1.1072202173819239,0.7255684751187117,1,Low-Momentum / Sideways
2015-04-28,8285.599609375,0.8703378361128562,0.9356147412452294,1,Low-Momentum / Sideways
2015-04-29,8239.75,-0.5549017492190248,0.8113339809843534,1,Low-Momentum / Sideways
2015-04-30,8181.5,-0.7094495768480639,0.8166908082458033,1,Low-Momentum / Sideways
2015-05-04,8331.9501953125,1.8222037975143817,1.2343501865397772,1,Low-Momentum / Sideways
2015-05-05,8324.7998046875,-0.08585577695799614,1.0649117449405539,1,Low-Momentum / Sideways
2015-05-06,8097.0,-2.7745365388399823,1.6413978498434472,2,High Volatility / Crisis
2015-05-07,8057.2998046875,-0.49151341398104287,1.6407311740144916,2,High Volatility / Crisis
2015-05-08,8191.5,1.651854271401412,1.8703659154527825,2,High Volatility / Crisis
2015-05-11,8325.25,1.6196034167464264,1.8232836477028078,2,High Volatility / Crisis
2015-05-12,8126.9501953125,-2.4107341992543527,2.1181298651644163,2,High Volatility / Crisis
2015-05-13,8235.4501953125,1.3262307208340642,1.774045278704107,2,High Volatility / Crisis
2015-05-14,8224.2001953125,-0.13669794296785853,1.7392700510240287,2,High Volatility / Crisis
2015-05-15,8262.349609375,0.4627952191887896,1.6029797367654224,2,High Volatility / Crisis
2015-05-18,8373.650390625,1.3380913913783619,1.543265582686951,2,High Volatility / Crisis
2015-05-19,8365.650390625,-0.09558345015271624,0.7272144479298069,1,Low-Momentum / Sideways
2015-05-20,8423.25,0.6861656693210338,0.6096137066887993,0,Bull (Strong Uptrend)
2015-05-21,8421.0,-0.02671534812630433,0.5845787826186736,0,Bull (Strong Uptrend)
2015-05-22,8458.9501953125,0.4496489481834225,0.5846654353589663,0,Bull (Strong Uptrend)
2015-05-25,8370.25,-1.0541322896106728,0.6696496010213778,0,Bull (Strong Uptrend)
2015-05-26,8339.349609375,-0.3698523791285403,0.689542659228467,0,Bull (Strong Uptrend)
2015-05-27,8334.599609375,-0.056975106091271474,0.5545822387590129,0,Bull (Strong Uptrend)
2015-05-28,8319.0,-0.18734224796336696,0.5457769829069186,0,Bull (Strong Uptrend)
2015-05-29,8433.650390625,1.3687646783197231,0.8862704394542503,1,Low-Momentum / Sideways
2015-06-01,8433.400390625,-0.002964359368572991,0.6956417697858015,1,Low-Momentum / Sideways
2015-06-02,8236.4501953125,-2.3630608931269648,1.3404870800272966,1,Low-Momentum / Sideways
2015-06-03,8135.10009765625,-1.238140439723643,1.4010473047366065,1,Low-Momentum / Sideways
2015-06-04,8130.64990234375,-0.05471860103022912,1.4093117664580803,1,Low-Momentum / Sideways
2015-06-05,8114.7001953125,-0.19636033769903508,1.022989075596624,1,Low-Momentum / Sideways
2015-06-08,8044.14990234375,-0.8732148739867545,0.9293873496317333,1,Low-Momentum / Sideways
2015-06-09,8022.39990234375,-0.2707490226705686,0.5058709502837044,1,Low-Momentum / Sideways
2015-06-10,8124.4501953125,1.2640440848079766,0.7860877926090933,1,Low-Momentum / Sideways
2015-06-11,7965.35009765625,-1.9777160752925256,1.1768341913929936,1,Low-Momentum / Sideways
2015-06-12,7982.89990234375,0.22008448289133065,1.21007229448639,1,Low-Momentum / Sideways
2015-06-15,8013.89990234375,0.38757800540692555,1.1992432873232868,1,Low-Momentum / Sideways
2015-06-16,8047.2998046875,0.41590853857635357,1.2105365176857397,1,Low-Momentum / Sideways
2015-06-17,8091.5498046875,0.5483675969067097,1.0666267658044901,1,Low-Momentum / Sideways
2015-06-18,8174.60009765625,1.0211514727058937,0.3042482145354774,0,Bull (Strong Uptrend)
2015-06-19,8224.9501953125,0.6140443483030782,0.2545638137036604,0,Bull (Strong Uptrend)
2015-06-22,8353.099609375,1.546043933276226,0.46007585538862755,0,Bull (Strong Uptrend)
2015-06-23,8381.5498046875,0.3400157603319678,0.478017761216592,0,Bull (Strong Uptrend)
2015-06-24,8360.849609375,-0.24727884395158908,0.6787903821210656,0,Bull (Strong Uptrend)
2015-06-25,8398.0,0.44335324134881215,0.6493739890347132,0,Bull (Strong Uptrend)
2015-06-26,8381.099609375,-0.20144580738723342,0.7240086693992382,0,Bull (Strong Uptrend)
2015-06-29,8318.400390625,-0.7509148581665224,0.4855710429347295,0,Bull (Strong Uptrend)
2015-06-30,8368.5,0.6004681365091595,0.5517854170197027,0,Bull (Strong Uptrend)
2015-07-01,8453.0498046875,1.0052642911917522,0.6949051671978379,0,Bull (Strong Uptrend)
2015-07-02,8444.900390625,-0.0964544764320111,0.6933332368052315,0,Bull (Strong Uptrend)
2015-07-03,8484.900390625,0.47254040314225765,0.6827453071122938,0,Bull (Strong Uptrend)
2015-07-06,8522.150390625,0.43805431106717685,0.3951110643706213,0,Bull (Strong Uptrend)
2015-07-07,8510.7998046875,-0.1332779992604704,0.47016068090195834,0,Bull (Strong Uptrend)
2015-07-08,8363.0498046875,-1.7512752525573723,0.9055468940440756,1,Low-Momentum / Sideways
2015-07-09,8328.5498046875,-0.41338217950059647,0.9063465149450419,1,Low-Momentum / Sideways
2015-07-10,8360.5498046875,0.38348430969963265,0.888624660419734,1,Low-Momentum / Sideways
2015-07-13,8459.650390625,1.1783656733947192,1.0819951917913908,1,Low-Momentum / Sideways
2015-07-14,8454.099609375,-0.06563631896272651,1.0826357218335718,1,Low-Momentum / Sideways
2015-07-15,8523.7998046875,0.8210743295109777,0.6442030761866896,0,Bull (Strong Uptrend)
2015-07-16,8608.0498046875,0.9835561378738018,0.5005859909160538,0,Bull (Strong Uptrend)
2015-07-17,8609.849609375,0.02090620523180413,0.571873049244479,0,Bull (Strong Uptrend)
2015-07-20,8603.4501953125,-0.0743543008016012,0.5204820817054655,0,Bull (Strong Uptrend)
2015-07-21,8529.4501953125,-0.8638404295993872,0.747705909051726,1,Low-Momentum / Sideways
2015-07-22,8633.5,1.2125080858812431,0.8459744376299446,1,Low-Momentum / Sideways
2015-07-23,8589.7998046875,-0.5074554770036643,0.7859491112519491,1,Low-Momentum / Sideways
2015-07-24,8521.5498046875,-0.7977203842615511,0.8519474865897392,1,Low-Momentum / Sideways
2015-07-27,8361.0,-1.9020189089775028,1.1284619506881186,1,Low-Momentum / Sideways
2015-07-28,8337.0,-0.28745977394444694,1.1205707576105253,1,Low-Momentum / Sideways
2015-07-29,8375.0498046875,0.45535850933296085,0.8593697136386353,1,Low-Momentum / Sideways
2015-07-30,8421.7998046875,0.5566534416230723,1.0091591128857105,1,Low-Momentum / Sideways
2015-07-31,8532.849609375,1.309981587126834,1.2175860543592567,1,Low-Momentum / Sideways
2015-08-03,8543.0498046875,0.11946892258352072,0.5920782496685855,0,Bull (Strong Uptrend)
2015-08-04,8516.900390625,-0.30655933038692057,0.597903703801708,0,Bull (Strong Uptrend)
2015-08-05,8567.9501953125,0.5976049525257857,0.6029543727519973,0,Bull (Strong Uptrend)
2015-08-06,8588.650390625,0.24130893825477714,0.6062031551942206,0,Bull (Strong Uptrend)
2015-08-07,8564.599609375,-0.2804226255741021,0.37903240594751636,0,Bull (Strong Uptrend)
2015-08-10,8525.599609375,-0.45640272766171375,0.4438239920672611,0,Bull (Strong Uptrend)
2015-08-11,8462.349609375,-0.744648944425946,0.5418088354881992,0,Bull (Strong Uptrend)
2015-08-12,8349.4501953125,-1.3431174840318332,0.5850142901968651,0,Bull (Strong Uptrend)
2015-08-13,8355.849609375,0.0766153789558186,0.5340884709927284,0,Bull (Strong Uptrend)
2015-08-14,8518.5498046875,1.9284270024607542,1.2483328042268729,1,Low-Momentum / Sideways
2015-08-17,8477.2998046875,-0.4854135797220708,1.250423679923002,1,Low-Momentum / Sideways
2015-08-18,8466.5498046875,-0.1268897173926015,1.2020711375725852,1,Low-Momentum / Sideways
2015-08-19,8495.150390625,0.337237573051901,0.9342902784401372,1,Low-Momentum / Sideways
2015-08-20,8372.75,-1.4513073495647133,1.243223138974398,1,Low-Momentum / Sideways
2015-08-21,8299.9501953125,-0.8732870680242015,0.6860636413804585,1,Low-Momentum / Sideways
2015-08-24,7809.0,-6.09725995392517,2.583097201079123,2,High Volatility / Crisis
2015-08-25,7880.7001953125,0.9139842514835899,2.7708755132493152,2,High Volatility / Crisis
2015-08-26,7791.85009765625,-1.1338429020653107,2.6091487318228084,2,High Volatility / Crisis
2015-08-27,7948.9501953125,1.9961540867943228,3.1084062402814103,2,High Volatility / Crisis
2015-08-28,8001.9501953125,0.6645417343079588,3.2035100758748247,2,High Volatility / Crisis
2015-08-31,7971.2998046875,-0.38377197180878236,1.2091516936867732,2,High Volatility / Crisis
2015-09-01,7785.85009765625,-2.353957047024599,1.666358087356805,2,High Volatility / Crisis
2015-09-02,7717.0,-0.8882308721944062,1.6368604627324583,2,High Volatility / Crisis
2015-09-03,7823.0,1.364242522747763,1.4378741395078178,2,High Volatility / Crisis
2015-09-04,7655.0498046875,-2.1702577450189775,1.509970566568244,2,High Volatility / Crisis
2015-09-07,7558.7998046875,-1.2653113658095734,1.4879154689391674,2,High Volatility / Crisis
2015-09-08,7688.25,1.6980767754825463,1.6975232919805816,2,High Volatility / Crisis
2015-09-09,7818.60009765625,1.6812333537542277,1.8398393496143086,2,High Volatility / Crisis
2015-09-10,7788.10009765625,-0.39085826532683093,1.741682324259113,2,High Volatility / Crisis
2015-09-11,7789.2998046875,0.015403174356981988,1.3095346309664777,1,Low-Momentum / Sideways
2015-09-14,7872.25,1.0592945398427487,0.9595944182160426,1,Low-Momentum / Sideways
2015-09-15,7829.10009765625,-0.549634403468119,0.9675474942500826,1,Low-Momentum / Sideways
2015-09-16,7899.14990234375,0.8907573043561995,0.7349403636604444,1,Low-Momentum / Sideways
2015-09-18,7981.89990234375,1.0421319740291772,0.7238130970570309,1,Low-Momentum / Sideways
2015-09-21,7977.10009765625,-0.060151699131815166,0.7369099297059024,1,Low-Momentum / Sideways
2015-09-22,7812.0,-2.0913936119176793,1.2689638521311082,1,Low-Momentum / Sideways
2015-09-23,7845.9501953125,0.4336486972064778,1.2684478622379254,1,Low-Momentum / Sideways
2015-09-24,7868.5,0.28699470722847764,1.1941286845061976,1,Low-Momentum / Sideways
2015-09-28,7795.7001953125,-0.9295122372462671,1.0485280914843766,1,Low-Momentum / Sideways
2015-09-29,7843.2998046875,0.6087314580231289,1.1518068377462867,1,Low-Momentum / Sideways
2015-09-30,7948.89990234375,1.3373902761021441,0.8200559986567015,1,Low-Momentum / Sideways
2015-10-01,7950.89990234375,0.02515754959328041,0.8296139226244326,1,Low-Momentum / Sideways
2015-10-05,8119.2998046875,2.095880198216427,1.1669983289348376,1,Low-Momentum / Sideways
2015-10-06,8152.89990234375,0.4129760698013392,0.8229124753002302,1,Low-Momentum / Sideways
2015-10-07,8177.39990234375,0.3000559533489925,0.8605705204559574,1,Low-Momentum / Sideways
2015-10-08,8129.35009765625,-0.589325816039762,0.9991820842277312,1,Low-Momentum / Sideways
2015-10-09,8189.7001953125,0.7396309429230271,0.9741999282729142,1,Low-Momentum / Sideways
2015-10-12,8143.60009765625,-0.5644936325841478,0.6032688517967323,0,Bull (Strong Uptrend)
2015-10-13,8131.7001953125,-0.14623268695636496,0.5724664777772607,0,Bull (Strong Uptrend)
2015-10-14,8107.89990234375,-0.2931144839264699,0.5418965260060918,0,Bull (Strong Uptrend)
2015-10-15,8179.5,0.8792141080753623,0.646215617135956,0,Bull (Strong Uptrend)
2015-10-16,8238.150390625,0.7144827515608405,0.6402870796304565,0,Bull (Strong Uptrend)
2015-10-19,8275.0498046875,0.44690883706706697,0.519067646093638,0,Bull (Strong Uptrend)
2015-10-20,8261.650390625,-0.16205672034621202,0.5226587161103439,0,Bull (Strong Uptrend)
2015-10-21,8251.7001953125,-0.12051093404612867,0.4758876634660958,0,Bull (Strong Uptrend)
2015-10-23,8295.4501953125,0.5287931868963475,0.3982283953109917,0,Bull (Strong Uptrend)
2015-10-26,8260.5498046875,-0.42160476348582177,0.41326139433427395,0,Bull (Strong Uptrend)
2015-10-27,8232.900390625,-0.3352778179937369,0.37363590828536375,0,Bull (Strong Uptrend)
2015-10-28,8171.2001953125,-0.7522568634822208,0.47639793994532215,0,Bull (Strong Uptrend)
2015-10-29,8111.75,-0.7302172980297642,0.5205012443429764,0,Bull (Strong Uptrend)
2015-10-30,8065.7998046875,-0.5680751342262694,0.1841494582621734,0,Bull (Strong Uptrend)
2015-11-02,8050.7998046875,-0.18614353765358402,0.24792694219026598,0,Bull (Strong Uptrend)
2015-11-03,8060.7001953125,0.12289844981697455,0.3801135210352482,0,Bull (Strong Uptrend)
2015-11-04,8040.2001953125,-0.25464428174963505,0.3347069960996605,0,Bull (Strong Uptrend)
2015-11-05,7955.4501953125,-1.0596729858654794,0.44808266610541225,0,Bull (Strong Uptrend)
2015-11-06,7954.2998046875,-0.014461454479229209,0.4610225235715598,0,Bull (Strong Uptrend)
2015-11-09,7915.2001953125,-0.4927652224989373,0.466047736544649,0,Bull (Strong Uptrend)
2015-11-10,7783.35009765625,-1.6798136847989233,0.6709415420191338,1,Low-Momentum / Sideways
2015-11-13,7762.25,-0.27146086971354116,0.6681857132999478,1,Low-Momentum / Sideways
2015-11-16,7806.60009765625,0.5697301642988936,0.8290948300486135,1,Low-Momentum / Sideways
2015-11-17,7837.5498046875,0.39567183391247834,0.8919301132953961,1,Low-Momentum / Sideways
2015-11-18,7731.7998046875,-1.3584591382027575,1.0152397119747856,1,Low-Momentum / Sideways
2015-11-19,7842.75,1.4247868942778303,1.038588806139348,1,Low-Momentum / Sideways
2015-11-20,7856.5498046875,0.17580157603643015,1.0119112357231197,1,Low-Momentum / Sideways
2015-11-23,7849.25,-0.09295680963622142,1.0015189978828676,1,Low-Momentum / Sideways
2015-11-24,7831.60009765625,-0.22511419581774497,0.9955524923975289,1,Low-Momentum / Sideways
2015-11-26,7883.7998046875,0.6643152490718722,0.6714768210447188,0,Bull (Strong Uptrend)
2015-11-27,7942.7001953125,0.744329606182762,0.4372709493866716,0,Bull (Strong Uptrend)
2015-11-30,7935.25,-0.0938432954834984,0.4649652908904413,0,Bull (Strong Uptrend)
2015-12-01,7954.89990234375,0.24732192560477395,0.4354519620082553,0,Bull (Strong Uptrend)
2015-12-02,7931.35009765625,-0.2964805657454975,0.4563020758347213,0,Bull (Strong Uptrend)
2015-12-03,7864.14990234375,-0.8508828559286394,0.5965417135249754,0,Bull (Strong Uptrend)
2015-12-04,7781.89990234375,-1.0513932743920034,0.5363469966821377,0,Bull (Strong Uptrend)
2015-12-07,7765.39990234375,-0.21225558652615326,0.5213538996034823,0,Bull (Strong Uptrend)
2015-12-08,7701.7001953125,-0.8236846826399093,0.3701979797572706,0,Bull (Strong Uptrend)
2015-12-09,7612.5,-1.1649476035916928,0.36839187499846254,0,Bull (Strong Uptrend)
2015-12-10,7683.2998046875,0.9257483913935133,0.8603050009188965,1,Low-Momentum / Sideways
2015-12-11,7610.4501953125,-0.9526788440796045,0.8444797178483666,1,Low-Momentum / Sideways
2015-12-14,7650.0498046875,0.5189829724764106,0.9515197798667027,1,Low-Momentum / Sideways
2015-12-15,7700.89990234375,0.6625034231155874,0.978511943881691,1,Low-Momentum / Sideways
2015-12-16,7750.89990234375,0.6471760590641962,0.7487406736524438,1,Low-Momentum / Sideways
2015-12-17,7844.35009765625,1.198458682397359,0.8078256295112259,1,Low-Momentum / Sideways
2015-12-18,7761.9501953125,-1.0559923429662534,0.8516813165772648,1,Low-Momentum / Sideways
2015-12-21,7834.4501953125,0.9297083993681328,0.8858445801520759,1,Low-Momentum / Sideways
2015-12-22,7786.10009765625,-0.6190595230165719,0.9969608964542134,1,Low-Momentum / Sideways
2015-12-23,7865.9501953125,1.0203237135106906,1.0495083929382047,1,Low-Momentum / Sideways
2015-12-24,7861.0498046875,-0.062318188892869955,0.9217661357596096,1,Low-Momentum / Sideways
2015-12-28,7925.14990234375,0.8121074246974173,0.7221739665985104,0,Bull (Strong Uptrend)
2015-12-29,7928.9501953125,0.04794082310730862,0.6712819973386339,0,Bull (Strong Uptrend)
2015-12-30,7896.25,-0.4132679706995248,0.6088650537371934,0,Bull (Strong Uptrend)
2015-12-31,7946.35009765625,0.6324752800432644,0.5073665887986557,0,Bull (Strong Uptrend)
2016-01-04,7791.2998046875,-1.9705014523420223,1.1131761217101857,1,Low-Momentum / Sideways
2016-01-05,7784.64990234375,-0.08538680302466864,0.9776710019657995,1,Low-Momentum / Sideways
2016-01-06,7741.0,-0.5622955254962513,0.9521214354137356,1,Low-Momentum / Sideways
2016-01-07,7568.2998046875,-2.2562432473354943,1.2347237324684581,1,Low-Momentum / Sideways
2016-01-08,7601.35009765625,0.4357430194614917,1.1775467678694236,1,Low-Momentum / Sideways
2016-01-11,7563.85009765625,-0.49455432107058095,1.0115575551780378,1,Low-Momentum / Sideways
2016-01-12,7510.2998046875,-0.7104947023205757,0.9710229783890141,1,Low-Momentum / Sideways
2016-01-13,7562.39990234375,0.691320150571891,1.1638396281655055,1,Low-Momentum / Sideways
2016-01-14,7536.7998046875,-0.33909243778356984,0.6118363852544773,1,Low-Momentum / Sideways
2016-01-15,7437.7998046875,-1.3222582904531206,0.7321998810007383,1,Low-Momentum / Sideways
2016-01-18,7351.0,-1.173872154132596,0.8053781460460663,1,Low-Momentum / Sideways
2016-01-19,7435.10009765625,1.1375684463334865,1.0966734112923266,1,Low-Momentum / Sideways
2016-01-20,7309.2998046875,-1.7064559633827974,1.1324516441171149,1,Low-Momentum / Sideways
2016-01-21,7276.7998046875,-0.4456304927870771,1.1253946827638495,1,Low-Momentum / Sideways
2016-01-22,7422.4501953125,1.9818039378412728,1.5573717900429134,1,Low-Momentum / Sideways
2016-01-25,7436.14990234375,0.1844010986664008,1.4231052730659013,1,Low-Momentum / Sideways
2016-01-27,7437.75,0.02151550935434428,1.3296933917046478,1,Low-Momentum / Sideways
2016-01-28,7424.64990234375,-0.17628513745914778,0.9619417224308134,1,Low-Momentum / Sideways
2016-01-29,7563.5498046875,1.85350984938957,1.0536873792427708,1,Low-Momentum / Sideways
2016-02-01,7555.9501953125,-0.1005272663116682,0.8478804532820005,1,Low-Momentum / Sideways
2016-02-02,7455.5498046875,-1.3376662920665905,1.145962265533734,1,Low-Momentum / Sideways
2016-02-03,7361.7998046875,-1.265425376128662,1.29002290814922,1,Low-Momentum / Sideways
2016-02-04,7404.0,0.5715953184809051,1.3367370916719057,1,Low-Momentum / Sideways
2016-02-05,7489.10009765625,1.1428248424226506,1.099752836843533,1,Low-Momentum / Sideways
2016-02-08,7387.25,-1.369310192342526,1.212305288667596,1,Low-Momentum / Sideways
2016-02-09,7298.2001953125,-1.2127772043135017,1.1905768920045883,1,Low-Momentum / Sideways
2016-02-10,7215.7001953125,-1.1368534484495036,1.1691261594986282,1,Low-Momentum / Sideways
2016-02-11,6976.35009765625,-3.373336331978199,1.6003534551801961,2,High Volatility / Crisis
2016-02-12,6980.9501953125,0.06591672782349067,1.2397650487564664,2,High Volatility / Crisis
2016-02-15,7162.9501953125,2.5736895916613713,2.171949749074616,2,High Volatility / Crisis
2016-02-16,7048.25,-1.614257549907488,2.206641167271037,2,High Volatility / Crisis
2016-02-17,7108.4501953125,0.8504885651830765,2.285184824335004,2,High Volatility / Crisis
2016-02-18,7191.75,1.1650291007518507,1.5382864196929582,2,High Volatility / Crisis
2016-02-19,7210.75,0.2638432358562314,1.523317634608823,2,High Volatility / Crisis
2016-02-22,7234.5498046875,0.32951654232690797,1.0801379194947078,1,Low-Momentum / Sideways
2016-02-23,7109.5498046875,-1.7429210300505937,1.1343076770281173,1,Low-Momentum / Sideways
2016-02-24,7018.7001953125,-1.28608796700014,1.2149473331502796,1,Low-Momentum / Sideways
2016-02-25,6970.60009765625,-0.6876725240095017,0.9208496265679279,1,Low-Momentum / Sideways
2016-02-26,7029.75,0.8449825021575584,1.08336601708639,1,Low-Momentum / Sideways
2016-02-29,6987.0498046875,-0.6092735574228962,0.9780676302579777,1,Low-Momentum / Sideways
2016-03-01,7222.2998046875,3.3115026950881967,1.8495287137473293,2,High Volatility / Crisis
2016-03-02,7368.85009765625,2.008823459754814,1.7189629254003649,2,High Volatility / Crisis
2016-03-03,7475.60009765625,1.4382727390574046,1.4466505739433198,2,High Volatility / Crisis
2016-03-04,7485.35009765625,0.13033933343828405,1.5468851929160339,2,High Volatility / Crisis
2016-03-08,7485.2998046875,-0.0006718875810813698,1.378168750891909,1,Low-Momentum / Sideways
2016-03-09,7531.7998046875,0.6192960002448895,0.8635874571858181,1,Low-Momentum / Sideways
2016-03-10,7486.14990234375,-0.6079397498643517,0.7648365992921289,1,Low-Momentum / Sideways
2016-03-11,7510.2001953125,0.32074889464729545,0.45561500659477383,0,Bull (Strong Uptrend)
2016-03-14,7538.75,0.37942631968658763,0.474051327554647,0,Bull (Strong Uptrend)
2016-03-15,7460.60009765625,-1.0420532757604035,0.7183294085724834,0,Bull (Strong Uptrend)
2016-03-16,7498.75,0.5100486959710426,0.6935020280756943,0,Bull (Strong Uptrend)
2016-03-17,7512.5498046875,0.18385894298917033,0.6328285774004075,0,Bull (Strong Uptrend)
2016-03-18,7604.35009765625,1.2145535400108631,0.8198342613201246,1,Low-Momentum / Sideways
2016-03-21,7704.25,1.3051659829120443,0.950694578798508,1,Low-Momentum / Sideways
2016-03-22,7714.89990234375,0.1381386665897793,0.5578458086931377,0,Bull (Strong Uptrend)
2016-03-23,7716.5,0.0207382048564695,0.6311071438540372,0,Bull (Strong Uptrend)
2016-03-28,7615.10009765625,-1.3227762297457974,1.0700698807872535,1,Low-Momentum / Sideways
2016-03-29,7597.0,-0.23796985402065657,0.9390775939434067,1,Low-Momentum / Sideways
2016-03-30,7735.2001953125,1.8027932915947853,1.1229196986541055,1,Low-Momentum / Sideways
2016-03-31,7738.39990234375,0.04135698294723892,1.1225050346699206,1,Low-Momentum / Sideways
2016-04-01,7713.0498046875,-0.32812610960895605,1.136376631168453,1,Low-Momentum / Sideways
2016-04-04,7758.7998046875,0.5913983718554631,0.8756214671733245,1,Low-Momentum / Sideways
2016-04-05,7603.2001953125,-2.0258420894693874,1.397488633932919,1,Low-Momentum / Sideways
2016-04-06,7614.35009765625,0.14654006885952725,1.0110292368916198,1,Low-Momentum / Sideways
2016-04-07,7546.4501953125,-0.8957357794121351,1.015317475528614,1,Low-Momentum / Sideways
2016-04-08,7555.2001953125,0.11588138717068029,1.0530798422569156,1,Low-Momentum / Sideways
2016-04-11,7671.39990234375,1.5263021567415074,1.3242174827247282,1,Low-Momentum / Sideways
2016-04-12,7708.9501953125,0.48829015384887436,0.8694372959885055,1,Low-Momentum / Sideways
2016-04-13,7850.4501953125,1.8188863004861715,1.0985467480444568,1,Low-Momentum / Sideways
2016-04-18,7914.7001953125,0.8150934704248517,0.7096082391907041,1,Low-Momentum / Sideways
2016-04-20,7914.75,0.0006292661701482301,0.7446032583501656,1,Low-Momentum / Sideways
2016-04-21,7912.0498046875,-0.034121810751646185,0.7589808243716997,1,Low-Momentum / Sideways
2016-04-22,7899.2998046875,-0.16127659027939514,0.8381452539295474,1,Low-Momentum / Sideways
2016-04-25,7855.0498046875,-0.5617511031739855,0.5016050077633091,1,Low-Momentum / Sideways
2016-04-26,7962.64990234375,1.3605234565983468,0.7281482048287831,1,Low-Momentum / Sideways
2016-04-27,7979.89990234375,0.21640210559946688,0.7256352611107137,1,Low-Momentum / Sideways
2016-04-28,7847.25,-1.6762715869970777,1.1083834077870673,1,Low-Momentum / Sideways
2016-04-29,7849.7998046875,0.03248769344116223,1.1119049159597298,1,Low-Momentum / Sideways
2016-05-02,7805.89990234375,-0.5608183374211704,1.1118135453329048,1,Low-Momentum / Sideways
2016-05-03,7747.0,-0.7574173857563739,0.7480452785846999,1,Low-Momentum / Sideways
2016-05-04,7706.5498046875,-0.5235080380291306,0.6211723285230187,0,Bull (Strong Uptrend)
2016-05-05,7735.5,0.3749531907512104,0.47235033782995905,0,Bull (Strong Uptrend)
2016-05-06,7733.4501953125,-0.026502182418547154,0.46302445439879764,0,Bull (Strong Uptrend)
2016-05-09,7866.0498046875,1.7000904277695215,0.9697286498262206,1,Low-Momentum / Sideways
2016-05-10,7887.7998046875,0.27612316174809365,0.8266001753052266,1,Low-Momentum / Sideways
2016-05-11,7848.85009765625,-0.4950200558543867,0.8190495634669758,1,Low-Momentum / Sideways
2016-05-12,7900.39990234375,0.6546342052207653,0.8293059999830735,1,Low-Momentum / Sideways
2016-05-13,7814.89990234375,-1.0881223351540732,1.0729183513961569,1,Low-Momentum / Sideways
2016-05-16,7860.75,0.5849866346159204,0.7541793336398661,1,Low-Momentum / Sideways
2016-05-17,7890.75,0.3809165638110489,0.7656089289701148,1,Low-Momentum / Sideways
2016-05-18,7870.14990234375,-0.2614077814670393,0.7337417782262123,1,Low-Momentum / Sideways
2016-05-19,7783.39990234375,-1.1083861385826452,0.7941898821474002,1,Low-Momentum / Sideways
2016-05-20,7749.7001953125,-0.4339090032687426,0.6767673158092389,0,Bull (Strong Uptrend)
2016-05-23,7731.0498046875,-0.24094956185153732,0.5326071629891485,0,Bull (Strong Uptrend)
2016-05-24,7748.85009765625,0.22997953380331687,0.4841153211714704,0,Bull (Strong Uptrend)
2016-05-25,7934.89990234375,2.3726281336622206,1.3250318166003554,1,Low-Momentum / Sideways
2016-05-26,8069.64990234375,1.6839359534278495,1.2405014175642821,1,Low-Momentum / Sideways
2016-05-27,8156.64990234375,1.0723434761836885,1.0591524254370663,1,Low-Momentum / Sideways
2016-05-30,8178.5,0.2675226223002301,0.9230502099230887,1,Low-Momentum / Sideways
2016-05-31,8160.10009765625,-0.22523239460265895,1.0474929299472169,1,Low-Momentum / Sideways
2016-06-01,8179.9501953125,0.24296262330994575,0.7610364519353855,0,Bull (Strong Uptrend)
2016-06-02,8218.9501953125,0.4756425442880727,0.4704604739551717,0,Bull (Strong Uptrend)
2016-06-03,8220.7998046875,0.02250167286977369,0.2670808788004241,0,Bull (Strong Uptrend)
2016-06-06,8201.0498046875,-0.24053331374929024,0.3078946046698046,0,Bull (Strong Uptrend)
2016-06-07,8266.4501953125,0.7943007071457264,0.39975086730197534,0,Bull (Strong Uptrend)
2016-06-08,8273.0498046875,0.07980422292402209,0.40795974435646776,0,Bull (Strong Uptrend)
2016-06-09,8203.599609375,-0.8430185637149968,0.5914675644759642,0,Bull (Strong Uptrend)
2016-06-10,8170.0498046875,-0.40980298028367984,0.6117726884275514,0,Bull (Strong Uptrend)
2016-06-13,8110.60009765625,-0.730314472964694,0.6714295100508664,0,Bull (Strong Uptrend)
2016-06-14,8108.85009765625,-0.021579029938960388,0.41162970110130886,0,Bull (Strong Uptrend)
2016-06-15,8206.599609375,1.1982591110193301,0.8243473671955476,1,Low-Momentum / Sideways
2016-06-16,8140.75,-0.8056347617289792,0.8167529068855143,1,Low-Momentum / Sideways
2016-06-17,8170.2001953125,0.36110989197415844,0.8290200279275196,1,Low-Momentum / Sideways
2016-06-20,8238.5,0.8324876233428224,0.7776812454445571,1,Low-Momentum / Sideways
2016-06-21,8219.900390625,-0.22601974495153426,0.8045749230792977,1,Low-Momentum / Sideways
2016-06-22,8203.7001953125,-0.19727952444882818,0.6249475514816075,1,Low-Momentum / Sideways
2016-06-23,8270.4501953125,0.810364889252149,0.5173084663263311,1,Low-Momentum / Sideways
2016-06-24,8088.60009765625,-2.223326969761141,1.2431212238016585,1,Low-Momentum / Sideways
2016-06-27,8094.7001953125,0.07538756415223447,1.126435327818478,1,Low-Momentum / Sideways
2016-06-28,8127.85009765625,0.4086897298664459,1.178755132337412,1,Low-Momentum / Sideways
2016-06-29,8204.0,0.9325392253691965,1.288624400688044,1,Low-Momentum / Sideways
2016-06-30,8287.75,1.0156680759383652,1.3236664783916037,1,Low-Momentum / Sideways
2016-07-01,8328.349609375,0.4886789454209853,0.38933377001053693,0,Bull (Strong Uptrend)
2016-07-04,8370.7001953125,0.5072225932684971,0.2810998770165443,0,Bull (Strong Uptrend)
2016-07-05,8335.9501953125,-0.41600260138615697,0.5683499915922587,0,Bull (Strong Uptrend)
2016-07-07,8337.900390625,0.02339226096985007,0.5424626824082761,0,Bull (Strong Uptrend)
2016-07-08,8323.2001953125,-0.17646132140196943,0.40755032886934717,0,Bull (Strong Uptrend)
2016-07-11,8467.900390625,1.723577043083921,0.8485971615675937,1,Low-Momentum / Sideways
2016-07-12,8521.0498046875,0.6256959594241649,0.8563197204594676,1,Low-Momentum / Sideways
2016-07-13,8519.5,-0.018189609015395722,0.7819016286884348,1,Low-Momentum / Sideways
2016-07-14,8565.0,0.5326478102926447,0.7471801192766859,1,Low-Momentum / Sideways
2016-07-15,8541.400390625,-0.27591572520208335,0.7718532091573633,1,Low-Momentum / Sideways
2016-07-18,8508.7001953125,-0.38357821106622886,0.46168031863875675,0,Bull (Strong Uptrend)
2016-07-19,8528.5498046875,0.23301434628515147,0.3741837521425386,0,Bull (Strong Uptrend)
2016-07-20,8565.849609375,0.4363986470652139,0.41618479214424076,0,Bull (Strong Uptrend)
2016-07-21,8510.099609375,-0.652967485068765,0.45046239481320227,0,Bull (Strong Uptrend)
2016-07-22,8541.2001953125,0.36478885225085056,0.48767511042092704,0,Bull (Strong Uptrend)
2016-07-25,8635.650390625,1.0997493024321225,0.6274876321938337,0,Bull (Strong Uptrend)
2016-07-26,8590.650390625,-0.5224581055714631,0.729215146447269,0,Bull (Strong Uptrend)
2016-07-27,8615.7998046875,0.29232563005614404,0.7175807694672935,0,Bull (Strong Uptrend)
2016-07-28,8666.2998046875,0.5844213941164874,0.5875496069248636,0,Bull (Strong Uptrend)
2016-07-29,8638.5,-0.3212961596357816,0.6625752687112068,0,Bull (Strong Uptrend)
2016-08-01,8636.5498046875,-0.022578173062699602,0.4482422378975826,0,Bull (Strong Uptrend)
2016-08-02,8622.900390625,-0.15816745902789464,0.3632078533137516,0,Bull (Strong Uptrend)
2016-08-03,8544.849609375,-0.9092783738205783,0.5385956629399941,0,Bull (Strong Uptrend)
2016-08-04,8551.099609375,0.07311673892417124,0.38817955819265687,0,Bull (Strong Uptrend)
2016-08-05,8683.150390625,1.5324527088340225,0.8878223107544887,1,Low-Momentum / Sideways
2016-08-08,8711.349609375,0.3242317221417232,0.8890945299420535,1,Low-Momentum / Sideways
2016-08-09,8678.25,-0.38068328301676924,0.914974258454521,1,Low-Momentum / Sideways
2016-08-10,8575.2998046875,-1.19339403558223,1.0003355395092945,1,Low-Momentum / Sideways
2016-08-11,8592.150390625,0.1963086091088332,1.0019121240084388,1,Low-Momentum / Sideways
2016-08-16,8642.5498046875,0.584861438330956,0.7090317189276636,0,Bull (Strong Uptrend)
2016-08-17,8624.0498046875,-0.21428662849281455,0.6694661879139263,0,Bull (Strong Uptrend)
2016-08-18,8673.25,0.5688787100174633,0.737168019305961,0,Bull (Strong Uptrend)
2016-08-19,8666.900390625,-0.07323592374647016,0.3639068668941114,0,Bull (Strong Uptrend)
2016-08-22,8629.150390625,-0.4365165253066113,0.46652605051901413,0,Bull (Strong Uptrend)
2016-08-23,8632.599609375,0.039963720896276075,0.37563112516254166,0,Bull (Strong Uptrend)
2016-08-24,8650.2998046875,0.20482907499330422,0.36898911041877697,0,Bull (Strong Uptrend)
2016-08-25,8592.2001953125,-0.6739142150229588,0.3596268091649172,0,Bull (Strong Uptrend)
2016-08-26,8572.5498046875,-0.22896225356679534,0.3539254476190319,0,Bull (Strong Uptrend)
2016-08-29,8607.4501953125,0.406291485846204,0.41908502780397816,0,Bull (Strong Uptrend)
2016-08-30,8744.349609375,1.5779602831678956,0.8474529663038406,1,Low-Momentum / Sideways
2016-08-31,8786.2001953125,0.4774598162481962,0.8519961856476036,1,Low-Momentum / Sideways
2016-09-01,8774.650390625,-0.13154039773133466,0.7193243523991288,1,Low-Momentum / Sideways
2016-09-02,8809.650390625,0.398082888319566,0.6265177779974263,1,Low-Momentum / Sideways
2016-09-06,8943.0,1.5023347446829987,0.7459321446783272,1,Low-Momentum / Sideways
2016-09-07,8917.9501953125,-0.28049819116828945,0.7011642414044288,1,Low-Momentum / Sideways
2016-09-08,8952.5,0.38667014380895043,0.6996094787869137,1,Low-Momentum / Sideways
2016-09-09,8866.7001953125,-0.9630114351834806,0.9155944325255628,1,Low-Momentum / Sideways
2016-09-12,8715.599609375,-1.718822993969123,1.2386020088543521,1,Low-Momentum / Sideways
2016-09-14,8726.599609375,0.12613090035687877,0.855249168336591,1,Low-Momentum / Sideways
2016-09-15,8742.5498046875,0.18260991839711185,0.9071021245706797,1,Low-Momentum / Sideways
2016-09-16,8779.849609375,0.42573919410826294,0.915671189904405,1,Low-Momentum / Sideways
2016-09-19,8808.400390625,0.3246577269225301,0.8948781264858928,1,Low-Momentum / Sideways
2016-09-20,8775.900390625,-0.36964832905136197,0.30719401240911154,0,Bull (Strong Uptrend)
2016-09-21,8777.150390625,0.014242538436080372,0.3122983453771087,0,Bull (Strong Uptrend)
2016-09-22,8867.4501953125,1.0235493017098911,0.5168899833711978,0,Bull (Strong Uptrend)
2016-09-23,8831.5498046875,-0.40567760733005453,0.5885427000863365,0,Bull (Strong Uptrend)
2016-09-26,8723.0498046875,-1.2361590017210509,0.8196864734344707,1,Low-Momentum / Sideways
2016-09-27,8706.400390625,-0.19104927510736647,0.8140307640548875,1,Low-Momentum / Sideways
2016-09-28,8745.150390625,0.44408733836031183,0.8583921829801048,1,Low-Momentum / Sideways
2016-09-29,8591.25,-1.7755062196059181,0.8769598329489656,1,Low-Momentum / Sideways
2016-09-30,8611.150390625,0.23136770509358529,0.9605138923293535,1,Low-Momentum / Sideways
2016-10-03,8738.099609375,1.4634809521912495,1.1806248589663075,1,Low-Momentum / Sideways
2016-10-04,8769.150390625,0.35471948830647004,1.1797904108936528,1,Low-Momentum / Sideways
2016-10-05,8743.9501953125,-0.28778699216004133,1.1785944426517958,1,Low-Momentum / Sideways
2016-10-06,8709.5498046875,-0.394195263650275,0.7391357205085017,0,Bull (Strong Uptrend)
2016-10-07,8697.599609375,-0.13730217286708415,0.7624137522519593,0,Bull (Strong Uptrend)
2016-10-10,8708.7998046875,0.12869056479532695,0.3069560241439008,0,Bull (Strong Uptrend)
2016-10-13,8573.349609375,-1.5675477121613477,0.6540239982778314,1,Low-Momentum / Sideways
2016-10-14,8583.400390625,0.11716417619610159,0.7026509429800146,1,Low-Momentum / Sideways
2016-10-17,8520.400390625,-0.736681696927447,0.721949961359115,1,Low-Momentum / Sideways
2016-10-18,8677.900390625,1.8316274989203487,1.2624154325336476,1,Low-Momentum / Sideways
2016-10-19,8659.099609375,-0.21688629658940844,1.2599624198693054,1,Low-Momentum / Sideways
2016-10-20,8699.400390625,0.46433567024341077,0.9679709760074162,1,Low-Momentum / Sideways
2016-10-21,8693.0498046875,-0.07302693005771826,0.9802142982059312,1,Low-Momentum / Sideways
2016-10-24,8708.9501953125,0.1827421566475664,0.8212904530017068,1,Low-Momentum / Sideways
2016-10-25,8691.2998046875,-0.20287520787162444,0.29059087016273616,0,Bull (Strong Uptrend)
2016-10-26,8615.25,-0.8788614143283244,0.5040689485095656,0,Bull (Strong Uptrend)
2016-10-27,8615.25,0.0,0.4072217593612901,0,Bull (Strong Uptrend)
2016-10-28,8638.0,0.26371858270232085,0.45710579540645196,0,Bull (Strong Uptrend)
2016-11-01,8626.25,-0.1361194585834806,0.42413325157985615,0,Bull (Strong Uptrend)
2016-11-02,8514.0,-1.3098012546713909,0.656973386636421,0,Bull (Strong Uptrend)
2016-11-03,8484.9501953125,-0.3417838470350909,0.6033168468399644,0,Bull (Strong Uptrend)
2016-11-04,8433.75,-0.6052515976111644,0.5873820070413268,0,Bull (Strong Uptrend)
2016-11-07,8497.0498046875,0.7477508488472915,0.7475033040751101,1,Low-Momentum / Sideways
2016-11-08,8543.5498046875,0.5457567982692605,0.8470693984983955,1,Low-Momentum / Sideways
2016-11-09,8432.0,-1.3142597631657107,0.8485404648369679,1,Low-Momentum / Sideways
2016-11-10,8525.75,1.105700404045472,1.0157683836447688,1,Low-Momentum / Sideways
2016-11-11,8296.2998046875,-2.7281387102400094,1.6362731887547837,2,High Volatility / Crisis
2016-11-15,8108.4501953125,-2.290285685988103,1.6994907158068735,2,High Volatility / Crisis
2016-11-16,8111.60009765625,0.03883961302774652,1.601260600400177,2,High Volatility / Crisis
2016-11-17,8079.9501953125,-0.3909439439923456,1.6145677662271551,2,High Volatility / Crisis
2016-11-18,8074.10009765625,-0.07242886837538094,1.3155401449765893,1,Low-Momentum / Sideways
2016-11-21,7929.10009765625,-1.812187142597807,1.0712452650679365,1,Low-Momentum / Sideways
2016-11-22,8002.2998046875,0.9189427494782598,0.9925676404956421,1,Low-Momentum / Sideways
2016-11-23,8033.2998046875,0.3866402176852293,1.03051937287618,1,Low-Momentum / Sideways
2016-11-24,7965.5,-0.8475662098624582,1.0717446068800973,1,Low-Momentum / Sideways
2016-11-25,8114.2998046875,1.8508197132649924,1.4467669693720377,1,Low-Momentum / Sideways
2016-11-28,8126.89990234375,0.15516218520139677,0.9934367058918493,1,Low-Momentum / Sideways
2016-11-29,8142.14990234375,0.18747258935887728,0.9685405292079281,1,Low-Momentum / Sideways
2016-11-30,8224.5,1.0063243621010478,1.0135619403286544,1,Low-Momentum / Sideways
2016-12-01,8192.900390625,-0.3849531307725516,0.8747833667965258,1,Low-Momentum / Sideways
2016-12-02,8086.7998046875,-1.3034894616329138,0.8509015635445614,1,Low-Momentum / Sideways
2016-12-05,8128.75,0.5174081595203409,0.8892013214236828,1,Low-Momentum / Sideways
2016-12-06,8143.14990234375,0.17699108511295017,0.8886744755987448,1,Low-Momentum / Sideways
2016-12-07,8102.0498046875,-0.5059979081726745,0.698627201444935,1,Low-Momentum / Sideways
2016-12-08,8246.849609375,1.7714169916451001,1.1517291727557677,1,Low-Momentum / Sideways
2016-12-09,8261.75,0.18051676124941,0.8380585497533547,1,Low-Momentum / Sideways
2016-12-12,8170.7998046875,-1.106963010850654,1.0758702920099588,1,Low-Momentum / Sideways
2016-12-13,8221.7998046875,0.6222340051564259,1.1016234485455916,1,Low-Momentum / Sideways
2016-12-14,8182.4501953125,-0.4797498800311476,1.097519162520203,1,Low-Momentum / Sideways
2016-12-15,8153.60009765625,-0.35320811496494836,0.6598130899788,0,Bull (Strong Uptrend)
2016-12-16,8139.4501953125,-0.173692533279303,0.6230539097220685,0,Bull (Strong Uptrend)
2016-12-19,8104.35009765625,-0.43216675473717575,0.45433099914109226,0,Bull (Strong Uptrend)
2016-12-20,8082.39990234375,-0.27121205636996376,0.12305388158712464,0,Bull (Strong Uptrend)
2016-12-21,8061.2998046875,-0.26140364419853873,0.09818009081727598,0,Bull (Strong Uptrend)
2016-12-22,7979.10009765625,-1.0249174221346513,0.34395763633804183,0,Bull (Strong Uptrend)
2016-12-23,7985.75,0.08330679821808747,0.40595097577907924,0,Bull (Strong Uptrend)
2016-12-26,7908.25,-0.9752185003088458,0.48743684794747383,0,Bull (Strong Uptrend)
2016-12-27,8032.85009765625,1.5632877835896817,1.0541603247153113,1,Low-Momentum / Sideways
2016-12-28,8034.85009765625,0.024894664276991385,1.0525366477257436,1,Low-Momentum / Sideways
2016-12-29,8103.60009765625,0.8520076594398651,0.9551130080174893,1,Low-Momentum / Sideways
2016-12-30,8185.7998046875,1.0092502517199518,0.9894048619099979,1,Low-Momentum / Sideways
2017-01-02,8179.5,-0.0769897902741199,0.6928626164402991,0,Bull (Strong Uptrend)
2017-01-03,8192.25,0.1557561357536169,0.5007816378240134,0,Bull (Strong Uptrend)
2017-01-04,8190.5,-0.02136393470761797,0.5096311056753463,0,Bull (Strong Uptrend)
2017-01-05,8273.7998046875,1.0118925972987751,0.5497923332956672,0,Bull (Strong Uptrend)
2017-01-06,8243.7998046875,-0.3632493061580171,0.5212533931764879,0,Bull (Strong Uptrend)
2017-01-09,8236.0498046875,-0.09405426329750954,0.5230918313536133,0,Bull (Strong Uptrend)
2017-01-10,8288.599609375,0.6360193250249055,0.5692700125968736,0,Bull (Strong Uptrend)
2017-01-11,8380.650390625,1.1044494137506544,0.658709714186113,0,Bull (Strong Uptrend)
2017-01-12,8407.2001953125,0.3162981072087511,0.5817029504478647,0,Bull (Strong Uptrend)
2017-01-13,8400.349609375,-0.08151796539613075,0.507958248152643,0,Bull (Strong Uptrend)
2017-01-16,8412.7998046875,0.1481007190450201,0.4613106001314643,0,Bull (Strong Uptrend)
2017-01-17,8398.0,-0.1760750075312027,0.508811442238575,0,Bull (Strong Uptrend)
2017-01-18,8417.0,0.22598879674375041,0.20810730224617716,0,Bull (Strong Uptrend)
2017-01-19,8435.099609375,0.21480547533008396,0.18360387589522176,0,Bull (Strong Uptrend)
2017-01-20,8349.349609375,-1.0217880246458877,0.5291575644474683,0,Bull (Strong Uptrend)
2017-01-23,8391.5,0.5035644029815811,0.5943462206926567,0,Bull (Strong Uptrend)
2017-01-24,8475.7998046875,0.9995732282151228,0.7456401571356015,1,Low-Momentum / Sideways
2017-01-25,8602.75,1.4866898538362305,0.9487096796278776,1,Low-Momentum / Sideways
2017-01-27,8641.25,0.4465328690727306,0.9407950004713678,1,Low-Momentum / Sideways
2017-01-30,8632.75,-0.09841380903137704,0.6007640804487837,1,Low-Momentum / Sideways
2017-01-31,8561.2998046875,-0.8311085218864388,0.9092016520970149,1,Low-Momentum / Sideways
2017-02-01,8716.400390625,1.7954328487415367,1.0916289104003531,1,Low-Momentum / Sideways
2017-02-02,8734.25,0.20457249673200792,0.9624162091639129,1,Low-Momentum / Sideways
2017-02-03,8740.9501953125,0.07668233343177948,0.9628782616270231,1,Low-Momentum / Sideways
2017-02-06,8801.0498046875,0.6852108598963619,0.9599445922562541,1,Low-Momentum / Sideways
2017-02-07,8768.2998046875,-0.3728087682222944,0.8273843597182878,1,Low-Momentum / Sideways
2017-02-08,8769.0498046875,0.008553173850807276,0.382024915344564,0,Bull (Strong Uptrend)
2017-02-09,8778.400390625,0.10657487804178316,0.379132495792773,0,Bull (Strong Uptrend)
2017-02-10,8793.5498046875,0.17242727924366555,0.3800240276568698,0,Bull (Strong Uptrend)
2017-02-13,8805.0498046875,0.13069223565665178,0.2218199885499232,0,Bull (Strong Uptrend)
2017-02-14,8792.2998046875,-0.14490821077153884,0.12678574184407473,0,Bull (Strong Uptrend)
2017-02-15,8724.7001953125,-0.7718210304816345,0.39479711779605486,0,Bull (Strong Uptrend)
2017-02-16,8778.0,0.6090485336691579,0.5085404790181027,0,Bull (Strong Uptrend)
2017-02-17,8821.7001953125,0.49660260841438786,0.5547319579994732,0,Bull (Strong Uptrend)
2017-02-20,8879.2001953125,0.6496867502078925,0.6155689114891405,0,Bull (Strong Uptrend)
2017-02-21,8907.849609375,0.32213817527224997,0.591223484042651,0,Bull (Strong Uptrend)
2017-02-22,8926.900390625,0.21363673161383717,0.18656180329556132,0,Bull (Strong Uptrend)
2017-02-23,8939.5,0.14104252886116897,0.20812856564772092,0,Bull (Strong Uptrend)
2017-02-27,8896.7001953125,-0.47992157934504703,0.41182029629551514,0,Bull (Strong Uptrend)
2017-02-28,8879.599609375,-0.19239764630964218,0.33039528668613166,0,Bull (Strong Uptrend)
2017-03-01,8945.7998046875,0.7427659614302357,0.46055132059046755,0,Bull (Strong Uptrend)
2017-03-02,8899.75,-0.5160940111567701,0.5212322090644513,0,Bull (Strong Uptrend)
2017-03-03,8897.5498046875,-0.02472504647169898,0.5103325342675482,0,Bull (Strong Uptrend)
2017-03-06,8963.4501953125,0.737928331770254,0.5675553183565241,0,Bull (Strong Uptrend)
2017-03-07,8946.900390625,-0.18480720763560476,0.5664212238244659,0,Bull (Strong Uptrend)
2017-03-08,8924.2998046875,-0.25292759007722593,0.4738271099255779,0,Bull (Strong Uptrend)
2017-03-09,8927.0,0.030252086544248078,0.3954420929224643,0,Bull (Strong Uptrend)
2017-03-10,8934.5498046875,0.08453695473995278,0.3925187481302999,0,Bull (Strong Uptrend)
2017-03-14,9087.0,1.6919058968585234,0.8052830163800788,0,Bull (Strong Uptrend)
2017-03-15,9084.7998046875,-0.0242154915517403,0.7853757426834059,0,Bull (Strong Uptrend)
2017-03-16,9153.7001953125,0.755552467528155,0.7337799348379495,0,Bull (Strong Uptrend)
2017-03-17,9160.0498046875,0.0693425391241901,0.7276047056789092,0,Bull (Strong Uptrend)
2017-03-20,9126.849609375,-0.36310400180971464,0.8160432239887235,0,Bull (Strong Uptrend)
2017-03-21,9121.5,-0.05863115999817308,0.4131636096710437,0,Bull (Strong Uptrend)
2017-03-22,9030.4501953125,-1.0032042543653485,0.6413575767990701,0,Bull (Strong Uptrend)
2017-03-23,9086.2998046875,0.6165541424006181,0.5952754552612404,0,Bull (Strong Uptrend)
2017-03-24,9108.0,0.23853850750034114,0.6151819787053542,0,Bull (Strong Uptrend)
2017-03-27,9045.2001953125,-0.6918896341847197,0.6640969897695396,0,Bull (Strong Uptrend)
2017-03-28,9100.7998046875,0.6128048426003716,0.7562036442949408,0,Bull (Strong Uptrend)
2017-03-29,9143.7998046875,0.47137323415894605,0.548242984220257,0,Bull (Strong Uptrend)
2017-03-30,9173.75,0.32701122498964663,0.5139990111361331,0,Bull (Strong Uptrend)
2017-03-31,9173.75,0.0,0.5195891900833304,0,Bull (Strong Uptrend)
2017-04-03,9237.849609375,0.6962987433382358,0.27440372182354766,0,Bull (Strong Uptrend)
2017-04-05,9265.150390625,0.29509594186491106,0.2551375829424866,0,Bull (Strong Uptrend)
2017-04-06,9261.9501953125,-0.03454609996294879,0.2959662678020624,0,Bull (Strong Uptrend)
2017-04-07,9198.2998046875,-0.6895967591191596,0.508518920586251,0,Bull (Strong Uptrend)
2017-04-10,9181.4501953125,-0.1833497636833679,0.5198220615547972,0,Bull (Strong Uptrend)
2017-04-11,9237.0,0.6031992108960761,0.4902214405992771,0,Bull (Strong Uptrend)
2017-04-12,9203.4501953125,-0.3638722628744009,0.47888346624905753,0,Bull (Strong Uptrend)
2017-04-13,9150.7998046875,-0.5737149166000338,0.5106443548251468,0,Bull (Strong Uptrend)
2017-04-17,9139.2998046875,-0.12575110864404995,0.44497640857079657,0,Bull (Strong Uptrend)
2017-04-18,9105.150390625,-0.3743544319295666,0.4588245350652894,0,Bull (Strong Uptrend)
2017-04-19,9103.5,-0.018127544810997015,0.2202001875653397,0,Bull (Strong Uptrend)
2017-04-20,9136.400390625,0.360752258526342,0.356596671472936,0,Bull (Strong Uptrend)
2017-04-21,9119.400390625,-0.18624222643066868,0.2727097547653143,0,Bull (Strong Uptrend)
2017-04-24,9217.9501953125,1.0748636018943607,0.5731006254900723,0,Bull (Strong Uptrend)
2017-04-25,9306.599609375,0.9571092601938416,0.5654129107163439,0,Bull (Strong Uptrend)
2017-04-26,9351.849609375,0.48503590177315103,0.5056242176198442,0,Bull (Strong Uptrend)
2017-04-27,9342.150390625,-0.10376826383150929,0.5831379515167741,0,Bull (Strong Uptrend)
2017-04-28,9304.0498046875,-0.40866920407427915,0.6482219680515536,0,Bull (Strong Uptrend)
2017-05-02,9313.7998046875,0.10473820656935207,0.5305776947215377,0,Bull (Strong Uptrend)
2017-05-03,9311.9501953125,-0.019860777483643833,0.3254773588052513,0,Bull (Strong Uptrend)
2017-05-04,9359.900390625,0.5136105872378302,0.33595305076792537,0,Bull (Strong Uptrend)
2017-05-05,9285.2998046875,-0.8002164979810267,0.50199608384199,0,Bull (Strong Uptrend)
2017-05-08,9314.0498046875,0.3091508413122288,0.5021884983187868,0,Bull (Strong Uptrend)
2017-05-09,9316.849609375,0.03005549701442118,0.5001999420464678,0,Bull (Strong Uptrend)
2017-05-10,9407.2998046875,0.9661416055306065,0.6569783844387919,0,Bull (Strong Uptrend)
2017-05-11,9422.400390625,0.16039118008357617,0.6339153884152876,0,Bull (Strong Uptrend)
2017-05-12,9400.900390625,-0.22844037397764944,0.4476706024806761,0,Bull (Strong Uptrend)
2017-05-15,9445.400390625,0.4722420937348687,0.459085349714064,0,Bull (Strong Uptrend)
2017-05-16,9512.25,0.7052549770711115,0.46640185862150174,0,Bull (Strong Uptrend)
2017-05-17,9525.75,0.14182164368899747,0.3554172930767398,0,Bull (Strong Uptrend)
2017-05-18,9429.4501953125,-1.016086690923151,0.6752793803607705,0,Bull (Strong Uptrend)
2017-05-19,9427.900390625,-0.016437141409942322,0.6627146140306815,0,Bull (Strong Uptrend)
2017-05-22,9438.25,0.10971618691591548,0.6247181181227547,0,Bull (Strong Uptrend)
2017-05-23,9386.150390625,-0.5535341505865151,0.5037520748983619,0,Bull (Strong Uptrend)
2017-05-24,9360.5498046875,-0.2731211528938736,0.45100196309738566,0,Bull (Strong Uptrend)
2017-05-25,9509.75,1.581355951256376,0.8291826960692895,1,Low-Momentum / Sideways
2017-05-26,9595.099609375,0.8934922695320597,0.876641183472431,1,Low-Momentum / Sideways
2017-05-29,9604.900390625,0.1020914802213731,0.8771735683714362,1,Low-Momentum / Sideways
2017-05-30,9624.5498046875,0.20436799494468433,0.7361384457388093,0,Bull (Strong Uptrend)
2017-05-31,9621.25,-0.03429116745806887,0.6788151351027253,0,Bull (Strong Uptrend)
2017-06-01,9616.099609375,-0.05354574151470177,0.38961536559694104,0,Bull (Strong Uptrend)
2017-06-02,9653.5,0.3881807442491232,0.18253370715056544,0,Bull (Strong Uptrend)
2017-06-05,9675.099609375,0.223499051174814,0.18734140391466717,0,Bull (Strong Uptrend)
2017-06-06,9637.150390625,-0.39300721143596146,0.2982072350527235,0,Bull (Strong Uptrend)
2017-06-07,9663.900390625,0.2771871586730097,0.3145084722897263,0,Bull (Strong Uptrend)
2017-06-08,9647.25,-0.17244332330555143,0.33194147411352604,0,Bull (Strong Uptrend)
2017-06-09,9668.25,0.21744203643893584,0.2973192128389747,0,Bull (Strong Uptrend)
2017-06-12,9616.400390625,-0.5377306123000276,0.3617292647486325,0,Bull (Strong Uptrend)
2017-06-13,9606.900390625,-0.09883839285963954,0.32901608938500665,0,Bull (Strong Uptrend)
2017-06-14,9618.150390625,0.11703481475408739,0.2935137740794852,0,Bull (Strong Uptrend)
2017-06-15,9578.0498046875,-0.41779772935031606,0.32817985930458854,0,Bull (Strong Uptrend)
2017-06-16,9588.0498046875,0.10435092284018055,0.2997052621641324,0,Bull (Strong Uptrend)
2017-06-19,9657.5498046875,0.7222461604376572,0.4165587207310753,0,Bull (Strong Uptrend)
2017-06-20,9653.5,-0.041942875067181196,0.4110078374681731,0,Bull (Strong Uptrend)
2017-06-21,9633.599609375,-0.20635967138743833,0.43193612019517275,0,Bull (Strong Uptrend)
2017-06-22,9630.0,-0.03737213698258563,0.3604682434699793,0,Bull (Strong Uptrend)
2017-06-23,9574.9501953125,-0.5732892290795095,0.47230866577521885,0,Bull (Strong Uptrend)
2017-06-27,9511.400390625,-0.6659213268124636,0.2969835645385582,0,Bull (Strong Uptrend)
2017-06-28,9491.25,-0.21207987058080718,0.2676053719861042,0,Bull (Strong Uptrend)
2017-06-29,9504.099609375,0.1352921804466218,0.34295334856923565,0,Bull (Strong Uptrend)
2017-06-30,9520.900390625,0.17661798283679123,0.3895349901838252,0,Bull (Strong Uptrend)
2017-07-03,9615.0,0.983495586260243,0.6062889631031506,0,Bull (Strong Uptrend)
2017-07-04,9613.2998046875,-0.017684302140083614,0.4568735235658209,0,Bull (Strong Uptrend)
2017-07-05,9637.599609375,0.25245384198064924,0.39131823614842504,0,Bull (Strong Uptrend)
2017-07-06,9674.5498046875,0.382663157881288,0.3798026142587097,0,Bull (Strong Uptrend)
2017-07-07,9665.7998046875,-0.0904844097829429,0.4270947279171901,0,Bull (Strong Uptrend)
2017-07-10,9771.0498046875,1.0830050223587575,0.4672189379383648,0,Bull (Strong Uptrend)
2017-07-11,9786.0498046875,0.15339700917757582,0.4416913852863363,0,Bull (Strong Uptrend)
2017-07-12,9816.099609375,0.3065972775967725,0.43916831396781775,0,Bull (Strong Uptrend)
2017-07-13,9891.7001953125,0.7672186395502861,0.4748159864757909,0,Bull (Strong Uptrend)
2017-07-14,9886.349609375,-0.054106305938857166,0.4647516529876222,0,Bull (Strong Uptrend)
2017-07-17,9915.9501953125,0.29896131536668746,0.3021032658139348,0,Bull (Strong Uptrend)
2017-07-18,9827.150390625,-0.8995588419495523,0.6222955114262595,0,Bull (Strong Uptrend)
2017-07-19,9899.599609375,0.7345309743460549,0.68669031458074,0,Bull (Strong Uptrend)
2017-07-20,9873.2998046875,-0.2660188538483533,0.6133677083750422,0,Bull (Strong Uptrend)
2017-07-21,9915.25,0.42398516888927523,0.6464534187056692,0,Bull (Strong Uptrend)
2017-07-24,9966.400390625,0.5145498736317389,0.6731500593653593,0,Bull (Strong Uptrend)
2017-07-25,9964.5498046875,-0.01856997207542609,0.409144791204158,0,Bull (Strong Uptrend)
2017-07-26,10020.650390625,0.5614227803035338,0.36585757094680943,0,Bull (Strong Uptrend)
2017-07-27,10020.5498046875,-0.0010037915545995924,0.2836190195725413,0,Bull (Strong Uptrend)
2017-07-28,10014.5,-0.06039221195206731,0.3104610767705743,0,Bull (Strong Uptrend)
2017-07-31,10077.099609375,0.6231441314613234,0.3403926306120938,0,Bull (Strong Uptrend)
2017-08-01,10114.650390625,0.3719422490879323,0.31560289117935153,0,Bull (Strong Uptrend)
2017-08-02,10081.5,-0.32828454686495034,0.3757543652311045,0,Bull (Strong Uptrend)
2017-08-03,10013.650390625,-0.6752859858295522,0.522764282482456,0,Bull (Strong Uptrend)
2017-08-04,10066.400390625,0.5253982862758577,0.572938667399964,0,Bull (Strong Uptrend)
2017-08-07,10057.400390625,-0.08944632972548343,0.49459809521307746,0,Bull (Strong Uptrend)
2017-08-08,9978.5498046875,-0.7870951189924851,0.5244746892545729,0,Bull (Strong Uptrend)
2017-08-09,9908.0498046875,-0.709023128427374,0.5612327435715737,0,Bull (Strong Uptrend)
2017-08-10,9820.25,-0.8900958038211523,0.5995503774688762,0,Bull (Strong Uptrend)
2017-08-11,9710.7998046875,-1.120793220489222,0.3846379630503025,0,Bull (Strong Uptrend)
2017-08-14,9794.150390625,0.8546660459731773,0.7896441857936206,1,Low-Momentum / Sideways
2017-08-16,9897.2998046875,1.047666439142266,1.0302346207274986,1,Low-Momentum / Sideways
2017-08-17,9904.150390625,0.06919277268328228,0.9850107536834146,1,Low-Momentum / Sideways
2017-08-18,9837.400390625,-0.6762412448120804,0.9407758652546264,1,Low-Momentum / Sideways
2017-08-21,9754.349609375,-0.8478188903126932,0.8615249187327901,1,Low-Momentum / Sideways
2017-08-22,9765.5498046875,0.11475670344457027,0.7540815731890094,1,Low-Momentum / Sideways
2017-08-23,9852.5,0.8864363739937172,0.6961790729578103,1,Low-Momentum / Sideways
2017-08-24,9857.0498046875,0.04616853061997081,0.6949318085536789,1,Low-Momentum / Sideways
2017-08-28,9912.7998046875,0.5639916223863897,0.6560023937694737,1,Low-Momentum / Sideways
2017-08-29,9796.0498046875,-1.1847608353940924,0.7884190910053696,1,Low-Momentum / Sideways
2017-08-30,9884.400390625,0.8978573009264801,0.869356381347002,1,Low-Momentum / Sideways
2017-08-31,9917.900390625,0.33834484516002566,0.7995245443613669,1,Low-Momentum / Sideways
2017-09-01,9974.400390625,0.5680605029627356,0.8192879754205272,1,Low-Momentum / Sideways
2017-09-04,9912.849609375,-0.6189993868598528,0.8703643101640902,1,Low-Momentum / Sideways
2017-09-05,9952.2001953125,0.39617959979342765,0.566401781684539,0,Bull (Strong Uptrend)
2017-09-06,9916.2001953125,-0.36238487939692177,0.5215307543026114,0,Bull (Strong Uptrend)
2017-09-07,9929.900390625,0.1380643762176384,0.5025613108066507,0,Bull (Strong Uptrend)
2017-09-08,9934.7998046875,0.04932784400140928,0.40659727518076105,0,Bull (Strong Uptrend)
2017-09-11,10006.0498046875,0.7146165244692658,0.4016550871935278,0,Bull (Strong Uptrend)
2017-09-12,10093.0498046875,0.8657158285843384,0.5044706509944741,0,Bull (Strong Uptrend)
2017-09-13,10079.2998046875,-0.13632524119145414,0.43815736223504537,0,Bull (Strong Uptrend)
2017-09-14,10086.599609375,0.07239751479918528,0.44612112892612665,0,Bull (Strong Uptrend)
2017-09-15,10085.400390625,-0.01188993408102696,0.45590435480905395,0,Bull (Strong Uptrend)
2017-09-18,10153.099609375,0.6690166885736892,0.44590583526904215,0,Bull (Strong Uptrend)
2017-09-19,10147.5498046875,-0.05467613092135457,0.32269907374861445,0,Bull (Strong Uptrend)
2017-09-20,10141.150390625,-0.06308353135604271,0.3102756534975826,0,Bull (Strong Uptrend)
2017-09-21,10121.900390625,-0.1900010615274047,0.34146112152236335,0,Bull (Strong Uptrend)
2017-09-22,9964.400390625,-1.568265154818977,0.8152812556165544,1,Low-Momentum / Sideways
2017-09-25,9872.599609375,-0.9255576609087487,0.6688437650701291,1,Low-Momentum / Sideways
2017-09-26,9871.5,-0.011138612526191735,0.6773021874582303,1,Low-Momentum / Sideways
2017-09-27,9735.75,-1.3847140123069934,0.6966020878338323,1,Low-Momentum / Sideways
2017-09-28,9768.9501953125,0.34043309606841105,0.8411509961008172,1,Low-Momentum / Sideways
2017-09-29,9788.599609375,0.20093949262780386,0.7577563065146137,1,Low-Momentum / Sideways
2017-10-03,9859.5,0.721705404356513,0.8048542115304298,1,Low-Momentum / Sideways
2017-10-04,9914.900390625,0.5603258200374949,0.8470593597103162,1,Low-Momentum / Sideways
2017-10-05,9888.7001953125,-0.26460047490028743,0.3791882546181244,0,Bull (Strong Uptrend)
2017-10-06,9979.7001953125,0.9160338481321153,0.4672246924977558,0,Bull (Strong Uptrend)
2017-10-09,9988.75,0.09064103842389304,0.4829001475947616,0,Bull (Strong Uptrend)
2017-10-10,10016.9501953125,0.28192178944088775,0.4496601179557426,0,Bull (Strong Uptrend)
2017-10-11,9984.7998046875,-0.321476053982032,0.5003666299107009,0,Bull (Strong Uptrend)
2017-10-12,10096.400390625,1.1115046293774924,0.591917754294906,0,Bull (Strong Uptrend)
2017-10-13,10167.4501953125,0.7012497012134822,0.5530496131737158,0,Bull (Strong Uptrend)
2017-10-16,10230.849609375,0.6216166917771876,0.536049970620087,0,Bull (Strong Uptrend)
2017-10-17,10234.4501953125,0.03518722920273383,0.5690638287878564,0,Bull (Strong Uptrend)
2017-10-18,10210.849609375,-0.23086574073600594,0.5398586147794858,0,Bull (Strong Uptrend)
2017-10-19,10146.5498046875,-0.6317115188263495,0.5662719452977569,0,Bull (Strong Uptrend)
2017-10-23,10184.849609375,0.3767556695072139,0.4939893037472013,0,Bull (Strong Uptrend)
2017-10-24,10207.7001953125,0.2241072913402321,0.39859207978074485,0,Bull (Strong Uptrend)
2017-10-25,10295.349609375,0.8549942456258083,0.5712149960332522,0,Bull (Strong Uptrend)
2017-10-26,10343.7998046875,0.4694988474485417,0.5495383168460265,0,Bull (Strong Uptrend)
2017-10-27,10323.0498046875,-0.20080474155119446,0.3837708752550256,0,Bull (Strong Uptrend)
2017-10-30,10363.650390625,0.3925288971653147,0.3841627208145765,0,Bull (Strong Uptrend)
2017-10-31,10335.2998046875,-0.2739327685544796,0.4775538773058926,0,Bull (Strong Uptrend)
2017-11-01,10440.5,1.0127272636955602,0.5299708766431511,0,Bull (Strong Uptrend)
2017-11-02,10423.7998046875,-0.1600839619376669,0.5481719859182999,0,Bull (Strong Uptrend)
2017-11-03,10452.5,0.2749549839980272,0.5112146373699745,0,Bull (Strong Uptrend)
2017-11-06,10451.7998046875,-0.006699055402996047,0.5144067530360186,0,Bull (Strong Uptrend)
2017-11-07,10350.150390625,-0.9773143593572503,0.7207476222716059,0,Bull (Strong Uptrend)
2017-11-08,10303.150390625,-0.45513384645174293,0.47770824231789427,0,Bull (Strong Uptrend)
2017-11-09,10308.9501953125,0.05627572809849458,0.49890040022350524,0,Bull (Strong Uptrend)
2017-11-10,10321.75,0.12408504033945,0.46475542505335304,0,Bull (Strong Uptrend)
2017-11-13,10224.9501953125,-0.9422488277922888,0.5257529730193211,0,Bull (Strong Uptrend)
2017-11-14,10186.599609375,-0.37577382836893947,0.4322470492660307,0,Bull (Strong Uptrend)
2017-11-15,10118.0498046875,-0.6752154516989141,0.45994943608697425,0,Bull (Strong Uptrend)
2017-11-16,10214.75,0.9511815914835575,0.7477573003364164,0,Bull (Strong Uptrend)
2017-11-17,10283.599609375,0.6717601133431633,0.8386803494794755,0,Bull (Strong Uptrend)
2017-11-20,10298.75,0.1472173357154509,0.6839886441336278,0,Bull (Strong Uptrend)
2017-11-21,10326.900390625,0.27296504663746013,0.6192479369536427,0,Bull (Strong Uptrend)
2017-11-22,10342.2998046875,0.14900834832817705,0.35822670733327433,0,Bull (Strong Uptrend)
2017-11-23,10348.75,0.062347687355952267,0.24177356147349935,0,Bull (Strong Uptrend)
2017-11-24,10389.7001953125,0.39492101048355227,0.12991573755000288,0,Bull (Strong Uptrend)
2017-11-27,10399.5498046875,0.09475676238426342,0.13766565769351014,0,Bull (Strong Uptrend)
2017-11-28,10370.25,-0.28213872448567434,0.24266222001603163,0,Bull (Strong Uptrend)
2017-11-29,10361.2998046875,-0.08634372203591306,0.24957392355330374,0,Bull (Strong Uptrend)
2017-11-30,10226.5498046875,-1.3090432150481797,0.6487288656004986,0,Bull (Strong Uptrend)
2017-12-01,10121.7998046875,-1.0295766224326257,0.613349141530894,0,Bull (Strong Uptrend)
2017-12-04,10127.75,0.05876866933977984,0.6044417317034022,0,Bull (Strong Uptrend)
2017-12-05,10118.25,-0.0938457048031478,0.6290823129119153,0,Bull (Strong Uptrend)
2017-12-06,10044.099609375,-0.7355365457362713,0.5902182759105289,0,Bull (Strong Uptrend)
2017-12-07,10166.7001953125,1.2132334291871918,0.8683798862052385,1,Low-Momentum / Sideways
2017-12-08,10265.650390625,0.9685715646246356,0.8007884820304064,1,Low-Momentum / Sideways
2017-12-11,10322.25,0.5498351059959995,0.796631802447865,1,Low-Momentum / Sideways
2017-12-12,10240.150390625,-0.7985453457626933,0.9492423847703051,1,Low-Momentum / Sideways
2017-12-13,10192.9501953125,-0.46199820794001495,0.8846859438621296,1,Low-Momentum / Sideways
2017-12-14,10252.099609375,0.5786200538018408,0.756046771146839,1,Low-Momentum / Sideways
2017-12-15,10333.25,0.7884326721783315,0.7112849886051493,0,Bull (Strong Uptrend)
2017-12-18,10388.75,0.5356638616709943,0.7092254208277347,0,Bull (Strong Uptrend)
2017-12-19,10463.2001953125,0.714086797431896,0.5094330785387835,0,Bull (Strong Uptrend)
2017-12-20,10444.2001953125,-0.18175387542658722,0.387435227013386,0,Bull (Strong Uptrend)
2017-12-21,10440.2998046875,-0.03735201388922448,0.4447198280169649,0,Bull (Strong Uptrend)
2017-12-22,10493.0,0.5035069209514281,0.3918163819149854,0,Bull (Strong Uptrend)
2017-12-26,10531.5,0.36623979675021195,0.3740000361217564,0,Bull (Strong Uptrend)
2017-12-27,10490.75,-0.38768496273459363,0.37368132319471764,0,Bull (Strong Uptrend)
2017-12-28,10477.900390625,-0.12256021006669841,0.36524325882457115,0,Bull (Strong Uptrend)
2017-12-29,10530.7001953125,0.502650480124667,0.40526772814719003,0,Bull (Strong Uptrend)
2018-01-02,10442.2001953125,-0.8439512288536271,0.5516473055877824,0,Bull (Strong Uptrend)
2018-01-03,10443.2001953125,0.009576067320342099,0.4971269634763538,0,Bull (Strong Uptrend)
2018-01-04,10504.7998046875,0.5881209368789884,0.5749625437790642,0,Bull (Strong Uptrend)
2018-01-05,10558.849609375,0.5132056867763014,0.6032851246200671,0,Bull (Strong Uptrend)
2018-01-08,10623.599609375,0.6113570815585058,0.6207020204323306,0,Bull (Strong Uptrend)
2018-01-09,10637.0,0.1260584616212523,0.2809582586328685,0,Bull (Strong Uptrend)
2018-01-10,10632.2001953125,-0.04513385294137436,0.29897551664000166,0,Bull (Strong Uptrend)
2018-01-11,10651.2001953125,0.17854294613236377,0.2756061297732803,0,Bull (Strong Uptrend)
2018-01-12,10681.25,0.28172876803263625,0.2435457318194139,0,Bull (Strong Uptrend)
2018-01-15,10741.5498046875,0.562951290083651,0.22486787651760157,0,Bull (Strong Uptrend)
2018-01-16,10700.4501953125,-0.383356587156863,0.3558162483583873,0,Bull (Strong Uptrend)
2018-01-17,10788.5498046875,0.819955353642979,0.4531103540473741,0,Bull (Strong Uptrend)
2018-01-18,10817.0,0.2633602200690908,0.4493748319828525,0,Bull (Strong Uptrend)
2018-01-19,10894.7001953125,0.7157479729840962,0.48343543583312704,0,Bull (Strong Uptrend)
2018-01-22,10966.2001953125,0.6541382438729125,0.49294721576184913,0,Bull (Strong Uptrend)
2018-01-23,11083.7001953125,1.0657745398174343,0.29202477522016373,0,Bull (Strong Uptrend)
2018-01-24,11086.0,0.0207472782716017,0.4081753776025495,0,Bull (Strong Uptrend)
2018-01-25,11069.650390625,-0.14758864718050038,0.5079741228445767,0,Bull (Strong Uptrend)
2018-01-29,11130.400390625,0.547297411504586,0.4922610547983273,0,Bull (Strong Uptrend)
2018-01-30,11049.650390625,-0.7281350035077295,0.6842626481616801,0,Bull (Strong Uptrend)
2018-01-31,11027.7001953125,-0.19884815852113905,0.45829972286377435,0,Bull (Strong Uptrend)
2018-02-01,11016.900390625,-0.0979814128127614,0.4534449885146543,0,Bull (Strong Uptrend)
2018-02-02,10760.599609375,-2.3539213933076866,1.0972947601287635,1,Low-Momentum / Sideways
2018-02-05,10666.5498046875,-0.877862069830589,0.9037323301850652,1,Low-Momentum / Sideways
2018-02-06,10498.25,-1.590408165467595,0.9551506701330297,1,Low-Momentum / Sideways
2018-02-07,10476.7001953125,-0.20548141539544224,0.9537219353017595,1,Low-Momentum / Sideways
2018-02-08,10576.849609375,0.9513851145813865,1.2713297628780138,1,Low-Momentum / Sideways
2018-02-09,10454.9501953125,-1.1592044448500098,0.9912694986794025,1,Low-Momentum / Sideways
2018-02-12,10539.75,0.8078254517088934,1.1387563212547323,1,Low-Momentum / Sideways
2018-02-14,10500.900390625,-0.36928186917027583,0.8774871526757291,1,Low-Momentum / Sideways
2018-02-15,10545.5,0.42382236684079766,0.8848416219655183,1,Low-Momentum / Sideways
2018-02-16,10452.2998046875,-0.8877197442514924,0.8396043863922384,1,Low-Momentum / Sideways
2018-02-19,10378.400390625,-0.7095270288084443,0.7334918953032293,1,Low-Momentum / Sideways
2018-02-20,10360.400390625,-0.1735877084674727,0.5119739083201427,0,Bull (Strong Uptrend)
2018-02-21,10397.4501953125,0.3569718731482044,0.5984617828974204,0,Bull (Strong Uptrend)
2018-02-22,10382.7001953125,-0.1419624227920377,0.4962538623665239,0,Bull (Strong Uptrend)
2018-02-23,10491.0498046875,1.0381515779008084,0.6579352916603591,0,Bull (Strong Uptrend)
2018-02-26,10582.599609375,0.8688611908417675,0.5592660367481713,0,Bull (Strong Uptrend)
2018-02-27,10554.2998046875,-0.2677764703635068,0.5840204393025602,0,Bull (Strong Uptrend)
2018-02-28,10492.849609375,-0.5839305714195007,0.7243396560314426,0,Bull (Strong Uptrend)
2018-03-01,10458.349609375,-0.3293370543887722,0.7497356885346618,0,Bull (Strong Uptrend)
2018-03-05,10358.849609375,-0.9559475957881534,0.6834227511180367,0,Bull (Strong Uptrend)
2018-03-06,10249.25,-1.0636656924044892,0.3596946685684511,0,Bull (Strong Uptrend)
2018-03-07,10154.2001953125,-0.9317099938461516,0.30648379009059623,0,Bull (Strong Uptrend)
2018-03-08,10242.650390625,0.8672981093711041,0.8076369050878979,1,Low-Momentum / Sideways
2018-03-09,10226.849609375,-0.15438368683495454,0.819641615668658,1,Low-Momentum / Sideways
2018-03-12,10421.400390625,1.8844845326350685,1.250430336083042,1,Low-Momentum / Sideways
2018-03-13,10426.849609375,0.052275072239545896,1.0732961379212138,1,Low-Momentum / Sideways
2018-03-14,10410.900390625,-0.15308007692338496,0.8813189277195187,1,Low-Momentum / Sideways
2018-03-15,10360.150390625,-0.48866185464449924,0.9460263869992971,1,Low-Momentum / Sideways
2018-03-16,10195.150390625,-1.6054597867946299,1.262385125556303,1,Low-Momentum / Sideways
2018-03-19,10094.25,-0.9946200527824731,0.6702770227348269,1,Low-Momentum / Sideways
2018-03-20,10124.349609375,0.2977420018466655,0.7389389786397204,1,Low-Momentum / Sideways
2018-03-21,10155.25,0.3047438325629427,0.8292746902648076,1,Low-Momentum / Sideways
2018-03-22,10114.75,-0.39960585982851976,0.8304608184951252,1,Low-Momentum / Sideways
2018-03-23,9998.0498046875,-1.1604700101594518,0.691906567828166,1,Low-Momentum / Sideways
2018-03-26,10130.650390625,1.317546616079525,0.9216710270496403,1,Low-Momentum / Sideways
2018-03-27,10184.150390625,0.5267107884641591,0.9411736043092529,1,Low-Momentum / Sideways
2018-03-28,10113.7001953125,-0.694166881475983,0.9959893185064942,1,Low-Momentum / Sideways
2018-04-02,10211.7998046875,0.9652935584409928,1.0713695815730695,1,Low-Momentum / Sideways
2018-04-03,10245.0,0.32458864317621045,0.7651269602769553,1,Low-Momentum / Sideways
2018-04-04,10128.400390625,-1.1446384030859533,0.8812689362338837,1,Low-Momentum / Sideways
2018-04-05,10325.150390625,1.9239306758980577,1.2402211742195004,1,Low-Momentum / Sideways
2018-04-06,10331.599609375,0.06244175835545499,1.1340190894711135,1,Low-Momentum / Sideways
2018-04-09,10379.349609375,0.4611095715747583,1.0958875368774128,1,Low-Momentum / Sideways
2018-04-10,10402.25,0.22039111834326383,1.096899126128463,1,Low-Momentum / Sideways
2018-04-11,10417.150390625,0.1431395034394698,0.77568244466046,1,Low-Momentum / Sideways
2018-04-12,10458.650390625,0.39759006232568583,0.16851082576735602,0,Bull (Strong Uptrend)
2018-04-13,10480.599609375,0.20964673318500843,0.13570046760474028,0,Bull (Strong Uptrend)
2018-04-16,10528.349609375,0.45456897177942124,0.13361040246395756,0,Bull (Strong Uptrend)
2018-04-17,10548.7001953125,0.19310664870136762,0.13741526646676952,0,Bull (Strong Uptrend)
2018-04-18,10526.2001953125,-0.21352422200410556,0.26203409011984946,0,Bull (Strong Uptrend)
2018-04-19,10565.2998046875,0.37076219486611,0.25742258443266036,0,Bull (Strong Uptrend)
2018-04-20,10564.0498046875,-0.011831883371402492,0.274465207324872,0,Bull (Strong Uptrend)
2018-04-23,10584.7001953125,0.195287165320684,0.22451947538138708,0,Bull (Strong Uptrend)
2018-04-24,10614.349609375,0.2797241731914462,0.23590057492576003,0,Bull (Strong Uptrend)
2018-04-25,10570.5498046875,-0.4135008266019891,0.31209618910526676,0,Bull (Strong Uptrend)
2018-04-26,10617.7998046875,0.4460005540255803,0.33063671183674315,0,Bull (Strong Uptrend)
2018-04-27,10692.2998046875,0.6992018327494463,0.41350154677697964,0,Bull (Strong Uptrend)
2018-04-30,10739.349609375,0.4390691482923282,0.4210174819467391,0,Bull (Strong Uptrend)
2018-05-02,10718.0498046875,-0.19853115722468315,0.4748497180907897,0,Bull (Strong Uptrend)
2018-05-03,10679.650390625,-0.3589119852419833,0.45769491423397346,0,Bull (Strong Uptrend)
2018-05-04,10618.25,-0.5765879228025448,0.5436789932456093,0,Bull (Strong Uptrend)
2018-05-07,10715.5,0.9117072584576635,0.6154839964931803,0,Bull (Strong Uptrend)
2018-05-08,10717.7998046875,0.02146010849736417,0.5753884519570389,0,Bull (Strong Uptrend)
2018-05-09,10741.7001953125,0.2227489038162844,0.5772439923492068,0,Bull (Strong Uptrend)
2018-05-10,10716.5498046875,-0.2344124254457977,0.5578747966021612,0,Bull (Strong Uptrend)
2018-05-11,10806.5,0.8358547680564028,0.5042886710042503,0,Bull (Strong Uptrend)
2018-05-14,10806.599609375,0.0009217500201396874,0.4063076525596484,0,Bull (Strong Uptrend)
2018-05-15,10801.849609375,-0.04396428478900636,0.41325370495993696,0,Bull (Strong Uptrend)
2018-05-16,10741.099609375,-0.5639911268794516,0.5180771721170354,0,Bull (Strong Uptrend)
2018-05-17,10682.7001953125,-0.5451839472282671,0.5691839200439746,0,Bull (Strong Uptrend)
2018-05-18,10596.400390625,-0.8111271197454395,0.3550450447405218,0,Bull (Strong Uptrend)
2018-05-21,10516.7001953125,-0.7549869197766206,0.30261734513616456,0,Bull (Strong Uptrend)
2018-05-22,10536.7001953125,0.18999311888009693,0.40124871646289423,0,Bull (Strong Uptrend)
2018-05-23,10430.349609375,-1.014463160082004,0.4654686067104161,0,Bull (Strong Uptrend)
2018-05-24,10513.849609375,0.7973610404251362,0.7780228209001498,1,Low-Momentum / Sideways
2018-05-25,10605.150390625,0.8646370571623485,0.8685127228456143,1,Low-Momentum / Sideways
2018-05-28,10688.650390625,0.784269833741265,0.7964998823954931,1,Low-Momentum / Sideways
2018-05-29,10633.2998046875,-0.5191899405584954,0.8846724779862082,1,Low-Momentum / Sideways
2018-05-30,10614.349609375,-0.17837455774774605,0.6496622159666241,0,Bull (Strong Uptrend)
2018-05-31,10736.150390625,1.1409765823805855,0.7228969347171944,0,Bull (Strong Uptrend)
2018-06-01,10696.2001953125,-0.3728031736138272,0.743488581567531,0,Bull (Strong Uptrend)
2018-06-04,10628.5,-0.634948413268003,0.7213960627928327,0,Bull (Strong Uptrend)
2018-06-05,10593.150390625,-0.33314696471618543,0.6996699196402353,0,Bull (Strong Uptrend)
2018-06-06,10684.650390625,0.860056590990892,0.8073874459239888,0,Bull (Strong Uptrend)
2018-06-07,10768.349609375,0.7803071219768875,0.7042317199628924,0,Bull (Strong Uptrend)
2018-06-08,10767.650390625,-0.00649348765086917,0.665979329228687,0,Bull (Strong Uptrend)
2018-06-11,10786.9501953125,0.17907833428202438,0.5132524007644567,0,Bull (Strong Uptrend)
2018-06-12,10842.849609375,0.5168752278609609,0.3749106508754245,0,Bull (Strong Uptrend)
2018-06-13,10856.7001953125,0.1276578356983104,0.32175052343060984,0,Bull (Strong Uptrend)
2018-06-14,10808.0498046875,-0.4491210136474933,0.3500689507473088,0,Bull (Strong Uptrend)
2018-06-15,10817.7001953125,0.08924907821071906,0.34719943802650266,0,Bull (Strong Uptrend)
2018-06-18,10799.849609375,-0.16514905857463397,0.35970445912139615,0,Bull (Strong Uptrend)
2018-06-19,10710.4501953125,-0.831229035595547,0.40071803405103895,0,Bull (Strong Uptrend)
2018-06-20,10772.0498046875,0.5734879851344152,0.5325026266288642,0,Bull (Strong Uptrend)
2018-06-21,10741.099609375,-0.2877330145384961,0.5149366308161841,0,Bull (Strong Uptrend)
2018-06-22,10821.849609375,0.7489734048953369,0.6501080083992108,0,Bull (Strong Uptrend)
2018-06-25,10762.4501953125,-0.5503960244404886,0.6968590153999604,0,Bull (Strong Uptrend)
2018-06-26,10769.150390625,0.06223592623338975,0.5522005151837491,0,Bull (Strong Uptrend)
2018-06-27,10671.400390625,-0.9118299083682797,0.6335898035272407,0,Bull (Strong Uptrend)
2018-06-28,10589.099609375,-0.7742169031781291,0.6878149718060267,0,Bull (Strong Uptrend)
2018-06-29,10714.2998046875,1.1754146307527904,0.854361902250018,1,Low-Momentum / Sideways
2018-07-02,10657.2998046875,-0.5334194556937323,0.8526520916522418,1,Low-Momentum / Sideways
2018-07-03,10699.900390625,0.3989347109783859,0.8906311243957458,1,Low-Momentum / Sideways
2018-07-04,10769.900390625,0.6520810207044188,0.8186986258777441,1,Low-Momentum / Sideways
2018-07-05,10749.75,-0.18727438548922296,0.6767786994764599,0,Bull (Strong Uptrend)
2018-07-06,10772.650390625,0.2128052526818883,0.4717666873561885,0,Bull (Strong Uptrend)
2018-07-09,10852.900390625,0.7421810355794803,0.37215419523481474,0,Bull (Strong Uptrend)
2018-07-10,10947.25,0.8655921796766377,0.43619173700923664,0,Bull (Strong Uptrend)
2018-07-11,10948.2998046875,0.009589206004582808,0.4584518959343808,0,Bull (Strong Uptrend)
2018-07-12,11023.2001953125,0.6817985187144955,0.3702414512999675,0,Bull (Strong Uptrend)
2018-07-13,11018.900390625,-0.039014473464332455,0.4315360365043801,0,Bull (Strong Uptrend)
2018-07-16,10936.849609375,-0.7474230051277427,0.6433519927402943,0,Bull (Strong Uptrend)
2018-07-17,11008.0498046875,0.6489019959189796,0.5883935311147449,0,Bull (Strong Uptrend)
2018-07-18,10980.4501953125,-0.251036895370613,0.6107187378584282,0,Bull (Strong Uptrend)
2018-07-19,10957.099609375,-0.21288243184788302,0.5042881004445636,0,Bull (Strong Uptrend)
2018-07-20,11010.2001953125,0.48345212961502687,0.5745719136441527,0,Bull (Strong Uptrend)
2018-07-23,11084.75,0.6748156201300246,0.4630469734282798,0,Bull (Strong Uptrend)
2018-07-24,11134.2998046875,0.44601265367422166,0.4290347147499571,0,Bull (Strong Uptrend)
2018-07-25,11132.0,-0.020657268750096134,0.3734933090785435,0,Bull (Strong Uptrend)
2018-07-26,11167.2998046875,0.31660038191820944,0.2581288496191901,0,Bull (Strong Uptrend)
2018-07-27,11278.349609375,0.989507665693427,0.3794916262575406,0,Bull (Strong Uptrend)
2018-07-30,11319.5498046875,0.36463779405013436,0.3650163978225161,0,Bull (Strong Uptrend)
2018-07-31,11356.5,0.32589651490718063,0.36676074996886876,0,Bull (Strong Uptrend)
2018-08-01,11346.2001953125,-0.09073639087465626,0.3873848423048875,0,Bull (Strong Uptrend)
2018-08-02,11244.7001953125,-0.8985979419681003,0.6961663997192608,0,Bull (Strong Uptrend)
2018-08-03,11360.7998046875,1.0271892255968624,0.7077937822143126,0,Bull (Strong Uptrend)
2018-08-06,11387.099609375,0.23122852731850252,0.6999471417166713,0,Bull (Strong Uptrend)
2018-08-07,11389.4501953125,0.020640403976921497,0.6906398733056125,0,Bull (Strong Uptrend)
2018-08-08,11450.0,0.5302224530419491,0.7126983741346732,0,Bull (Strong Uptrend)
2018-08-09,11470.7001953125,0.18062450766348273,0.3971230761283781,0,Bull (Strong Uptrend)
2018-08-10,11429.5,-0.3598242758917501,0.3257420643572115,0,Bull (Strong Uptrend)
2018-08-13,11355.75,-0.6473508743511776,0.46030506237103574,0,Bull (Strong Uptrend)
2018-08-14,11435.099609375,0.696331478277028,0.5734053382995583,0,Bull (Strong Uptrend)
2018-08-16,11385.0498046875,-0.43864642628158435,0.5462894104117109,0,Bull (Strong Uptrend)
2018-08-17,11470.75,0.7499242877784468,0.6686200861979135,0,Bull (Strong Uptrend)
2018-08-20,11551.75,0.7036623669863274,0.6941709130391306,0,Bull (Strong Uptrend)
2018-08-21,11570.900390625,0.1656418678663017,0.5142206953509002,0,Bull (Strong Uptrend)
2018-08-23,11582.75,0.10235630416488739,0.48955737786598064,0,Bull (Strong Uptrend)
2018-08-24,11557.099609375,-0.22169894415104055,0.4167313568570014,0,Bull (Strong Uptrend)
2018-08-27,11691.9501953125,1.1600654595540068,0.5473381931378484,0,Bull (Strong Uptrend)
2018-08-28,11738.5,0.39734504070277965,0.5187298036134371,0,Bull (Strong Uptrend)
2018-08-29,11691.900390625,-0.39777101577748375,0.613400452950901,0,Bull (Strong Uptrend)
2018-08-30,11676.7998046875,-0.12923772322029556,0.6318444220049666,0,Bull (Strong Uptrend)
2018-08-31,11680.5,0.03168341695652239,0.6029008989191684,0,Bull (Strong Uptrend)
2018-09-03,11582.349609375,-0.8438430776075216,0.46596029393924976,0,Bull (Strong Uptrend)
2018-09-04,11520.2998046875,-0.5371674285373426,0.343664359108717,0,Bull (Strong Uptrend)
2018-09-05,11476.9501953125,-0.3769986473883496,0.34344979377874185,0,Bull (Strong Uptrend)
2018-09-06,11536.900390625,0.5209934834070753,0.5302407110446816,0,Bull (Strong Uptrend)
2018-09-07,11589.099609375,0.4514339479237918,0.6112583448672103,0,Bull (Strong Uptrend)
2018-09-10,11438.099609375,-1.3115113390097495,0.7602365640994462,1,Low-Momentum / Sideways
2018-09-11,11287.5,-1.3253935347788788,0.9028510243286895,1,Low-Momentum / Sideways
2018-09-12,11369.900390625,0.7273628261968242,1.0374700903648426,1,Low-Momentum / Sideways
2018-09-14,11515.2001953125,1.2698371727607838,1.205713125249667,1,Low-Momentum / Sideways
2018-09-17,11377.75,-1.20082248727221,1.2632042186886685,1,Low-Momentum / Sideways
2018-09-18,11278.900390625,-0.8725935642451746,1.1946446579975734,1,Low-Momentum / Sideways
2018-09-19,11234.349609375,-0.3957743942134398,1.0555827389770083,1,Low-Momentum / Sideways
2018-09-21,11143.099609375,-0.8155577062129398,0.9779671661279974,1,Low-Momentum / Sideways
2018-09-24,10967.400390625,-1.5893165427847329,0.44715535920653005,1,Low-Momentum / Sideways
2018-09-25,11067.4501953125,0.9081113743931286,0.9225772201177107,1,Low-Momentum / Sideways
2018-09-26,11053.7998046875,-0.1234142949208208,0.918529263479439,1,Low-Momentum / Sideways
2018-09-27,10977.5498046875,-0.6921982157626523,0.9274536628901348,1,Low-Momentum / Sideways
2018-09-28,10930.4501953125,-0.4299770124143364,0.9065505328085112,1,Low-Momentum / Sideways
2018-10-01,11008.2998046875,0.7097025685968255,0.7035416636068624,1,Low-Momentum / Sideways
2018-10-03,10858.25,-1.3724356268050715,0.764553457913962,1,Low-Momentum / Sideways
2018-10-04,10599.25,-2.414191581845832,1.1568393297997517,1,Low-Momentum / Sideways
2018-10-05,10316.4501953125,-2.7043516339215605,1.4140405574994082,2,High Volatility / Crisis
2018-10-08,10348.0498046875,0.3058349730753957,1.5513332638557584,2,High Volatility / Crisis
2018-10-09,10301.0498046875,-0.45522644623356334,1.27546862618926,2,High Volatility / Crisis
2018-10-10,10460.099609375,1.5322168649223669,1.8027184951409807,2,High Volatility / Crisis
2018-10-11,10234.650390625,-2.178892116573151,1.7506397079061056,2,High Volatility / Crisis
2018-10-12,10472.5,2.2973713528550763,1.748081630002174,2,High Volatility / Crisis
2018-10-15,10512.5,0.3812251460013522,1.7484668241024777,2,High Volatility / Crisis
2018-10-16,10584.75,0.6849260681022563,1.696421157430174,2,High Volatility / Crisis
2018-10-17,10453.0498046875,-1.2520502809902525,1.7469017673233347,2,High Volatility / Crisis
2018-10-19,10303.5498046875,-1.4405306077947944,1.5366438473706456,2,High Volatility / Crisis
2018-10-22,10245.25,-0.5674293551714025,0.950866348832478,1,Low-Momentum / Sideways
2018-10-23,10146.7998046875,-0.9655817945697833,0.8454204914092424,1,Low-Momentum / Sideways
2018-10-24,10224.75,0.7652886157385113,0.8786366318143009,1,Low-Momentum / Sideways
2018-10-25,10124.900390625,-0.9813476770964884,0.843126912014482,1,Low-Momentum / Sideways
2018-10-26,10030.0,-0.9417173007402645,0.748631783919136,1,Low-Momentum / Sideways
2018-10-29,10250.849609375,2.1779988895005156,1.423988381796736,1,Low-Momentum / Sideways
2018-10-30,10198.400390625,-0.51297073253929,1.3593103639037143,1,Low-Momentum / Sideways
2018-10-31,10386.599609375,1.8285592676591407,1.5578040407200986,1,Low-Momentum / Sideways
2018-11-01,10380.4501953125,-0.05922280054286613,1.414048072853175,1,Low-Momentum / Sideways
2018-11-02,10553.0,1.6485931474334168,1.2149610996782385,1,Low-Momentum / Sideways
2018-11-05,10524.0,-0.2751816510906828,1.1203474860391327,1,Low-Momentum / Sideways
2018-11-06,10530.0,0.05699629678378128,1.0119654828554443,1,Low-Momentum / Sideways
2018-11-07,10598.400390625,0.6474757039787639,0.7753332848662952,1,Low-Momentum / Sideways
2018-11-09,10585.2001953125,-0.12462656636175824,0.785580505978679,1,Low-Momentum / Sideways
2018-11-12,10482.2001953125,-0.9778218363147999,0.5872046657552629,0,Bull (Strong Uptrend)
2018-11-13,10582.5,0.9523094254035388,0.748260801999081,0,Bull (Strong Uptrend)
2018-11-14,10576.2998046875,-0.058606306096734895,0.7521175400649035,0,Bull (Strong Uptrend)
2018-11-15,10616.7001953125,0.38126211073087707,0.7108803787168233,0,Bull (Strong Uptrend)
2018-11-16,10682.2001953125,0.6150571652505878,0.7456033841875169,0,Bull (Strong Uptrend)
2018-11-19,10763.400390625,0.757270313114419,0.38916919352762575,0,Bull (Strong Uptrend)
2018-11-20,10656.2001953125,-1.0009625523730634,0.7081917494911252,1,Low-Momentum / Sideways
2018-11-21,10600.0498046875,-0.5283201056794732,0.7694315899066342,1,Low-Momentum / Sideways
2018-11-22,10526.75,-0.6939063131569403,0.8014852968718156,1,Low-Momentum / Sideways
2018-11-26,10628.599609375,0.9628807669070337,0.8961783320253737,1,Low-Momentum / Sideways
2018-11-27,10685.599609375,0.5348559924642655,0.8471287178433461,1,Low-Momentum / Sideways
2018-11-28,10728.849609375,0.40393342237814217,0.7149601131847261,1,Low-Momentum / Sideways
2018-11-29,10858.7001953125,1.203028163822991,0.7319104459131756,1,Low-Momentum / Sideways
2018-11-30,10876.75,0.1660863582254459,0.4217900660544286,0,Bull (Strong Uptrend)
2018-12-03,10883.75,0.06433675918710725,0.44797561827792937,0,Bull (Strong Uptrend)
2018-12-04,10869.5,-0.13101492455916805,0.5188902137061003,0,Bull (Strong Uptrend)
2018-12-05,10782.900390625,-0.7999119688821785,0.7220662324668042,1,Low-Momentum / Sideways
2018-12-06,10601.150390625,-1.6999059579474705,0.7787866930458549,1,Low-Momentum / Sideways
2018-12-07,10693.7001953125,0.8692278636606364,0.965693629458542,1,Low-Momentum / Sideways
2018-12-10,10488.4501953125,-1.9380130942287621,1.153334445876512,1,Low-Momentum / Sideways
2018-12-11,10549.150390625,0.5770654643792864,1.282978590295025,1,Low-Momentum / Sideways
2018-12-12,10737.599609375,1.7706239057753168,1.6457367011388195,1,Low-Momentum / Sideways
2018-12-13,10791.5498046875,0.5011838341027756,1.3781335199282962,1,Low-Momentum / Sideways
2018-12-14,10805.4501953125,0.12872521687673252,1.348667509611523,1,Low-Momentum / Sideways
2018-12-17,10888.349609375,0.7642719885813293,0.6163728220033496,0,Bull (Strong Uptrend)
2018-12-18,10908.7001953125,0.18672794743268972,0.6661998358880645,0,Bull (Strong Uptrend)
2018-12-19,10967.2998046875,0.5357446474361821,0.2634920404566409,0,Bull (Strong Uptrend)
2018-12-20,10951.7001953125,-0.14233871991216723,0.35665416819672663,0,Bull (Strong Uptrend)
2018-12-21,10754.0,-1.821693480035375,1.0246057874563614,1,Low-Momentum / Sideways
2018-12-24,10663.5,-0.8451083331975899,0.9359605464324542,1,Low-Momentum / Sideways
2018-12-26,10729.849609375,0.6202845587195537,1.0220390636355259,1,Low-Momentum / Sideways
2018-12-27,10779.7998046875,0.46444536719637464,1.0073206522330411,1,Low-Momentum / Sideways
2018-12-28,10859.900390625,0.7403148015077441,1.1224518553114986,1,Low-Momentum / Sideways
2018-12-31,10862.5498046875,0.02439332627594762,0.6445145324074559,0,Bull (Strong Uptrend)
2019-01-02,10792.5,-0.6469627145011257,0.5653527302208978,0,Bull (Strong Uptrend)
2019-01-03,10672.25,-1.1204533761500677,0.7714275300553917,0,Bull (Strong Uptrend)
2019-01-04,10727.349609375,0.5149603931252372,0.7810637345807319,0,Bull (Strong Uptrend)
2019-01-07,10771.7998046875,0.41350713736187994,0.7032147377888126,0,Bull (Strong Uptrend)
2019-01-08,10802.150390625,0.28136345625500236,0.7292348809048357,0,Bull (Strong Uptrend)
2019-01-09,10855.150390625,0.4894433183399924,0.6970117556563279,0,Bull (Strong Uptrend)
2019-01-10,10821.599609375,-0.3095557040757343,0.3407541971309858,0,Bull (Strong Uptrend)
2019-01-11,10794.9501953125,-0.24656504210332242,0.376630466186645,0,Bull (Strong Uptrend)
2019-01-14,10737.599609375,-0.5326886232360374,0.42978810173133397,0,Bull (Strong Uptrend)
2019-01-15,10886.7998046875,1.3799464213669708,0.7845893779634843,0,Bull (Strong Uptrend)
2019-01-16,10890.2998046875,0.0321438583917674,0.7623580961916174,0,Bull (Strong Uptrend)
2019-01-17,10905.2001953125,0.1367290766106507,0.7331584775164619,0,Bull (Strong Uptrend)
2019-01-18,10906.9501953125,0.01604610249256087,0.7062076600753449,0,Bull (Strong Uptrend)
2019-01-21,10961.849609375,0.5020808629692447,0.5748629064319284,0,Bull (Strong Uptrend)
2019-01-22,10922.75,-0.3573257146616415,0.3074147812767711,0,Bull (Strong Uptrend)
2019-01-23,10831.5,-0.8389214537151498,0.5108540672955716,0,Bull (Strong Uptrend)
2019-01-24,10849.7998046875,0.16880730581589695,0.5148857939615483,0,Bull (Strong Uptrend)
2019-01-25,10780.5498046875,-0.6403062164968701,0.5590816002614342,0,Bull (Strong Uptrend)
2019-01-28,10661.5498046875,-1.1099773244971003,0.48960673729274745,0,Bull (Strong Uptrend)
2019-01-29,10652.2001953125,-0.08773312978436731,0.5300660065322822,0,Bull (Strong Uptrend)
2019-01-30,10651.7998046875,-0.003758830501756102,0.5287920982155097,0,Bull (Strong Uptrend)
2019-01-31,10830.9501953125,1.6678920874278536,1.0518519227572662,1,Low-Momentum / Sideways
2019-02-01,10893.650390625,0.5772292029816439,1.0169779444604432,1,Low-Momentum / Sideways
2019-02-04,10912.25,0.17059248691862575,0.7196299716830241,0,Bull (Strong Uptrend)
2019-02-05,10934.349609375,0.20231630833451036,0.6742074130015743,0,Bull (Strong Uptrend)
2019-02-06,11062.4501953125,1.1647333726075786,0.648042283788525,0,Bull (Strong Uptrend)
2019-02-07,11069.400390625,0.06280717930916961,0.4514750921885364,0,Bull (Strong Uptrend)
2019-02-08,10943.599609375,-1.1429805188104512,0.8208427341528148,1,Low-Momentum / Sideways
2019-02-11,10888.7998046875,-0.5020054711538445,0.8588711065426347,1,Low-Momentum / Sideways
2019-02-12,10831.400390625,-0.5285360831624847,0.8688119350581235,1,Low-Momentum / Sideways
2019-02-14,10746.0498046875,-0.7911132252471094,0.44256297322190574,0,Bull (Strong Uptrend)
2019-02-15,10724.400390625,-0.20166713974639475,0.3532703975492489,0,Bull (Strong Uptrend)
2019-02-18,10640.9501953125,-0.7811771620307167,0.24242751170085255,0,Bull (Strong Uptrend)
2019-02-19,10604.349609375,-0.3445526538395949,0.2614687680136297,0,Bull (Strong Uptrend)
2019-02-20,10735.4501953125,1.228711014362708,0.8286836407272171,0,Bull (Strong Uptrend)
2019-02-21,10789.849609375,0.5054473607434973,0.7908446032283359,0,Bull (Strong Uptrend)
2019-02-22,10791.650390625,0.01668819363047236,0.7772204297863119,0,Bull (Strong Uptrend)
2019-02-25,10880.099609375,0.8162673513503154,0.6250078981119285,0,Bull (Strong Uptrend)
2019-02-26,10835.2998046875,-0.41260920318907485,0.646847531400397,0,Bull (Strong Uptrend)
2019-02-27,10806.650390625,-0.26475831003447126,0.5184104740527958,0,Bull (Strong Uptrend)
2019-02-28,10792.5,-0.1310273079593882,0.48061463553873424,0,Bull (Strong Uptrend)
2019-03-01,10863.5,0.6557097745663337,0.5625146387052649,0,Bull (Strong Uptrend)
2019-03-05,10987.4501953125,1.1345183958033886,0.6674202998266473,0,Bull (Strong Uptrend)
2019-03-06,11053.0,0.59481541776258,0.5845357867354493,0,Bull (Strong Uptrend)
2019-03-07,11058.2001953125,0.047036753884395606,0.5077657625875311,0,Bull (Strong Uptrend)
2019-03-08,11035.400390625,-0.20639291176077681,0.5303221339165999,0,Bull (Strong Uptrend)
2019-03-11,11168.0498046875,1.194868284879883,0.6294011965869885,0,Bull (Strong Uptrend)
2019-03-12,11301.2001953125,1.1851926453906936,0.6414002081604422,0,Bull (Strong Uptrend)
2019-03-13,11341.7001953125,0.35772840485137175,0.647207153250492,0,Bull (Strong Uptrend)
2019-03-14,11343.25,0.013663725743869716,0.6533911415552068,0,Bull (Strong Uptrend)
2019-03-15,11426.849609375,0.7342961729934112,0.5171192945881583,0,Bull (Strong Uptrend)
2019-03-18,11462.2001953125,0.30888668901587507,0.4515754138949009,0,Bull (Strong Uptrend)
2019-03-19,11532.400390625,0.6105817158639563,0.2807651413277013,0,Bull (Strong Uptrend)
2019-03-20,11521.0498046875,-0.09847191425605331,0.36227423073771187,0,Bull (Strong Uptrend)
2019-03-22,11456.900390625,-0.558357731469638,0.5315298934381042,0,Bull (Strong Uptrend)
2019-03-25,11354.25,-0.900007950222714,0.6161265101233547,0,Bull (Strong Uptrend)
2019-03-26,11483.25,1.1297328693216404,0.8327436597342587,1,Low-Momentum / Sideways
2019-03-27,11445.0498046875,-0.3332146821462826,0.7751105799183449,1,Low-Momentum / Sideways
2019-03-28,11570.0,1.0858236155870984,0.9555322889754522,1,Low-Momentum / Sideways
2019-04-01,11669.150390625,0.8533099582725414,0.9260906893909846,1,Low-Momentum / Sideways
2019-04-02,11713.2001953125,0.37677868730356695,0.6121676056306953,0,Bull (Strong Uptrend)
2019-04-03,11643.9501953125,-0.5929679070481917,0.728952371423678,0,Bull (Strong Uptrend)
2019-04-04,11598.0,-0.395407913661549,0.7423948991421004,0,Bull (Strong Uptrend)
2019-04-05,11665.9501953125,0.5841689650914403,0.6290659056584994,0,Bull (Strong Uptrend)
2019-04-08,11604.5,-0.5281405184150887,0.5496305600160681,0,Bull (Strong Uptrend)
2019-04-09,11671.9501953125,0.5795590267793093,0.5998209911866986,0,Bull (Strong Uptrend)
2019-04-10,11584.2998046875,-0.7537827950835446,0.6379366575490315,0,Bull (Strong Uptrend)
2019-04-11,11596.7001953125,0.1069875484907893,0.6196136230243464,0,Bull (Strong Uptrend)
2019-04-12,11643.4501953125,0.4023215192085498,0.5807031194399738,0,Bull (Strong Uptrend)
2019-04-15,11690.349609375,0.40198748262654665,0.531583668631919,0,Bull (Strong Uptrend)
2019-04-16,11787.150390625,0.8246306446581041,0.5895306511032327,0,Bull (Strong Uptrend)
2019-04-18,11752.7998046875,-0.2918494732110024,0.41322590624177147,0,Bull (Strong Uptrend)
2019-04-22,11594.4501953125,-1.3564941266796056,0.8556648539533823,1,Low-Momentum / Sideways
2019-04-23,11575.9501953125,-0.1596865278055509,0.8253414250093044,1,Low-Momentum / Sideways
2019-04-24,11726.150390625,1.289173694761699,1.0336872302050701,1,Low-Momentum / Sideways
2019-04-25,11641.7998046875,-0.7219371112150696,0.9780082440688895,1,Low-Momentum / Sideways
2019-04-26,11754.650390625,0.964688746996101,1.1157187045028438,1,Low-Momentum / Sideways
2019-04-30,11748.150390625,-0.055312558075265465,0.8359854523051742,1,Low-Momentum / Sideways
2019-05-02,11724.75,-0.19938224921164988,0.8411800617094791,1,Low-Momentum / Sideways
2019-05-03,11712.25,-0.10666895238500143,0.613024230705467,0,Bull (Strong Uptrend)
2019-05-06,11598.25,-0.9781077957029449,0.6916317361300304,0,Bull (Strong Uptrend)
2019-05-07,11497.900390625,-0.8689780690377915,0.4445668739217635,0,Bull (Strong Uptrend)
2019-05-08,11359.4501953125,-1.21144301503351,0.49154441433838053,0,Bull (Strong Uptrend)
2019-05-09,11301.7998046875,-0.5088026035289156,0.43301686965704606,0,Bull (Strong Uptrend)
2019-05-10,11278.900390625,-0.20282295690185756,0.39894118105357523,0,Bull (Strong Uptrend)
2019-05-13,11148.2001953125,-1.1655690801341048,0.4326491477321693,0,Bull (Strong Uptrend)
2019-05-14,11222.0498046875,0.6602508032110875,0.7717968130625019,0,Bull (Strong Uptrend)
2019-05-15,11157.0,-0.5813471837233283,0.6681493234366636,0,Bull (Strong Uptrend)
2019-05-16,11257.099609375,0.893190238330833,0.8573159359381887,1,Low-Momentum / Sideways
2019-05-17,11407.150390625,1.3241380029110124,1.0521285020906967,1,Low-Momentum / Sideways
2019-05-20,11828.25,3.625035203017847,1.537337423830659,2,High Volatility / Crisis
2019-05-21,11709.099609375,-1.0124454145348287,1.8333677955103618,2,High Volatility / Crisis
2019-05-22,11737.900390625,0.24566721316128273,1.704779711663328,2,High Volatility / Crisis
2019-05-23,11657.0498046875,-0.6911825598039294,1.8721405018725596,2,High Volatility / Crisis
2019-05-24,11844.099609375,1.591868987483049,1.898165389492598,2,High Volatility / Crisis
2019-05-27,11924.75,0.6786251877367341,1.0518636243551387,1,Low-Momentum / Sideways
2019-05-28,11928.75,0.03353805552639636,0.8430558298252662,1,Low-Momentum / Sideways
2019-05-29,11861.099609375,-0.5687347678687315,0.9458939159474065,1,Low-Momentum / Sideways
2019-05-30,11945.900390625,0.7124050901094894,0.8106223706088991,1,Low-Momentum / Sideways
2019-05-31,11922.7998046875,-0.1935638971628022,0.5573113929303215,1,Low-Momentum / Sideways
2019-06-03,12088.5498046875,1.3806190447529239,0.7751512732138756,1,Low-Momentum / Sideways
2019-06-04,12021.650390625,-0.5549484053303385,0.8605460329688356,1,Low-Momentum / Sideways
2019-06-06,11843.75,-1.4908921111632112,1.1155198926886798,1,Low-Momentum / Sideways
2019-06-07,11870.650390625,0.22686976453037896,1.0542662581832378,1,Low-Momentum / Sideways
2019-06-10,11922.7001953125,0.4375162508348263,1.081633739609556,1,Low-Momentum / Sideways
2019-06-11,11965.599609375,0.3591671280959742,0.8206101557381607,1,Low-Momentum / Sideways
2019-06-12,11906.2001953125,-0.49765444699523914,0.8148724077069289,1,Low-Momentum / Sideways
2019-06-13,11914.0498046875,0.06590703001973486,0.37210491374988836,0,Bull (Strong Uptrend)
2019-06-14,11823.2998046875,-0.764621523730026,0.5303587337270915,0,Bull (Strong Uptrend)
2019-06-17,11672.150390625,-1.2866448437943827,0.6555457298608394,0,Bull (Strong Uptrend)
2019-06-18,11691.5,0.16563861789982873,0.6011437708690954,0,Bull (Strong Uptrend)
2019-06-19,11691.4501953125,-0.0004259914774167141,0.6342898171293038,0,Bull (Strong Uptrend)
2019-06-20,11831.75,1.1928773907426744,0.9479445053150465,1,Low-Momentum / Sideways
2019-06-21,11724.099609375,-0.9140077037704798,0.9745865168933528,1,Low-Momentum / Sideways
2019-06-24,11699.650390625,-0.20875587921609645,0.7612992506380103,1,Low-Momentum / Sideways
2019-06-25,11796.4501953125,0.823969509310694,0.8398134941209638,1,Low-Momentum / Sideways
2019-06-26,11847.5498046875,0.4322423357661431,0.8390287257647753,1,Low-Momentum / Sideways
2019-06-27,11841.5498046875,-0.05065621089227406,0.6606707643968721,0,Bull (Strong Uptrend)
2019-06-28,11788.849609375,-0.4460380187531091,0.5123930312926118,0,Bull (Strong Uptrend)
2019-07-01,11865.599609375,0.6489288220080565,0.522407766400679,0,Bull (Strong Uptrend)
2019-07-02,11910.2998046875,0.3760130979735517,0.437702995916104,0,Bull (Strong Uptrend)
2019-07-03,11916.75,0.05414178862205623,0.4180628732590715,0,Bull (Strong Uptrend)
2019-07-04,11946.75,0.2514301406271272,0.40961363808006895,0,Bull (Strong Uptrend)
2019-07-05,11811.150390625,-1.1415241213692495,0.6936455887180063,1,Low-Momentum / Sideways
2019-07-08,11558.599609375,-2.1614318798492884,1.0963669815547343,1,Low-Momentum / Sideways
2019-07-09,11555.900390625,-0.02335519922360358,1.026716350338901,1,Low-Momentum / Sideways
2019-07-10,11498.900390625,-0.49447502653284114,0.9663168022804642,1,Low-Momentum / Sideways
2019-07-11,11582.900390625,0.7278493704286908,1.0995941449472435,1,Low-Momentum / Sideways
2019-07-12,11552.5,-0.2628042532973005,1.0647908474906194,1,Low-Momentum / Sideways
2019-07-15,11588.349609375,0.3098385639232596,0.4813175767354373,0,Bull (Strong Uptrend)
2019-07-16,11662.599609375,0.6386857732255645,0.5427496827822087,0,Bull (Strong Uptrend)
2019-07-17,11687.5,0.213278748103271,0.3933544978362952,0,Bull (Strong Uptrend)
2019-07-18,11596.900390625,-0.7782039913567366,0.5525297562165642,0,Bull (Strong Uptrend)
2019-07-19,11419.25,-1.5437326885714044,0.9040101425641637,1,Low-Momentum / Sideways
2019-07-22,11346.2001953125,-0.641762449493666,0.8605367275452683,1,Low-Momentum / Sideways
2019-07-23,11331.0498046875,-0.1336175495625011,0.6708907556560584,0,Bull (Strong Uptrend)
2019-07-24,11271.2998046875,-0.5287073265915101,0.5168041641782131,0,Bull (Strong Uptrend)
2019-07-25,11252.150390625,-0.1700398341321937,0.5700378659396623,0,Bull (Strong Uptrend)
2019-07-26,11284.2998046875,0.2853105577183541,0.36636825913026966,0,Bull (Strong Uptrend)
2019-07-29,11189.2001953125,-0.8463316975262767,0.4288569875462821,0,Bull (Strong Uptrend)
2019-07-30,11085.400390625,-0.9320082365343962,0.5034845862208289,0,Bull (Strong Uptrend)
2019-07-31,11118.0,0.2936454076975709,0.5929577703939761,0,Bull (Strong Uptrend)
2019-08-01,10980.0,-1.2489980449893174,0.7269160292741635,1,Low-Momentum / Sideways
2019-08-02,10997.349609375,0.15788630828991979,0.6944625516242197,1,Low-Momentum / Sideways
2019-08-05,10862.599609375,-1.2328638591802652,0.7590544591669431,1,Low-Momentum / Sideways
2019-08-06,10948.25,0.7853965566277007,0.9351444975557104,1,Low-Momentum / Sideways
2019-08-07,10855.5,-0.8507762146602829,0.9088098963369796,1,Low-Momentum / Sideways
2019-08-08,11032.4501953125,1.6169083798241606,1.1677458847348514,1,Low-Momentum / Sideways
2019-08-09,11109.650390625,0.6973187375465333,1.199460588054931,1,Low-Momentum / Sideways
2019-08-13,10925.849609375,-1.6682629759426824,1.3376284739701296,1,Low-Momentum / Sideways
2019-08-14,11029.400390625,0.9432964697282421,1.359071746067886,1,Low-Momentum / Sideways
2019-08-16,11047.7998046875,0.166682533651526,1.2434499908165768,1,Low-Momentum / Sideways
2019-08-19,11053.900390625,0.05520467691192048,1.0225516905829561,1,Low-Momentum / Sideways
2019-08-20,11017.0,-0.3343807851424488,0.9585513604090683,1,Low-Momentum / Sideways
2019-08-21,10918.7001953125,-0.8962600859057328,0.6772877112931927,1,Low-Momentum / Sideways
2019-08-22,10741.349609375,-1.6376190359974212,0.7461671548255023,1,Low-Momentum / Sideways
2019-08-23,10829.349609375,0.8159261534645986,0.9311239032221237,1,Low-Momentum / Sideways
2019-08-26,11057.849609375,2.0880542984677,1.468191047506499,1,Low-Momentum / Sideways
2019-08-27,11105.349609375,0.4286391351556263,1.4634649578951395,1,Low-Momentum / Sideways
2019-08-28,11046.099609375,-0.5349549884040612,1.4060822837428242,1,Low-Momentum / Sideways
2019-08-29,10948.2998046875,-0.88932138970113,1.1787867027783447,1,Low-Momentum / Sideways
2019-08-30,11023.25,0.682250334649108,1.1679413818037865,1,Low-Momentum / Sideways
2019-09-03,10797.900390625,-2.0654971620241964,1.102352829569014,1,Low-Momentum / Sideways
2019-09-04,10844.650390625,0.4320199886309888,1.1030470959099634,1,Low-Momentum / Sideways
2019-09-05,10847.900390625,0.029964203445609783,1.124114407143114,1,Low-Momentum / Sideways
2019-09-06,10946.2001953125,0.9020833036724151,1.1971804257228615,1,Low-Momentum / Sideways
2019-09-09,11003.0498046875,0.5180107429441778,1.1757102711422776,1,Low-Momentum / Sideways
2019-09-11,11035.7001953125,0.2963000579660088,0.31951363989447173,0,Bull (Strong Uptrend)
2019-09-12,10982.7998046875,-0.48050950254965596,0.5199028122599273,0,Bull (Strong Uptrend)
2019-09-13,11075.900390625,0.8441217109748282,0.5585760318591205,0,Bull (Strong Uptrend)
2019-09-16,11003.5,-0.655820799836375,0.6471364765644692,0,Bull (Strong Uptrend)
2019-09-17,10817.599609375,-1.7039002763312223,0.9729763158154442,1,Low-Momentum / Sideways
2019-09-18,10840.650390625,0.2128592102631135,0.9599636833460216,1,Low-Momentum / Sideways
2019-09-19,10704.7998046875,-1.2610772583449696,1.044857823498653,1,Low-Momentum / Sideways
2019-09-20,11274.2001953125,5.182472599514427,2.7927240466003336,2,High Volatility / Crisis
2019-09-23,11600.2001953125,2.8505409421526315,2.9131141453379987,2,High Volatility / Crisis
2019-09-24,11588.2001953125,-0.10350003337080292,2.605738744447975,2,High Volatility / Crisis
2019-09-25,11440.2001953125,-1.285387045749521,2.8478680678025663,2,High Volatility / Crisis
2019-09-26,11571.2001953125,1.1385783826013007,2.541102113940107,2,High Volatility / Crisis
2019-09-27,11512.400390625,-0.5094519950938459,1.6178802052840253,2,High Volatility / Crisis
2019-09-30,11474.4501953125,-0.3301907727659163,0.8789569515055884,1,Low-Momentum / Sideways
2019-10-01,11359.900390625,-1.0033196712540131,0.9396755327343583,1,Low-Momentum / Sideways
2019-10-03,11314.0,-0.4048747902700529,0.8045823350876314,1,Low-Momentum / Sideways
2019-10-04,11174.75,-1.2384128036227409,0.40063064470138954,0,Bull (Strong Uptrend)
2019-10-07,11126.400390625,-0.4336070945390455,0.41082497978515276,0,Bull (Strong Uptrend)
2019-10-09,11313.2998046875,1.6658309554353663,1.1475138378659833,1,Low-Momentum / Sideways
2019-10-10,11234.5498046875,-0.6985173448092334,1.1070558025511517,1,Low-Momentum / Sideways
2019-10-11,11305.0498046875,0.6255677219734018,1.159168131674663,1,Low-Momentum / Sideways
2019-10-14,11341.150390625,0.31882272704231174,0.9363443736047522,1,Low-Momentum / Sideways
2019-10-15,11428.2998046875,0.7654979710518188,0.8527026387015183,1,Low-Momentum / Sideways
2019-10-16,11464.0,0.31189722795879393,0.5731423494835401,0,Bull (Strong Uptrend)
2019-10-17,11586.349609375,1.0615956850818442,0.31693344729569206,0,Bull (Strong Uptrend)
2019-10-18,11661.849609375,0.6495149556810502,0.3172821565969885,0,Bull (Strong Uptrend)
2019-10-22,11588.349609375,-0.6322547531982619,0.6523006254789633,0,Bull (Strong Uptrend)
2019-10-23,11604.099609375,0.13582008758651654,0.6321081745416007,0,Bull (Strong Uptrend)
2019-10-24,11582.599609375,-0.18545120164874979,0.668875860434188,0,Bull (Strong Uptrend)
2019-10-25,11583.900390625,0.011229846989121649,0.46757130887200515,0,Bull (Strong Uptrend)
2019-10-29,11786.849609375,1.7368233407476514,0.9002672093197782,1,Low-Momentum / Sideways
2019-10-30,11844.099609375,0.4845350178432992,0.766686787685983,1,Low-Momentum / Sideways
2019-10-31,11877.4501953125,0.28118405572833055,0.755098741881402,0,Bull (Strong Uptrend)
2019-11-01,11890.599609375,0.11064782775295007,0.7009363138249716,0,Bull (Strong Uptrend)
2019-11-04,11941.2998046875,0.4254824252091804,0.6474885894457479,0,Bull (Strong Uptrend)
2019-11-05,11917.2001953125,-0.20202122992972993,0.2765886393125005,0,Bull (Strong Uptrend)
2019-11-06,11966.0498046875,0.40907060383537674,0.2601104835278426,0,Bull (Strong Uptrend)
2019-11-07,12012.0498046875,0.3836839214212366,0.2714215505802587,0,Bull (Strong Uptrend)
2019-11-08,11908.150390625,-0.8687223905779384,0.5671701061847855,0,Bull (Strong Uptrend)
2019-11-11,11913.4501953125,0.04449579074941643,0.5246711661741527,0,Bull (Strong Uptrend)
2019-11-13,11840.4501953125,-0.6146378372844679,0.5842727627459618,0,Bull (Strong Uptrend)
2019-11-14,11872.099609375,0.2669424681631218,0.5542215097006423,0,Bull (Strong Uptrend)
2019-11-15,11895.4501953125,0.19649138125061882,0.5133255098469499,0,Bull (Strong Uptrend)
2019-11-18,11884.5,-0.09209603886071213,0.35007275892158884,0,Bull (Strong Uptrend)
2019-11-19,11940.099609375,0.4667420332106962,0.4195209634583576,0,Bull (Strong Uptrend)
2019-11-20,11999.099609375,0.49291639974579793,0.2370935085811869,0,Bull (Strong Uptrend)
2019-11-21,11968.400390625,-0.25617386493080496,0.3327898380083841,0,Bull (Strong Uptrend)
2019-11-22,11914.400390625,-0.4522090396049399,0.42847019315015816,0,Bull (Strong Uptrend)
2019-11-25,12073.75,1.3285889135891809,0.7065562499837912,0,Bull (Strong Uptrend)
2019-11-26,12037.7001953125,-0.2990266554493549,0.7475124922984918,0,Bull (Strong Uptrend)
2019-11-27,12100.7001953125,0.5219910352766259,0.7508280240054024,0,Bull (Strong Uptrend)
2019-11-28,12151.150390625,0.4160529350791835,0.7150782151553999,0,Bull (Strong Uptrend)
2019-11-29,12056.0498046875,-0.785725523266999,0.8121170367184343,0,Bull (Strong Uptrend)
2019-12-02,12048.2001953125,-0.0651305031476376,0.5356358554982026,0,Bull (Strong Uptrend)
2019-12-03,11994.2001953125,-0.4492071500914214,0.5573950010135436,0,Bull (Strong Uptrend)
2019-12-04,12043.2001953125,0.40769856204158444,0.5285208707188698,0,Bull (Strong Uptrend)
2019-12-05,12018.400390625,-0.20613602474655762,0.4446243052753631,0,Bull (Strong Uptrend)
2019-12-06,11921.5,-0.8095348621998211,0.4522637449628365,0,Bull (Strong Uptrend)
2019-12-09,11937.5,0.13412131605239933,0.47786640116781165,0,Bull (Strong Uptrend)
2019-12-10,11856.7998046875,-0.6783179618895445,0.5188116201280273,0,Bull (Strong Uptrend)
2019-12-11,11910.150390625,0.44894843560396736,0.5316646001927361,0,Bull (Strong Uptrend)
2019-12-12,11971.7998046875,0.5162857346029799,0.6267715092527897,0,Bull (Strong Uptrend)
2019-12-13,12086.7001953125,0.9551822783961174,0.6082323647842951,0,Bull (Strong Uptrend)
2019-12-16,12053.9501953125,-0.2713267419203363,0.6568357375998038,0,Bull (Strong Uptrend)
2019-12-17,12165.0,0.9170552980705609,0.49448645736362745,0,Bull (Strong Uptrend)
2019-12-18,12221.650390625,0.4646024904610523,0.4940270646985178,0,Bull (Strong Uptrend)
2019-12-19,12259.7001953125,0.3108475179285728,0.5025050467257728,0,Bull (Strong Uptrend)
2019-12-20,12271.7998046875,0.09864549951019103,0.4401273030572668,0,Bull (Strong Uptrend)
2019-12-23,12262.75,-0.07377192709850935,0.38038377408436264,0,Bull (Strong Uptrend)
2019-12-24,12214.5498046875,-0.3938363953434116,0.33530419966621433,0,Bull (Strong Uptrend)
2019-12-26,12126.5498046875,-0.7230600491364134,0.40855702336853217,0,Bull (Strong Uptrend)
2019-12-27,12245.7998046875,0.9785757510884093,0.6418980883914149,0,Bull (Strong Uptrend)
2019-12-30,12255.849609375,0.08203370378256411,0.6411556369154023,0,Bull (Strong Uptrend)
2019-12-31,12168.4501953125,-0.7156789574995062,0.7133149822549241,0,Bull (Strong Uptrend)
2020-01-02,12282.2001953125,0.9304523097122144,0.8372696174021184,1,Low-Momentum / Sideways
2020-01-03,12226.650390625,-0.4533048142335533,0.7766274379283349,1,Low-Momentum / Sideways
2020-01-06,11993.0498046875,-1.9290728473141492,1.0537497039282888,1,Low-Momentum / Sideways
2020-01-07,12052.9501953125,0.49821604032702516,1.117541158079565,1,Low-Momentum / Sideways
2020-01-08,12025.349609375,-0.22925703434345887,1.0969782291654964,1,Low-Momentum / Sideways
2020-01-09,12215.900390625,1.5721524760104573,1.2884734094934995,1,Low-Momentum / Sideways
2020-01-10,12256.7998046875,0.3342455210374022,1.2838761972993848,1,Low-Momentum / Sideways
2020-01-13,12329.5498046875,0.5917935234497194,0.6524869067557082,0,Bull (Strong Uptrend)
2020-01-14,12362.2998046875,0.2652698742518761,0.6655996537855579,0,Bull (Strong Uptrend)
2020-01-15,12343.2998046875,-0.15381131440847837,0.6452856671307181,0,Bull (Strong Uptrend)
2020-01-16,12355.5,0.09879181499700634,0.27726105170557713,0,Bull (Strong Uptrend)
2020-01-17,12352.349609375,-0.025501131760789476,0.2889861578883919,0,Bull (Strong Uptrend)
2020-01-20,12224.5498046875,-1.040008785925209,0.5098432736471785,0,Bull (Strong Uptrend)
2020-01-21,12169.849609375,-0.44846594550091806,0.4539985518633716,0,Bull (Strong Uptrend)
2020-01-22,12106.900390625,-0.5185979163736476,0.45116276749083867,0,Bull (Strong Uptrend)
2020-01-23,12180.349609375,0.6048395159307269,0.6145079129243609,0,Bull (Strong Uptrend)
2020-01-24,12248.25,0.555910421184782,0.7216818184338425,0,Bull (Strong Uptrend)
2020-01-27,12119.0,-1.0608600656474902,0.7280038929347065,1,Low-Momentum / Sideways
2020-01-28,12055.7998046875,-0.5228613250633523,0.7357493635267529,1,Low-Momentum / Sideways
2020-01-29,12129.5,0.6094646255253335,0.7807314630647962,1,Low-Momentum / Sideways
2020-01-30,12035.7998046875,-0.7754976405079576,0.7738920255508953,1,Low-Momentum / Sideways
2020-01-31,11962.099609375,-0.6142239847635705,0.638600834184002,1,Low-Momentum / Sideways
2020-02-03,11707.900390625,-2.147942474929971,0.9817320835918678,1,Low-Momentum / Sideways
2020-02-04,11979.650390625,2.2945548520019123,1.6694649267462904,2,High Volatility / Crisis
2020-02-05,12089.150390625,0.9098978920125088,1.7075578138570047,2,High Volatility / Crisis
2020-02-06,12137.9501953125,0.402853577236436,1.6660779430578134,2,High Volatility / Crisis
2020-02-07,12098.349609375,-0.3267876820959125,1.6370009513322152,2,High Volatility / Crisis
2020-02-10,12031.5,-0.5540836887552729,1.138232902681676,1,Low-Momentum / Sideways
2020-02-11,12107.900390625,0.6329953892095818,0.6280715134111845,0,Bull (Strong Uptrend)
2020-02-12,12201.2001953125,0.767615918045539,0.5907138753494979,0,Bull (Strong Uptrend)
2020-02-13,12174.650390625,-0.2178370358219195,0.5985273982056849,0,Bull (Strong Uptrend)
2020-02-14,12113.4501953125,-0.5039531569823335,0.6315132556163094,0,Bull (Strong Uptrend)
2020-02-17,12045.7998046875,-0.5600386389670753,0.6328824023555455,0,Bull (Strong Uptrend)
2020-02-18,11992.5,-0.4434580853707973,0.5517081561749223,0,Bull (Strong Uptrend)
2020-02-19,12125.900390625,1.1062238693018929,0.6997863150273034,0,Bull (Strong Uptrend)
2020-02-20,12080.849609375,-0.3722171151700223,0.7083256861587499,0,Bull (Strong Uptrend)
2020-02-24,11829.400390625,-2.103353072205037,1.136946844186904,1,Low-Momentum / Sideways
2020-02-25,11797.900390625,-0.2666408571566386,1.139002291263302,1,Low-Momentum / Sideways
2020-02-26,11678.5,-1.0172038146389433,1.1709277771995816,1,Low-Momentum / Sideways
2020-02-27,11633.2998046875,-0.38778860778288543,0.7711940999944533,1,Low-Momentum / Sideways
2020-02-28,11201.75,-3.7801642322276403,1.462348851257643,2,High Volatility / Crisis
2020-03-02,11132.75,-0.6178801363001744,1.4628227068420436,2,High Volatility / Crisis
2020-03-03,11303.2998046875,1.5203486470954997,1.9039221065679826,2,High Volatility / Crisis
2020-03-04,11251.0,-0.46376876143074347,1.9083286692652912,2,High Volatility / Crisis
2020-03-05,11269.0,0.15985793812774052,1.9492940694988503,2,High Volatility / Crisis
2020-03-06,10989.4501953125,-2.511985353017798,1.4587410002770531,2,High Volatility / Crisis
2020-03-09,10451.4501953125,-5.019499598647564,2.5535063453188496,2,High Volatility / Crisis
2020-03-11,10458.400390625,0.06647771623133454,2.21806697290353,2,High Volatility / Crisis
2020-03-12,9590.150390625,-8.666894981793947,3.7292509105876137,2,High Volatility / Crisis
2020-03-13,9955.2001953125,3.735847654239177,4.739437163228476,2,High Volatility / Crisis
2020-03-16,9197.400390625,-7.9174169451103715,5.328656750193193,2,High Volatility / Crisis
2020-03-17,8967.0498046875,-2.536415171509603,5.274093578832712,2,High Volatility / Crisis
2020-03-18,8468.7998046875,-5.716792711513327,5.045198823616817,2,High Volatility / Crisis
2020-03-19,8263.4501953125,-2.454659954775134,4.4000982233053305,2,High Volatility / Crisis
2020-03-20,8745.4501953125,5.669138794443699,5.157343267147287,2,High Volatility / Crisis
2020-03-23,7610.25,-13.903756461051204,7.050363524390414,2,High Volatility / Crisis
2020-03-24,7801.0498046875,2.4762292138464663,7.607303549845905,2,High Volatility / Crisis
2020-03-25,8317.849609375,6.414544603118057,8.338316740962512,2,High Volatility / Crisis
2020-03-26,8641.4501953125,3.816665439616388,8.415720118721318,2,High Volatility / Crisis
2020-03-27,8660.25,0.2173175106963937,7.984594717508465,2,High Volatility / Crisis
2020-03-30,8281.099609375,-4.476782787370225,4.112790622423295,2,High Volatility / Crisis
2020-03-31,8597.75,3.752477847769833,4.212217868250636,2,High Volatility / Crisis
2020-04-01,8253.7998046875,-4.082686442449045,4.039976988856652,2,High Volatility / Crisis
2020-04-03,8083.7998046875,-2.081164185069997,3.401082838645795,2,High Volatility / Crisis
2020-04-07,8792.2001953125,8.400295216282224,5.595308158020719,2,High Volatility / Crisis
2020-04-08,8748.75,-0.4954153987953298,4.996382070406081,2,High Volatility / Crisis
2020-04-09,9111.900390625,4.06704613937413,5.039942598486827,2,High Volatility / Crisis
2020-04-13,8993.849609375,-1.3040327423561648,4.433864654881298,2,High Volatility / Crisis
2020-04-15,8925.2998046875,-0.7651048328648555,4.1840203061755314,2,High Volatility / Crisis
2020-04-16,8992.7998046875,0.7534316783542481,2.15766120078106,2,High Volatility / Crisis
2020-04-17,9266.75,3.000848934711599,2.3335578338136655,2,High Volatility / Crisis
2020-04-20,9261.849609375,-0.05289542483047096,1.6828986818319795,2,High Volatility / Crisis
2020-04-21,8981.4501953125,-3.0742409586860844,2.214051026997697,2,High Volatility / Crisis
2020-04-22,9187.2998046875,2.26607133769273,2.371046660482703,2,High Volatility / Crisis
2020-04-23,9313.900390625,1.3685875581327234,2.398188217004937,2,High Volatility / Crisis
2020-04-24,9154.400390625,-1.7273269224786485,2.187917979902636,2,High Volatility / Crisis
2020-04-27,9282.2998046875,1.387465918374464,2.3107390367304332,2,High Volatility / Crisis
2020-04-28,9380.900390625,1.0566409007242057,1.5203878833838582,2,High Volatility / Crisis
2020-04-29,9553.349609375,1.8216088550269571,1.4286014063416883,2,High Volatility / Crisis
2020-04-30,9859.900390625,3.158422875946422,1.7908357898486302,2,High Volatility / Crisis
2020-05-04,9293.5,-5.9160835126554545,3.566533459862895,2,High Volatility / Crisis
2020-05-05,9205.599609375,-0.9503278972569803,3.541745961743352,2,High Volatility / Crisis
2020-05-06,9270.900390625,0.7068552284556898,3.5149128670982135,2,High Volatility / Crisis
2020-05-07,9199.0498046875,-0.7780307756411076,3.3214214681257705,2,High Volatility / Crisis
2020-05-08,9251.5,0.5685503917787226,2.7027054795508003,2,High Volatility / Crisis
2020-05-11,9239.2001953125,-0.13303775813467011,0.7550448432308305,1,Low-Momentum / Sideways
2020-05-12,9196.5498046875,-0.46269304709594594,0.6438312806460591,1,Low-Momentum / Sideways
2020-05-13,9383.5498046875,2.012974293547344,1.1091316986660107,1,Low-Momentum / Sideways
2020-05-14,9142.75,-2.599691993710758,1.6800389310056378,2,High Volatility / Crisis
2020-05-15,9136.849609375,-0.06455711236580218,1.6382468440514928,2,High Volatility / Crisis
2020-05-18,8823.25,-3.492536149006188,2.178448379067184,2,High Volatility / Crisis
2020-05-19,8879.099609375,0.6309873650596998,2.288154249192559,2,High Volatility / Crisis
2020-05-20,9066.5498046875,2.089163883932652,2.3108999851500447,2,High Volatility / Crisis
2020-05-21,9106.25,0.43691955994809145,2.0690349363314797,2,High Volatility / Crisis
2020-05-22,9039.25,-0.738478460081561,2.089625422270889,2,High Volatility / Crisis
2020-05-26,9029.0498046875,-0.112907097030296,1.054574682410283,2,High Volatility / Crisis
2020-05-27,9314.9501953125,3.11735219299972,1.5999014646343137,2,High Volatility / Crisis
2020-05-28,9490.099609375,1.8628451492543274,1.5626814576731545,2,High Volatility / Crisis
2020-05-29,9580.2998046875,0.9459777532853095,1.54032069158575,2,High Volatility / Crisis
2020-06-01,9826.150390625,2.5338352659720638,1.2826918220165402,2,High Volatility / Crisis
2020-06-02,9979.099609375,1.5445627746472024,0.8471495215679807,1,Low-Momentum / Sideways
2020-06-03,10061.5498046875,0.8228342186278518,0.6998441454185744,1,Low-Momentum / Sideways
2020-06-04,10029.099609375,-0.3230380747065696,1.04630108703742,1,Low-Momentum / Sideways
2020-06-05,10142.150390625,1.120921756965851,1.0425792717172038,1,Low-Momentum / Sideways
2020-06-08,10167.4501953125,0.24914146063167966,0.7338196750118254,1,Low-Momentum / Sideways
2020-06-09,10046.650390625,-1.1952175882067815,0.9270199000560068,1,Low-Momentum / Sideways
2020-06-10,10116.150390625,0.6893910822071789,0.903896648520474,1,Low-Momentum / Sideways
2020-06-11,9902.0,-2.1396438367806456,1.3670301095175905,1,Low-Momentum / Sideways
2020-06-12,9972.900390625,0.7134696525776951,1.273439071069325,1,Low-Momentum / Sideways
2020-06-15,9813.7001953125,-1.6092064938005004,1.3297025716763735,1,Low-Momentum / Sideways
2020-06-16,9914.0,1.0168511071378763,1.485983230643946,1,Low-Momentum / Sideways
2020-06-17,9881.150390625,-0.3318958318708373,1.3888755645887996,1,Low-Momentum / Sideways
2020-06-18,10091.650390625,2.1079446670088395,1.4112326752622415,1,Low-Momentum / Sideways
2020-06-19,10244.400390625,1.5022865002949488,1.4992568449143906,1,Low-Momentum / Sideways
2020-06-22,10311.2001953125,0.6499449097502717,0.9186947306924957,1,Low-Momentum / Sideways
2020-06-23,10471.0,1.5378829255110686,0.9516005737585589,1,Low-Momentum / Sideways
2020-06-24,10305.2998046875,-1.5951224257763807,1.4576769280211883,1,Low-Momentum / Sideways
2020-06-25,10288.900390625,-0.15926248529521328,1.3100331502228417,1,Low-Momentum / Sideways
2020-06-26,10383.0,0.910417112670767,1.2067476672895916,1,Low-Momentum / Sideways
2020-06-29,10312.400390625,-0.6822760798075913,1.2479179519956967,1,Low-Momentum / Sideways
2020-06-30,10302.099609375,-0.09993724909477653,0.9144991118852562,1,Low-Momentum / Sideways
2020-07-01,10430.0498046875,1.2343324106810436,0.8005802485275448,1,Low-Momentum / Sideways
2020-07-02,10551.7001953125,1.159595875253754,0.8515216498181509,1,Low-Momentum / Sideways
2020-07-03,10607.349609375,0.5260117338821227,0.8225631373896738,1,Low-Momentum / Sideways
2020-07-06,10763.650390625,1.4627632603289031,0.6376076913597712,1,Low-Momentum / Sideways
2020-07-07,10799.650390625,0.3339009534036716,0.4865240336841907,1,Low-Momentum / Sideways
2020-07-08,10705.75,-0.8732782060989627,0.9046770732307889,1,Low-Momentum / Sideways
2020-07-09,10813.4501953125,1.000976742529668,0.8791411701988088,1,Low-Momentum / Sideways
2020-07-10,10768.0498046875,-0.420734959083762,0.9670281880274332,1,Low-Momentum / Sideways
2020-07-13,10802.7001953125,0.3212722824094239,0.7297369872027855,1,Low-Momentum / Sideways
2020-07-14,10607.349609375,-1.8249000734889462,1.0873664134516656,1,Low-Momentum / Sideways
2020-07-15,10618.2001953125,0.10224080867197449,1.0592504186861742,1,Low-Momentum / Sideways
2020-07-16,10739.9501953125,1.140092344482324,1.098604219694875,1,Low-Momentum / Sideways
2020-07-17,10901.7001953125,1.4948306530616993,1.291698141573205,1,Low-Momentum / Sideways
2020-07-20,11022.2001953125,1.0992680250840314,1.3485344716481589,1,Low-Momentum / Sideways
2020-07-21,11162.25,1.2626110991777935,0.5355631698515704,1,Low-Momentum / Sideways
2020-07-22,11132.599609375,-0.2659843741967638,0.6948968608932816,1,Low-Momentum / Sideways
2020-07-23,11215.4501953125,0.7414603621325299,0.6899348003723651,1,Low-Momentum / Sideways
2020-07-24,11194.150390625,-0.19009541040186229,0.717221655761859,1,Low-Momentum / Sideways
2020-07-27,11131.7998046875,-0.5585495577285274,0.7692549440576347,1,Low-Momentum / Sideways
2020-07-28,11300.5498046875,1.5045520083450243,0.8557220551728173,1,Low-Momentum / Sideways
2020-07-29,11202.849609375,-0.8683204468886633,0.9793358045090934,1,Low-Momentum / Sideways
2020-07-30,11102.150390625,-0.9029356907451743,0.9968546937104198,1,Low-Momentum / Sideways
2020-07-31,11073.4501953125,-0.2588449519166038,0.9971051037509973,1,Low-Momentum / Sideways
2020-08-03,10891.599609375,-1.6558554850121334,1.1926968313444024,1,Low-Momentum / Sideways
2020-08-04,11095.25,1.852527473195631,1.3358234297129776,1,Low-Momentum / Sideways
2020-08-05,11101.650390625,0.05766923029565639,1.3128828465779225,1,Low-Momentum / Sideways
2020-08-06,11200.150390625,0.883342483924069,1.3105212998534856,1,Low-Momentum / Sideways
2020-08-07,11214.0498046875,0.12402330418245548,1.2897999821778763,1,Low-Momentum / Sideways
2020-08-10,11270.150390625,0.49902333078510347,0.7323373627091515,0,Bull (Strong Uptrend)
2020-08-11,11322.5,0.46342241532836864,0.33190752989679395,0,Bull (Strong Uptrend)
2020-08-12,11308.400390625,-0.12460495124746428,0.3853664719096667,0,Bull (Strong Uptrend)
2020-08-13,11300.4501953125,-0.07032817179241128,0.2918353916946618,0,Bull (Strong Uptrend)
2020-08-14,11178.400390625,-1.0859185489107237,0.6409367545761373,0,Bull (Strong Uptrend)
2020-08-17,11247.099609375,0.6126903182347497,0.6673562944560312,0,Bull (Strong Uptrend)
2020-08-18,11385.349609375,1.2217124027310864,0.8669455589545052,1,Low-Momentum / Sideways
2020-08-19,11408.400390625,0.2022553472584474,0.8570324038487959,1,Low-Momentum / Sideways
2020-08-20,11312.2001953125,-0.8468153807933501,0.9750683546863873,1,Low-Momentum / Sideways
2020-08-21,11371.599609375,0.5237178104313519,0.760426946636647,1,Low-Momentum / Sideways
2020-08-24,11466.4501953125,0.8306412509926262,0.7856021036631826,1,Low-Momentum / Sideways
2020-08-25,11472.25,0.0505678592222556,0.6342661695297218,0,Bull (Strong Uptrend)
2020-08-26,11549.599609375,0.6719694702452172,0.6769087348027258,0,Bull (Strong Uptrend)
2020-08-27,11559.25,0.08352117348219679,0.3506566290798326,0,Bull (Strong Uptrend)
2020-08-28,11647.599609375,0.7614134421611743,0.3809861550099152,0,Bull (Strong Uptrend)
2020-08-31,11387.5,-2.25838540823065,1.2293960573241398,1,Low-Momentum / Sideways
2020-09-01,11470.25,0.7240464307211334,1.290615771262416,1,Low-Momentum / Sideways
2020-09-02,11535.0,0.5629164732428894,1.2771990076850976,1,Low-Momentum / Sideways
2020-09-03,11527.4501953125,-0.06547270470620276,1.2757627038357715,1,Low-Momentum / Sideways
2020-09-04,11333.849609375,-1.693737589976223,1.353069237328419,1,Low-Momentum / Sideways
2020-09-07,11355.0498046875,0.1868773014980915,0.9660211949925159,1,Low-Momentum / Sideways
2020-09-08,11317.349609375,-0.3325649779789579,0.862445415207448,1,Low-Momentum / Sideways
2020-09-09,11278.0,-0.3482986529093653,0.728781386189526,1,Low-Momentum / Sideways
2020-09-10,11449.25,1.507030028649042,1.1526114087571078,1,Low-Momentum / Sideways
2020-09-11,11464.4501953125,0.13267344350831917,0.7571398050604617,1,Low-Momentum / Sideways
2020-09-14,11440.0498046875,-0.2130620607789219,0.7833919370640201,1,Low-Momentum / Sideways
2020-09-15,11521.7998046875,0.7120536611649033,0.7618014327426126,1,Low-Momentum / Sideways
2020-09-16,11604.5498046875,0.7156369643982706,0.6564776457303904,1,Low-Momentum / Sideways
2020-09-17,11516.099609375,-0.7651223391398827,0.6324120345872464,1,Low-Momentum / Sideways
2020-09-18,11504.9501953125,-0.09686278452831663,0.6392329850101327,1,Low-Momentum / Sideways
2020-09-21,11250.5498046875,-2.2360395533691877,1.230428887583264,1,Low-Momentum / Sideways
2020-09-22,11153.650390625,-0.8650165364363743,1.0892578297684776,1,Low-Momentum / Sideways
2020-09-23,11131.849609375,-0.19564998051874197,0.8547305878018083,1,Low-Momentum / Sideways
2020-09-24,10805.5498046875,-2.975046086629724,1.2781662420671043,2,High Volatility / Crisis
2020-09-25,11050.25,2.2393179194037978,2.0248298813182504,2,High Volatility / Crisis
2020-09-28,11227.5498046875,1.5917509782938704,2.0722736216862603,2,High Volatility / Crisis
2020-09-29,11222.400390625,-0.04587461538228373,2.022620634384883,2,High Volatility / Crisis
2020-09-30,11247.5498046875,0.22384940193966077,2.0147889447371075,2,High Volatility / Crisis
2020-10-01,11416.9501953125,1.4948800566928164,0.9716558072192583,1,Low-Momentum / Sideways
2020-10-05,11503.349609375,0.753915298099438,0.7347170330791939,1,Low-Momentum / Sideways
2020-10-06,11662.400390625,1.3731761801546098,0.6806177539876431,1,Low-Momentum / Sideways
2020-10-07,11738.849609375,0.6533795478530655,0.5284694575553701,0,Bull (Strong Uptrend)
2020-10-08,11834.599609375,0.8123590712403974,0.38682704605045043,0,Bull (Strong Uptrend)
2020-10-09,11914.2001953125,0.670357110102055,0.2980179585795186,0,Bull (Strong Uptrend)
2020-10-12,11930.9501953125,0.140489805940535,0.44085395565892815,0,Bull (Strong Uptrend)
2020-10-13,11934.5,0.02974848313881938,0.35106900543036285,0,Bull (Strong Uptrend)
2020-10-14,11971.0498046875,0.3057853382660203,0.3376761092318879,0,Bull (Strong Uptrend)
2020-10-15,11680.349609375,-2.458330944399024,1.2512647650548223,1,Low-Momentum / Sideways
2020-10-16,11762.4501953125,0.7004361448563385,1.2569298027047489,1,Low-Momentum / Sideways
2020-10-19,11873.0498046875,0.9358838750109354,1.3653697396392872,1,Low-Momentum / Sideways
2020-10-20,11896.7998046875,0.19983305148122574,1.3714315082301536,1,Low-Momentum / Sideways
2020-10-21,11937.650390625,0.3427863919924764,1.3740182214747374,1,Low-Momentum / Sideways
2020-10-22,11896.4501953125,-0.34572511936285333,0.49277684388858917,0,Bull (Strong Uptrend)
2020-10-23,11930.349609375,0.2845488039808009,0.4560825308443548,0,Bull (Strong Uptrend)
2020-10-26,11767.75,-1.372280171939824,0.7215199895993175,1,Low-Momentum / Sideways
2020-10-27,11889.400390625,1.0284540688903392,0.9025093996557114,1,Low-Momentum / Sideways
2020-10-28,11729.599609375,-1.3531751526031222,1.0433371748248765,1,Low-Momentum / Sideways
2020-10-29,11670.7998046875,-0.5025549128602216,1.0454702837459313,1,Low-Momentum / Sideways
2020-10-30,11642.400390625,-0.24363388871728975,0.9861588382152943,1,Low-Momentum / Sideways
2020-11-02,11669.150390625,0.229500061940095,0.8820141520796942,1,Low-Momentum / Sideways
2020-11-03,11813.5,1.229430453308261,0.9519900768660391,1,Low-Momentum / Sideways
2020-11-04,11908.5,0.8009485529747544,0.7175227121785932,1,Low-Momentum / Sideways
2020-11-05,12120.2998046875,1.7629285844443805,0.7931790309289003,1,Low-Momentum / Sideways
2020-11-06,12263.5498046875,1.1749715515175936,0.568062873302663,0,Bull (Strong Uptrend)
2020-11-09,12461.0498046875,1.5976331587139476,0.3780489405507958,0,Bull (Strong Uptrend)
2020-11-10,12631.099609375,1.3554232066476923,0.37525959449148,0,Bull (Strong Uptrend)
2020-11-11,12749.150390625,0.9302637490367565,0.33077961759105534,0,Bull (Strong Uptrend)
2020-11-12,12690.7998046875,-0.45873272404132776,0.8085171285661636,1,Low-Momentum / Sideways
2020-11-13,12719.9501953125,0.22943363271255196,0.8437558886064731,1,Low-Momentum / Sideways
2020-11-17,12874.2001953125,1.2053681426341885,0.7567595597789873,1,Low-Momentum / Sideways
2020-11-18,12938.25,0.49627164920273814,0.6467538997917082,1,Low-Momentum / Sideways
2020-11-19,12771.7001953125,-1.2956239372488105,0.9532403994919839,1,Low-Momentum / Sideways
2020-11-20,12859.0498046875,0.6816027431926411,0.9418248339831822,1,Low-Momentum / Sideways
2020-11-23,12926.4501953125,0.5227786479061853,0.9482936323079204,1,Low-Momentum / Sideways
2020-11-24,13055.150390625,0.9907106958531581,0.90203887339137,1,Low-Momentum / Sideways
2020-11-25,12858.400390625,-1.5185397205090294,1.1861009489807246,1,Low-Momentum / Sideways
2020-11-26,12987.0,0.9951532476185487,1.0555520397053608,1,Low-Momentum / Sideways
2020-11-27,12968.9501953125,-0.13908030691388337,1.0518547330184154,1,Low-Momentum / Sideways
2020-12-01,13109.0498046875,1.074476242399418,1.1245130402262824,1,Low-Momentum / Sideways
2020-12-02,13113.75,0.03584815807498976,1.0525332770297926,1,Low-Momentum / Sideways
2020-12-03,13133.900390625,0.1535405591264683,0.5679359486336457,0,Bull (Strong Uptrend)
2020-12-04,13258.5498046875,0.9445908959648398,0.5555383086372779,0,Bull (Strong Uptrend)
2020-12-07,13355.75,0.7304391112653886,0.46843663392388374,0,Bull (Strong Uptrend)
2020-12-08,13392.9501953125,0.2781459960611745,0.390480962584847,0,Bull (Strong Uptrend)
2020-12-09,13529.099609375,1.0114428562528128,0.3889621362817412,0,Bull (Strong Uptrend)
2020-12-10,13478.2998046875,-0.3761921969516158,0.5761304440226026,0,Bull (Strong Uptrend)
2020-12-11,13513.849609375,0.26340862816878063,0.5285148011173184,0,Bull (Strong Uptrend)
2020-12-14,13558.150390625,0.32728147749187797,0.4914123242255492,0,Bull (Strong Uptrend)
2020-12-15,13567.849609375,0.07151234360649028,0.5023623176842766,0,Bull (Strong Uptrend)
2020-12-16,13682.7001953125,0.8429280641864135,0.4412366802913607,0,Bull (Strong Uptrend)
2020-12-17,13740.7001953125,0.4229970438016461,0.28615132851328506,0,Bull (Strong Uptrend)
2020-12-18,13760.5498046875,0.14435425896574644,0.3033028162542341,0,Bull (Strong Uptrend)
2020-12-21,13328.400390625,-3.1908662156302663,1.6211759976250397,2,High Volatility / Crisis
2020-12-22,13466.2998046875,1.0293127415086656,1.734828647273416,2,High Volatility / Crisis
2020-12-23,13601.099609375,0.9960389402299756,1.757939866524862,2,High Volatility / Crisis
2020-12-24,13749.25,1.083363406633502,1.8321398741179915,2,High Volatility / Crisis
2020-12-28,13873.2001953125,0.8974658395164679,1.8761249348233497,2,High Volatility / Crisis
2020-12-29,13932.599609375,0.4272454296258275,0.2656051100098818,0,Bull (Strong Uptrend)
2020-12-30,13981.9501953125,0.35358361641822766,0.3371635757344286,0,Bull (Strong Uptrend)
2020-12-31,13981.75,-0.0014318227638304823,0.43672452772739395,0,Bull (Strong Uptrend)
2021-01-04,14132.900390625,1.0752532563468995,0.43426597052274496,0,Bull (Strong Uptrend)
2021-01-05,14199.5,0.470131235786493,0.3885334671345513,0,Bull (Strong Uptrend)
2021-01-06,14146.25,-0.37571814216639365,0.5431837621754797,0,Bull (Strong Uptrend)
2021-01-07,14137.349609375,-0.06293676223474676,0.5652396666034352,0,Bull (Strong Uptrend)
2021-01-08,14347.25,1.4738082534464192,0.7685365574447368,0,Bull (Strong Uptrend)
2021-01-11,14484.75,0.9538085628550319,0.7480946226845199,0,Bull (Strong Uptrend)
2021-01-12,14563.4501953125,0.5418606822103615,0.7482625039465001,0,Bull (Strong Uptrend)
2021-01-13,14564.849609375,0.009608621670051522,0.6478314764481025,0,Bull (Strong Uptrend)
2021-01-14,14595.599609375,0.2109021789565324,0.5883964493432201,0,Bull (Strong Uptrend)
2021-01-15,14433.7001953125,-1.115432296065278,0.7778086949194475,1,Low-Momentum / Sideways
2021-01-18,14281.2998046875,-1.0614788200058034,0.7597577033589039,1,Low-Momentum / Sideways
2021-01-19,14521.150390625,1.665525875641371,1.1371624116204926,1,Low-Momentum / Sideways
2021-01-20,14644.7001953125,0.8472274336760961,1.2090689710074616,1,Low-Momentum / Sideways
2021-01-21,14590.349609375,-0.3718184091801354,1.2248150198104744,1,Low-Momentum / Sideways
2021-01-25,14238.900390625,-2.438264126496335,1.6072194211367223,2,High Volatility / Crisis
2021-01-27,13967.5,-1.9244480891583438,1.752954164167177,2,High Volatility / Crisis
2021-01-28,13817.5498046875,-1.0793693167934582,1.2977043783146751,2,High Volatility / Crisis
2021-01-29,13634.599609375,-1.3328858232496075,0.7926529369579226,2,High Volatility / Crisis
2021-02-01,14281.2001953125,4.633334971971787,2.8783993054895594,2,High Volatility / Crisis
2021-02-02,14647.849609375,2.5349539675742867,2.869465640190344,2,High Volatility / Crisis
2021-02-03,14789.9501953125,0.9654368913945022,2.510997328651405,2,High Volatility / Crisis
2021-02-04,14895.650390625,0.7121340982025425,2.2260175527138206,2,High Volatility / Crisis
2021-02-05,14924.25,0.191815651758026,1.805122240212667,2,High Volatility / Crisis
2021-02-08,15115.7998046875,1.2753134705385865,0.8770288739149291,1,Low-Momentum / Sideways
2021-02-09,15109.2998046875,-0.043010611605642915,0.5431793946193139,0,Bull (Strong Uptrend)
2021-02-10,15106.5,-0.018532057490518592,0.5647118622177667,0,Bull (Strong Uptrend)
2021-02-11,15173.2998046875,0.4412176664707947,0.5426663293822916,0,Bull (Strong Uptrend)
2021-02-12,15163.2998046875,-0.06592696934370658,0.5750247610425635,0,Bull (Strong Uptrend)
2021-02-16,15313.4501953125,0.9853518205688275,0.45678191495783144,0,Bull (Strong Uptrend)
2021-02-18,15118.9501953125,-1.278260313717531,0.8371700997004432,1,Low-Momentum / Sideways
2021-02-19,14981.75,-0.9116143118184505,0.9350671780938955,1,Low-Momentum / Sideways
2021-02-22,14675.7001953125,-2.063971564030592,1.1701025749407712,1,Low-Momentum / Sideways
2021-02-23,14707.7998046875,0.2184873969705697,1.2127566890471793,1,Low-Momentum / Sideways
2021-02-24,14982.0,1.847152850052029,1.5188013402810174,2,High Volatility / Crisis
2021-02-25,15097.349609375,0.7669725331353618,1.5111988841723603,2,High Volatility / Crisis
2021-02-26,14529.150390625,-3.8362202756303643,2.299049457041892,2,High Volatility / Crisis
2021-03-01,14761.5498046875,1.586881087701919,2.302970540066644,2,High Volatility / Crisis
2021-03-02,14919.099609375,1.0616431079728932,2.342815831696206,2,High Volatility / Crisis
2021-03-03,15245.599609375,2.1648666152392937,2.3993932044429824,2,High Volatility / Crisis
2021-03-04,15080.75,-1.0871815118793142,2.4611000739976703,2,High Volatility / Crisis
2021-03-05,14938.099609375,-0.9504125991607463,1.489644539948986,2,High Volatility / Crisis
2021-03-08,14956.2001953125,0.12109725444472019,1.3757197299771236,1,Low-Momentum / Sideways
2021-03-09,15098.400390625,0.9462861169810146,1.3598324012709495,1,Low-Momentum / Sideways
2021-03-10,15174.7998046875,0.5047340602462587,0.8953759646659961,1,Low-Momentum / Sideways
2021-03-12,15030.9501953125,-0.9524722735275023,0.85928524837107,1,Low-Momentum / Sideways
2021-03-15,14929.5,-0.6772300308835675,0.7953079867028263,1,Low-Momentum / Sideways
2021-03-16,14910.4501953125,-0.12767988653300597,0.7927150260446998,1,Low-Momentum / Sideways
2021-03-17,14721.2998046875,-1.2766911155539131,0.704863705189761,1,Low-Momentum / Sideways
2021-03-18,14557.849609375,-1.1165071153974404,0.45089102772657813,1,Low-Momentum / Sideways
2021-03-19,14744.0,1.2705880170274957,1.0274724021953503,1,Low-Momentum / Sideways
2021-03-22,14736.400390625,-0.05155703072306843,1.0211416824480088,1,Low-Momentum / Sideways
2021-03-23,14814.75,0.5302656033791128,1.0830327932592507,1,Low-Momentum / Sideways
2021-03-24,14549.400390625,-1.8073523592070435,1.2384894772963784,1,Low-Momentum / Sideways
2021-03-25,14324.900390625,-1.5550473459416194,1.3287689897781794,1,Low-Momentum / Sideways
2021-03-26,14507.2998046875,1.265264850918062,1.3271745319649693,1,Low-Momentum / Sideways
2021-03-30,14845.099609375,2.3017860602701368,1.785845043351166,2,High Volatility / Crisis
2021-03-31,14690.7001953125,-1.0455164345430579,1.8395313776253102,2,High Volatility / Crisis
2021-04-01,14867.349609375,1.1952853344086898,1.6510940362159348,2,High Volatility / Crisis
2021-04-05,14637.7998046875,-1.5560296479187625,1.6513896644308868,2,High Volatility / Crisis
2021-04-06,14683.5,0.31172037135109876,1.584845429357756,2,High Volatility / Crisis
2021-04-07,14819.0498046875,0.91890876818974,1.2122740544678614,1,Low-Momentum / Sideways
2021-04-08,14873.7998046875,0.3687760707936765,1.074783447601367,1,Low-Momentum / Sideways
2021-04-09,14834.849609375,-0.2622146640661241,0.9431284893020271,1,Low-Momentum / Sideways
2021-04-12,14310.7998046875,-3.5964632817239215,1.8069311492670654,2,High Volatility / Crisis
2021-04-13,14504.7998046875,1.3465132344700306,1.9683064726140287,2,High Volatility / Crisis
2021-04-15,14581.4501953125,0.5270570669209097,1.917529787803643,2,High Volatility / Crisis
2021-04-16,14617.849609375,0.24931716281266103,1.9074693338107436,2,High Volatility / Crisis
2021-04-19,14359.4501953125,-1.7835082308829993,2.0091525910698182,2,High Volatility / Crisis
2021-04-20,14296.400390625,-0.44004910090830246,1.175325915061085,1,Low-Momentum / Sideways
2021-04-22,14406.150390625,0.7647441212800463,1.0254489259389277,1,Low-Momentum / Sideways
2021-04-23,14341.349609375,-0.45082800942043294,0.9583120758254144,1,Low-Momentum / Sideways
2021-04-26,14485.0,0.9966685459202935,1.116833543514488,1,Low-Momentum / Sideways
2021-04-27,14653.0498046875,1.1534860370141113,0.7883952406361282,1,Low-Momentum / Sideways
2021-04-28,14864.5498046875,1.4330678808834763,0.7294010263114624,1,Low-Momentum / Sideways
2021-04-29,14894.900390625,0.2039728305535653,0.7739740397611772,1,Low-Momentum / Sideways
2021-04-30,14631.099609375,-1.78695252286075,1.3050068759205329,1,Low-Momentum / Sideways
2021-05-03,14634.150390625,0.02084917272909865,1.2658558223162062,1,Low-Momentum / Sideways
2021-05-04,14496.5,-0.9450624224999165,1.2197660151428542,1,Low-Momentum / Sideways
2021-05-06,14724.7998046875,1.5625892858758945,1.2640818770810835,1,Low-Momentum / Sideways
2021-05-10,14942.349609375,1.466630320463468,1.4713289158438467,1,Low-Momentum / Sideways
2021-05-12,14696.5,-1.6590066845478906,1.4316762449614648,1,Low-Momentum / Sideways
2021-05-14,14677.7998046875,-0.12732353086285958,1.4349744802538789,1,Low-Momentum / Sideways
2021-05-17,14923.150390625,1.6577589783995916,1.451431782076755,1,Low-Momentum / Sideways
2021-05-18,15108.099609375,1.2317273309973076,1.4021479560838919,1,Low-Momentum / Sideways
2021-05-19,15030.150390625,-0.517278823833418,1.344689411697576,1,Low-Momentum / Sideways
2021-05-21,15175.2998046875,0.96108834927949,0.9242760469458378,1,Low-Momentum / Sideways
2021-05-24,15197.7001953125,0.14750202275935761,0.8739495618623724,1,Low-Momentum / Sideways
2021-05-26,15301.4501953125,0.6803494449203394,0.6963587452389985,0,Bull (Strong Uptrend)
2021-05-27,15337.849609375,0.23759962804964516,0.5649735545474448,0,Bull (Strong Uptrend)
2021-05-28,15435.650390625,0.6356190262519319,0.3359206057999188,0,Bull (Strong Uptrend)
2021-06-01,15574.849609375,0.8977614270983622,0.3163415241442419,0,Bull (Strong Uptrend)
2021-06-02,15576.2001953125,0.00867120656808025,0.3602327531030916,0,Bull (Strong Uptrend)
2021-06-03,15690.349609375,0.7301728008600276,0.36736386163286416,0,Bull (Strong Uptrend)
2021-06-04,15670.25,-0.12818385093088214,0.45832949604040973,0,Bull (Strong Uptrend)
2021-06-07,15751.650390625,0.5181136195253616,0.4479695652062236,0,Bull (Strong Uptrend)
2021-06-08,15740.099609375,-0.0733575096206903,0.3875245013082474,0,Bull (Strong Uptrend)
2021-06-09,15635.349609375,-0.6677220043073856,0.5568948386865277,0,Bull (Strong Uptrend)
2021-06-10,15737.75,0.6527933518834105,0.5348009463388733,0,Bull (Strong Uptrend)
2021-06-11,15799.349609375,0.39064903542531454,0.5393943863378824,0,Bull (Strong Uptrend)
2021-06-14,15811.849609375,0.07908589968395645,0.5017802742810351,0,Bull (Strong Uptrend)
2021-06-15,15869.25,0.3623640223476974,0.5071013968905557,0,Bull (Strong Uptrend)
2021-06-16,15767.5498046875,-0.6429256198967984,0.49696072904603045,0,Bull (Strong Uptrend)
2021-06-17,15691.400390625,-0.4841201776747716,0.4797123889770623,0,Bull (Strong Uptrend)
2021-06-18,15683.349609375,-0.051320131167244376,0.41210213510945554,0,Bull (Strong Uptrend)
2021-06-21,15746.5,0.4018503199420547,0.47666720886599423,0,Bull (Strong Uptrend)
2021-06-22,15772.75,0.16656491552922154,0.43737256318091916,0,Bull (Strong Uptrend)
2021-06-23,15686.9501953125,-0.5454598542621072,0.409643731008753,0,Bull (Strong Uptrend)
2021-06-24,15790.4501953125,0.6576170313444658,0.45898154439631766,0,Bull (Strong Uptrend)
2021-06-25,15860.349609375,0.4416920149496724,0.4643303000750448,0,Bull (Strong Uptrend)
2021-06-28,15814.7001953125,-0.2882359835175041,0.4996365468256315,0,Bull (Strong Uptrend)
2021-06-29,15748.4501953125,-0.4197939462444536,0.5430541059868267,0,Bull (Strong Uptrend)
2021-06-30,15721.5,-0.17127578361914225,0.47605515337987314,0,Bull (Strong Uptrend)
2021-07-01,15680.0,-0.26431873739428874,0.3372894660626334,0,Bull (Strong Uptrend)
2021-07-02,15722.2001953125,0.26877238189711516,0.2634730030175472,0,Bull (Strong Uptrend)
2021-07-06,15818.25,0.6090598010463592,0.42382733416511426,0,Bull (Strong Uptrend)
2021-07-07,15879.650390625,0.3874103121228537,0.37242979918449237,0,Bull (Strong Uptrend)
2021-07-08,15727.900390625,-0.9602209739377547,0.6294514585866203,0,Bull (Strong Uptrend)
2021-07-09,15689.7998046875,-0.24254228908178566,0.6271661530957984,0,Bull (Strong Uptrend)
2021-07-12,15692.599609375,0.017843152513541637,0.6113729160187517,0,Bull (Strong Uptrend)
2021-07-13,15812.349609375,0.760201680508008,0.653621531302524,0,Bull (Strong Uptrend)
2021-07-14,15853.9501953125,0.262743737830436,0.6369582336209983,0,Bull (Strong Uptrend)
2021-07-15,15924.2001953125,0.44212840314639246,0.38531080311006916,0,Bull (Strong Uptrend)
2021-07-16,15923.400390625,-0.005022699813825734,0.3185622781170832,0,Bull (Strong Uptrend)
2021-07-19,15752.400390625,-1.0796990571541962,0.7034309018343021,1,Low-Momentum / Sideways
2021-07-20,15632.099609375,-0.7666291987629491,0.6624055917696551,1,Low-Momentum / Sideways
2021-07-22,15824.0498046875,1.2204454864528007,0.9261928746299661,1,Low-Momentum / Sideways
2021-07-23,15856.0498046875,0.20201963552988086,0.9009725463067118,1,Low-Momentum / Sideways
2021-07-26,15824.4501953125,-0.19948940107945673,0.9008123896682866,1,Low-Momentum / Sideways
2021-07-27,15746.4501953125,-0.49412691902835726,0.7748695710427989,1,Low-Momentum / Sideways
2021-07-28,15709.400390625,-0.23556712745251399,0.6747375529170827,0,Bull (Strong Uptrend)
2021-07-29,15778.4501953125,0.4385813200056364,0.372813237843206,0,Bull (Strong Uptrend)
2021-07-30,15763.0498046875,-0.0976516135808173,0.34355866452780537,0,Bull (Strong Uptrend)
2021-08-02,15885.150390625,0.7716153904229495,0.5166280143685624,0,Bull (Strong Uptrend)
2021-08-03,16130.75,1.5342653128218076,0.7148291423632962,0,Bull (Strong Uptrend)
2021-08-04,16258.7998046875,0.7906900379200191,0.5943817467311651,0,Bull (Strong Uptrend)
2021-08-05,16294.599609375,0.2199451962862978,0.6245489005752639,0,Bull (Strong Uptrend)
2021-08-06,16238.2001953125,-0.34672374282357826,0.7034222068367978,0,Bull (Strong Uptrend)
2021-08-09,16258.25,0.12339690711517842,0.7219833666138967,0,Bull (Strong Uptrend)
2021-08-10,16280.099609375,0.13430068163520584,0.4053315894824357,0,Bull (Strong Uptrend)
2021-08-11,16282.25,0.013207834532344713,0.2224166408754008,0,Bull (Strong Uptrend)
2021-08-12,16364.400390625,0.5032710127087299,0.3042999432128707,0,Bull (Strong Uptrend)
2021-08-13,16529.099609375,1.0014172717061967,0.40589702450483384,0,Bull (Strong Uptrend)
2021-08-16,16563.05078125,0.20519176533692787,0.3957444212763701,0,Bull (Strong Uptrend)
2021-08-17,16614.599609375,0.31074454639570137,0.3767172924279665,0,Bull (Strong Uptrend)
2021-08-18,16568.849609375,-0.2757400455017452,0.4641907613411426,0,Bull (Strong Uptrend)
2021-08-20,16450.5,-0.7168531033199722,0.6473674820828317,0,Bull (Strong Uptrend)
2021-08-23,16496.44921875,0.27892869980642737,0.44681056232774313,0,Bull (Strong Uptrend)
2021-08-24,16624.599609375,0.7738343720985011,0.5778361497497414,0,Bull (Strong Uptrend)
2021-08-25,16634.650390625,0.06043901504665573,0.5628666295842124,0,Bull (Strong Uptrend)
2021-08-26,16636.900390625,0.013525068417903375,0.5386872193265387,0,Bull (Strong Uptrend)
2021-08-27,16705.19921875,0.4096857993577663,0.3066700823918608,0,Bull (Strong Uptrend)
2021-08-30,16931.05078125,1.3429259014094868,0.5526122673491963,0,Bull (Strong Uptrend)
2021-08-31,17132.19921875,1.1810427696351353,0.6246671880853547,0,Bull (Strong Uptrend)
2021-09-01,17076.25,-0.3271078924395011,0.7246347129618982,0,Bull (Strong Uptrend)
2021-09-02,17234.150390625,0.9204293951085802,0.6768368334264088,0,Bull (Strong Uptrend)
2021-09-03,17323.599609375,0.5176808010644206,0.6666881691156001,0,Bull (Strong Uptrend)
2021-09-06,17377.80078125,0.3123863322045117,0.5826701278286213,0,Bull (Strong Uptrend)
2021-09-07,17362.099609375,-0.09039273439216094,0.4930932236246723,0,Bull (Strong Uptrend)
2021-09-08,17353.5,-0.04954320044973781,0.4197062049131881,0,Bull (Strong Uptrend)
2021-09-09,17369.25,0.09071862729865193,0.25616819999383217,0,Bull (Strong Uptrend)
2021-09-13,17355.30078125,-0.08034211637875494,0.17044807494848363,0,Bull (Strong Uptrend)
2021-09-14,17380.0,0.14221395731308123,0.10665702315880796,0,Bull (Strong Uptrend)
2021-09-15,17519.44921875,0.7991527890878581,0.3581955663990801,0,Bull (Strong Uptrend)
2021-09-16,17629.5,0.6261987530756848,0.376729145303151,0,Bull (Strong Uptrend)
2021-09-17,17585.150390625,-0.2518817158814708,0.451575108875162,0,Bull (Strong Uptrend)
2021-09-20,17396.900390625,-1.076276621795277,0.7518888674380805,1,Low-Momentum / Sideways
2021-09-21,17562.0,0.9445425055689747,0.8555266961036754,1,Low-Momentum / Sideways
2021-09-22,17546.650390625,-0.08744061752431491,0.7919806221316175,1,Low-Momentum / Sideways
2021-09-23,17822.94921875,1.562383807742847,1.0397675526316912,1,Low-Momentum / Sideways
2021-09-24,17853.19921875,0.16958112674268216,1.0087457380330036,1,Low-Momentum / Sideways
2021-09-27,17855.099609375,0.010643971788971012,0.7102853966856192,1,Low-Momentum / Sideways
2021-09-28,17748.599609375,-0.5982542262753364,0.8080926198675602,1,Low-Momentum / Sideways
2021-09-29,17711.30078125,-0.2103719495544819,0.8212207291041832,1,Low-Momentum / Sideways
2021-09-30,17618.150390625,-0.5273255224157625,0.33240297119315987,0,Bull (Strong Uptrend)
2021-10-01,17532.05078125,-0.4898963801205104,0.2556145783647717,0,Bull (Strong Uptrend)
2021-10-04,17691.25,0.9039488024266832,0.6259750251956857,0,Bull (Strong Uptrend)
2021-10-05,17822.30078125,0.7380358946066972,0.6873506186197172,0,Bull (Strong Uptrend)
2021-10-06,17646.0,-0.9941397212065624,0.8427510028867258,1,Low-Momentum / Sideways
2021-10-07,17790.349609375,0.8147024701314761,0.8753089116614187,1,Low-Momentum / Sideways
2021-10-08,17895.19921875,0.5876323303578523,0.7934952192505855,1,Low-Momentum / Sideways
2021-10-11,17945.94921875,0.2831942397492044,0.7439103317400877,0,Bull (Strong Uptrend)
2021-10-12,17991.94921875,0.2559973015762186,0.7006409511762599,0,Bull (Strong Uptrend)
2021-10-13,18161.75,0.9393341950983449,0.3071085760011955,0,Bull (Strong Uptrend)
2021-10-14,18338.55078125,0.9687709975996202,0.34269244309920494,0,Bull (Strong Uptrend)
2021-10-18,18477.05078125,0.7524019573498294,0.3482434256455403,0,Bull (Strong Uptrend)
2021-10-19,18418.75,-0.31602962146704855,0.547697487874912,0,Bull (Strong Uptrend)
2021-10-20,18266.599609375,-0.8294933244362599,0.8239953201418211,0,Bull (Strong Uptrend)
2021-10-21,18178.099609375,-0.48566829115848476,0.7947978037320079,0,Bull (Strong Uptrend)
2021-10-22,18114.900390625,-0.3482725739431398,0.5937326668230858,0,Bull (Strong Uptrend)
2021-10-25,18125.400390625,0.057946540549897285,0.320161462842175,0,Bull (Strong Uptrend)
2021-10-26,18268.400390625,0.7858521663552329,0.6188270384628569,0,Bull (Strong Uptrend)
2021-10-27,18210.94921875,-0.31497940609639213,0.5144611492110401,0,Bull (Strong Uptrend)
2021-10-28,17857.25,-1.9613430387588484,1.0067331642185473,1,Low-Momentum / Sideways
2021-10-29,17671.650390625,-1.0447905544470224,1.0525172270416991,1,Low-Momentum / Sideways
2021-11-01,17929.650390625,1.4494106171593095,1.3711497429974957,1,Low-Momentum / Sideways
2021-11-02,17888.94921875,-0.2272628736845954,1.2558835899944676,1,Low-Momentum / Sideways
2021-11-03,17829.19921875,-0.3345641269055336,1.2555054483702541,1,Low-Momentum / Sideways
2021-11-04,17916.80078125,0.49013449265533066,0.9452544205275789,1,Low-Momentum / Sideways
2021-11-08,18068.55078125,0.8434037348294714,0.7465349853639766,1,Low-Momentum / Sideways
2021-11-09,18044.25,-0.13458266538282126,0.5128521187011188,0,Bull (Strong Uptrend)
2021-11-10,18017.19921875,-0.15002606334366786,0.5005126303177283,0,Bull (Strong Uptrend)
2021-11-11,17873.599609375,-0.8002071858204449,0.6364237929176473,0,Bull (Strong Uptrend)
2021-11-12,18102.75,1.2739118453093434,0.8369471296618531,1,Low-Momentum / Sideways
2021-11-15,18109.44921875,0.03699978996557182,0.7574543505771854,1,Low-Momentum / Sideways
2021-11-16,17999.19921875,-0.6106589273008451,0.8135517815872977,1,Low-Momentum / Sideways
2021-11-17,17898.650390625,-0.5601956226916921,0.8461849302077307,1,Low-Momentum / Sideways
2021-11-18,17764.80078125,-0.7506297537132803,0.8366344879522882,1,Low-Momentum / Sideways
2021-11-22,17416.55078125,-1.979806684873854,0.7390234584785149,1,Low-Momentum / Sideways
2021-11-23,17503.349609375,0.4971320417088634,0.8802391205785324,1,Low-Momentum / Sideways
2021-11-24,17415.05078125,-0.505744910102147,0.883574194975749,1,Low-Momentum / Sideways
2021-11-25,17536.25,0.6935347288237329,1.0758905799165834,1,Low-Momentum / Sideways
2021-11-26,17026.44921875,-2.9502195657113863,1.5813883409671703,2,High Volatility / Crisis
2021-11-29,17053.94921875,0.16138312478338215,1.4856359991210415,2,High Volatility / Crisis
2021-11-30,16983.19921875,-0.41572285072535703,1.3981464704299158,2,High Volatility / Crisis
2021-12-01,17166.900390625,1.075855976245021,1.5913186524710554,2,High Volatility / Crisis
2021-12-02,17401.650390625,1.3581917861660866,1.7165429570635862,2,High Volatility / Crisis
2021-12-03,17196.69921875,-1.1847592241934006,1.0496059740103354,2,High Volatility / Crisis
2021-12-06,16912.25,-1.6679248094838026,1.3436306280707488,2,High Volatility / Crisis
2021-12-07,17176.69921875,1.5515557382479443,1.5279399942562262,2,High Volatility / Crisis
2021-12-08,17469.75,1.6917044993306307,1.6346149349877948,2,High Volatility / Crisis
2021-12-09,17516.849609375,0.2692438725331353,1.5362484066380617,2,High Volatility / Crisis
2021-12-10,17511.30078125,-0.031682107730694166,1.366321637141227,1,Low-Momentum / Sideways
2021-12-13,17368.25,-0.82026046847206,1.0723566386453807,1,Low-Momentum / Sideways
2021-12-14,17324.900390625,-0.24990311601760176,0.9384864746763216,1,Low-Momentum / Sideways
2021-12-15,17221.400390625,-0.5991976410169169,0.43525931817879115,0,Bull (Strong Uptrend)
2021-12-16,17248.400390625,0.15665890089298407,0.40088580940813956,0,Bull (Strong Uptrend)
2021-12-17,16985.19921875,-1.5377077556357828,0.6368680079042143,1,Low-Momentum / Sideways
2021-12-20,16614.19921875,-2.2084626281366435,0.967939562935147,1,Low-Momentum / Sideways
2021-12-21,16770.849609375,0.9384532645495393,1.2642482000528865,1,Low-Momentum / Sideways
2021-12-22,16955.44921875,1.0947032985081793,1.488372941089137,1,Low-Momentum / Sideways
2021-12-23,17072.599609375,0.6885546336514033,1.5479927584987363,1,Low-Momentum / Sideways
2021-12-24,17003.75,-0.40409083631890874,1.3776239351508561,1,Low-Momentum / Sideways
2021-12-27,17086.25,0.48401385192229907,0.5875596322844026,0,Bull (Strong Uptrend)
2021-12-28,17233.25,0.8566610759914585,0.5754132602790266,0,Bull (Strong Uptrend)
2021-12-29,17213.599609375,-0.114091088034896,0.5389569276565079,0,Bull (Strong Uptrend)
2021-12-30,17203.94921875,-0.05607831589689821,0.5074717408777696,0,Bull (Strong Uptrend)
2021-12-31,17354.05078125,0.8686990360265219,0.4762525930469569,0,Bull (Strong Uptrend)
2022-01-03,17625.69921875,1.5532066331647876,0.7043954513060987,0,Bull (Strong Uptrend)
2022-01-04,17805.25,1.013533773365083,0.7207814230241782,0,Bull (Strong Uptrend)
2022-01-05,17925.25,0.6716975758933995,0.5844755467342303,0,Bull (Strong Uptrend)
2022-01-06,17745.900390625,-1.005580805311726,0.9660201565021168,1,Low-Momentum / Sideways
2022-01-07,17812.69921875,0.37571168401497185,0.9594666374331035,1,Low-Momentum / Sideways
2022-01-10,18003.30078125,1.0643475643964555,0.846312912846404,1,Low-Momentum / Sideways
2022-01-11,18055.75,0.2909075785536925,0.7795229471233587,1,Low-Momentum / Sideways
2022-01-12,18212.349609375,0.8635720331115329,0.8078697449195096,1,Low-Momentum / Sideways
2022-01-13,18257.80078125,0.2492514833041471,0.3704984755307645,0,Bull (Strong Uptrend)
2022-01-14,18255.75,-0.0112329872514589,0.452286956500921,0,Bull (Strong Uptrend)
2022-01-17,18308.099609375,0.2863464635371348,0.32051787620113054,0,Bull (Strong Uptrend)
2022-01-18,18113.05078125,-1.071084744621687,0.7101314836393234,0,Bull (Strong Uptrend)
2022-01-19,17938.400390625,-0.9689027834056424,0.6653607215212606,0,Bull (Strong Uptrend)
2022-01-20,17757.0,-1.0163883876396833,0.6430545883168443,0,Bull (Strong Uptrend)
2022-01-21,17617.150390625,-0.7906922791909891,0.5679967465473691,0,Bull (Strong Uptrend)
2022-01-24,17149.099609375,-2.692721026213864,0.7812190285954046,1,Low-Momentum / Sideways
2022-01-25,17277.94921875,0.7485405539808743,1.2198444812315492,1,Low-Momentum / Sideways
2022-01-27,17110.150390625,-0.9759199363728934,1.219884283352954,1,Low-Momentum / Sideways
2022-01-28,17101.94921875,-0.04794310858279706,1.2811472468859608,1,Low-Momentum / Sideways
2022-01-31,17339.849609375,1.3814851855459431,1.5945881599789928,1,Low-Momentum / Sideways
2022-02-01,17576.849609375,1.3575374822651254,1.0065382315383817,1,Low-Momentum / Sideways
2022-02-02,17780.0,1.149155699474709,1.0471181841125288,1,Low-Momentum / Sideways
2022-02-03,17560.19921875,-1.243929691182117,1.1482015560812764,1,Low-Momentum / Sideways
2022-02-04,17516.30078125,-0.2503012582150695,1.1764122474517809,1,Low-Momentum / Sideways
2022-02-07,17213.599609375,-1.7432174227495423,1.3879377676227613,1,Low-Momentum / Sideways
2022-02-08,17266.75,0.3082940476216172,1.1651978158068117,1,Low-Momentum / Sideways
2022-02-09,17463.80078125,1.1347524946857301,1.1605550006413117,1,Low-Momentum / Sideways
2022-02-10,17605.849609375,0.8100999205040029,1.1321381001246298,1,Low-Momentum / Sideways
2022-02-11,17374.75,-1.3213208134273142,1.2934444980546793,1,Low-Momentum / Sideways
2022-02-14,16842.80078125,-3.1094690696753635,1.768136783401621,2,High Volatility / Crisis
2022-02-15,17352.44921875,2.981034961442144,2.355639872114401,2,High Volatility / Crisis
2022-02-16,17322.19921875,-0.1744791023833279,2.2833855346428065,2,High Volatility / Crisis
2022-02-17,17304.599609375,-0.10165312120177579,2.221840175125004,2,High Volatility / Crisis
2022-02-18,17276.30078125,-0.1636674240540245,2.153970331519248,2,High Volatility / Crisis
2022-02-21,17206.650390625,-0.40397055923562175,1.4321090101456384,2,High Volatility / Crisis
2022-02-22,17092.19921875,-0.667378632095619,0.23421978381300665,2,High Volatility / Crisis
2022-02-23,17063.25,-0.16951453630000418,0.23490625752201838,2,High Volatility / Crisis
2022-02-24,16247.9501953125,-4.896026903082192,2.0430236005994873,2,High Volatility / Crisis
2022-02-25,16658.400390625,2.494785816820296,2.6542123050803372,2,High Volatility / Crisis
2022-02-28,16793.900390625,0.8101131335537446,2.745286465032299,2,High Volatility / Crisis
2022-03-02,16605.94921875,-1.1254730666993662,2.7604714813946103,2,High Volatility / Crisis
2022-03-03,16498.05078125,-0.6518778370608893,2.75107358015423,2,High Volatility / Crisis
2022-03-04,16245.349609375,-1.5435549523985674,1.654870428927018,2,High Volatility / Crisis
2022-03-07,15863.150390625,-2.3807855961420166,1.184600342273417,2,High Volatility / Crisis
2022-03-08,16013.4501953125,0.9430172336242727,1.2351742511889992,2,High Volatility / Crisis
2022-03-09,16345.349609375,2.0514423015661167,1.8078268354379985,2,High Volatility / Crisis
2022-03-10,16594.900390625,1.5152013456311013,1.9605939218107264,2,High Volatility / Crisis
2022-03-11,16630.44921875,0.21398626113986924,1.7327479813541569,2,High Volatility / Crisis
2022-03-14,16871.30078125,1.4378694372337426,0.6917249208893984,1,Low-Momentum / Sideways
2022-03-15,16663.0,-1.2423307208470635,1.3227727985615552,1,Low-Momentum / Sideways
2022-03-16,16975.349609375,1.8571576221107082,1.278767431407908,1,Low-Momentum / Sideways
2022-03-17,17287.05078125,1.819544269851146,1.3301287565470934,1,Low-Momentum / Sideways
2022-03-21,17117.599609375,-0.9850560325581039,1.555136517652544,1,Low-Momentum / Sideways
2022-03-22,17315.5,1.1494902983443505,1.520202848040845,1,Low-Momentum / Sideways
2022-03-23,17245.650390625,-0.4042093720190609,1.3088478890721575,1,Low-Momentum / Sideways
2022-03-24,17222.75,-0.13287761390126268,1.1580962102293773,1,Low-Momentum / Sideways
2022-03-25,17153.0,-0.4058098847076208,0.7931244963859719,1,Low-Momentum / Sideways
2022-03-28,17222.0,0.40145508462854407,0.6622448322787062,0,Bull (Strong Uptrend)
2022-03-29,17325.30078125,0.5980269762402161,0.46472718119470463,0,Bull (Strong Uptrend)
2022-03-30,17498.25,0.9932969892759297,0.5623395399895513,0,Bull (Strong Uptrend)
2022-03-31,17464.75,-0.1916312115762529,0.5739015466239384,0,Bull (Strong Uptrend)
2022-04-01,17670.44921875,1.170914487476482,0.5353909138291115,0,Bull (Strong Uptrend)
2022-04-04,18053.400390625,2.14403456403388,0.8519614387518047,1,Low-Momentum / Sideways
2022-04-05,17957.400390625,-0.5331746328175393,1.084821741089847,1,Low-Momentum / Sideways
2022-04-06,17807.650390625,-0.8374145812508964,1.2625147833580335,1,Low-Momentum / Sideways
2022-04-07,17639.55078125,-0.9484577848941177,1.383353832972462,1,Low-Momentum / Sideways
2022-04-08,17784.349609375,0.8175250776633796,1.3292645997753432,1,Low-Momentum / Sideways
2022-04-11,17674.94921875,-0.6170496392137639,0.7135367821909122,1,Low-Momentum / Sideways
2022-04-12,17530.30078125,-0.8217481851263663,0.7359234711235788,1,Low-Momentum / Sideways
2022-04-13,17475.650390625,-0.31223510971550206,0.7094137699695436,1,Low-Momentum / Sideways
2022-04-18,17173.650390625,-1.7432250630348713,0.9257040765498161,1,Low-Momentum / Sideways
2022-04-19,16958.650390625,-1.2598203971631294,0.5610792899650356,1,Low-Momentum / Sideways
2022-04-20,17136.55078125,1.0435603778864928,1.0693281581445997,1,Low-Momentum / Sideways
2022-04-21,17392.599609375,1.4831150992767859,1.4042561090106809,1,Low-Momentum / Sideways
2022-04-22,17171.94921875,-1.2767612798961314,1.4941599006069797,1,Low-Momentum / Sideways
2022-04-25,16953.94921875,-1.2776394201003338,1.3970256978691902,1,Low-Momentum / Sideways
2022-04-26,17200.80078125,1.445514084046437,1.4351495070039044,1,Low-Momentum / Sideways
2022-04-27,17038.400390625,-0.948629657994312,1.4478893349156718,1,Low-Momentum / Sideways
2022-04-28,17245.05078125,1.2055547873445795,1.3747805024074635,1,Low-Momentum / Sideways
2022-04-29,17102.55078125,-0.8297570200330234,1.297192417249996,1,Low-Momentum / Sideways
2022-05-02,17069.099609375,-0.19578324241160946,1.1267165673801554,1,Low-Momentum / Sideways
2022-05-04,16677.599609375,-2.3203310190181763,1.2802057193383833,1,Low-Momentum / Sideways
2022-05-05,16682.650390625,0.03028023644061874,1.2917616328474337,1,Low-Momentum / Sideways
2022-05-06,16411.25,-1.6402205362178026,0.986152934706402,1,Low-Momentum / Sideways
2022-05-09,16301.849609375,-0.668850092324517,0.995319764533933,1,Low-Momentum / Sideways
2022-05-10,16240.0498046875,-0.37981728230063116,0.962916383874551,1,Low-Momentum / Sideways
2022-05-11,16167.099609375,-0.45021126418402274,0.6230170659584211,1,Low-Momentum / Sideways
2022-05-12,15808.0,-2.2462147872579266,0.826104530278332,1,Low-Momentum / Sideways
2022-05-13,15782.150390625,-0.16365617019766784,0.8382886328131304,1,Low-Momentum / Sideways
2022-05-16,15842.2998046875,0.3803986233609079,0.9910309806358698,1,Low-Momentum / Sideways
2022-05-17,16259.2998046875,2.5981475212963465,1.7440772137293652,2,High Volatility / Crisis
2022-05-18,16240.2998046875,-0.11692453072036017,1.7277292526876884,2,High Volatility / Crisis
2022-05-19,15809.400390625,-2.6891070897403773,1.8819411248100968,2,High Volatility / Crisis
2022-05-20,16266.150390625,2.848156086057151,2.259819951039443,2,High Volatility / Crisis
2022-05-23,16214.7001953125,-0.3168035160150404,2.2982599526416583,2,High Volatility / Crisis
2022-05-24,16125.150390625,-0.5538061057189644,1.9765341836294856,2,High Volatility / Crisis
2022-05-25,16025.7998046875,-0.6180277818558741,1.9861239244897388,2,High Volatility / Crisis
2022-05-26,16170.150390625,0.8967062770830264,1.4736849251045556,1,Low-Momentum / Sideways
2022-05-27,16352.4501953125,1.121077101503458,0.8357512985244492,1,Low-Momentum / Sideways
2022-05-30,16661.400390625,1.8716945110386056,1.0926662476516837,1,Low-Momentum / Sideways
2022-05-31,16584.55078125,-0.4623104079880039,1.070230400361277,1,Low-Momentum / Sideways
2022-06-01,16522.75,-0.3733367056413342,1.006487839588348,1,Low-Momentum / Sideways
2022-06-02,16628.0,0.6349802260260305,0.9946350521321309,1,Low-Momentum / Sideways
2022-06-03,16584.30078125,-0.26315095876877825,0.9915110344478827,1,Low-Momentum / Sideways
2022-06-06,16569.55078125,-0.08897910968418908,0.4394200469634031,0,Bull (Strong Uptrend)
2022-06-07,16416.349609375,-0.9288955076891798,0.5645274132779873,0,Bull (Strong Uptrend)
2022-06-08,16356.25,-0.3667678332650513,0.5640418857102008,0,Bull (Strong Uptrend)
2022-06-09,16478.099609375,0.7422115570615706,0.6044405500047875,0,Bull (Strong Uptrend)
2022-06-10,16201.7998046875,-1.690986774485526,0.9119525006653052,1,Low-Momentum / Sideways
2022-06-13,15774.400390625,-2.6733937520215956,1.2959262133074407,1,Low-Momentum / Sideways
2022-06-14,15732.099609375,-0.268521141142216,1.3359248704822388,1,Low-Momentum / Sideways
2022-06-15,15692.150390625,-0.25425739848417966,1.347032003851495,1,Low-Momentum / Sideways
2022-06-16,15360.599609375,-2.1354848179315096,1.1000012313509098,1,Low-Momentum / Sideways
2022-06-17,15293.5,-0.4377862497838008,1.159573354084143,1,Low-Momentum / Sideways
2022-06-20,15350.150390625,0.3697369891618423,0.940591832144138,1,Low-Momentum / Sideways
2022-06-21,15638.7998046875,1.8629721921802747,1.4450958330214145,1,Low-Momentum / Sideways
2022-06-22,15413.2998046875,-1.452423294963793,1.5673143665010065,1,Low-Momentum / Sideways
2022-06-23,15556.650390625,0.9257464658604654,1.269239727358402,1,Low-Momentum / Sideways
2022-06-24,15699.25,0.912471546173461,1.2283324637668507,1,Low-Momentum / Sideways
2022-06-27,15832.0498046875,0.8423413606869335,1.231701928110921,1,Low-Momentum / Sideways
2022-06-28,15850.2001953125,0.11457767431705532,1.0199552976425954,1,Low-Momentum / Sideways
2022-06-29,15799.099609375,-0.3229179201912245,0.5688102394376343,0,Bull (Strong Uptrend)
2022-06-30,15780.25,-0.11937935294284722,0.5626898979609445,0,Bull (Strong Uptrend)
2022-07-01,15752.0498046875,-0.1788654998560177,0.4611509617272524,0,Bull (Strong Uptrend)
2022-07-04,15835.349609375,0.5274254882250374,0.3323172824434344,0,Bull (Strong Uptrend)
2022-07-05,15810.849609375,-0.15483695040555473,0.3317810184785102,0,Bull (Strong Uptrend)
2022-07-06,15989.7998046875,1.125461822453212,0.5760108693494532,0,Bull (Strong Uptrend)
2022-07-07,16132.900390625,0.8909682667129231,0.5953315023782936,0,Bull (Strong Uptrend)
2022-07-08,16220.599609375,0.5421325887187374,0.4843085655899672,0,Bull (Strong Uptrend)
2022-07-11,16216.0,-0.028360614005298525,0.5591742642092269,0,Bull (Strong Uptrend)
2022-07-12,16058.2998046875,-0.9772571447684876,0.8408187641979077,0,Bull (Strong Uptrend)
2022-07-13,15966.650390625,-0.5723641330078542,0.7692481142783412,0,Bull (Strong Uptrend)
2022-07-14,15938.650390625,-0.1755194685691454,0.573294976343375,0,Bull (Strong Uptrend)
2022-07-15,16049.2001953125,0.6912014580365189,0.625760911836306,0,Bull (Strong Uptrend)
2022-07-18,16278.5,1.4186202470718856,0.9713503853642088,1,Low-Momentum / Sideways
2022-07-19,16340.5498046875,0.3804517906147779,0.7723680634794725,1,Low-Momentum / Sideways
2022-07-20,16520.849609375,1.0973459265845804,0.6207810349781138,0,Bull (Strong Uptrend)
2022-07-21,16605.25,0.509571451216485,0.4305296045699437,0,Bull (Strong Uptrend)
2022-07-22,16719.44921875,0.6853755230166663,0.4309710873181143,0,Bull (Strong Uptrend)
2022-07-25,16631.0,-0.5304241963650272,0.6003658731122213,0,Bull (Strong Uptrend)
2022-07-26,16483.849609375,-0.8887333683346772,0.8444368713945347,1,Low-Momentum / Sideways
2022-07-27,16641.80078125,0.953655956008488,0.8067901018379128,1,Low-Momentum / Sideways
2022-07-28,16929.599609375,1.7145896529526243,1.0772399845726952,1,Low-Momentum / Sideways
2022-07-29,17158.25,1.3415561413115864,1.159521410924114,1,Low-Momentum / Sideways
2022-08-01,17340.05078125,1.0539792401854702,1.0079143006807516,1,Low-Momentum / Sideways
2022-08-02,17345.44921875,0.03112792114048116,0.6263529483151723,0,Bull (Strong Uptrend)
2022-08-03,17388.150390625,0.2458783072766921,0.7180709823868302,0,Bull (Strong Uptrend)
2022-08-04,17382.0,-0.03537741781412895,0.6289663693252397,0,Bull (Strong Uptrend)
2022-08-05,17397.5,0.08913297215996853,0.44665200002229016,0,Bull (Strong Uptrend)
2022-08-08,17525.099609375,0.7307599012140524,0.30792276385185463,0,Bull (Strong Uptrend)
2022-08-10,17534.75,0.055050954161200635,0.3045714138142364,0,Bull (Strong Uptrend)
2022-08-11,17659.0,0.7060942140366637,0.3764945469467818,0,Bull (Strong Uptrend)
2022-08-12,17698.150390625,0.22145679837284518,0.33271607660983726,0,Bull (Strong Uptrend)
2022-08-16,17825.25,0.7155855032733008,0.3227841150207464,0,Bull (Strong Uptrend)
2022-08-17,17944.25,0.6653737907021656,0.3115057333232218,0,Bull (Strong Uptrend)
2022-08-18,17956.5,0.06824370229270742,0.3071084197149878,0,Bull (Strong Uptrend)
2022-08-19,17758.44921875,-1.1090751389954998,0.7374715942229525,1,Low-Momentum / Sideways
2022-08-22,17490.69921875,-1.5192148554208882,1.027065517357559,1,Low-Momentum / Sideways
2022-08-23,17577.5,0.4950408657946044,0.9796316451659867,1,Low-Momentum / Sideways
2022-08-24,17604.94921875,0.1560393032835227,0.8779666899946614,1,Low-Momentum / Sideways
2022-08-25,17522.44921875,-0.46971967955087224,0.8412221675668096,1,Low-Momentum / Sideways
2022-08-26,17558.900390625,0.2078094793881999,0.8040286947436781,1,Low-Momentum / Sideways
2022-08-29,17312.900390625,-1.410905518594369,0.760772757753803,1,Low-Momentum / Sideways
2022-08-30,17759.30078125,2.5457455427431688,1.4618386435472337,1,Low-Momentum / Sideways
2022-09-01,17542.80078125,-1.2265712506503565,1.5980269623092276,1,Low-Momentum / Sideways
2022-09-02,17539.44921875,-0.01910688459375813,1.582531275143357,1,Low-Momentum / Sideways
2022-09-05,17665.80078125,0.717802628935595,1.6138367548857748,1,Low-Momentum / Sideways
2022-09-06,17655.599609375,-0.0577619915734608,1.390668438793822,1,Low-Momentum / Sideways
2022-09-07,17624.400390625,-0.17686636555011565,0.696135484415807,0,Bull (Strong Uptrend)
2022-09-08,17798.75,0.9843902383512463,0.5243191034156213,0,Bull (Strong Uptrend)
2022-09-09,17833.349609375,0.19420477956010657,0.5010745893457134,0,Bull (Strong Uptrend)
2022-09-12,17936.349609375,0.5759080279283832,0.4772378965073248,0,Bull (Strong Uptrend)
2022-09-13,18070.05078125,0.7426556664034913,0.45947729260462566,0,Bull (Strong Uptrend)
2022-09-14,18003.75,-0.36758453208641867,0.528689011544076,0,Bull (Strong Uptrend)
2022-09-15,17877.400390625,-0.7042702379409719,0.6150522273159028,0,Bull (Strong Uptrend)
2022-09-16,17530.849609375,-1.9575203370476821,1.0909666795682786,1,Low-Momentum / Sideways
2022-09-19,17622.25,0.5200144374609498,1.079433180721367,1,Low-Momentum / Sideways
2022-09-20,17816.25,1.0948654031257963,1.176008792545777,1,Low-Momentum / Sideways
2022-09-21,17718.349609375,-0.5510158516157929,1.1821561125762676,1,Low-Momentum / Sideways
2022-09-22,17629.80078125,-0.5010107310831895,1.1690425682089975,1,Low-Momentum / Sideways
2022-09-23,17327.349609375,-1.7304540890907432,1.0892185847854037,1,Low-Momentum / Sideways
2022-09-26,17016.30078125,-1.8114401349380975,1.181150863117649,1,Low-Momentum / Sideways
2022-09-27,17007.400390625,-0.05231876910193474,0.7930393673561816,1,Low-Momentum / Sideways
2022-09-28,16858.599609375,-0.8787677246935571,0.76708054505024,1,Low-Momentum / Sideways
2022-09-29,16818.099609375,-0.24052250050792126,0.8162697531888113,1,Low-Momentum / Sideways
2022-09-30,17094.349609375,1.6292312526781774,1.2651053621538135,1,Low-Momentum / Sideways
2022-10-03,16887.349609375,-1.2183178897324074,1.1017919979794244,1,Low-Momentum / Sideways
2022-10-04,17274.30078125,2.2655095268550496,1.5505142478866072,1,Low-Momentum / Sideways
2022-10-06,17331.80078125,0.33231164632058174,1.4059613170464604,1,Low-Momentum / Sideways
2022-10-07,17314.650390625,-0.09900230150986376,1.3872770561403112,1,Low-Momentum / Sideways
2022-10-10,17241.0,-0.4262718329192525,1.3012331238514458,1,Low-Momentum / Sideways
2022-10-11,16983.55078125,-1.5044993668578568,1.381435511629468,1,Low-Momentum / Sideways
2022-10-12,17123.599609375,0.8212331644389038,0.8783972724733029,1,Low-Momentum / Sideways
2022-10-13,17014.349609375,-0.6400523491751724,0.8449348218080927,1,Low-Momentum / Sideways
2022-10-14,17185.69921875,1.0020514532698734,1.0513873173966737,1,Low-Momentum / Sideways
2022-10-17,17311.80078125,0.7310797834822186,1.1014314257328985,1,Low-Momentum / Sideways
2022-10-18,17486.94921875,1.0066448739082916,0.6945523224388195,0,Bull (Strong Uptrend)
2022-10-19,17512.25,0.14457922593648584,0.7026929716045106,0,Bull (Strong Uptrend)
2022-10-20,17563.94921875,0.2947825439411186,0.3994793596272923,0,Bull (Strong Uptrend)
2022-10-21,17576.30078125,0.07029866326317706,0.4032385788200013,0,Bull (Strong Uptrend)
2022-10-24,17730.75,0.8748972260095097,0.4324207876204429,0,Bull (Strong Uptrend)
2022-10-25,17656.349609375,-0.4204950452158822,0.4661329470372033,0,Bull (Strong Uptrend)
2022-10-27,17736.94921875,0.455452028328274,0.47865550669216583,0,Bull (Strong Uptrend)
2022-10-28,17786.80078125,0.280666287905275,0.4784036646678675,0,Bull (Strong Uptrend)
2022-10-31,18012.19921875,1.2592609626880553,0.6352014811227604,0,Bull (Strong Uptrend)
2022-11-01,18145.400390625,0.736784387700839,0.6170197001304975,0,Bull (Strong Uptrend)
2022-11-02,18082.849609375,-0.34531529072475453,0.5904729328021281,0,Bull (Strong Uptrend)
2022-11-03,18052.69921875,-0.1668738878993079,0.6579788396314726,0,Bull (Strong Uptrend)
2022-11-04,18117.150390625,0.35638102334325084,0.6567708499788889,0,Bull (Strong Uptrend)
2022-11-07,18202.80078125,0.47164462855731093,0.4521600193747242,0,Bull (Strong Uptrend)
2022-11-09,18157.0,-0.25193100341803654,0.37389774089471717,0,Bull (Strong Uptrend)
2022-11-10,18028.19921875,-0.7119006002546902,0.48198850141009997,0,Bull (Strong Uptrend)
2022-11-11,18349.69921875,1.767602773148285,0.9369625359323549,1,Low-Momentum / Sideways
2022-11-14,18329.150390625,-0.11204729970374992,0.9564268475953361,1,Low-Momentum / Sideways
2022-11-15,18403.400390625,0.40427413587009603,0.9526858227398293,1,Low-Momentum / Sideways
2022-11-16,18409.650390625,0.0339553496785159,0.9255331290903962,1,Low-Momentum / Sideways
2022-11-17,18343.900390625,-0.35778894143715545,0.8406606324400945,1,Low-Momentum / Sideways
2022-11-18,18307.650390625,-0.19780888419361492,0.2888598770170038,0,Bull (Strong Uptrend)
2022-11-21,18159.94921875,-0.8100449774708418,0.4516319290076525,0,Bull (Strong Uptrend)
2022-11-22,18244.19921875,0.46286016308605993,0.4710983100859329,0,Bull (Strong Uptrend)
2022-11-23,18267.25,0.12626606067816232,0.48293405239752696,0,Bull (Strong Uptrend)
2022-11-24,18484.099609375,1.1801042862214368,0.7419890691713855,0,Bull (Strong Uptrend)
2022-11-25,18512.75,0.15488019469054912,0.7167218823113636,0,Bull (Strong Uptrend)
2022-11-28,18562.75,0.26972005940332766,0.43502496361615184,0,Bull (Strong Uptrend)
2022-11-29,18618.05078125,0.29746977400658825,0.4390046198648409,0,Bull (Strong Uptrend)
2022-11-30,18758.349609375,0.7507383568474861,0.4283369381192321,0,Bull (Strong Uptrend)
2022-12-01,18812.5,0.2882576714860245,0.23002982751548298,0,Bull (Strong Uptrend)
2022-12-02,18696.099609375,-0.6206617442539312,0.49972672183260713,0,Bull (Strong Uptrend)
2022-12-05,18701.05078125,0.026478872599709623,0.50272113882774,0,Bull (Strong Uptrend)
2022-12-06,18642.75,-0.31223832280691255,0.5307071343973645,0,Bull (Strong Uptrend)
2022-12-07,18560.5,-0.44216639141222674,0.36645552223285716,0,Bull (Strong Uptrend)
2022-12-08,18609.349609375,0.262845494467234,0.3578570229678836,0,Bull (Strong Uptrend)
2022-12-09,18496.599609375,-0.6077211303593385,0.35423761193394226,0,Bull (Strong Uptrend)
2022-12-12,18497.150390625,0.002977698935843848,0.3503746495777035,0,Bull (Strong Uptrend)
2022-12-13,18608.0,0.5974908495510217,0.49597532532625865,0,Bull (Strong Uptrend)
2022-12-14,18660.30078125,0.2806718551028224,0.45185108671639873,0,Bull (Strong Uptrend)
2022-12-15,18414.900390625,-1.3238173588299011,0.7643511981434521,1,Low-Momentum / Sideways
2022-12-16,18269.0,-0.7954506384605002,0.7928466122688748,1,Low-Momentum / Sideways
2022-12-19,18420.44921875,0.8255783729645224,0.9311354961850232,1,Low-Momentum / Sideways
2022-12-20,18385.30078125,-0.19099433205291774,0.8503146865709021,1,Low-Momentum / Sideways
2022-12-21,18199.099609375,-1.017935391694218,0.8495387489607826,1,Low-Momentum / Sideways
2022-12-22,18127.349609375,-0.39502948868902,0.715480932209554,1,Low-Momentum / Sideways
2022-12-23,17806.80078125,-1.784137526808462,0.9721298630381457,1,Low-Momentum / Sideways
2022-12-27,18132.30078125,1.8114470670408458,1.341271965985916,1,Low-Momentum / Sideways
2022-12-28,18122.5,-0.05406611691443354,1.3458353836990964,1,Low-Momentum / Sideways
2022-12-29,18191.0,0.3772706087183377,1.3005186869299163,1,Low-Momentum / Sideways
2022-12-30,18105.30078125,-0.47222100411233103,1.3066917777131322,1,Low-Momentum / Sideways
2023-01-02,18197.44921875,0.5076675205536103,0.8610241853121217,1,Low-Momentum / Sideways
2023-01-03,18232.55078125,0.1927069632871597,0.3880438430434322,0,Bull (Strong Uptrend)
2023-01-04,18042.94921875,-1.0453517612292944,0.6546451533657626,0,Bull (Strong Uptrend)
2023-01-05,17992.150390625,-0.28194100932680755,0.601765021243007,0,Bull (Strong Uptrend)
2023-01-06,17859.44921875,-0.7402837214764996,0.6405632374348564,0,Bull (Strong Uptrend)
2023-01-09,18101.19921875,1.344545509952314,0.9366110338314072,1,Low-Momentum / Sideways
2023-01-10,17914.150390625,-1.0387266093937284,0.9982821070344667,1,Low-Momentum / Sideways
2023-01-11,17895.69921875,-0.10305082936186097,0.9206769178783925,1,Low-Momentum / Sideways
2023-01-12,17858.19921875,-0.20976741216788597,0.918927504109288,1,Low-Momentum / Sideways
2023-01-13,17956.599609375,0.5494970874730372,0.892253288896245,1,Low-Momentum / Sideways
2023-01-16,17894.849609375,-0.34447734977776495,0.5681730670097327,0,Bull (Strong Uptrend)
2023-01-17,18053.30078125,0.8815596703469526,0.5321277379804255,0,Bull (Strong Uptrend)
2023-01-18,18165.349609375,0.618737497867869,0.5425089738571878,0,Bull (Strong Uptrend)
2023-01-19,18107.849609375,-0.31703874707042845,0.5691321364988441,0,Bull (Strong Uptrend)
2023-01-20,18027.650390625,-0.4438812272184146,0.6214907726183724,0,Bull (Strong Uptrend)
2023-01-23,18118.55078125,0.5029606393094338,0.5919916386630413,0,Bull (Strong Uptrend)
2023-01-24,18118.30078125,-0.001379810823647804,0.4763187157166211,0,Bull (Strong Uptrend)
2023-01-25,17891.94921875,-1.2571672991636755,0.6463409855012059,1,Low-Momentum / Sideways
2023-01-27,17604.349609375,-1.6204838949638831,0.8755018742353152,1,Low-Momentum / Sideways
2023-01-30,17648.94921875,0.2530238851503625,0.9515730128696648,1,Low-Momentum / Sideways
2023-01-31,17662.150390625,0.07477066778470427,0.8623064751293524,1,Low-Momentum / Sideways
2023-02-01,17616.30078125,-0.2599299780272256,0.831359253799058,1,Low-Momentum / Sideways
2023-02-02,17610.400390625,-0.03349953577196926,0.7518495528472358,1,Low-Momentum / Sideways
2023-02-03,17854.05078125,1.3740758205234282,0.6382869223764558,1,Low-Momentum / Sideways
2023-02-06,17764.599609375,-0.5022725956678951,0.7296093252760083,1,Low-Momentum / Sideways
2023-02-07,17721.5,-0.24290993398515345,0.7492572956207211,1,Low-Momentum / Sideways
2023-02-08,17871.69921875,0.843982073038998,0.7903218902000626,1,Low-Momentum / Sideways
2023-02-09,17893.44921875,0.12162679944837883,0.7774925634852489,1,Low-Momentum / Sideways
2023-02-10,17856.5,-0.206709283308457,0.5198732803780951,0,Bull (Strong Uptrend)
2023-02-13,17770.900390625,-0.48052775756446475,0.514657215616134,0,Bull (Strong Uptrend)
2023-02-14,17929.849609375,0.8904589905162997,0.6165262742150096,0,Bull (Strong Uptrend)
2023-02-15,18015.849609375,0.47850043793272484,0.5434230928968612,0,Bull (Strong Uptrend)
2023-02-16,18035.849609375,0.110951785824931,0.5436357618459313,0,Bull (Strong Uptrend)
2023-02-17,17944.19921875,-0.5094522761127012,0.6075837836778049,0,Bull (Strong Uptrend)
2023-02-20,17844.599609375,-0.5565979846782634,0.6263539219346248,0,Bull (Strong Uptrend)
2023-02-21,17826.69921875,-0.10036299610954842,0.43419806261049765,0,Bull (Strong Uptrend)
2023-02-22,17554.30078125,-1.5398310946496918,0.635550365364221,0,Bull (Strong Uptrend)
2023-02-23,17511.25,-0.24554471223785587,0.5630665900918437,0,Bull (Strong Uptrend)
2023-02-24,17465.80078125,-0.2598803690668268,0.5827495918235202,0,Bull (Strong Uptrend)
2023-02-27,17392.69921875,-0.4194194796816341,0.5850236289926796,0,Bull (Strong Uptrend)
2023-02-28,17303.94921875,-0.5115779048087727,0.5396566995315614,0,Bull (Strong Uptrend)
2023-03-01,17450.900390625,0.8456491641293511,0.55017600696496,0,Bull (Strong Uptrend)
2023-03-02,17321.900390625,-0.7419626196212838,0.6193538067115572,0,Bull (Strong Uptrend)
2023-03-03,17594.349609375,1.5606186138582536,1.0038971672945791,1,Low-Momentum / Sideways
2023-03-06,17711.44921875,0.6633473404126093,0.9673776093357992,1,Low-Momentum / Sideways
2023-03-08,17754.400390625,0.24221155475668,0.8483833709161173,1,Low-Momentum / Sideways
2023-03-09,17589.599609375,-0.9325598438082557,1.0282338545007317,1,Low-Momentum / Sideways
2023-03-10,17412.900390625,-1.0096462811863625,1.091829984744761,1,Low-Momentum / Sideways
2023-03-13,17154.30078125,-1.4962416687813755,0.9142460696590197,1,Low-Momentum / Sideways
2023-03-14,17043.30078125,-0.6491706128142258,0.6423493514763456,0,Bull (Strong Uptrend)
2023-03-15,16972.150390625,-0.4183422059139645,0.4072741964259129,0,Bull (Strong Uptrend)
2023-03-16,16985.599609375,0.07921148752918238,0.595600567396913,0,Bull (Strong Uptrend)
2023-03-17,17100.05078125,0.6715529889727186,0.8116407976962837,0,Bull (Strong Uptrend)
2023-03-20,16988.400390625,-0.6550651968001941,0.5687522887156409,0,Bull (Strong Uptrend)
2023-03-21,17107.5,0.6986182644570191,0.6166795112742599,0,Bull (Strong Uptrend)
2023-03-22,17151.900390625,0.2592013577443892,0.5521867204057057,0,Bull (Strong Uptrend)
2023-03-23,17076.900390625,-0.43822814890137707,0.6264811184429441,0,Bull (Strong Uptrend)
2023-03-24,16945.05078125,-0.7750894050448838,0.6346939596052377,0,Bull (Strong Uptrend)
2023-03-27,16985.69921875,0.2395965721106003,0.5927512687272961,0,Bull (Strong Uptrend)
2023-03-28,16951.69921875,-0.20036899079230228,0.4444499000079742,0,Bull (Strong Uptrend)
2023-03-29,17080.69921875,0.7581047692737273,0.5980125102065618,0,Bull (Strong Uptrend)
2023-03-31,17359.75,1.6205182818433634,0.9164315698119078,1,Low-Momentum / Sideways
2023-04-03,17398.05078125,0.2203867672376198,0.6990829000535485,0,Bull (Strong Uptrend)
2023-04-05,17557.05078125,0.909744726853034,0.6942753191876753,0,Bull (Strong Uptrend)
2023-04-06,17599.150390625,0.2395004471214228,0.5754314696081712,0,Bull (Strong Uptrend)
2023-04-10,17624.05078125,0.1413863246074929,0.6360683186746712,0,Bull (Strong Uptrend)
2023-04-11,17722.30078125,0.5559286811614235,0.3194366581885729,0,Bull (Strong Uptrend)
2023-04-12,17812.400390625,0.5071088231309614,0.30135134270941494,0,Bull (Strong Uptrend)
2023-04-13,17828.0,0.0875389176339158,0.21339738364659702,0,Bull (Strong Uptrend)
2023-04-17,17706.849609375,-0.6818706782851139,0.4960782114441807,0,Bull (Strong Uptrend)
2023-04-18,17660.150390625,-0.26408372714739103,0.5244504080601579,0,Bull (Strong Uptrend)
2023-04-19,17618.75,-0.23470351496987077,0.4432590696359863,0,Bull (Strong Uptrend)
2023-04-20,17624.44921875,0.03234223297552299,0.305545899929987,0,Bull (Strong Uptrend)
2023-04-21,17624.05078125,-0.002260734499433094,0.28550809410767614,0,Bull (Strong Uptrend)
2023-04-24,17743.400390625,0.6749146939408538,0.3784450104368084,0,Bull (Strong Uptrend)
2023-04-25,17769.25,0.14557975062981768,0.3380016306362738,0,Bull (Strong Uptrend)
2023-04-26,17813.599609375,0.24927532688865447,0.27292767551345387,0,Bull (Strong Uptrend)
2023-04-27,17915.05078125,0.5678996739265909,0.2856765289290603,0,Bull (Strong Uptrend)
2023-04-28,18065.0,0.8335179280697748,0.28928803362755423,0,Bull (Strong Uptrend)
2023-05-02,18147.650390625,0.4564732669242972,0.2711036757522062,0,Bull (Strong Uptrend)
2023-05-03,18089.849609375,-0.3190111363585117,0.4330232701207946,0,Bull (Strong Uptrend)
2023-05-04,18255.80078125,0.9131894646700034,0.4895876972969762,0,Bull (Strong Uptrend)
2023-05-05,18069.0,-1.0285117822267789,0.8291877856584929,1,Low-Momentum / Sideways
2023-05-08,18264.400390625,1.0756068652657527,0.8828657893155367,1,Low-Momentum / Sideways
2023-05-09,18265.94921875,0.008479678637020548,0.875512108375896,1,Low-Momentum / Sideways
2023-05-10,18315.099609375,0.26872067245805376,0.8388519748699452,1,Low-Momentum / Sideways
2023-05-11,18297.0,-0.09887229108728535,0.7560856318570651,0,Bull (Strong Uptrend)
2023-05-12,18314.80078125,0.09724068345624824,0.4699226555246817,0,Bull (Strong Uptrend)
2023-05-15,18398.849609375,0.4578622613795238,0.21998171960547316,0,Bull (Strong Uptrend)
2023-05-16,18286.5,-0.6125058739613254,0.41040065191124675,0,Bull (Strong Uptrend)
2023-05-17,18181.75,-0.5744738948538705,0.45476757209890845,0,Bull (Strong Uptrend)
2023-05-18,18129.94921875,-0.285311993125948,0.4575568736772297,0,Bull (Strong Uptrend)
2023-05-19,18203.400390625,0.4043187469679982,0.5208769307961262,0,Bull (Strong Uptrend)
2023-05-22,18314.400390625,0.6079245709185509,0.5650892968876705,0,Bull (Strong Uptrend)
2023-05-23,18348.0,0.18329197446846868,0.4887533983930904,0,Bull (Strong Uptrend)
2023-05-24,18285.400390625,-0.3417628155656871,0.41839490084377473,0,Bull (Strong Uptrend)
2023-05-25,18321.150390625,0.19532029433287895,0.3540743537656517,0,Bull (Strong Uptrend)
2023-05-26,18499.349609375,0.9679423693686187,0.4936754167831676,0,Bull (Strong Uptrend)
2023-05-29,18598.650390625,0.5353443226476252,0.48416161878391784,0,Bull (Strong Uptrend)
2023-05-30,18633.849609375,0.18907797884415814,0.4837957309737076,0,Bull (Strong Uptrend)
2023-05-31,18534.400390625,-0.5351312266430236,0.5517906261135654,0,Bull (Strong Uptrend)
2023-06-01,18487.75,-0.2520135368843953,0.6010923582671741,0,Bull (Strong Uptrend)
2023-06-02,18534.099609375,0.25039069673706255,0.42657704641878735,0,Bull (Strong Uptrend)
2023-06-05,18593.849609375,0.32186023111129003,0.37141047113531933,0,Bull (Strong Uptrend)
2023-06-06,18599.0,0.027695595857881204,0.3570448752315194,0,Bull (Strong Uptrend)
2023-06-07,18726.400390625,0.6826497990157328,0.34790729749086946,0,Bull (Strong Uptrend)
2023-06-08,18634.55078125,-0.4916887367083021,0.43293133271703105,0,Bull (Strong Uptrend)
2023-06-09,18563.400390625,-0.3825505177262602,0.48823248560685034,0,Bull (Strong Uptrend)
2023-06-12,18601.5,0.20503013499982167,0.4734393900414194,0,Bull (Strong Uptrend)
2023-06-13,18716.150390625,0.614458574708609,0.546547953545269,0,Bull (Strong Uptrend)
2023-06-14,18755.900390625,0.21215820368078678,0.4603680804201391,0,Bull (Strong Uptrend)
2023-06-15,18688.099609375,-0.36214536561356997,0.42592070429796874,0,Bull (Strong Uptrend)
2023-06-16,18826.0,0.7351956368470602,0.43059112097700164,0,Bull (Strong Uptrend)
2023-06-19,18755.44921875,-0.3754557931873424,0.5242457790214424,0,Bull (Strong Uptrend)
2023-06-20,18816.69921875,0.32603966930515954,0.47605861602774047,0,Bull (Strong Uptrend)
2023-06-21,18856.849609375,0.21314905059401928,0.47611345452598836,0,Bull (Strong Uptrend)
2023-06-22,18771.25,-0.4549778379793411,0.5002000710991579,0,Bull (Strong Uptrend)
2023-06-23,18665.5,-0.5649543898520234,0.4099586208953101,0,Bull (Strong Uptrend)
2023-06-26,18691.19921875,0.13758829522746804,0.41027189715401907,0,Bull (Strong Uptrend)
2023-06-27,18817.400390625,0.6729211402828641,0.5107253264861515,0,Bull (Strong Uptrend)
2023-06-28,18972.099609375,0.8187463868637099,0.6312729784169551,0,Bull (Strong Uptrend)
2023-06-30,19189.05078125,1.1370386219451867,0.668010054069782,0,Bull (Strong Uptrend)
2023-07-03,19322.55078125,0.6933003527425257,0.3612000903107835,0,Bull (Strong Uptrend)
2023-07-04,19389.0,0.3433046864417105,0.28620255078459067,0,Bull (Strong Uptrend)
2023-07-05,19398.5,0.04898485434720244,0.4225320157341202,0,Bull (Strong Uptrend)
2023-07-06,19497.30078125,0.5080291021865595,0.40637888548871426,0,Bull (Strong Uptrend)
2023-07-07,19331.80078125,-0.8524585713268293,0.6074204541257698,0,Bull (Strong Uptrend)
2023-07-10,19355.900390625,0.12458539412885826,0.5278756579162498,0,Bull (Strong Uptrend)
2023-07-11,19439.400390625,0.4304651710725516,0.5418767005721169,0,Bull (Strong Uptrend)
2023-07-12,19384.30078125,-0.283845407345589,0.5623826152523584,0,Bull (Strong Uptrend)
2023-07-13,19413.75,0.15180775225879406,0.49855704124391126,0,Bull (Strong Uptrend)
2023-07-14,19564.5,0.7735121594226722,0.3925627991870328,0,Bull (Strong Uptrend)
2023-07-17,19711.44921875,0.7482946045497489,0.44286831609676175,0,Bull (Strong Uptrend)
2023-07-18,19749.25,0.19158704007220428,0.4467795387112803,0,Bull (Strong Uptrend)
2023-07-19,19833.150390625,0.423928389630214,0.2956810617890772,0,Bull (Strong Uptrend)
2023-07-20,19979.150390625,0.7334449485705514,0.25708337412964194,0,Bull (Strong Uptrend)
2023-07-21,19745.0,-1.1788954585924887,0.7961508714403752,0,Bull (Strong Uptrend)
2023-07-24,19672.349609375,-0.36862180542648426,0.7536832783723107,0,Bull (Strong Uptrend)
2023-07-25,19680.599609375,0.041928243166748924,0.7451242270739329,0,Bull (Strong Uptrend)
2023-07-26,19778.30078125,0.4952057486000637,0.7575067284035099,0,Bull (Strong Uptrend)
2023-07-27,19659.900390625,-0.6004368496797154,0.6352636000426496,0,Bull (Strong Uptrend)
2023-07-28,19646.05078125,-0.07047080421790247,0.41769577744855646,0,Bull (Strong Uptrend)
2023-07-31,19753.80078125,0.5469577389253641,0.4683737310174933,0,Bull (Strong Uptrend)
2023-08-01,19733.55078125,-0.10256449710540406,0.4759103160048378,0,Bull (Strong Uptrend)
2023-08-02,19526.55078125,-1.0545154493387934,0.6039387635893344,0,Bull (Strong Uptrend)
2023-08-03,19381.650390625,-0.7448355676119346,0.6275073519874258,0,Bull (Strong Uptrend)
2023-08-04,19517.0,0.6959118337332753,0.7703716748534871,0,Bull (Strong Uptrend)
2023-08-07,19597.30078125,0.41059608614452353,0.7422348196245429,0,Bull (Strong Uptrend)
2023-08-08,19570.849609375,-0.13506471779916257,0.7417582978925902,0,Bull (Strong Uptrend)
2023-08-09,19632.55078125,0.31477485221408874,0.5626653390938913,0,Bull (Strong Uptrend)
2023-08-10,19543.099609375,-0.4566679886024027,0.45856381818251785,0,Bull (Strong Uptrend)
2023-08-11,19428.30078125,-0.5891456761763215,0.4472291651830446,0,Bull (Strong Uptrend)
2023-08-14,19434.55078125,0.03216439248586792,0.36568689344813626,0,Bull (Strong Uptrend)
2023-08-16,19465.0,0.15655309306883672,0.3941580970578941,0,Bull (Strong Uptrend)
2023-08-17,19365.25,-0.5137758290060533,0.34252346216933427,0,Bull (Strong Uptrend)
2023-08-18,19310.150390625,-0.2849338137250638,0.3279491648296224,0,Bull (Strong Uptrend)
2023-08-21,19393.599609375,0.43122099570483996,0.37089621906606296,0,Bull (Strong Uptrend)
2023-08-22,19396.44921875,0.014692476375842436,0.3701779634591696,0,Bull (Strong Uptrend)
2023-08-23,19444.0,0.24485198272942724,0.38371291370593047,0,Bull (Strong Uptrend)
2023-08-24,19386.69921875,-0.2951315531006464,0.32092013001242065,0,Bull (Strong Uptrend)
2023-08-25,19265.80078125,-0.6255679801563102,0.422487841479315,0,Bull (Strong Uptrend)
2023-08-28,19306.05078125,0.20870149074536445,0.36783819708972004,0,Bull (Strong Uptrend)
2023-08-29,19342.650390625,0.18939637920959618,0.3880685340775276,0,Bull (Strong Uptrend)
2023-08-30,19347.44921875,0.024806491573087567,0.3566933513377664,0,Bull (Strong Uptrend)
2023-08-31,19253.80078125,-0.48521030396481435,0.3912073915824261,0,Bull (Strong Uptrend)
2023-09-01,19435.30078125,0.9382556025202546,0.510474709475245,0,Bull (Strong Uptrend)
2023-09-04,19528.80078125,0.4799298621963187,0.5290009807733845,0,Bull (Strong Uptrend)
2023-09-05,19574.900390625,0.23578141889496507,0.5285297924162702,0,Bull (Strong Uptrend)
2023-09-06,19611.05078125,0.18450694598145603,0.5170726602747413,0,Bull (Strong Uptrend)
2023-09-07,19727.05078125,0.5897607236551244,0.3036630702557046,0,Bull (Strong Uptrend)
2023-09-08,19819.94921875,0.46981368182121824,0.1734600368335116,0,Bull (Strong Uptrend)
2023-09-11,19996.349609375,0.8860770587058941,0.28450685247624263,0,Bull (Strong Uptrend)
2023-09-12,19993.19921875,-0.015756069892455076,0.3513640477846346,0,Bull (Strong Uptrend)
2023-09-13,20070.0,0.38339861431470507,0.32812043440833505,0,Bull (Strong Uptrend)
2023-09-14,20103.099609375,0.16478497893743788,0.3417254442260063,0,Bull (Strong Uptrend)
2023-09-15,20192.349609375,0.4429787863222843,0.34012333550484486,0,Bull (Strong Uptrend)
2023-09-18,20133.30078125,-0.29286010148227576,0.3013387708984926,0,Bull (Strong Uptrend)
2023-09-20,19901.400390625,-1.1585098803333689,0.662558066570673,0,Bull (Strong Uptrend)
2023-09-21,19742.349609375,-0.802404589005525,0.6620572645808813,0,Bull (Strong Uptrend)
2023-09-22,19674.25,-0.34553806166447804,0.6036217632540641,0,Bull (Strong Uptrend)
2023-09-25,19674.55078125,0.0015287950028248089,0.4586578306163863,0,Bull (Strong Uptrend)
2023-09-26,19664.69921875,-0.050085157728942384,0.4996729684693381,0,Bull (Strong Uptrend)
2023-09-27,19716.44921875,0.2628162551917123,0.4063496715127745,0,Bull (Strong Uptrend)
2023-09-28,19523.55078125,-0.9831803841213342,0.4767651126597687,0,Bull (Strong Uptrend)
2023-09-29,19638.30078125,0.5860311697675281,0.5862955191453694,0,Bull (Strong Uptrend)
2023-10-03,19528.75,-0.5594042173129665,0.6292725665506825,0,Bull (Strong Uptrend)
2023-10-04,19436.099609375,-0.47555972198833263,0.64124637695408,0,Bull (Strong Uptrend)
2023-10-05,19545.75,0.5625729970019748,0.7096539098980709,0,Bull (Strong Uptrend)
2023-10-06,19653.5,0.5497568008546022,0.5943955865138033,0,Bull (Strong Uptrend)
2023-10-09,19512.349609375,-0.7207861089913015,0.6313766181423239,0,Bull (Strong Uptrend)
2023-10-10,19689.849609375,0.9055676290125599,0.7157991874310422,0,Bull (Strong Uptrend)
2023-10-11,19811.349609375,0.615173136873013,0.6335175380022425,0,Bull (Strong Uptrend)
2023-10-12,19794.0,-0.08761245971014768,0.6537111443467689,0,Bull (Strong Uptrend)
2023-10-13,19751.05078125,-0.2172167428733089,0.6564778266133641,0,Bull (Strong Uptrend)
2023-10-16,19731.75,-0.09776805295215436,0.5032045771247043,0,Bull (Strong Uptrend)
2023-10-17,19811.5,0.40335636613206177,0.36389472667030803,0,Bull (Strong Uptrend)
2023-10-18,19671.099609375,-0.7112043473065063,0.39748557945951934,0,Bull (Strong Uptrend)
2023-10-19,19624.69921875,-0.2361596586600212,0.39794706644340305,0,Bull (Strong Uptrend)
2023-10-20,19542.650390625,-0.41896604678091653,0.41362298625270566,0,Bull (Strong Uptrend)
2023-10-23,19281.75,-1.344022395196905,0.6406562902508446,0,Bull (Strong Uptrend)
2023-10-25,19122.150390625,-0.8311683270009834,0.4259925653951667,0,Bull (Strong Uptrend)
2023-10-26,18857.25,-1.3949914095014038,0.5253324395554232,0,Bull (Strong Uptrend)
2023-10-27,19047.25,1.0025278863763394,0.9797770890181107,1,Low-Momentum / Sideways
2023-10-30,19140.900390625,0.4904693073893485,1.0983989337167808,1,Low-Momentum / Sideways
2023-10-31,19079.599609375,-0.3207746304394414,0.9699489387821558,1,Low-Momentum / Sideways
2023-11-01,18989.150390625,-0.4751896973195711,0.9250534745787157,1,Low-Momentum / Sideways
2023-11-02,19133.25,0.7559875254064636,0.6564273385956498,0,Bull (Strong Uptrend)
2023-11-03,19230.599609375,0.5075080802081227,0.5510876335130265,0,Bull (Strong Uptrend)
2023-11-06,19411.75,0.9375812778954773,0.6406975877536047,0,Bull (Strong Uptrend)
2023-11-07,19406.69921875,-0.026022581427913322,0.5823904899173507,0,Bull (Strong Uptrend)
2023-11-08,19443.5,0.18944969651071764,0.3957691161165244,0,Bull (Strong Uptrend)
2023-11-09,19395.30078125,-0.24820150223140985,0.4649473325167687,0,Bull (Strong Uptrend)
2023-11-10,19425.349609375,0.15480850435944918,0.44669310403036055,0,Bull (Strong Uptrend)
2023-11-13,19443.55078125,0.09365417093074231,0.17716542663696525,0,Bull (Strong Uptrend)
2023-11-15,19675.44921875,1.1856190289938535,0.5379632807888647,0,Bull (Strong Uptrend)
2023-11-16,19765.19921875,0.4551150068331243,0.5405066740347524,0,Bull (Strong Uptrend)
2023-11-17,19731.80078125,-0.16911889743673852,0.5201986621856122,0,Bull (Strong Uptrend)
2023-11-20,19694.0,-0.19175662679732527,0.572201372479555,0,Bull (Strong Uptrend)
2023-11-21,19783.400390625,0.4529201141300913,0.5663095958437843,0,Bull (Strong Uptrend)
2023-11-22,19811.849609375,0.14370018446946908,0.3173446077138278,0,Bull (Strong Uptrend)
2023-11-23,19802.0,-0.049728111128304164,0.26772683066281794,0,Bull (Strong Uptrend)
2023-11-24,19794.69921875,-0.03687570669664962,0.24805836640337273,0,Bull (Strong Uptrend)
2023-11-28,19889.69921875,0.4787784883390938,0.2565661797120939,0,Bull (Strong Uptrend)
2023-11-29,20096.599609375,1.0348656573869122,0.4558544351248477,0,Bull (Strong Uptrend)
2023-11-30,20133.150390625,0.18171025823992026,0.452606727961387,0,Bull (Strong Uptrend)
2023-12-01,20267.900390625,0.667064331563437,0.4177017333225755,0,Bull (Strong Uptrend)
2023-12-04,20686.80078125,2.04574804837739,0.7205670351572058,1,Low-Momentum / Sideways
2023-12-05,20855.099609375,0.8102650447744337,0.6887837345881144,1,Low-Momentum / Sideways
2023-12-06,20937.69921875,0.39528205452235365,0.7269356045772795,1,Low-Momentum / Sideways
2023-12-07,20901.150390625,-0.17471243957791427,0.8170653355649473,1,Low-Momentum / Sideways
2023-12-08,20969.400390625,0.32600507599202966,0.839515551267668,1,Low-Momentum / Sideways
2023-12-11,20997.099609375,0.1320063516009915,0.3618266967930637,0,Bull (Strong Uptrend)
2023-12-12,20906.400390625,-0.4328963470418101,0.3484983425240988,0,Bull (Strong Uptrend)
2023-12-13,20926.349609375,0.09537608817135473,0.29586199452327333,0,Bull (Strong Uptrend)
2023-12-14,21182.69921875,1.2175662163725103,0.6009552416783427,0,Bull (Strong Uptrend)
2023-12-15,21456.650390625,1.2849864921501506,0.7570174779533546,1,Low-Momentum / Sideways
2023-12-18,21418.650390625,-0.17725827811074615,0.801767560999803,1,Low-Momentum / Sideways
2023-12-19,21453.099609375,0.1607082806947435,0.6832456955636595,1,Low-Momentum / Sideways
2023-12-20,21150.150390625,-1.4222122733049722,1.1166090582798263,1,Low-Momentum / Sideways
2023-12-21,21255.05078125,0.49475348167753463,0.9940640739936095,1,Low-Momentum / Sideways
2023-12-22,21349.400390625,0.4429103580375731,0.7859176267840653,1,Low-Momentum / Sideways
2023-12-26,21441.349609375,0.42976278879013263,0.8173000716355336,1,Low-Momentum / Sideways
2023-12-27,21654.75,0.9903547502138933,0.9292576363591335,1,Low-Momentum / Sideways
2023-12-28,21778.69921875,0.570756214221481,0.23288696196223765,0,Bull (Strong Uptrend)
2023-12-29,21731.400390625,-0.21741548367498845,0.4336595269043237,0,Bull (Strong Uptrend)
2024-01-02,21665.80078125,-0.3023220740871051,0.5470559911640024,0,Bull (Strong Uptrend)
2024-01-03,21517.349609375,-0.6875448193459908,0.6879157399589472,0,Bull (Strong Uptrend)
2024-01-04,21658.599609375,0.6543017882762483,0.5842080749342959,0,Bull (Strong Uptrend)
2024-01-05,21710.80078125,0.240728239789701,0.519121040150726,0,Bull (Strong Uptrend)
2024-01-08,21513.0,-0.915246500529224,0.6488065786855137,0,Bull (Strong Uptrend)
2024-01-09,21544.849609375,0.1479387172036867,0.6625067078819759,0,Bull (Strong Uptrend)
2024-01-10,21618.69921875,0.3421854015216792,0.5955147240337522,0,Bull (Strong Uptrend)
2024-01-11,21647.19921875,0.1317434984659037,0.5126901809476241,0,Bull (Strong Uptrend)
2024-01-12,21894.55078125,1.1361703346499745,0.7319208909505013,0,Bull (Strong Uptrend)
2024-01-15,22097.44921875,0.9224398809286917,0.4639825275057704,0,Bull (Strong Uptrend)
2024-01-16,22032.30078125,-0.2952587985615914,0.583592039961488,0,Bull (Strong Uptrend)
2024-01-17,21571.94921875,-2.1115770473744746,1.2938022641709426,1,Low-Momentum / Sideways
2024-01-18,21462.25,-0.5098245504779364,1.30387737135215,1,Low-Momentum / Sideways
2024-01-19,21622.400390625,0.7434254509367264,1.2141391532403836,1,Low-Momentum / Sideways
2024-01-23,21238.80078125,-1.7900098054810152,1.1641747260415505,1,Low-Momentum / Sideways
2024-01-24,21453.94921875,1.0079006802925212,1.4209282401346264,1,Low-Momentum / Sideways
2024-01-25,21352.599609375,-0.4735247364061254,1.123378471362349,1,Low-Momentum / Sideways
2024-01-29,21737.599609375,1.7869968219302579,1.402252340435486,1,Low-Momentum / Sideways
2024-01-30,21522.099609375,-0.9963166019046519,1.4651785382760318,1,Low-Momentum / Sideways
2024-01-31,21725.69921875,0.9415559590485083,1.1494689416173538,1,Low-Momentum / Sideways
2024-02-01,21697.44921875,-0.130114950214822,1.1246045532254603,1,Low-Momentum / Sideways
2024-02-02,21853.80078125,0.7180149098767169,1.0640019980550175,1,Low-Momentum / Sideways
2024-02-05,21771.69921875,-0.37639297855089193,0.7981866162928872,1,Low-Momentum / Sideways
2024-02-06,21929.400390625,0.7217294659854949,0.5870687179199497,0,Bull (Strong Uptrend)
2024-02-07,21930.5,0.0050141900252187645,0.5047283174982563,0,Bull (Strong Uptrend)
2024-02-08,21717.94921875,-0.9739290405751648,0.7288500828503343,0,Bull (Strong Uptrend)
2024-02-09,21782.5,0.29678235415700976,0.6476589870441247,0,Bull (Strong Uptrend)
2024-02-12,21616.05078125,-0.7670764664605448,0.7146654891801306,0,Bull (Strong Uptrend)
2024-02-13,21743.25,0.5867234081485647,0.6752679140139748,0,Bull (Strong Uptrend)
2024-02-14,21840.05078125,0.44421114826255614,0.7301421533387095,0,Bull (Strong Uptrend)
2024-02-15,21910.75,0.3231907943473083,0.5399710017639417,0,Bull (Strong Uptrend)
2024-02-16,22040.69921875,0.5913324803860002,0.5714857983999238,0,Bull (Strong Uptrend)
2024-02-20,22196.94921875,0.7064148085913231,0.1485180764601991,0,Bull (Strong Uptrend)
2024-02-21,22055.05078125,-0.6413220819374543,0.5376590649084118,0,Bull (Strong Uptrend)
2024-02-22,22217.44921875,0.7336344949249518,0.5735016142106723,0,Bull (Strong Uptrend)
2024-02-23,22212.69921875,-0.0213818777795819,0.5966596509935516,0,Bull (Strong Uptrend)
2024-02-26,22122.05078125,-0.4089278221713085,0.6302912662246106,0,Bull (Strong Uptrend)
2024-02-27,22198.349609375,0.3443060208267885,0.5558172832236451,0,Bull (Strong Uptrend)
2024-02-28,21951.150390625,-1.1198396451173727,0.7130725684746544,0,Bull (Strong Uptrend)
2024-02-29,21982.80078125,0.14408171929075417,0.577831856140163,0,Bull (Strong Uptrend)
2024-03-01,22338.75,1.60624736924449,1.0095244357950657,1,Low-Momentum / Sideways
2024-03-04,22405.599609375,0.29880715530739466,0.9667278067467687,1,Low-Momentum / Sideways
2024-03-05,22356.30078125,-0.22027147028049304,0.9864193953314648,1,Low-Momentum / Sideways
2024-03-06,22474.05078125,0.5253149559505271,0.6903112980562871,0,Bull (Strong Uptrend)
2024-03-07,22493.55078125,0.08672911404987264,0.6975368489008783,0,Bull (Strong Uptrend)
2024-03-11,22332.650390625,-0.7178885448103384,0.483864078957503,0,Bull (Strong Uptrend)
2024-03-12,22335.69921875,0.013650954899359894,0.45497821379413306,0,Bull (Strong Uptrend)
2024-03-13,21997.69921875,-1.5248393356596965,0.8064124257917042,1,Low-Momentum / Sideways
2024-03-14,22146.650390625,0.6748394232673185,0.8474814634278721,1,Low-Momentum / Sideways
2024-03-15,22023.349609375,-0.5583024746448362,0.823897775889715,1,Low-Momentum / Sideways
2024-03-18,22055.69921875,0.1467800056624233,0.8370392761385993,1,Low-Momentum / Sideways
2024-03-19,21817.44921875,-1.0860963960358783,0.8931869718456927,1,Low-Momentum / Sideways
2024-03-20,21839.099609375,0.09918508439663014,0.6843572849949066,0,Bull (Strong Uptrend)
2024-03-21,22011.94921875,0.7883528864675104,0.7193312206183099,0,Bull (Strong Uptrend)
2024-03-22,22096.75,0.38450866714008036,0.6996772001574909,0,Bull (Strong Uptrend)
2024-03-26,22004.69921875,-0.4174507484794188,0.7284121226440733,0,Bull (Strong Uptrend)
2024-03-27,22123.650390625,0.5391158338500764,0.46249578533581776,0,Bull (Strong Uptrend)
2024-03-28,22326.900390625,0.9145057280234776,0.5231190412604068,0,Bull (Strong Uptrend)
2024-04-01,22462.0,0.6032745520934438,0.49843275659135183,0,Bull (Strong Uptrend)
2024-04-02,22453.30078125,-0.038736104211539536,0.537172779338184,0,Bull (Strong Uptrend)
2024-04-03,22434.650390625,-0.08309754048160305,0.4331336771437407,0,Bull (Strong Uptrend)
2024-04-04,22514.650390625,0.3559569696514453,0.4247171749361986,0,Bull (Strong Uptrend)
2024-04-05,22513.69921875,-0.00422476898839797,0.30009731735035644,0,Bull (Strong Uptrend)
2024-04-08,22666.30078125,0.6755296273493474,0.32692091486969477,0,Bull (Strong Uptrend)
2024-04-09,22642.75,-0.10395619844089984,0.3389637355887397,0,Bull (Strong Uptrend)
2024-04-10,22753.80078125,0.4892486360835239,0.32945891199168087,0,Bull (Strong Uptrend)
2024-04-12,22519.400390625,-1.035502147176367,0.6668404871012303,0,Bull (Strong Uptrend)
2024-04-15,22272.5,-1.1024443666037695,0.8309813865482145,0,Bull (Strong Uptrend)
2024-04-16,22147.900390625,-0.5610032105390299,0.6674470000614044,0,Bull (Strong Uptrend)
2024-04-18,21995.849609375,-0.6888920065700563,0.6395195304431571,0,Bull (Strong Uptrend)
2024-04-19,22147.0,0.6848265696137249,0.72192006400402,0,Bull (Strong Uptrend)
2024-04-22,22336.400390625,0.8515605079627573,0.8754523703669137,0,Bull (Strong Uptrend)
2024-04-23,22368.0,0.1413713834063861,0.7012153743815887,0,Bull (Strong Uptrend)
2024-04-24,22402.400390625,0.1536747364098986,0.6023364184569788,0,Bull (Strong Uptrend)
2024-04-25,22570.349609375,0.7468967297299811,0.34133641912690077,0,Bull (Strong Uptrend)
2024-04-26,22419.94921875,-0.6685928069119567,0.6069487182459415,0,Bull (Strong Uptrend)
2024-04-29,22643.400390625,0.9917283345523464,0.6440710662213522,0,Bull (Strong Uptrend)
2024-04-30,22604.849609375,-0.17039682453004384,0.6743802146751208,0,Bull (Strong Uptrend)
2024-05-02,22648.19921875,0.19158763335262374,0.6737921598896307,0,Bull (Strong Uptrend)
2024-05-03,22475.849609375,-0.7638962014882933,0.7149496420015666,0,Bull (Strong Uptrend)
2024-05-06,22442.69921875,-0.14760226012829025,0.6427543448945039,0,Bull (Strong Uptrend)
2024-05-07,22302.5,-0.6266579655461011,0.388435323201923,0,Bull (Strong Uptrend)
2024-05-08,22302.5,0.0,0.4099025364603718,0,Bull (Strong Uptrend)
2024-05-09,21957.5,-1.5590012996666094,0.6144167752869465,1,Low-Momentum / Sideways
2024-05-10,22055.19921875,0.44395995226600193,0.762918743666515,1,Low-Momentum / Sideways
2024-05-13,22104.05078125,0.22125186649836429,0.8072926975867055,1,Low-Momentum / Sideways
2024-05-14,22217.849609375,0.5135117275633606,0.8531280590297351,1,Low-Momentum / Sideways
2024-05-15,22200.55078125,-0.07789037357247285,0.8521026167874434,1,Low-Momentum / Sideways
2024-05-16,22403.849609375,0.9115703119871329,0.3663403161341263,0,Bull (Strong Uptrend)
2024-05-17,22466.099609375,0.27746873362616403,0.3691830528600189,0,Bull (Strong Uptrend)
2024-05-21,22529.05078125,0.27981332388829366,0.3642121634458025,0,Bull (Strong Uptrend)
2024-05-22,22597.80078125,0.3046968747396932,0.35710646966192466,0,Bull (Strong Uptrend)
2024-05-23,22967.650390625,1.6234130138345821,0.5930186148990227,0,Bull (Strong Uptrend)
2024-05-24,22957.099609375,-0.045948127907615606,0.6510622849188243,0,Bull (Strong Uptrend)
2024-05-27,22932.44921875,-0.10743358183047916,0.7028567675687285,0,Bull (Strong Uptrend)
2024-05-28,22888.150390625,-0.19335775744709702,0.754851631839465,0,Bull (Strong Uptrend)
2024-05-29,22704.69921875,-0.80474093408375,0.906859158530821,0,Bull (Strong Uptrend)
2024-05-30,22488.650390625,-0.956116224385675,0.42556254697676743,0,Bull (Strong Uptrend)
2024-05-31,22530.69921875,0.1868034110553735,0.48543333655531934,0,Bull (Strong Uptrend)
2024-06-03,23263.900390625,3.202403067452011,1.6939299123454752,2,High Volatility / Crisis
2024-06-04,21884.5,-6.112419596275757,3.36126253061329,2,High Volatility / Crisis
2024-06-05,22620.349609375,3.307130264902321,3.856018563061153,2,High Volatility / Crisis
2024-06-06,22821.400390625,0.8848783029735371,3.8386391607898864,2,High Volatility / Crisis
2024-06-07,23290.150390625,2.033183181806326,3.9138515374643887,2,High Volatility / Crisis
2024-06-10,23259.19921875,-0.13298220789751808,3.648055302150001,2,High Volatility / Crisis
2024-06-11,23264.849609375,0.02429019311563474,1.448267458946902,1,Low-Momentum / Sideways
2024-06-12,23322.94921875,0.24941998100964452,0.8840375400343595,1,Low-Momentum / Sideways
2024-06-13,23398.900390625,0.32512085635553245,0.876211994646618,1,Low-Momentum / Sideways
2024-06-14,23465.599609375,0.2846472864763251,0.19657274418052817,0,Bull (Strong Uptrend)
2024-06-18,23557.900390625,0.3925734995918502,0.13962475982278227,0,Bull (Strong Uptrend)
2024-06-19,23516.0,-0.17801967265448712,0.2259195525645179,0,Bull (Strong Uptrend)
2024-06-20,23567.0,0.21663878659495614,0.22513613102338556,0,Bull (Strong Uptrend)
2024-06-21,23501.099609375,-0.2800216462253247,0.2975676436871161,0,Bull (Strong Uptrend)
2024-06-24,23537.849609375,0.15625352218749533,0.28136392914410324,0,Bull (Strong Uptrend)
2024-06-25,23721.30078125,0.7763664467508334,0.41492143953819255,0,Bull (Strong Uptrend)
2024-06-26,23868.80078125,0.6198787876631016,0.41631147879947505,0,Bull (Strong Uptrend)
2024-06-27,24044.5,0.7334080659762656,0.45359513326392836,0,Bull (Strong Uptrend)
2024-06-28,24010.599609375,-0.14108969297394128,0.40285087906237793,0,Bull (Strong Uptrend)
2024-07-01,24141.94921875,0.545557559691747,0.3735195097841301,0,Bull (Strong Uptrend)
2024-07-02,24123.849609375,-0.07499973340487516,0.41199773841072196,0,Bull (Strong Uptrend)
2024-07-03,24286.5,0.671967891016841,0.42150200078817907,0,Bull (Strong Uptrend)
2024-07-04,24302.150390625,0.06441994597673961,0.3713641402049684,0,Bull (Strong Uptrend)
2024-07-05,24323.849609375,0.08924945580705118,0.3282110201369801,0,Bull (Strong Uptrend)
2024-07-08,24320.55078125,-0.013563033375134032,0.3003370547661819,0,Bull (Strong Uptrend)
2024-07-09,24433.19921875,0.462112711188291,0.2969334386099033,0,Bull (Strong Uptrend)
2024-07-10,24324.44921875,-0.44608459932337075,0.32402290933088557,0,Bull (Strong Uptrend)
2024-07-11,24315.94921875,-0.03495037195243165,0.32452509275312597,0,Bull (Strong Uptrend)
2024-07-12,24502.150390625,0.7628403248955412,0.4714835041833498,0,Bull (Strong Uptrend)
2024-07-15,24586.69921875,0.34447298074261035,0.4683559378924092,0,Bull (Strong Uptrend)
2024-07-16,24613.0,0.10691440871768358,0.448529922383081,0,Bull (Strong Uptrend)
2024-07-18,24800.849609375,0.7603152387120198,0.36705401547781774,0,Bull (Strong Uptrend)
2024-07-19,24530.900390625,-1.094434773789948,0.7637025503086633,0,Bull (Strong Uptrend)
2024-07-22,24509.25,-0.08829659721330775,0.6916623966724161,0,Bull (Strong Uptrend)
2024-07-23,24479.05078125,-0.12329157000276177,0.6655423759058193,0,Bull (Strong Uptrend)
2024-07-24,24413.5,-0.268142363114976,0.6592218476573639,0,Bull (Strong Uptrend)
2024-07-25,24406.099609375,-0.030317293631637692,0.44122872704687377,0,Bull (Strong Uptrend)
2024-07-26,24834.849609375,1.741480789992859,0.8404294255694743,1,Low-Momentum / Sideways
2024-07-29,24836.099609375,0.005033123062574486,0.8321360639432512,1,Low-Momentum / Sideways
2024-07-30,24857.30078125,0.08532792280141148,0.8128082203691909,1,Low-Momentum / Sideways
2024-07-31,24951.150390625,0.3768425567563353,0.7473175924501926,1,Low-Momentum / Sideways
2024-08-01,25010.900390625,0.23918164907340858,0.7142951194847819,1,Low-Momentum / Sideways
2024-08-02,24717.69921875,-1.179219088330447,0.6229702343295802,1,Low-Momentum / Sideways
2024-08-05,24055.599609375,-2.715175314145156,1.3162569924372927,1,Low-Momentum / Sideways
2024-08-06,23992.55078125,-0.262440338700995,1.277043450767734,1,Low-Momentum / Sideways
2024-08-07,24297.5,1.2630066341245294,1.5062016491764885,1,Low-Momentum / Sideways
2024-08-08,24117.0,-0.7456478381555143,1.44340127835637,1,Low-Momentum / Sideways
2024-08-09,24367.5,1.0333291215294635,1.600997571463587,1,Low-Momentum / Sideways
2024-08-12,24347.0,-0.08416385761983504,0.8667382094057151,1,Low-Momentum / Sideways
2024-08-13,24139.0,-0.857984886239657,0.9859136834129858,1,Low-Momentum / Sideways
2024-08-14,24143.75,0.01967576418212346,0.7561045608989726,1,Low-Momentum / Sideways
2024-08-16,24541.150390625,1.6325768935141063,0.9834598863854339,1,Low-Momentum / Sideways
2024-08-19,24572.650390625,0.12827353541420894,0.9062001461159872,1,Low-Momentum / Sideways
2024-08-20,24698.849609375,0.5122616308336513,0.904014200420947,1,Low-Momentum / Sideways
2024-08-21,24770.19921875,0.28846181820890576,0.6509993864792937,0,Bull (Strong Uptrend)
2024-08-22,24811.5,0.16659691560852782,0.6258104682359616,0,Bull (Strong Uptrend)
2024-08-23,24823.150390625,0.04694458708691634,0.1809390688177685,0,Bull (Strong Uptrend)
2024-08-26,25010.599609375,0.7523018148105455,0.28168551523294516,0,Bull (Strong Uptrend)
2024-08-27,25017.75,0.02858535502177548,0.29613429721825973,0,Bull (Strong Uptrend)
2024-08-28,25052.349609375,0.13820469762269527,0.29969248315783653,0,Bull (Strong Uptrend)
2024-08-29,25151.94921875,0.3967777356455909,0.3058020372313561,0,Bull (Strong Uptrend)
2024-08-30,25235.900390625,0.3332202116407902,0.27858774159458927,0,Bull (Strong Uptrend)
2024-09-02,25278.69921875,0.16945136137639852,0.14977185205234142,0,Bull (Strong Uptrend)
2024-09-03,25279.849609375,0.004550726442364936,0.15737308489248023,0,Bull (Strong Uptrend)
2024-09-04,25198.69921875,-0.3215245383183467,0.2884117030404647,0,Bull (Strong Uptrend)
2024-09-05,25145.099609375,-0.21293438665674616,0.2684869165514206,0,Bull (Strong Uptrend)
2024-09-06,24852.150390625,-1.1718747382249266,0.5198884364584339,0,Bull (Strong Uptrend)
2024-09-09,24936.400390625,0.3384315433638339,0.5623212378463928,0,Bull (Strong Uptrend)
2024-09-10,25041.099609375,0.4189860313764109,0.6387500174747578,0,Bull (Strong Uptrend)
2024-09-11,24918.44921875,-0.49099977844991055,0.6518507514774661,0,Bull (Strong Uptrend)
2024-09-12,25388.900390625,1.8703624424743968,1.141983310931482,1,Low-Momentum / Sideways
2024-09-13,25356.5,-0.12769785942554213,0.8997841400297625,1,Low-Momentum / Sideways
2024-09-16,25383.75,0.10740980826790941,0.9097292759988831,1,Low-Momentum / Sideways
2024-09-17,25418.55078125,0.13700476615561016,0.9135507187825853,1,Low-Momentum / Sideways
2024-09-18,25377.55078125,-0.16142974615182065,0.8521047457199327,1,Low-Momentum / Sideways
2024-09-19,25415.80078125,0.15061029073179838,0.15257300946026048,0,Bull (Strong Uptrend)
2024-09-20,25790.94921875,1.4652566289984728,0.6420295421482759,0,Bull (Strong Uptrend)
2024-09-23,25939.05078125,0.5725960454112572,0.6335898650508208,0,Bull (Strong Uptrend)
2024-09-24,25940.400390625,0.005202866818443739,0.6514630862129566,0,Bull (Strong Uptrend)
2024-09-25,26004.150390625,0.24545416621303914,0.5847948837318523,0,Bull (Strong Uptrend)
2024-09-26,26216.05078125,0.8115692736807522,0.5638405771410149,0,Bull (Strong Uptrend)
2024-09-27,26178.94921875,-0.14162255444679922,0.39399034109652264,0,Bull (Strong Uptrend)
2024-09-30,25810.849609375,-1.4160691857076433,0.820842736309557,1,Low-Momentum / Sideways
2024-10-01,25796.900390625,-0.054058621388073845,0.8193868535921742,1,Low-Momentum / Sideways
2024-10-03,25250.099609375,-2.142424417261006,1.177398919131507,1,Low-Momentum / Sideways
2024-10-04,25014.599609375,-0.9370461848646757,0.8795962612810886,1,Low-Momentum / Sideways
2024-10-07,24795.75,-0.8787371273170996,0.7673046671594671,1,Low-Momentum / Sideways
2024-10-08,25013.150390625,0.8729434677965051,1.1218399924785845,1,Low-Momentum / Sideways
2024-10-09,24981.94921875,-0.12481693673798233,1.1132050777812992,1,Low-Momentum / Sideways
2024-10-10,24998.44921875,0.06602588660852998,0.7469187681892365,0,Bull (Strong Uptrend)
2024-10-11,24964.25,-0.13689902517646815,0.6254538604700337,0,Bull (Strong Uptrend)
2024-10-14,25127.94921875,0.6535939888908111,0.46735010384885733,0,Bull (Strong Uptrend)
2024-10-15,25057.349609375,-0.2813559253265538,0.36701241433099197,0,Bull (Strong Uptrend)
2024-10-16,24971.30078125,-0.3439985380697183,0.4023115984621185,0,Bull (Strong Uptrend)
2024-10-17,24749.849609375,-0.8907784090014884,0.5561325254827759,0,Bull (Strong Uptrend)
2024-10-18,24854.05078125,0.4201335956550517,0.6236054797750757,0,Bull (Strong Uptrend)
2024-10-21,24781.099609375,-0.2939498473548445,0.46570091321998097,0,Bull (Strong Uptrend)
2024-10-22,24472.099609375,-1.2547572909439224,0.6387626066906675,0,Bull (Strong Uptrend)
2024-10-23,24435.5,-0.14966842167451325,0.6542727918363666,0,Bull (Strong Uptrend)
2024-10-24,24399.400390625,-0.14784351216731098,0.6072168050669299,0,Bull (Strong Uptrend)
2024-10-25,24180.80078125,-0.899959570008371,0.5016743249369912,0,Bull (Strong Uptrend)
2024-10-28,24339.150390625,0.6527218917237164,0.7427991445301367,0,Bull (Strong Uptrend)
2024-10-29,24466.849609375,0.5232943087170362,0.6232929294577808,0,Bull (Strong Uptrend)
2024-10-30,24340.849609375,-0.516313130612327,0.6648538670520953,0,Bull (Strong Uptrend)
2024-10-31,24205.349609375,-0.5582325869189341,0.70008855415196,0,Bull (Strong Uptrend)
2024-11-01,24304.349609375,0.4081663627652918,0.5900719253216202,0,Bull (Strong Uptrend)
2024-11-04,23995.349609375,-1.2795285302364112,0.7501778064852712,1,Low-Momentum / Sideways
2024-11-05,24213.30078125,0.9042055940529129,0.8635037540517057,1,Low-Momentum / Sideways
2024-11-06,24484.05078125,1.1119815807918394,1.0125079406194877,1,Low-Momentum / Sideways
2024-11-07,24199.349609375,-1.1696159889418445,1.142996333628615,1,Low-Momentum / Sideways
2024-11-08,24148.19921875,-0.21159463488489003,1.1203758802678012,1,Low-Momentum / Sideways
2024-11-11,24141.30078125,-0.028571169910344984,0.9211589789417591,1,Low-Momentum / Sideways
2024-11-12,23883.44921875,-1.0738381367723213,0.9256002363837009,1,Low-Momentum / Sideways
2024-11-13,23559.05078125,-1.3675649189030195,0.6063471294115662,1,Low-Momentum / Sideways
2024-11-14,23532.69921875,-0.11191584619590343,0.6165964133890123,0,Bull (Strong Uptrend)
2024-11-18,23453.80078125,-0.3358348106569627,0.6014284957310785,0,Bull (Strong Uptrend)
2024-11-19,23518.5,0.2754783503889256,0.6815975480226182,0,Bull (Strong Uptrend)
2024-11-21,23349.900390625,-0.7194627306794726,0.6261333061306498,0,Bull (Strong Uptrend)
2024-11-22,23907.25,2.358904203763299,1.209621540904902,1,Low-Momentum / Sideways
2024-11-25,24221.900390625,1.3075438521712217,1.2563712319082274,1,Low-Momentum / Sideways
2024-11-26,24194.5,-0.11318641340202826,1.2193138496437752,1,Low-Momentum / Sideways
2024-11-27,24274.900390625,0.33175761911502916,1.215570981122495,1,Low-Momentum / Sideways
2024-11-28,23914.150390625,-1.49725605075969,1.4576065399470102,1,Low-Momentum / Sideways
2024-11-29,24131.099609375,0.9031098528695802,1.0858424268807676,1,Low-Momentum / Sideways
2024-12-02,24276.05078125,0.5988850983542634,0.939274620416318,1,Low-Momentum / Sideways
2024-12-03,24457.150390625,0.7432322879372628,0.9804770447382373,1,Low-Momentum / Sideways
2024-12-04,24467.44921875,0.042100817827232385,0.9804808012661828,1,Low-Momentum / Sideways
2024-12-05,24708.400390625,0.9799651742121284,0.3720645814283997,0,Bull (Strong Uptrend)
2024-12-06,24677.80078125,-0.12391968835286232,0.4703088414617048,0,Bull (Strong Uptrend)
2024-12-09,24619.0,-0.2385583169878571,0.5461647348882861,0,Bull (Strong Uptrend)
2024-12-10,24610.05078125,-0.03635747066644497,0.4893896688085911,0,Bull (Strong Uptrend)
2024-12-11,24641.80078125,0.12892918089711122,0.4872642454140824,0,Bull (Strong Uptrend)
2024-12-12,24548.69921875,-0.3785351792322941,0.19326430859869226,0,Bull (Strong Uptrend)
2024-12-13,24768.30078125,0.8905773422254015,0.4961028674366662,0,Bull (Strong Uptrend)
2024-12-16,24668.25,-0.4047649614185296,0.5268320985484568,0,Bull (Strong Uptrend)
2024-12-17,24336.0,-1.356025614827435,0.8223260815391197,1,Low-Momentum / Sideways
2024-12-18,24198.849609375,-0.5651640286891942,0.8062896093184599,1,Low-Momentum / Sideways
2024-12-19,23951.69921875,-1.026582529903898,0.8597675573206258,1,Low-Momentum / Sideways
2024-12-20,23587.5,-1.5322359236337606,0.4877159960483469,1,Low-Momentum / Sideways
2024-12-23,23753.44921875,0.7010839504245724,0.8937700526584924,1,Low-Momentum / Sideways
2024-12-24,23727.650390625,-0.10866989549987555,0.8576988263676956,1,Low-Momentum / Sideways
2024-12-26,23750.19921875,0.09498673594489271,0.8963158113194216,1,Low-Momentum / Sideways
2024-12-27,23813.400390625,0.2657545248501766,0.8461169917328252,1,Low-Momentum / Sideways
2024-12-30,23644.900390625,-0.7101000468431965,0.5185081250558193,0,Bull (Strong Uptrend)
2024-12-31,23644.80078125,-0.00042127301519090046,0.37204303363373425,0,Bull (Strong Uptrend)
2025-01-02,24188.650390625,2.2740280375221222,1.1196592852736014,1,Low-Momentum / Sideways
2025-01-03,24004.75,-0.7631803596810857,1.2350313567443632,1,Low-Momentum / Sideways
2025-01-06,23616.05078125,-1.6325128725884954,1.481931293193619,1,Low-Momentum / Sideways
2025-01-07,23707.900390625,0.38817437019732415,1.4624692322226283,1,Low-Momentum / Sideways
2025-01-08,23688.94921875,-0.07996806978147784,1.4636308254686885,1,Low-Momentum / Sideways
2025-01-09,23526.5,-0.6881216315863482,0.7644160475162357,1,Low-Momentum / Sideways
2025-01-10,23431.5,-0.4046174437066828,0.7567987242741595,1,Low-Momentum / Sideways
2025-01-13,23085.94921875,-1.4857097422370331,0.7019319964118336,1,Low-Momentum / Sideways
2025-01-14,23176.05078125,0.3895278043635164,0.7023381240897177,1,Low-Momentum / Sideways
2025-01-15,23213.19921875,0.1601597156273367,0.7414122770412995,1,Low-Momentum / Sideways
2025-01-16,23311.80078125,0.42386549220649006,0.7999998026820974,1,Low-Momentum / Sideways
2025-01-17,23203.19921875,-0.4669537131428157,0.8047814543047652,1,Low-Momentum / Sideways
2025-01-20,23344.75,0.6081952909099664,0.41726457041833354,1,Low-Momentum / Sideways
2025-01-21,23024.650390625,-1.3806721311582606,0.808332337664439,1,Low-Momentum / Sideways
2025-01-22,23155.349609375,0.5660440351801532,0.8633971381442573,1,Low-Momentum / Sideways
2025-01-23,23205.349609375,0.21570002277194852,0.839529597427238,1,Low-Momentum / Sideways
2025-01-24,23092.19921875,-0.48879743646975404,0.842024715044993,1,Low-Momentum / Sideways
2025-01-27,22829.150390625,-1.1456619090824587,0.840691405141048,1,Low-Momentum / Sideways
2025-01-28,22957.25,0.5595545512054291,0.7440277457377977,1,Low-Momentum / Sideways
2025-01-29,23163.099609375,0.8926687592645893,0.8227583918582814,1,Low-Momentum / Sideways
2025-01-30,23249.5,0.3723148074350194,0.8355859143826931,1,Low-Momentum / Sideways
2025-01-31,23508.400390625,1.1074194280356322,0.8873169817543367,1,Low-Momentum / Sideways
2025-02-03,23361.05078125,-0.6287681683712233,0.6725637632847409,1,Low-Momentum / Sideways
2025-02-04,23739.25,1.6059657410686867,0.8503476050955818,1,Low-Momentum / Sideways
2025-02-05,23696.30078125,-0.18108456539069107,0.913286231391958,1,Low-Momentum / Sideways
2025-02-06,23603.349609375,-0.3930316218479903,0.9914378566904294,1,Low-Momentum / Sideways
2025-02-07,23559.94921875,-0.18404311807618837,0.8924708907625437,1,Low-Momentum / Sideways
2025-02-10,23381.599609375,-0.7598831824635262,0.91871372822138,1,Low-Momentum / Sideways
2025-02-11,23071.80078125,-1.3338245144624152,0.48760090022069924,0,Bull (Strong Uptrend)
2025-02-12,23045.25,-0.11514519568673379,0.5014568457999812,0,Bull (Strong Uptrend)
2025-02-13,23031.400390625,-0.06011552347958088,0.5485894026007113,0,Bull (Strong Uptrend)
2025-02-14,22929.25,-0.44451311266271504,0.5240176725490546,0,Bull (Strong Uptrend)
2025-02-17,22959.5,0.1318406118349223,0.5803390675461789,0,Bull (Strong Uptrend)
2025-02-18,22945.30078125,-0.061863765711627994,0.20929520235830057,0,Bull (Strong Uptrend)
2025-02-19,22932.900390625,-0.054057877642240064,0.21069508905724724,0,Bull (Strong Uptrend)
2025-02-20,22913.150390625,-0.08615791713867466,0.20985261712700978,0,Bull (Strong Uptrend)
2025-02-21,22795.900390625,-0.5130286241460248,0.23807176972193955,0,Bull (Strong Uptrend)
2025-02-24,22553.349609375,-1.0697116011174177,0.44287061077756423,0,Bull (Strong Uptrend)
2025-02-25,22547.55078125,-0.025714910818764224,0.4491430649938931,0,Bull (Strong Uptrend)
2025-02-27,22545.05078125,-0.011088293493540093,0.4565646875028528,0,Bull (Strong Uptrend)
2025-02-28,22124.69921875,-1.882096814125905,0.7902937783081053,1,Low-Momentum / Sideways
2025-03-03,22119.30078125,-0.02440302652016664,0.8473930006804588,1,Low-Momentum / Sideways
2025-03-04,22082.650390625,-0.16583158911502072,0.8187610254763008,1,Low-Momentum / Sideways
2025-03-05,22337.30078125,1.1465711854687108,1.0850801166784856,1,Low-Momentum / Sideways
2025-03-06,22544.69921875,0.924200854408832,1.1978268090267017,1,Low-Momentum / Sideways
2025-03-07,22552.5,0.034595413741610535,0.6050864424848507,0,Bull (Strong Uptrend)
2025-03-10,22460.30078125,-0.4096583464717347,0.6886916178586777,0,Bull (Strong Uptrend)
2025-03-11,22497.900390625,0.1672647800006465,0.6464581718704898,0,Bull (Strong Uptrend)
2025-03-12,22470.5,-0.1218651042867137,0.4988230252566189,0,Bull (Strong Uptrend)
2025-03-13,22397.19921875,-0.326742167482874,0.24105613532244782,0,Bull (Strong Uptrend)
2025-03-17,22508.75,0.49682063353279615,0.3730611768331816,0,Bull (Strong Uptrend)
2025-03-18,22834.30078125,1.4359703182661372,0.6915515432527463,0,Bull (Strong Uptrend)
2025-03-19,22907.599609375,0.3204890493779048,0.6858931300168694,0,Bull (Strong Uptrend)
2025-03-20,23190.650390625,1.2280480863664547,0.7134659782791689,0,Bull (Strong Uptrend)
2025-03-21,23350.400390625,0.6864934276316207,0.4787438824035028,0,Bull (Strong Uptrend)
2025-03-24,23658.349609375,1.3101970335000057,0.4738800077422387,0,Bull (Strong Uptrend)
2025-03-25,23668.650390625,0.04353025297464832,0.5533450839946444,0,Bull (Strong Uptrend)
2025-03-26,23486.849609375,-0.7710730752587225,0.8725312125519405,1,Low-Momentum / Sideways
2025-03-27,23591.94921875,0.4464845602965276,0.7737906301322315,1,Low-Momentum / Sideways
2025-03-28,23519.349609375,-0.3082049047667123,0.791115420587664,1,Low-Momentum / Sideways
2025-04-01,23165.69921875,-1.5150767296533938,0.7583857054680347,1,Low-Momentum / Sideways
2025-04-02,23332.349609375,0.7168090205371445,0.9067218276650036,1,Low-Momentum / Sideways
2025-04-03,23250.099609375,-0.3531376595912815,0.8693435539312502,1,Low-Momentum / Sideways
2025-04-04,22904.44921875,-1.497823558147214,0.9385043388633587,1,Low-Momentum / Sideways
2025-04-07,22161.599609375,-3.297013690442167,1.4980147953904235,2,High Volatility / Crisis
2025-04-08,22535.849609375,1.6746313388899778,1.938877874077355,2,High Volatility / Crisis
2025-04-09,22399.150390625,-0.6084328049671031,1.8083750868105444,2,High Volatility / Crisis
2025-04-11,22828.55078125,1.8988950673859397,2.192291346949939,2,High Volatility / Crisis
2025-04-15,23328.55078125,2.166598602930882,2.3276395128800678,2,High Volatility / Crisis
2025-04-16,23437.19921875,0.4646504460063537,1.1647555975073183,1,Low-Momentum / Sideways
2025-04-17,23851.650390625,1.7528943393621494,1.1745691981567017,1,Low-Momentum / Sideways
2025-04-21,24125.55078125,1.1418063566753105,0.6831083815403717,1,Low-Momentum / Sideways
2025-04-22,24167.25,0.1726933556915849,0.8398401963548842,1,Low-Momentum / Sideways
2025-04-23,24328.94921875,0.6668556323176313,0.620610048079257,1,Low-Momentum / Sideways
2025-04-24,24246.69921875,-0.3386473727089676,0.815404620764441,1,Low-Momentum / Sideways
2025-04-25,24039.349609375,-0.8588438645809416,0.7917776557526355,1,Low-Momentum / Sideways
2025-04-28,24328.5,1.1956447831200931,0.8087075485901603,1,Low-Momentum / Sideways
2025-04-29,24335.94921875,0.030614622903455367,0.8109741779404437,1,Low-Momentum / Sideways
2025-04-30,24334.19921875,-0.007191266338548166,0.755439794271676,0,Bull (Strong Uptrend)
2025-05-02,24346.69921875,0.051354846257692294,0.7309114252396804,0,Bull (Strong Uptrend)
2025-05-05,24461.150390625,0.4689876016656186,0.511867235995514,0,Bull (Strong Uptrend)
2025-05-06,24379.599609375,-0.33394596535795407,0.2856093026310416,0,Bull (Strong Uptrend)
2025-05-07,24414.400390625,0.14264371500933862,0.2888720284852205,0,Bull (Strong Uptrend)
2025-05-08,24273.80078125,-0.5775526588332327,0.41099550271440444,0,Bull (Strong Uptrend)
2025-05-09,24008.0,-1.1010503428714509,0.6134291699853498,0,Bull (Strong Uptrend)
2025-05-12,24924.69921875,3.74721401846667,1.9374275036614768,2,High Volatility / Crisis
2025-05-13,24578.349609375,-1.3993290077199354,2.0877090348309193,2,High Volatility / Crisis
2025-05-14,24666.900390625,0.35963215412445576,2.0894506406319744,2,High Volatility / Crisis
2025-05-15,25062.099609375,1.5894449466611917,2.1109800181261056,2,High Volatility / Crisis
2025-05-16,25019.80078125,-0.1689186626420544,1.954212761458564,2,High Volatility / Crisis
2025-05-19,24945.44921875,-0.2976133107706799,1.0873723384167953,1,Low-Momentum / Sideways
2025-05-20,24683.900390625,-1.0540184450815588,0.980689245017072,1,Low-Momentum / Sideways
2025-05-21,24813.44921875,0.5234588314739229,0.9947650433755751,1,Low-Momentum / Sideways
2025-05-22,24609.69921875,-0.8245170966734259,0.6160860393568914,1,Low-Momentum / Sideways
2025-05-23,24853.150390625,0.9843878373448323,0.8707841306600826,1,Low-Momentum / Sideways
2025-05-26,25001.150390625,0.5937318644614263,0.9187463985647075,1,Low-Momentum / Sideways
2025-05-27,24826.19921875,-0.702232377173064,0.8219518164376005,1,Low-Momentum / Sideways
2025-05-28,24752.44921875,-0.2975073210803887,0.8016996956187179,1,Low-Momentum / Sideways
2025-05-29,24833.599609375,0.32731167331063626,0.6793848886333215,0,Bull (Strong Uptrend)
2025-05-30,24750.69921875,-0.334381930681989,0.5289082977453486,0,Bull (Strong Uptrend)
2025-06-02,24716.599609375,-0.1378673005562118,0.37334143658906965,0,Bull (Strong Uptrend)
2025-06-03,24542.5,-0.7068758288164619,0.37481596323702865,0,Bull (Strong Uptrend)
2025-06-04,24620.19921875,0.3160903883546735,0.4416272026237547,0,Bull (Strong Uptrend)
2025-06-05,24750.900390625,0.5294655304090157,0.4971129933403871,0,Bull (Strong Uptrend)
2025-06-06,25003.05078125,1.0135980900817265,0.6558397123474328,0,Bull (Strong Uptrend)
2025-06-09,25103.19921875,0.3997448256890138,0.6295518744895653,0,Bull (Strong Uptrend)
2025-06-10,25104.25,0.00418575835460567,0.3684871236022246,0,Bull (Strong Uptrend)
2025-06-11,25141.400390625,0.1478750781646587,0.3910562167929711,0,Bull (Strong Uptrend)
2025-06-12,24888.19921875,-1.0122141121121413,0.7369591620905049,0,Bull (Strong Uptrend)
2025-06-13,24718.599609375,-0.6837783295332098,0.5941334068268609,0,Bull (Strong Uptrend)
2025-06-16,24946.5,0.917755091754434,0.754630667160247,0,Bull (Strong Uptrend)
2025-06-17,24853.400390625,-0.3738951969940058,0.7573576872126919,0,Bull (Strong Uptrend)
2025-06-18,24812.05078125,-0.16651260767121068,0.7338534729871329,0,Bull (Strong Uptrend)
2025-06-19,24793.25,-0.07580150449296773,0.6028840691469677,0,Bull (Strong Uptrend)
2025-06-20,25112.400390625,1.2790324902965948,0.733454654232165,0,Bull (Strong Uptrend)
2025-06-23,24971.900390625,-0.5610555258512814,0.7283381800582109,0,Bull (Strong Uptrend)
2025-06-24,25044.349609375,0.28970292423300636,0.698382159146535,0,Bull (Strong Uptrend)
2025-06-25,25244.75,0.796997571939643,0.7207259850420475,0,Bull (Strong Uptrend)
2025-06-26,25549.0,1.1979963629751522,0.7585884252730158,0,Bull (Strong Uptrend)
2025-06-27,25637.80078125,0.346967847107354,0.6580299602047918,0,Bull (Strong Uptrend)
2025-06-30,25517.05078125,-0.47209686111904436,0.6254685598301626,0,Bull (Strong Uptrend)
2025-07-01,25541.80078125,0.09694695897414579,0.6421431824899255,0,Bull (Strong Uptrend)
2025-07-02,25453.400390625,-0.34670116851196764,0.6656866349772369,0,Bull (Strong Uptrend)
2025-07-03,25405.30078125,-0.18915002785163046,0.33354668998719184,0,Bull (Strong Uptrend)
2025-07-04,25461.0,0.21900252291445488,0.29173759259590804,0,Bull (Strong Uptrend)
2025-07-07,25461.30078125,0.0011813340928764789,0.22570662693657495,0,Bull (Strong Uptrend)
2025-07-08,25522.5,0.24007330644550995,0.2551642778595033,0,Bull (Strong Uptrend)
2025-07-09,25476.099609375,-0.18196736296237606,0.2079058485632897,0,Bull (Strong Uptrend)
2025-07-10,25355.25,-0.47549332448686077,0.2987586274488497,0,Bull (Strong Uptrend)
2025-07-11,25149.849609375,-0.813389240519248,0.4111154805074009,0,Bull (Strong Uptrend)
2025-07-14,25082.30078125,-0.26894675348791747,0.3876021116351229,0,Bull (Strong Uptrend)
2025-07-15,25195.80078125,0.45148957209608165,0.46503661891430426,0,Bull (Strong Uptrend)
2025-07-16,25212.05078125,0.06447408512447503,0.4875785179259994,0,Bull (Strong Uptrend)
2025-07-17,25111.44921875,-0.3998199509757984,0.4783002822443838,0,Bull (Strong Uptrend)
2025-07-18,24968.400390625,-0.5712845317742711,0.40672273805417614,0,Bull (Strong Uptrend)
2025-07-21,25090.69921875,0.48861874225141144,0.48289384752361997,0,Bull (Strong Uptrend)
2025-07-22,25060.900390625,-0.11883501967580667,0.41400727160693374,0,Bull (Strong Uptrend)
2025-07-23,25219.900390625,0.6324502693684897,0.533594317009472,0,Bull (Strong Uptrend)
2025-07-24,25062.099609375,-0.6276651657225533,0.5842631134918499,0,Bull (Strong Uptrend)
2025-07-25,24837.0,-0.9022252428611253,0.6717799250346177,0,Bull (Strong Uptrend)
2025-07-28,24680.900390625,-0.6304795850755803,0.607707438675201,0,Bull (Strong Uptrend)
2025-07-29,24821.099609375,0.5664401180259817,0.731682581485185,0,Bull (Strong Uptrend)
2025-07-30,24855.05078125,0.1366900490246142,0.6165037410014441,0,Bull (Strong Uptrend)
2025-07-31,24768.349609375,-0.34943699712402354,0.5905814909643642,0,Bull (Strong Uptrend)
2025-08-01,24565.349609375,-0.8229715141942046,0.5688888097669345,0,Bull (Strong Uptrend)
2025-08-04,24722.75,0.6386974825463857,0.6207094348956285,0,Bull (Strong Uptrend)
2025-08-05,24649.55078125,-0.2965195918549469,0.5517542784858374,0,Bull (Strong Uptrend)
2025-08-06,24574.19921875,-0.3061596134311999,0.5316727910056331,0,Bull (Strong Uptrend)
2025-08-07,24596.150390625,0.08928622028389917,0.5425629780367902,0,Bull (Strong Uptrend)
2025-08-08,24363.30078125,-0.951200879308063,0.5843642328864902,0,Bull (Strong Uptrend)
2025-08-11,24585.05078125,0.9060632685991908,0.6806195854908026,0,Bull (Strong Uptrend)
2025-08-12,24487.400390625,-0.3979850901478695,0.6889689145182525,0,Bull (Strong Uptrend)
2025-08-13,24619.349609375,0.5373987743225643,0.7372510325729756,0,Bull (Strong Uptrend)
2025-08-14,24631.30078125,0.0485320377082851,0.7367495947547439,0,Bull (Strong Uptrend)
2025-08-18,24876.94921875,0.9923616908863717,0.5883639990550318,0,Bull (Strong Uptrend)
2025-08-19,24980.650390625,0.41599002852598854,0.5238657410210557,0,Bull (Strong Uptrend)
2025-08-20,25050.55078125,0.2794273751954044,0.35110914997997367,0,Bull (Strong Uptrend)
2025-08-21,25083.75,0.13244115539841486,0.37328209277308555,0,Bull (Strong Uptrend)
2025-08-22,24870.099609375,-0.8553963109247331,0.6706294709231068,0,Bull (Strong Uptrend)
2025-08-25,24967.75,0.3918729092601476,0.53089246223904,0,Bull (Strong Uptrend)
2025-08-26,24712.05078125,-1.0293981565065833,0.6720887177932271,0,Bull (Strong Uptrend)
2025-08-28,24500.900390625,-0.858114302373062,0.6546747499359915,0,Bull (Strong Uptrend)
2025-08-29,24426.849609375,-0.3026946376657732,0.5840494154088304,0,Bull (Strong Uptrend)
2025-09-01,24625.05078125,0.8081328102276957,0.7902828649890326,0,Bull (Strong Uptrend)
2025-09-02,24579.599609375,-0.18474345185382893,0.7217807806507961,0,Bull (Strong Uptrend)
2025-09-03,24715.05078125,0.5495586709857895,0.6740137689498449,0,Bull (Strong Uptrend)
2025-09-04,24734.30078125,0.07785744550393449,0.47621594586768307,0,Bull (Strong Uptrend)
2025-09-05,24741.0,0.02708106342015157,0.4090904177856004,0,Bull (Strong Uptrend)
2025-09-08,24773.150390625,0.12986346282709543,0.26827989373589106,0,Bull (Strong Uptrend)
2025-09-09,24868.599609375,0.38455266535053206,0.22376522613712668,0,Bull (Strong Uptrend)
2025-09-10,24973.099609375,0.41932821216746646,0.18138644827296221,0,Bull (Strong Uptrend)
2025-09-11,25005.5,0.12965707489705477,0.17341810368159075,0,Bull (Strong Uptrend)
2025-09-12,25114.0,0.4329658895022681,0.1557472450212845,0,Bull (Strong Uptrend)
2025-09-15,25069.19921875,-0.1785489719644452,0.26344814540610234,0,Bull (Strong Uptrend)
2025-09-16,25239.099609375,0.6754394026943608,0.3281806630006353,0,Bull (Strong Uptrend)
2025-09-17,25330.25,0.3604969810507005,0.3236667732019668,0,Bull (Strong Uptrend)
2025-09-18,25423.599609375,0.36785274558399,0.3126107166194394,0,Bull (Strong Uptrend)
2025-09-19,25327.05078125,-0.3804835755133983,0.4345735992329821,0,Bull (Strong Uptrend)
2025-09-22,25202.349609375,-0.49357967470806197,0.5132637839389985,0,Bull (Strong Uptrend)
2025-09-23,25169.5,-0.13042846068432992,0.40479101600755407,0,Bull (Strong Uptrend)
2025-09-24,25056.900390625,-0.44836897383111457,0.35577456464729,0,Bull (Strong Uptrend)
2025-09-25,24890.849609375,-0.6649003929024595,0.19464397156100435,0,Bull (Strong Uptrend)
2025-09-26,24654.69921875,-0.9532730366893805,0.30194237443286925,0,Bull (Strong Uptrend)
2025-09-29,24634.900390625,-0.08033674181471517,0.36677525158433055,0,Bull (Strong Uptrend)
2025-09-30,24611.099609375,-0.09666077692868598,0.3744862390883555,0,Bull (Strong Uptrend)
2025-10-01,24836.30078125,0.9108779315782467,0.7141293809916146,0,Bull (Strong Uptrend)
2025-10-03,24894.25,0.23305289834215856,0.6724027289138041,0,Bull (Strong Uptrend)
2025-10-06,25077.650390625,0.7340173682814145,0.4636659389292323,0,Bull (Strong Uptrend)
2025-10-07,25108.30078125,0.12214730903828323,0.4249836093872526,0,Bull (Strong Uptrend)
2025-10-08,25046.150390625,-0.24783611817054724,0.47038650859142234,0,Bull (Strong Uptrend)
2025-10-09,25181.80078125,0.5401403691044332,0.38061429420205595,0,Bull (Strong Uptrend)
2025-10-10,25285.349609375,0.41036187949703085,0.38382352603637143,0,Bull (Strong Uptrend)
2025-10-13,25227.349609375,-0.22964532241035665,0.35999415052468875,0,Bull (Strong Uptrend)
2025-10-14,25145.5,-0.324975386715273,0.4109542914583684,0,Bull (Strong Uptrend)
2025-10-15,25323.55078125,0.7055869574947451,0.4673598322436391,0,Bull (Strong Uptrend)
2025-10-16,25585.30078125,1.0283174673804387,0.5866510872803798,0,Bull (Strong Uptrend)
2025-10-17,25709.849609375,0.48561734175648985,0.5905677016100136,0,Bull (Strong Uptrend)
2025-10-20,25843.150390625,0.5171418863233327,0.5002276093884913,0,Bull (Strong Uptrend)
2025-10-21,25868.599609375,0.09842722709860459,0.3393705794970777,0,Bull (Strong Uptrend)
2025-10-23,25891.400390625,0.08810194252249848,0.3855487853911145,0,Bull (Strong Uptrend)
2025-10-24,25795.150390625,-0.37243774174138417,0.36261917942943417,0,Bull (Strong Uptrend)
2025-10-27,25966.05078125,0.660344071508198,0.4071254793608491,0,Bull (Strong Uptrend)
2025-10-28,25936.19921875,-0.11502994876563521,0.38066108768474916,0,Bull (Strong Uptrend)
2025-10-29,26053.900390625,0.4527837947802368,0.41799518482546516,0,Bull (Strong Uptrend)
2025-10-30,25877.849609375,-0.6780108726120027,0.5594997413909948,0,Bull (Strong Uptrend)
2025-10-31,25722.099609375,-0.6036845980053782,0.6046378398531919,0,Bull (Strong Uptrend)
2025-11-03,25763.349609375,0.16023948300849922,0.4861115545182243,0,Bull (Strong Uptrend)
2025-11-04,25597.650390625,-0.6452358545521922,0.5305379653202584,0,Bull (Strong Uptrend)
2025-11-06,25509.69921875,-0.34418242922323405,0.3512276127495648,0,Bull (Strong Uptrend)
2025-11-07,25492.30078125,-0.06822649376453303,0.3460142048115728,0,Bull (Strong Uptrend)
2025-11-10,25574.349609375,0.32134043686110675,0.3879471392037225,0,Bull (Strong Uptrend)
2025-11-11,25694.94921875,0.4704563337770722,0.4609499736509824,0,Bull (Strong Uptrend)
2025-11-12,25875.80078125,0.7013755040664785,0.4201258593005308,0,Bull (Strong Uptrend)
2025-11-13,25879.150390625,0.012944111834060272,0.3193091651486211,0,Bull (Strong Uptrend)
2025-11-14,25910.05078125,0.11933141887742221,0.2750035727011272,0,Bull (Strong Uptrend)
2025-11-17,26013.44921875,0.3982727442351947,0.2768871008072504,0,Bull (Strong Uptrend)
2025-11-18,25910.05078125,-0.3982727442351953,0.4136975596105532,0,Bull (Strong Uptrend)
2025-11-19,26052.650390625,0.5488550984983714,0.3674588505879842,0,Bull (Strong Uptrend)
2025-11-20,26192.150390625,0.5340256999340203,0.3964986977848678,0,Bull (Strong Uptrend)
2025-11-21,26068.150390625,-0.47454848460117444,0.5135295386747251,0,Bull (Strong Uptrend)
2025-11-24,25959.5,-0.41766463699224304,0.532932121983575,0,Bull (Strong Uptrend)
2025-11-25,25884.80078125,-0.2881677226487561,0.5165280159775308,0,Bull (Strong Uptrend)
2025-11-26,26205.30078125,1.230575617487789,0.743961984226457,0,Bull (Strong Uptrend)
2025-11-27,26215.55078125,0.03910657620054032,0.7065641121056608,0,Bull (Strong Uptrend)
2025-11-28,26202.94921875,-0.04808059270205712,0.6562084694209147,0,Bull (Strong Uptrend)
2025-12-01,26175.75,-0.1038560391932615,0.6071128916984331,0,Bull (Strong Uptrend)
2025-12-02,26032.19921875,-0.5499206353098098,0.6646185316859266,0,Bull (Strong Uptrend)
2025-12-03,25986.0,-0.17762718275890194,0.22767535638806058,0,Bull (Strong Uptrend)
2025-12-04,26033.75,0.18358417105443497,0.26641586368415415,0,Bull (Strong Uptrend)
2025-12-05,26186.44921875,0.584829840789691,0.4241714701880439,0,Bull (Strong Uptrend)
2025-12-08,25960.55078125,-0.8663963433110109,0.5753337791835331,0,Bull (Strong Uptrend)
2025-12-09,25839.650390625,-0.4667959097577137,0.5624918641526829,0,Bull (Strong Uptrend)
2025-12-10,25758.0,-0.3164890577820058,0.5676946910190952,0,Bull (Strong Uptrend)
2025-12-11,25898.55078125,0.5441754277616313,0.6427749410597846,0,Bull (Strong Uptrend)
2025-12-12,26046.94921875,0.5713636069081682,0.6391846450758224,0,Bull (Strong Uptrend)
2025-12-15,26027.30078125,-0.0754631643564004,0.48299932405907536,0,Bull (Strong Uptrend)
2025-12-16,25860.099609375,-0.6444791966669916,0.5344495093804484,0,Bull (Strong Uptrend)
2025-12-17,25818.55078125,-0.16079691231565724,0.5144076333550733,0,Bull (Strong Uptrend)
2025-12-18,25815.55078125,-0.011620227379163035,0.4338454504014861,0,Bull (Strong Uptrend)
2025-12-19,25966.400390625,0.5826355812965195,0.43798323031426944,0,Bull (Strong Uptrend)
2025-12-22,26172.400390625,0.7902025701908331,0.5795287253016405,0,Bull (Strong Uptrend)
2025-12-23,26177.150390625,0.018147242687454733,0.41629995300124006,0,Bull (Strong Uptrend)
2025-12-24,26142.099609375,-0.13398810760412455,0.409911174432218,0,Bull (Strong Uptrend)
2025-12-26,26042.30078125,-0.3824857583702019,0.49383897443657726,0,Bull (Strong Uptrend)
2025-12-29,25942.099609375,-0.3855052485607953,0.48369892498609834,0,Bull (Strong Uptrend)
2025-12-30,25938.849609375,-0.012528683662081574,0.195356281086593,0,Bull (Strong Uptrend)
2025-12-31,26129.599609375,0.7326926621050068,0.45914230399670314,0,Bull (Strong Uptrend)
2026-01-02,26328.55078125,0.7585175012027261,0.5714537967040872,0,Bull (Strong Uptrend)
2026-01-05,26250.30078125,-0.2976484097528138,0.5529421927835745,0,Bull (Strong Uptrend)
2026-01-06,26178.69921875,-0.2731374125568399,0.5269459226743062,0,Bull (Strong Uptrend)
2026-01-07,26140.75,-0.14506737349826562,0.5422625784948414,0,Bull (Strong Uptrend)
2026-01-08,25876.849609375,-1.0146667926064248,0.6324916792812716,0,Bull (Strong Uptrend)
2026-01-09,25683.30078125,-0.7507725861466694,0.3694890975500811,0,Bull (Strong Uptrend)
2026-01-12,25790.25,0.415550786875295,0.5559470260227313,0,Bull (Strong Uptrend)
2026-01-13,25732.30078125,-0.22494710493611692,0.5581046186019151,0,Bull (Strong Uptrend)
2026-01-14,25665.599609375,-0.2595483815978393,0.5501963753023265,0,Bull (Strong Uptrend)
2026-01-16,25694.349609375,0.11195495104741854,0.4377947297406652,0,Bull (Strong Uptrend)
2026-01-19,25585.5,-0.42453234042252563,0.33700846321952116,0,Bull (Strong Uptrend)
2026-01-20,25232.5,-1.3892938636022807,0.5667507646780141,0,Bull (Strong Uptrend)
2026-01-21,25157.5,-0.29767833055262705,0.5608413515053176,0,Bull (Strong Uptrend)
2026-01-22,25289.900390625,0.5249059162526262,0.7162616279825579,0,Bull (Strong Uptrend)
2026-01-23,25048.650390625,-0.9585172530157553,0.7241781758524749,0,Bull (Strong Uptrend)
2026-01-27,25175.400390625,0.5047393315369513,0.8581379071330899,0,Bull (Strong Uptrend)
2026-01-28,25342.75,0.6625350304204862,0.6961666219858397,0,Bull (Strong Uptrend)
2026-01-29,25418.900390625,0.30003141018364643,0.664136660358954,0,Bull (Strong Uptrend)
2026-01-30,25320.650390625,-0.3872723399525638,0.679984422559154,0,Bull (Strong Uptrend)
2026-02-02,25088.400390625,-0.9214680291214481,0.6666685651443875,0,Bull (Strong Uptrend)
2026-02-03,25727.55078125,2.515682904983992,1.314853731999299,1,Low-Momentum / Sideways
2026-02-04,25776.0,0.18813938963879184,1.31134254728206,1,Low-Momentum / Sideways
2026-02-05,25642.80078125,-0.5180965509696234,1.3672731501997937,1,Low-Momentum / Sideways
2026-02-06,25693.69921875,0.1982934332408332,1.3316431003536722,1,Low-Momentum / Sideways
2026-02-09,25867.30078125,0.6733857702297746,1.146266180209021,1,Low-Momentum / Sideways
2026-02-10,25935.150390625,0.26195535786092045,0.4289610367306885,0,Bull (Strong Uptrend)
2026-02-11,25953.849609375,0.07207392533858181,0.43024584331029414,0,Bull (Strong Uptrend)
2026-02-12,25807.19921875,-0.5666453301894332,0.4488848761295489,0,Bull (Strong Uptrend)
2026-02-13,25471.099609375,-1.3109031702560043,0.7770764545176898,1,Low-Momentum / Sideways
2026-02-16,25682.75,0.8275099528577884,0.820915370330462,1,Low-Momentum / Sideways
2026-02-17,25725.400390625,0.16592855446634625,0.8101193114159749,1,Low-Momentum / Sideways
2026-02-18,25819.349609375,0.36453498285502695,0.8412421135952987,1,Low-Momentum / Sideways
2026-02-19,25454.349609375,-1.4237559265090531,1.0261196530097974,1,Low-Momentum / Sideways
2026-02-20,25571.25,0.458203709696536,0.8734162020025485,1,Low-Momentum / Sideways
2026-02-23,25713.0,0.552802706402003,0.8216247821452217,1,Low-Momentum / Sideways
2026-02-24,25424.650390625,-1.1277509359324958,0.9579602527001153,1,Low-Momentum / Sideways
2026-02-25,25482.5,0.22727508349003556,0.9382412238330022,1,Low-Momentum / Sideways
2026-02-26,25496.55078125,0.0551237474627977,0.6776001708664373,1,Low-Momentum / Sideways
2026-02-27,25178.650390625,-1.25467508213512,0.8257624415955038,1,Low-Momentum / Sideways
2026-03-02,24865.69921875,-1.2507116341135642,0.7449016358598556,1,Low-Momentum / Sideways
2026-03-04,24480.5,-1.5612430100429393,0.831652088782938,1,Low-Momentum / Sideways
2026-03-05,24765.900390625,1.1590840491558407,1.150567379318965,1,Low-Momentum / Sideways
2026-03-06,24450.44921875,-1.2819134056590225,1.1238809124167815,1,Low-Momentum / Sideways
2026-03-09,24028.05078125,-1.7426658301668632,1.1884563467353375,1,Low-Momentum / Sideways
2026-03-10,24261.599609375,0.9672907019832675,1.430648161754986,1,Low-Momentum / Sideways
2026-03-11,23866.849609375,-1.6404386958885315,1.4458051896523234,1,Low-Momentum / Sideways
2026-03-12,23639.150390625,-0.9586198057198514,1.1056123847622716,1,Low-Momentum / Sideways
2026-03-13,23151.099609375,-2.086197367995094,1.2217863790462995,1,Low-Momentum / Sideways
2026-03-16,23408.80078125,1.1069774688696974,1.47984877362854,1,Low-Momentum / Sideways
2026-03-17,23581.150390625,0.7335627211391066,1.4236609873843076,1,Low-Momentum / Sideways
2026-03-18,23777.80078125,0.8304724491583991,1.3871214164033725,1,Low-Momentum / Sideways
2026-03-19,23002.150390625,-3.3164698317604815,2.0194059860991094,2,High Volatility / Crisis
2026-03-20,23114.5,0.4872419427371909,1.849632957773215,2,High Volatility / Crisis
2026-03-23,22512.650390625,-2.638273543442679,2.023440950982257,2,High Volatility / Crisis
2026-03-24,22912.400390625,1.7600874978779453,2.2543900601187805,2,High Volatility / Crisis
2026-03-25,23306.44921875,1.7051847001490699,2.41871053591214,2,High Volatility / Crisis
2026-03-27,22819.599609375,-2.11103140979646,2.0936172857030786,2,High Volatility / Crisis
2026-03-30,22331.400390625,-2.1626021374847806,2.220556988309919,2,High Volatility / Crisis
2026-04-01,22679.400390625,1.54632634032261,2.0869278356699734,2,High Volatility / Crisis
2026-04-02,22713.099609375,0.14847926393626723,1.8908646976485606,2,High Volatility / Crisis
2026-04-06,22968.25,1.117099412238686,1.758341114380121,2,High Volatility / Crisis
2026-04-07,23123.650390625,0.6743092740219248,1.4527760938262317,2,High Volatility / Crisis
2026-04-08,23997.349609375,3.7087471098166422,1.3708652879256982,2,High Volatility / Crisis
2026-04-09,23775.099609375,-0.9304593215623836,1.7243095284452867,2,High Volatility / Crisis
2026-04-10,24050.599609375,1.1521129932275735,1.6660362690864465,2,High Volatility / Crisis
2026-04-13,23842.650390625,-0.8683917902558702,1.8950400052103213,2,High Volatility / Crisis
2026-04-15,24231.30078125,1.616920800628811,1.9324844372134053,2,High Volatility / Crisis
2026-04-16,24196.75,-0.14268915041919183,1.1667333842623488,1,Low-Momentum / Sideways
2026-04-17,24353.55078125,0.6459334912854883,0.9972158597117349,1,Low-Momentum / Sideways
2026-04-20,24364.849609375,0.04638423362418336,0.9315627085444488,1,Low-Momentum / Sideways
2026-04-21,24576.599609375,0.8653250963202319,0.7008048233379335,1,Low-Momentum / Sideways
2026-04-22,24378.099609375,-0.810958257469758,0.6658116272176908,1,Low-Momentum / Sideways
2026-04-23,24173.05078125,-0.8446763696540498,0.7964577955894122,1,Low-Momentum / Sideways
2026-04-24,23897.94921875,-1.1445760055327718,0.8244448560445147,1,Low-Momentum / Sideways
2026-04-27,24092.69921875,0.8116209111611542,0.9793310266928792,1,Low-Momentum / Sideways
2026-04-28,23995.69921875,-0.4034242549507945,0.7678409922414738,1,Low-Momentum / Sideways
2026-04-29,24177.650390625,0.7554053790485227,0.9054432098067672,1,Low-Momentum / Sideways
2026-04-30,23997.55078125,-0.7476894502422098,0.8881188813972568,1,Low-Momentum / Sideways
2026-05-04,24119.30078125,0.5060607910890723,0.7136608046971052,1,Low-Momentum / Sideways
2026-05-05,24032.80078125,-0.35927857866665613,0.6452157990799204,1,Low-Momentum / Sideways
2026-05-06,24330.94921875,1.2329573885162748,0.813946063102185,1,Low-Momentum / Sideways
2026-05-07,24326.650390625,-0.01766970903084699,0.7728553568527108,1,Low-Momentum / Sideways
2026-05-08,24176.150390625,-0.6205847109319471,0.7383833845980003,1,Low-Momentum / Sideways
2026-05-11,23815.849609375,-1.5015317164036515,0.9960791338994417,1,Low-Momentum / Sideways
2026-05-12,23379.55078125,-1.8489566950081735,1.230852265497792,1,Low-Momentum / Sideways
2026-05-13,23412.599609375,0.1412580244529267,0.8828932436901705,1,Low-Momentum / Sideways
2026-05-14,23689.599609375,1.1761794478008176,1.230178770447583,1,Low-Momentum / Sideways
2026-05-15,23643.5,-0.1947881052858534,1.2371215908969948,1,Low-Momentum / Sideways
2026-05-18,23649.94921875,0.02727320124251536,1.0912091085463584,1,Low-Momentum / Sideways
2026-05-19,23618.0,-0.13518345578153917,0.5599941137696541,0,Bull (Strong Uptrend)
2026-05-20,23659.0,0.17344590510618102,0.5592922200965678,0,Bull (Strong Uptrend)
2026-05-21,23654.69921875,-0.018179856290503813,0.14407249224851212,0,Bull (Strong Uptrend)
2026-05-22,23719.30078125,0.27273020029192285,0.16071958247466409,0,Bull (Strong Uptrend)
2026-05-25,24031.69921875,1.3084663968970207,0.5749642642898493,0,Bull (Strong Uptrend)
2026-05-26,23913.69921875,-0.4922275842741698,0.6613516235871123,0,Bull (Strong Uptrend)
2026-05-27,23907.150390625,-0.027389008014002462,0.6730709397216271,0,Bull (Strong Uptrend)
2026-05-29,23547.75,-1.5147319219471596,1.0347521067653633,1,Low-Momentum / Sideways
2026-06-01,23382.599609375,-0.7038135182494777,1.0411631483636075,1,Low-Momentum / Sideways
2026-06-02,23483.55078125,0.4308069989399964,0.7337611390104292,0,Bull (Strong Uptrend)
2026-06-03,23405.599609375,-0.3324916021661275,0.7355624105785017,0,Bull (Strong Uptrend)
2026-06-04,23416.55078125,0.04677774080569192,0.7463676819223121,0,Bull (Strong Uptrend)
2026-06-05,23366.69921875,-0.21311722194751306,0.42425206383705366,0,Bull (Strong Uptrend)
2026-06-08,23123.0,-1.0484105298777862,0.5462672955508019,0,Bull (Strong Uptrend)
2026-06-09,23242.099609375,0.5137479368527299,0.571759896899792,0,Bull (Strong Uptrend)
2026-06-10,23214.94921875,-0.11688385035597795,0.5680191560308561,0,Bull (Strong Uptrend)
2026-06-11,23161.599609375,-0.23007159547660505,0.5557486498721312,0,Bull (Strong Uptrend)
2026-06-12,23622.900390625,1.9720878993895297,1.1270539178396817,1,Low-Momentum / Sideways
2026-06-15,23853.900390625,0.9731145278463154,0.8985699484616522,1,Low-Momentum / Sideways
2026-06-16,23989.150390625,0.5653918723145327,0.8973047351195769,1,Low-Momentum / Sideways
2026-06-17,24085.69921875,0.4016609878660483,0.8152177127130827,1,Low-Momentum / Sideways
2026-06-18,24168.0,0.34111731281746416,0.6736481669790045,0,Bull (Strong Uptrend)
2026-06-19,24013.099609375,-0.6429945583083175,0.5960191917317177,0,Bull (Strong Uptrend)
2026-06-22,24102.900390625,0.3732682912776634,0.4833369967413785,0,Bull (Strong Uptrend)
2026-06-23,23824.099609375,-1.1634524429481117,0.7226262573999871,0,Bull (Strong Uptrend)
2026-06-24,24021.650390625,0.8257866325424086,0.8201367172344334,0,Bull (Strong Uptrend)
2026-06-25,24056.0,0.14289223762208003,0.8008717968736009,0,Bull (Strong Uptrend)
2026-06-29,23946.25,-0.4572710289054184,0.7727946211576032,0,Bull (Strong Uptrend)
2026-06-30,23865.75,-0.3367358657511833,0.738734359506413,0,Bull (Strong Uptrend)
2026-07-01,24005.849609375,0.5853157634003401,0.5594434425043536,0,Bull (Strong Uptrend)
2026-07-02,24175.69921875,0.7050429763556748,0.5246092761919353,0,Bull (Strong Uptrend)
2026-07-03,24270.849609375,0.39280615553213144,0.5381320154848772,0,Bull (Strong Uptrend)
2026-07-06,24430.349609375,0.6550170132711516,0.42873590231069675,0,Bull (Strong Uptrend)
2026-07-07,24398.69921875,-0.12963756541323146,0.34069648520702933,0,Bull (Strong Uptrend)
2026-07-08,23882.05078125,-2.14026567222692,1.1858021691123206,1,Low-Momentum / Sideways
2026-07-09,23962.80078125,0.3375497008972435,1.133396225486931,1,Low-Momentum / Sideways
2026-07-10,24206.900390625,1.0135072168571098,1.2403432823562726,1,Low-Momentum / Sideways
2026-07-13,24211.0,0.01693427162979961,1.180707142592331,1,Low-Momentum / Sideways
2026-07-14,24052.05078125,-0.6586810856692072,1.1985923620306722,1,Low-Momentum / Sideways
2026-07-15,24078.5,0.1099061655563571,0.6027313927925818,0,Bull (Strong Uptrend)
2026-07-16,24072.75,-0.023883076876853853,0.5983479427486805,0,Bull (Strong Uptrend)
2026-07-17,24334.30078125,1.0806414450711181,0.6243948108117119,0,Bull (Strong Uptrend)
2026-07-20,24238.5,-0.3944631725234211,0.6647029968145164,0,Bull (Strong Uptrend)
2026-07-21,24187.69921875,-0.2098070908085292,0.5737591929861715,0,Bull (Strong Uptrend)
2026-07-22,23996.25,-0.7946639050547173,0.7028603009038443,0,Bull (Strong Uptrend)
2026-07-23,23869.599609375,-0.5291901730381726,0.7306322008970518,0,Bull (Strong Uptrend)
2026-07-27,23995.94921875,0.5279367141223364,0.49944100423768534,0,Bull (Strong Uptrend)
2026-07-28,23985.349609375,-0.04418225352921867,0.5039246975009055,0,Bull (Strong Uptrend)
