Date,ret_lag1,realized_vol_lag1,vix_lag1,ret_lag2,realized_vol_lag2,vix_lag2,ret_lag3,realized_vol_lag3,vix_lag3,ret_lag5,realized_vol_lag5,vix_lag5,egarch_vol_lag1,target_realized_vol,target_vix
2015-01-16,2.5830729950324276,1.1700717052555318,16.15999984741211,-0.26362628028638235,0.7815849481587908,17.25,-0.2839496664365051,0.7923238377336409,16.479999542236328,0.6041557177688,1.7346155419953504,15.960000038146973,1.100118403068125,0.5597977207187977,17.649999618530273
2015-01-19,0.23106162211340323,1.1832102282508214,17.270000457763672,2.5830729950324276,1.1700717052555318,16.15999984741211,-0.26362628028638235,0.7815849481587908,17.25,0.4636467736743234,1.7660090377098006,16.110000610351562,1.109528735773586,0.5324994079752176,17.270000457763672
2015-01-20,0.4324820315931695,1.183834697606631,17.649999618530273,0.23106162211340323,1.1832102282508214,17.270000457763672,2.5830729950324276,1.1700717052555318,16.15999984741211,-0.2839496664365051,0.7923238377336409,16.479999542236328,1.0394520942753,0.34497090155976673,17.709999084472656
2015-01-21,1.680393189462208,1.1679562410181474,17.270000457763672,0.4324820315931695,1.183834697606631,17.649999618530273,0.23106162211340323,1.1832102282508214,17.270000457763672,-0.26362628028638235,0.7815849481587908,17.25,0.9828392884016453,0.34248055817592343,18.56999969482422
2015-01-22,0.3890988763950604,1.0290302610045072,17.709999084472656,1.680393189462208,1.1679562410181474,17.270000457763672,0.4324820315931695,1.183834697606631,17.649999618530273,2.5830729950324276,1.1700717052555318,16.15999984741211,0.9732785666160187,1.0195407939476053,17.889999389648438
2015-01-23,0.3647659672542357,0.597772644983825,18.56999969482422,0.3890988763950604,1.0290302610045072,17.709999084472656,1.680393189462208,1.1679562410181474,17.270000457763672,0.23106162211340323,1.1832102282508214,17.270000457763672,0.921701677593174,0.9333610642651088,18.09000015258789
2015-01-27,0.8433216854945564,0.5597977207187977,17.889999389648438,0.3647659672542357,0.597772644983825,18.56999969482422,0.3890988763950604,1.0290302610045072,17.709999084472656,0.4324820315931695,1.183834697606631,17.649999618530273,0.8742624879253273,0.7776171588614952,19.770000457763672
2015-01-28,0.8441385660836974,0.5324994079752176,18.09000015258789,0.8433216854945564,0.5597977207187977,17.889999389648438,0.3647659672542357,0.597772644983825,18.56999969482422,1.680393189462208,1.1679562410181474,17.270000457763672,0.8470561221709297,0.7468990378142514,19.43000030517578
2015-01-29,0.04263503418490414,0.34497090155976673,19.770000457763672,0.8441385660836974,0.5324994079752176,18.09000015258789,0.8433216854945564,0.5597977207187977,17.889999389648438,0.3890988763950604,1.0290302610045072,17.709999084472656,0.8224276223024934,0.616077103265967,20.170000076293945
2015-01-30,0.4259317047079271,0.34248055817592343,19.43000030517578,0.04263503418490414,0.34497090155976673,19.770000457763672,0.8441385660836974,0.5324994079752176,18.09000015258789,0.3647659672542357,0.597772644983825,18.56999969482422,0.773752093483254,0.20055235917167027,20.40999984741211
2015-02-02,-1.6153405638702816,1.0195407939476053,20.170000076293945,0.4259317047079271,0.34248055817592343,19.43000030517578,0.04263503418490414,0.34497090155976673,19.770000457763672,0.8433216854945564,0.5597977207187977,17.889999389648438,0.7419710291962732,0.5511427754753453,19.809999465942383
2015-02-03,-0.13063506955069548,0.9333610642651088,20.40999984741211,-1.6153405638702816,1.0195407939476053,20.170000076293945,0.4259317047079271,0.34248055817592343,19.43000030517578,0.8441385660836974,0.5324994079752176,18.09000015258789,0.9379300233083008,0.7407487005955881,20.049999237060547
2015-02-04,-0.4654298232220474,0.7776171588614952,19.809999465942383,-0.13063506955069548,0.9333610642651088,20.40999984741211,-1.6153405638702816,1.0195407939476053,20.170000076293945,0.04263503418490414,0.34497090155976673,19.770000457763672,0.8985105604457787,0.9079558028440068,20.6200008392334
2015-02-05,-0.3758487212147993,0.7468990378142514,20.049999237060547,-0.4654298232220474,0.7776171588614952,19.809999465942383,-0.13063506955069548,0.9333610642651088,20.40999984741211,0.4259317047079271,0.34248055817592343,19.43000030517578,0.906229954911392,1.0567846305871438,20.690000534057617
2015-02-06,-0.13765100457609084,0.616077103265967,20.6200008392334,-0.3758487212147993,0.7468990378142514,20.049999237060547,-0.4654298232220474,0.7776171588614952,19.809999465942383,-1.6153405638702816,1.0195407939476053,20.170000076293945,0.9013797792210164,1.0875006108323144,22.020000457763672
2015-02-09,-0.5831032408607971,0.20055235917167027,20.690000534057617,-0.13765100457609084,0.616077103265967,20.6200008392334,-0.3758487212147993,0.7468990378142514,20.049999237060547,-0.13063506955069548,0.9333610642651088,20.40999984741211,0.866327792319037,0.4154643101690131,21.190000534057617
2015-02-10,-1.5674617197285399,0.5511427754753453,22.020000457763672,-0.5831032408607971,0.20055235917167027,20.690000534057617,-0.13765100457609084,0.616077103265967,20.6200008392334,-0.4654298232220474,0.7776171588614952,19.809999465942383,0.8930337307054734,0.40117216858444,20.5
2015-02-11,0.4586999150377187,0.7407487005955881,21.190000534057617,-1.5674617197285399,0.5511427754753453,22.020000457763672,-0.5831032408607971,0.20055235917167027,20.690000534057617,-0.3758487212147993,0.7468990378142514,20.049999237060547,1.0603047748938277,0.43829417685069516,20.15999984741211
2015-02-12,0.7194908616778425,0.9079558028440068,20.5,0.4586999150377187,0.7407487005955881,21.190000534057617,-1.5674617197285399,0.5511427754753453,22.020000457763672,-0.13765100457609084,0.616077103265967,20.6200008392334,1.0024849754638394,0.6696711914658386,20.100000381469727
2015-02-13,0.9706478627223794,1.0567846305871438,20.15999984741211,0.7194908616778425,0.9079558028440068,20.5,0.4586999150377187,0.7407487005955881,21.190000534057617,-0.5831032408607971,0.20055235917167027,20.690000534057617,0.9588716805781586,0.6640528387368668,20.82999992370605
2015-02-16,1.0726817268910518,1.0875006108323144,20.100000381469727,0.9706478627223794,1.0567846305871438,20.15999984741211,0.7194908616778425,0.9079558028440068,20.5,-1.5674617197285399,0.5511427754753453,22.020000457763672,0.9278054176359972,0.6665324935973074,20.90999984741211
2015-02-18,0.04370868354434235,0.4154643101690131,20.82999992370605,1.0726817268910518,1.0875006108323144,20.100000381469727,0.9706478627223794,1.0567846305871438,20.15999984741211,0.4586999150377187,0.7407487005955881,21.190000534057617,0.9031455099213918,0.5278782612152119,20.399999618530277
2015-02-19,0.6759668427262326,0.40117216858444,20.90999984741211,0.04370868354434235,0.4154643101690131,20.82999992370605,1.0726817268910518,1.0875006108323144,20.100000381469727,0.7194908616778425,0.9079558028440068,20.5,0.8470543662064955,0.5124548745430758,21.270000457763672
2015-02-20,0.2949743889349689,0.43829417685069516,20.399999618530277,0.6759668427262326,0.40117216858444,20.90999984741211,0.04370868354434235,0.4154643101690131,20.82999992370605,0.9706478627223794,1.0567846305871438,20.15999984741211,0.8168375540425417,1.1274733838503095,21.6299991607666
2015-02-23,-0.6960437077779418,0.6696711914658386,21.270000457763672,0.2949743889349689,0.43829417685069516,20.399999618530277,0.6759668427262326,0.40117216858444,20.90999984741211,1.0726817268910518,1.0875006108323144,20.100000381469727,0.776867792665021,1.0996759835665355,21.549999237060547
2015-02-24,-0.8943311319236859,0.6640528387368668,21.6299991607666,-0.6960437077779418,0.6696711914658386,21.270000457763672,0.2949743889349689,0.43829417685069516,20.399999618530277,0.04370868354434235,0.4154643101690131,20.82999992370605,0.8281268950153683,1.0807089809368182,20.780000686645508
2015-02-25,0.08162806567537197,0.6665324935973074,21.549999237060547,-0.8943311319236859,0.6640528387368668,21.6299991607666,-0.6960437077779418,0.6696711914658386,21.270000457763672,0.6759668427262326,0.40117216858444,20.90999984741211,0.9021894195419372,1.2365978240135438,20.57999992370605
2015-02-26,0.05876305610850604,0.5278782612152119,20.780000686645508,0.08162806567537197,0.6665324935973074,21.549999237060547,-0.8943311319236859,0.6640528387368668,21.6299991607666,0.2949743889349689,0.43829417685069516,20.399999618530277,0.8474101378767016,1.0232325732184662,19.56999969482422
2015-02-27,-0.9558254487962844,0.5124548745430758,20.57999992370605,0.05876305610850604,0.5278782612152119,20.780000686645508,0.08162806567537197,0.6665324935973074,21.549999237060547,-0.6960437077779418,0.6696711914658386,21.270000457763672,0.7969739831400502,1.2719260989666201,15.850000381469728
2015-03-02,1.8342125395864908,1.1274733838503095,19.56999969482422,-0.9558254487962844,0.5124548745430758,20.57999992370605,0.05876305610850604,0.5278782612152119,20.780000686645508,-0.8943311319236859,0.6640528387368668,21.6299991607666,0.8833072402270008,0.9759703640034928,15.489999771118164
2015-03-03,1.2600378838793267,1.0996759835665355,15.850000381469728,1.8342125395864908,1.1274733838503095,19.56999969482422,-0.9558254487962844,0.5124548745430758,20.57999992370605,0.08162806567537197,0.6665324935973074,21.549999237060547,0.8888393991423297,0.8554444845670771,15.199999809265137
2015-03-04,0.44003858673006596,1.0807089809368182,15.489999771118164,1.2600378838793267,1.0996759835665355,15.850000381469728,1.8342125395864908,1.1274733838503095,19.56999969482422,0.05876305610850604,0.5278782612152119,20.780000686645508,0.8742196605463787,1.0844071996788576,14.4399995803833
2015-03-05,-0.8214792388202198,1.2365978240135438,15.199999809265137,0.44003858673006596,1.0807089809368182,15.489999771118164,1.2600378838793267,1.0996759835665355,15.850000381469728,-0.9558254487962844,0.5124548745430758,20.57999992370605,0.8337041816950983,1.1418962159628916,15.8100004196167
2015-03-09,0.169084820521354,1.0232325732184662,14.4399995803833,-0.8214792388202198,1.2365978240135438,15.199999809265137,0.44003858673006596,1.0807089809368182,15.489999771118164,1.8342125395864908,1.1274733838503095,19.56999969482422,0.8967906612226558,0.8411839385346804,15.529999732971191
2015-03-10,-2.045904811401918,1.2719260989666201,15.8100004196167,0.169084820521354,1.0232325732184662,14.4399995803833,-0.8214792388202198,1.2365978240135438,15.199999809265137,1.2600378838793267,1.0996759835665355,15.850000381469728,0.8453432401242469,1.0060313734709974,15.130000114440918
2015-03-11,-0.5117729137055929,0.9759703640034928,15.529999732971191,-2.045904811401918,1.2719260989666201,15.8100004196167,0.169084820521354,1.0232325732184662,14.4399995803833,0.44003858673006596,1.0807089809368182,15.489999771118164,1.0978197994351817,1.0261320516915107,14.75
2015-03-12,-0.138980143838521,0.8554444845670771,15.130000114440918,-0.5117729137055929,0.9759703640034928,15.529999732971191,-2.045904811401918,1.2719260989666201,15.8100004196167,-0.8214792388202198,1.2365978240135438,15.199999809265137,1.091483640446513,0.9058714992531561,14.970000267028809
2015-03-13,0.870342200550124,1.0844071996788576,14.75,-0.138980143838521,0.8554444845670771,15.130000114440918,-0.5117729137055929,0.9759703640034928,15.529999732971191,0.169084820521354,1.0232325732184662,14.4399995803833,1.0380563976194663,0.7127884206484368,15.18000030517578
2015-03-16,-1.4721551472009753,1.1418962159628916,14.970000267028809,0.870342200550124,1.0844071996788576,14.75,-0.138980143838521,0.8554444845670771,15.130000114440918,-2.045904811401918,1.2719260989666201,15.8100004196167,0.9959035848219836,0.7131579732615383,15.130000114440918
2015-03-17,-0.1689681963150601,0.8411839385346804,15.18000030517578,-1.4721551472009753,1.1418962159628916,14.970000267028809,0.870342200550124,1.0844071996788576,14.75,-0.5117729137055929,0.9759703640034928,15.529999732971191,1.1354109954043867,0.2618695204602186,15.510000228881836
2015-03-18,1.038809476984804,1.0060313734709974,15.130000114440918,-0.1689681963150601,0.8411839385346804,15.18000030517578,-1.4721551472009753,1.1418962159628916,14.970000267028809,-0.138980143838521,0.8554444845670771,15.130000114440918,1.081310304474697,0.2887686614241502,15.199999809265137
2015-03-19,-0.42965180681336584,1.0261320516915107,15.510000228881836,1.038809476984804,1.0060313734709974,15.130000114440918,-0.1689681963150601,0.8411839385346804,15.18000030517578,0.870342200550124,1.0844071996788576,14.75,1.0403977736749994,0.902493891198804,14.260000228881836
2015-03-20,-0.5917842938767325,0.9058714992531561,15.199999809265137,-0.42965180681336584,1.0261320516915107,15.510000228881836,1.038809476984804,1.0060313734709974,15.130000114440918,-1.4721551472009753,1.1418962159628916,14.970000267028809,1.029228211105106,0.9501133951856621,14.270000457763672
2015-03-23,-0.7410433126336075,0.7127884206484368,14.260000228881836,-0.5917842938767325,0.9058714992531561,15.199999809265137,-0.42965180681336584,1.0261320516915107,15.510000228881836,-0.1689681963150601,0.8411839385346804,15.18000030517578,1.040550534946624,1.427361198639272,13.670000076293944
2015-03-24,-0.23362039252688188,0.7131579732615383,14.270000457763672,-0.7410433126336075,0.7127884206484368,14.260000228881836,-0.5917842938767325,0.9058714992531561,15.199999809265137,1.038809476984804,1.0060313734709974,15.130000114440918,1.0707346382377791,1.4283898358906366,13.140000343322754
2015-03-25,-0.09301819792756466,0.2618695204602186,13.670000076293944,-0.23362039252688188,0.7131579732615383,14.270000457763672,-0.7410433126336075,0.7127884206484368,14.260000228881836,-0.42965180681336584,1.0261320516915107,15.510000228881836,1.0313136975174697,1.530996281840812,15.15999984741211
2015-03-26,-0.14232834235154115,0.2887686614241502,13.140000343322754,-0.09301819792756466,0.2618695204602186,13.670000076293944,-0.23362039252688188,0.7131579732615383,14.270000457763672,-0.5917842938767325,0.9058714992531561,15.199999809265137,0.9781111081062376,0.7735908156319399,14.5
2015-03-27,-2.2362097108321906,0.902493891198804,15.15999984741211,-0.14232834235154115,0.2887686614241502,13.140000343322754,-0.09301819792756466,0.2618695204602186,13.670000076293944,-0.7410433126336075,0.7127884206484368,14.260000228881836,0.93629116505267,0.7702814439096975,14.260000228881836
2015-03-30,-0.008990891811211021,0.9501133951856621,14.5,-2.2362097108321906,0.902493891198804,15.15999984741211,-0.14232834235154115,0.2887686614241502,13.140000343322754,-0.23362039252688188,0.7131579732615383,14.270000457763672,1.2061493751582897,0.5071878371205809,14.489999771118164
2015-03-31,1.7928732765285011,1.427361198639272,14.260000228881836,-0.008990891811211021,0.9501133951856621,14.5,-2.2362097108321906,0.902493891198804,15.15999984741211,-0.09301819792756466,0.2618695204602186,13.670000076293944,1.1249856551718846,0.41259516233328575,13.670000076293944
2015-04-01,-0.015306856794447524,1.4283898358906366,14.489999771118164,1.7928732765285011,1.427361198639272,14.260000228881836,-0.008990891811211021,0.9501133951856621,14.5,-0.14232834235154115,0.2887686614241502,13.140000343322754,1.1047974994935943,0.40380690502135036,14.56999969482422
2015-04-06,1.1155307528727894,1.530996281840812,13.670000076293944,-0.015306856794447524,1.4283898358906366,14.489999771118164,1.7928732765285011,1.427361198639272,14.260000228881836,-2.2362097108321906,0.902493891198804,15.15999984741211,1.034670598608854,0.35384970388519316,14.25
2015-04-07,0.8541133724940244,0.7735908156319399,14.56999969482422,1.1155307528727894,1.530996281840812,13.670000076293944,-0.015306856794447524,1.4283898358906366,14.489999771118164,-0.008990891811211021,0.9501133951856621,14.5,1.0009662415196026,0.914189533486488,14.350000381469728
2015-04-08,0.0046121183134830894,0.7702814439096975,14.25,0.8541133724940244,0.7735908156319399,14.56999969482422,1.1155307528727894,1.530996281840812,13.670000076293944,1.7928732765285011,1.427361198639272,14.260000228881836,0.9619342464025848,1.0065054844520507,14.420000076293944
2015-04-09,0.6227533157299894,0.5071878371205809,14.350000381469728,0.0046121183134830894,0.7702814439096975,14.25,0.8541133724940244,0.7735908156319399,14.56999969482422,-0.015306856794447524,1.4283898358906366,14.489999771118164,0.9033283127049824,1.0393417914352332,14.260000228881836
2015-04-10,0.7305870171212896,0.41259516233328575,14.420000076293944,0.6227533157299894,0.5071878371205809,14.350000381469728,0.0046121183134830894,0.7702814439096975,14.25,1.1155307528727894,1.530996281840812,13.670000076293944,0.8660776369040849,0.9425494997372125,14.489999771118164
2015-04-13,0.023348090715570997,0.40380690502135036,14.260000228881836,0.7305870171212896,0.41259516233328575,14.420000076293944,0.6227533157299894,0.5071878371205809,14.350000381469728,0.8541133724940244,0.7735908156319399,14.56999969482422,0.8358960852649472,0.9462515805575615,14.949999809265137
2015-04-16,0.6091687484636806,0.35384970388519316,14.489999771118164,0.023348090715570997,0.40380690502135036,14.260000228881836,0.7305870171212896,0.41259516233328575,14.420000076293944,0.0046121183134830894,0.7702814439096975,14.25,0.786767454080841,0.9222307851848043,15.039999961853027
2015-04-17,-1.4515046525185487,0.914189533486488,14.949999809265137,0.6091687484636806,0.35384970388519316,14.489999771118164,0.023348090715570997,0.40380690502135036,14.260000228881836,0.6227533157299894,0.5071878371205809,14.350000381469728,0.7598691447359236,0.9165824506082656,16.299999237060547
2015-04-20,-1.1633232232741262,1.0065054844520507,15.039999961853027,-1.4515046525185487,0.914189533486488,14.949999809265137,0.6091687484636806,0.35384970388519316,14.489999771118164,0.7305870171212896,0.41259516233328575,14.420000076293944,0.926527035718274,0.7255684751187117,17.030000686645508
2015-04-21,-1.8518116639556812,1.0393417914352332,16.299999237060547,-1.1633232232741262,1.0065054844520507,15.039999961853027,-1.4515046525185487,0.914189533486488,14.949999809265137,0.023348090715570997,0.40380690502135036,14.260000228881836,1.028594517976134,0.9356147412452294,17.209999084472656
2015-04-22,-0.8362135754524264,0.9425494997372125,17.030000686645508,-1.8518116639556812,1.0393417914352332,16.299999237060547,-1.1633232232741262,1.0065054844520507,15.039999961853027,0.6091687484636806,0.35384970388519316,14.489999771118164,1.2220094032358646,0.8113339809843534,18.5
2015-04-23,0.6181825339152999,0.9462515805575615,17.209999084472656,-0.8362135754524264,0.9425494997372125,17.030000686645508,-1.8518116639556812,1.0393417914352332,16.299999237060547,-1.4515046525185487,0.914189533486488,14.949999809265137,1.2454187749408316,0.8166908082458033,19.11000061035156
2015-04-24,-0.3731926202576211,0.9222307851848043,18.5,0.6181825339152999,0.9462515805575615,17.209999084472656,-0.8362135754524264,0.9425494997372125,17.030000686645508,-1.1633232232741262,1.0065054844520507,15.039999961853027,1.173972598071472,1.2343501865397772,18.739999771118164
2015-04-27,-1.1141436198728827,0.9165824506082656,19.11000061035156,-0.3731926202576211,0.9222307851848043,18.5,0.6181825339152999,0.9462515805575615,17.209999084472656,-1.8518116639556812,1.0393417914352332,16.299999237060547,1.1417935908272852,1.0649117449405539,17.40999984741211
2015-04-28,-1.1072202173819239,0.7255684751187117,18.739999771118164,-1.1141436198728827,0.9165824506082656,19.11000061035156,-0.3731926202576211,0.9222307851848043,18.5,-0.8362135754524264,0.9425494997372125,17.030000686645508,1.2122241340860074,1.6413978498434472,17.239999771118164
2015-04-29,0.8703378361128562,0.9356147412452294,17.40999984741211,-1.1072202173819239,0.7255684751187117,18.739999771118164,-1.1141436198728827,0.9165824506082656,19.11000061035156,0.6181825339152999,0.9462515805575615,17.209999084472656,1.2736547807578278,1.6407311740144916,17.229999542236328
2015-04-30,-0.5549017492190248,0.8113339809843534,17.239999771118164,0.8703378361128562,0.9356147412452294,17.40999984741211,-1.1072202173819239,0.7255684751187117,18.739999771118164,-0.3731926202576211,0.9222307851848043,18.5,1.2074465081869097,1.8703659154527825,17.309999465942383
2015-05-04,-0.7094495768480639,0.8166908082458033,17.229999542236328,-0.5549017492190248,0.8113339809843534,17.239999771118164,0.8703378361128562,0.9356147412452294,17.40999984741211,-1.1141436198728827,0.9165824506082656,19.11000061035156,1.1952246969459372,1.8232836477028078,17.360000610351562
2015-05-05,1.8222037975143817,1.2343501865397772,17.309999465942383,-0.7094495768480639,0.8166908082458033,17.229999542236328,-0.5549017492190248,0.8113339809843534,17.239999771118164,-1.1072202173819239,0.7255684751187117,18.739999771118164,1.2046375615496556,2.1181298651644163,19.670000076293945
2015-05-06,-0.08585577695799614,1.0649117449405539,17.360000610351562,1.8222037975143817,1.2343501865397772,17.309999465942383,-0.7094495768480639,0.8166908082458033,17.229999542236328,0.8703378361128562,0.9356147412452294,17.40999984741211,1.1771297319193228,1.774045278704107,19.649999618530277
2015-05-07,-2.7745365388399823,1.6413978498434472,19.670000076293945,-0.08585577695799614,1.0649117449405539,17.360000610351562,1.8222037975143817,1.2343501865397772,17.309999465942383,-0.5549017492190248,0.8113339809843534,17.239999771118164,1.1084190657040704,1.7392700510240287,19.11000061035156
2015-05-08,-0.49151341398104287,1.6407311740144916,19.649999618530277,-2.7745365388399823,1.6413978498434472,19.670000076293945,-0.08585577695799614,1.0649117449405539,17.360000610351562,-0.7094495768480639,0.8166908082458033,17.229999542236328,1.4405052880901823,1.6029797367654224,18.6299991607666
2015-05-11,1.651854271401412,1.8703659154527825,19.11000061035156,-0.49151341398104287,1.6407311740144916,19.649999618530277,-2.7745365388399823,1.6413978498434472,19.670000076293945,1.8222037975143817,1.2343501865397772,17.309999465942383,1.3948686664079426,1.543265582686951,20.549999237060547
2015-05-12,1.6196034167464264,1.8232836477028078,18.6299991607666,1.651854271401412,1.8703659154527825,19.11000061035156,-0.49151341398104287,1.6407311740144916,19.649999618530277,-0.08585577695799614,1.0649117449405539,17.360000610351562,1.341345866937488,0.7272144479298069,20.690000534057617
2015-05-13,-2.4107341992543527,2.1181298651644163,20.549999237060547,1.6196034167464264,1.8232836477028078,18.6299991607666,1.651854271401412,1.8703659154527825,19.11000061035156,-2.7745365388399823,1.6413978498434472,19.670000076293945,1.2925443980814726,0.6096137066887993,20.700000762939453
2015-05-14,1.3262307208340642,1.774045278704107,20.690000534057617,-2.4107341992543527,2.1181298651644163,20.549999237060547,1.6196034167464264,1.8232836477028078,18.6299991607666,-0.49151341398104287,1.6407311740144916,19.649999618530277,1.5357329963042778,0.5845787826186736,19.81999969482422
2015-05-15,-0.13669794296785853,1.7392700510240287,20.700000762939453,1.3262307208340642,1.774045278704107,20.690000534057617,-2.4107341992543527,2.1181298651644163,20.549999237060547,1.651854271401412,1.8703659154527825,19.11000061035156,1.4560740380874877,0.5846654353589663,17.899999618530273
2015-05-18,0.4627952191887896,1.6029797367654224,19.81999969482422,-0.13669794296785853,1.7392700510240287,20.700000762939453,1.3262307208340642,1.774045278704107,20.690000534057617,1.6196034167464264,1.8232836477028078,18.6299991607666,1.3642381325842472,0.6696496010213778,18.270000457763672
2015-05-19,1.3380913913783619,1.543265582686951,17.899999618530273,0.4627952191887896,1.6029797367654224,19.81999969482422,-0.13669794296785853,1.7392700510240287,20.700000762939453,-2.4107341992543527,2.1181298651644163,20.549999237060547,1.2752852540614203,0.689542659228467,17.719999313354492
2015-05-20,-0.09558345015271624,0.7272144479298069,18.270000457763672,1.3380913913783619,1.543265582686951,17.899999618530273,0.4627952191887896,1.6029797367654224,19.81999969482422,1.3262307208340642,1.774045278704107,20.690000534057617,1.2242299862462005,0.5545822387590129,17.40999984741211
2015-05-21,0.6861656693210338,0.6096137066887993,17.719999313354492,-0.09558345015271624,0.7272144479298069,18.270000457763672,1.3380913913783619,1.543265582686951,17.899999618530273,-0.13669794296785853,1.7392700510240287,20.700000762939453,1.1518869271481953,0.5457769829069186,16.950000762939453
2015-05-22,-0.02671534812630433,0.5845787826186736,17.40999984741211,0.6861656693210338,0.6096137066887993,17.719999313354492,-0.09558345015271624,0.7272144479298069,18.270000457763672,0.4627952191887896,1.6029797367654224,19.81999969482422,1.0922685430739891,0.8862704394542503,16.93000030517578
2015-05-25,0.4496489481834225,0.5846654353589663,16.950000762939453,-0.02671534812630433,0.5845787826186736,17.40999984741211,0.6861656693210338,0.6096137066887993,17.719999313354492,1.3380913913783619,1.543265582686951,17.899999618530273,1.0247997716561166,0.6956417697858015,17.06999969482422
2015-05-26,-1.0541322896106728,0.6696496010213778,16.93000030517578,0.4496489481834225,0.5846654353589663,16.950000762939453,-0.02671534812630433,0.5845787826186736,17.40999984741211,-0.09558345015271624,0.7272144479298069,18.270000457763672,0.9701836235322508,1.3404870800272966,17.280000686645508
2015-05-27,-0.3698523791285403,0.689542659228467,17.06999969482422,-1.0541322896106728,0.6696496010213778,16.93000030517578,0.4496489481834225,0.5846654353589663,16.950000762939453,0.6861656693210338,0.6096137066887993,17.719999313354492,1.0515241339426946,1.4010473047366065,17.1299991607666
2015-05-28,-0.056975106091271474,0.5545822387590129,17.280000686645508,-0.3698523791285403,0.689542659228467,17.06999969482422,-1.0541322896106728,0.6696496010213778,16.93000030517578,-0.02671534812630433,0.5845787826186736,17.40999984741211,1.0314718105426666,1.4093117664580803,16.65999984741211
2015-05-29,-0.18734224796336696,0.5457769829069186,17.1299991607666,-0.056975106091271474,0.5545822387590129,17.280000686645508,-0.3698523791285403,0.689542659228467,17.06999969482422,0.4496489481834225,0.5846654353589663,16.950000762939453,0.97376315856573,1.022989075596624,16.90999984741211
2015-06-01,1.3687646783197231,0.8862704394542503,16.65999984741211,-0.18734224796336696,0.5457769829069186,17.1299991607666,-0.056975106091271474,0.5545822387590129,17.280000686645508,-1.0541322896106728,0.6696496010213778,16.93000030517578,0.938057233560851,0.9293873496317333,16.81999969482422
2015-06-02,-0.002964359368572991,0.6956417697858015,16.90999984741211,1.3687646783197231,0.8862704394542503,16.65999984741211,-0.18734224796336696,0.5457769829069186,17.1299991607666,-0.3698523791285403,0.689542659228467,17.06999969482422,0.9223513308547702,0.5058709502837044,17.510000228881836
2015-06-03,-2.3630608931269648,1.3404870800272966,16.81999969482422,-0.002964359368572991,0.6956417697858015,16.90999984741211,1.3687646783197231,0.8862704394542503,16.65999984741211,-0.056975106091271474,0.5545822387590129,17.280000686645508,0.8684474728410134,0.7860877926090933,18.1200008392334
2015-06-04,-1.238140439723643,1.4010473047366065,17.510000228881836,-2.3630608931269648,1.3404870800272966,16.81999969482422,-0.002964359368572991,0.6956417697858015,16.90999984741211,-0.18734224796336696,0.5457769829069186,17.1299991607666,1.1721827665367015,1.1768341913929936,18.09000015258789
2015-06-05,-0.05471860103022912,1.4093117664580803,18.1200008392334,-1.238140439723643,1.4010473047366065,17.510000228881836,-2.3630608931269648,1.3404870800272966,16.81999969482422,1.3687646783197231,0.8862704394542503,16.65999984741211,1.2565271838498029,1.21007229448639,18.88999938964844
2015-06-08,-0.19636033769903508,1.022989075596624,18.09000015258789,-0.05471860103022912,1.4093117664580803,18.1200008392334,-1.238140439723643,1.4010473047366065,17.510000228881836,-0.002964359368572991,0.6956417697858015,16.90999984741211,1.1757895327120915,1.1992432873232868,18.010000228881836
2015-06-09,-0.8732148739867545,0.9293873496317333,18.88999938964844,-0.19636033769903508,1.022989075596624,18.09000015258789,-0.05471860103022912,1.4093117664580803,18.1200008392334,-2.3630608931269648,1.3404870800272966,16.81999969482422,1.1210021374760473,1.2105365176857397,17.079999923706055
2015-06-10,-0.2707490226705686,0.5058709502837044,18.010000228881836,-0.8732148739867545,0.9293873496317333,18.88999938964844,-0.19636033769903508,1.022989075596624,18.09000015258789,-1.238140439723643,1.4010473047366065,17.510000228881836,1.160491931389163,1.0666267658044901,17.809999465942383
2015-06-11,1.2640440848079766,0.7860877926090933,17.079999923706055,-0.2707490226705686,0.5058709502837044,18.010000228881836,-0.8732148739867545,0.9293873496317333,18.88999938964844,-0.05471860103022912,1.4093117664580803,18.1200008392334,1.116657730074065,0.3042482145354774,17.479999542236328
2015-06-12,-1.9777160752925256,1.1768341913929936,17.809999465942383,1.2640440848079766,0.7860877926090933,17.079999923706055,-0.2707490226705686,0.5058709502837044,18.010000228881836,-0.19636033769903508,1.022989075596624,18.09000015258789,1.0796269310591269,0.2545638137036604,17.520000457763672
2015-06-15,0.22008448289133065,1.21007229448639,17.479999542236328,-1.9777160752925256,1.1768341913929936,17.809999465942383,1.2640440848079766,0.7860877926090933,17.079999923706055,-0.8732148739867545,0.9293873496317333,18.88999938964844,1.2856492913714432,0.46007585538862755,17.170000076293945
2015-06-16,0.38757800540692555,1.1992432873232868,17.520000457763672,0.22008448289133065,1.21007229448639,17.479999542236328,-1.9777160752925256,1.1768341913929936,17.809999465942383,-0.2707490226705686,0.5058709502837044,18.010000228881836,1.1972041295004658,0.478017761216592,16.729999542236328
2015-06-17,0.41590853857635357,1.2105365176857397,17.170000076293945,0.38757800540692555,1.1992432873232868,17.520000457763672,0.22008448289133065,1.21007229448639,17.479999542236328,1.2640440848079766,0.7860877926090933,17.079999923706055,1.123286202945879,0.6787903821210656,16.020000457763672
2015-06-18,0.5483675969067097,1.0666267658044901,16.729999542236328,0.41590853857635357,1.2105365176857397,17.170000076293945,0.38757800540692555,1.1992432873232868,17.520000457763672,-1.9777160752925256,1.1768341913929936,17.809999465942383,1.0577915634453663,0.6493739890347132,15.09000015258789
2015-06-19,1.0211514727058937,0.3042482145354774,16.020000457763672,0.5483675969067097,1.0666267658044901,16.729999542236328,0.41590853857635357,1.2105365176857397,17.170000076293945,0.22008448289133065,1.21007229448639,17.479999542236328,1.0031366012804777,0.7240086693992382,15.489999771118164
2015-06-22,0.6140443483030782,0.2545638137036604,15.09000015258789,1.0211514727058937,0.3042482145354774,16.020000457763672,0.5483675969067097,1.0666267658044901,16.729999542236328,0.38757800540692555,1.1992432873232868,17.520000457763672,0.969419674209897,0.4855710429347295,15.039999961853027
2015-06-23,1.546043933276226,0.46007585538862755,15.489999771118164,0.6140443483030782,0.2545638137036604,15.09000015258789,1.0211514727058937,0.3042482145354774,16.020000457763672,0.41590853857635357,1.2105365176857397,17.170000076293945,0.925560956778053,0.5517854170197027,15.920000076293944
2015-06-24,0.3400157603319678,0.478017761216592,15.039999961853027,1.546043933276226,0.46007585538862755,15.489999771118164,0.6140443483030782,0.2545638137036604,15.09000015258789,0.5483675969067097,1.0666267658044901,16.729999542236328,0.9170844182262604,0.6949051671978379,15.93000030517578
2015-06-25,-0.24727884395158908,0.6787903821210656,15.920000076293944,0.3400157603319678,0.478017761216592,15.039999961853027,1.546043933276226,0.46007585538862755,15.489999771118164,1.0211514727058937,0.3042482145354774,16.020000457763672,0.8692763151508789,0.6933332368052315,15.760000228881836
2015-06-26,0.44335324134881215,0.6493739890347132,15.93000030517578,-0.24727884395158908,0.6787903821210656,15.920000076293944,0.3400157603319678,0.478017761216592,15.039999961853027,0.6140443483030782,0.2545638137036604,15.09000015258789,0.851266411157022,0.6827453071122938,17.299999237060547
2015-06-29,-0.20144580738723342,0.7240086693992382,15.760000228881836,0.44335324134881215,0.6493739890347132,15.93000030517578,-0.24727884395158908,0.6787903821210656,15.920000076293944,1.546043933276226,0.46007585538862755,15.489999771118164,0.812992708838704,0.3951110643706213,16.93000030517578
2015-06-30,-0.7509148581665224,0.4855710429347295,17.299999237060547,-0.20144580738723342,0.7240086693992382,15.760000228881836,0.44335324134881215,0.6493739890347132,15.93000030517578,0.3400157603319678,0.478017761216592,15.039999961853027,0.7943467697375125,0.47016068090195834,15.850000381469728
2015-07-01,0.6004681365091595,0.5517854170197027,16.93000030517578,-0.7509148581665224,0.4855710429347295,17.299999237060547,-0.20144580738723342,0.7240086693992382,15.760000228881836,-0.24727884395158908,0.6787903821210656,15.920000076293944,0.8515478399321394,0.9055468940440756,15.5600004196167
2015-07-02,1.0052642911917522,0.6949051671978379,15.850000381469728,0.6004681365091595,0.5517854170197027,16.93000030517578,-0.7509148581665224,0.4855710429347295,17.299999237060547,0.44335324134881215,0.6493739890347132,15.93000030517578,0.8184175210400745,0.9063465149450419,16.309999465942383
2015-07-03,-0.0964544764320111,0.6933332368052315,15.5600004196167,1.0052642911917522,0.6949051671978379,15.850000381469728,0.6004681365091595,0.5517854170197027,16.93000030517578,-0.20144580738723342,0.7240086693992382,15.760000228881836,0.8018507045263363,0.888624660419734,16.020000457763672
2015-07-06,0.47254040314225765,0.6827453071122938,16.309999465942383,-0.0964544764320111,0.6933332368052315,15.5600004196167,1.0052642911917522,0.6949051671978379,15.850000381469728,-0.7509148581665224,0.4855710429347295,17.299999237060547,0.770827828936088,1.0819951917913908,16.309999465942383
2015-07-07,0.43805431106717685,0.3951110643706213,16.020000457763672,0.47254040314225765,0.6827453071122938,16.309999465942383,-0.0964544764320111,0.6933332368052315,15.5600004196167,0.6004681365091595,0.5517854170197027,16.93000030517578,0.740845730596111,1.0826357218335718,17.790000915527344
2015-07-08,-0.1332779992604704,0.47016068090195834,16.309999465942383,0.43805431106717685,0.3951110643706213,16.020000457763672,0.47254040314225765,0.6827453071122938,16.309999465942383,1.0052642911917522,0.6949051671978379,15.850000381469728,0.712395814705621,0.6442030761866896,17.440000534057617
2015-07-09,-1.7512752525573723,0.9055468940440756,17.790000915527344,-0.1332779992604704,0.47016068090195834,16.309999465942383,0.43805431106717685,0.3951110643706213,16.020000457763672,-0.0964544764320111,0.6933332368052315,15.5600004196167,0.6940672059404194,0.5005859909160538,17.06999969482422
2015-07-10,-0.41338217950059647,0.9063465149450419,17.440000534057617,-1.7512752525573723,0.9055468940440756,17.790000915527344,-0.1332779992604704,0.47016068090195834,16.309999465942383,0.47254040314225765,0.6827453071122938,16.309999465942383,0.9206868138596602,0.571873049244479,16.270000457763672
2015-07-13,0.38348430969963265,0.888624660419734,17.06999969482422,-0.41338217950059647,0.9063465149450419,17.440000534057617,-1.7512752525573723,0.9055468940440756,17.790000915527344,0.43805431106717685,0.3951110643706213,16.020000457763672,0.9193472970588348,0.5204820817054655,16.010000228881836
2015-07-14,1.1783656733947192,1.0819951917913908,16.270000457763672,0.38348430969963265,0.888624660419734,17.06999969482422,-0.41338217950059647,0.9063465149450419,17.440000534057617,-0.1332779992604704,0.47016068090195834,16.309999465942383,0.8727411307026391,0.747705909051726,15.56999969482422
2015-07-15,-0.06563631896272651,1.0826357218335718,16.010000228881836,1.1783656733947192,1.0819951917913908,16.270000457763672,0.38348430969963265,0.888624660419734,17.06999969482422,-1.7512752525573723,0.9055468940440756,17.790000915527344,0.8569013670883406,0.8459744376299446,14.779999732971191
2015-07-16,0.8210743295109777,0.6442030761866896,15.56999969482422,-0.06563631896272651,1.0826357218335718,16.010000228881836,1.1783656733947192,1.0819951917913908,16.270000457763672,-0.41338217950059647,0.9063465149450419,17.440000534057617,0.8169391975973792,0.7859491112519491,14.800000190734863
2015-07-17,0.9835561378738018,0.5005859909160538,14.779999732971191,0.8210743295109777,0.6442030761866896,15.56999969482422,-0.06563631896272651,1.0826357218335718,16.010000228881836,0.38348430969963265,0.888624660419734,17.06999969482422,0.7943351180886352,0.8519474865897392,14.960000038146973
2015-07-20,0.02090620523180413,0.571873049244479,14.800000190734863,0.9835561378738018,0.5005859909160538,14.779999732971191,0.8210743295109777,0.6442030761866896,15.56999969482422,1.1783656733947192,1.0819951917913908,16.270000457763672,0.7792620022058765,1.1284619506881186,15.100000381469728
2015-07-21,-0.0743543008016012,0.5204820817054655,14.960000038146973,0.02090620523180413,0.571873049244479,14.800000190734863,0.9835561378738018,0.5005859909160538,14.779999732971191,-0.06563631896272651,1.0826357218335718,16.010000228881836,0.7355531442579528,1.1205707576105253,15.130000114440918
2015-07-22,-0.8638404295993872,0.747705909051726,15.100000381469728,-0.0743543008016012,0.5204820817054655,14.960000038146973,0.02090620523180413,0.571873049244479,14.800000190734863,0.8210743295109777,0.6442030761866896,15.56999969482422,0.7076739809920773,0.8593697136386353,15.520000457763672
2015-07-23,1.2125080858812431,0.8459744376299446,15.130000114440918,-0.8638404295993872,0.747705909051726,15.100000381469728,-0.0743543008016012,0.5204820817054655,14.960000038146973,0.9835561378738018,0.5005859909160538,14.779999732971191,0.7901874153524946,1.0091591128857105,15.460000038146973
2015-07-24,-0.5074554770036643,0.7859491112519491,15.520000457763672,1.2125080858812431,0.8459744376299446,15.130000114440918,-0.8638404295993872,0.747705909051726,15.100000381469728,0.02090620523180413,0.571873049244479,14.800000190734863,0.783250469310613,1.2175860543592567,16.3700008392334
2015-07-27,-0.7977203842615511,0.8519474865897392,15.460000038146973,-0.5074554770036643,0.7859491112519491,15.520000457763672,1.2125080858812431,0.8459744376299446,15.130000114440918,-0.0743543008016012,0.5204820817054655,14.960000038146973,0.8078434950082861,0.5920782496685855,15.920000076293944
2015-07-28,-1.9020189089775028,1.1284619506881186,16.3700008392334,-0.7977203842615511,0.8519474865897392,15.460000038146973,-0.5074554770036643,0.7859491112519491,15.520000457763672,-0.8638404295993872,0.747705909051726,15.100000381469728,0.8702700923030108,0.597903703801708,15.880000114440918
2015-07-29,-0.28745977394444694,1.1205707576105253,15.920000076293944,-1.9020189089775028,1.1284619506881186,16.3700008392334,-0.7977203842615511,0.8519474865897392,15.460000038146973,1.2125080858812431,0.8459744376299446,15.130000114440918,1.094590585916597,0.6029543727519973,15.329999923706056
2015-07-30,0.45535850933296085,0.8593697136386353,15.880000114440918,-0.28745977394444694,1.1205707576105253,15.920000076293944,-1.9020189089775028,1.1284619506881186,16.3700008392334,-0.5074554770036643,0.7859491112519491,15.520000457763672,1.0596090424379665,0.6062031551942206,14.56999969482422
2015-07-31,0.5566534416230723,1.0091591128857105,15.329999923706056,0.45535850933296085,0.8593697136386353,15.880000114440918,-0.28745977394444694,1.1205707576105253,15.920000076293944,-0.7977203842615511,0.8519474865897392,15.460000038146973,1.001749632926091,0.37903240594751636,15.390000343322754
2015-08-03,1.309981587126834,1.2175860543592567,14.56999969482422,0.5566534416230723,1.0091591128857105,15.329999923706056,0.45535850933296085,0.8593697136386353,15.880000114440918,-1.9020189089775028,1.1284619506881186,16.3700008392334,0.9528739540709584,0.4438239920672611,14.829999923706056
2015-08-04,0.11946892258352072,0.5920782496685855,15.390000343322754,1.309981587126834,1.2175860543592567,14.56999969482422,0.5566534416230723,1.0091591128857105,15.329999923706056,-0.28745977394444694,1.1205707576105253,15.920000076293944,0.9337395146092464,0.5418088354881992,14.670000076293944
2015-08-05,-0.30655933038692057,0.597903703801708,14.829999923706056,0.11946892258352072,0.5920782496685855,15.390000343322754,1.309981587126834,1.2175860543592567,14.56999969482422,0.45535850933296085,0.8593697136386353,15.880000114440918,0.8772074930538192,0.5850142901968651,14.729999542236328
2015-08-06,0.5976049525257857,0.6029543727519973,14.670000076293944,-0.30655933038692057,0.597903703801708,14.829999923706056,0.11946892258352072,0.5920782496685855,15.390000343322754,0.5566534416230723,1.0091591128857105,15.329999923706056,0.8661176887488493,0.5340884709927284,14.90999984741211
2015-08-07,0.24130893825477714,0.6062031551942206,14.729999542236328,0.5976049525257857,0.6029543727519973,14.670000076293944,-0.30655933038692057,0.597903703801708,14.829999923706056,1.309981587126834,1.2175860543592567,14.56999969482422,0.8315361862697702,1.2483328042268729,15.470000267028809
2015-08-10,-0.2804226255741021,0.37903240594751636,14.90999984741211,0.24130893825477714,0.6062031551942206,14.729999542236328,0.5976049525257857,0.6029543727519973,14.670000076293944,0.11946892258352072,0.5920782496685855,15.390000343322754,0.7884746917586954,1.250423679923002,15.890000343322754
2015-08-11,-0.45640272766171375,0.4438239920672611,15.470000267028809,-0.2804226255741021,0.37903240594751636,14.90999984741211,0.24130893825477714,0.6062031551942206,14.729999542236328,-0.30655933038692057,0.597903703801708,14.829999923706056,0.7823339190533227,1.2020711375725852,17.450000762939453
2015-08-12,-0.744648944425946,0.5418088354881992,15.890000343322754,-0.45640272766171375,0.4438239920672611,15.470000267028809,-0.2804226255741021,0.37903240594751636,14.90999984741211,0.5976049525257857,0.6029543727519973,14.670000076293944,0.8001109893688171,0.9342902784401372,17.020000457763672
2015-08-13,-1.3431174840318332,0.5850142901968651,17.450000762939453,-0.744648944425946,0.5418088354881992,15.890000343322754,-0.45640272766171375,0.4438239920672611,15.470000267028809,0.24130893825477714,0.6062031551942206,14.729999542236328,0.8558364474363938,1.243223138974398,16.020000457763672
2015-08-14,0.0766153789558186,0.5340884709927284,17.020000457763672,-1.3431174840318332,0.5850142901968651,17.450000762939453,-0.744648944425946,0.5418088354881992,15.890000343322754,-0.2804226255741021,0.37903240594751636,14.90999984741211,0.9931856791396636,0.6860636413804585,16.459999084472656
2015-08-17,1.9284270024607542,1.2483328042268729,16.020000457763672,0.0766153789558186,0.5340884709927284,17.020000457763672,-1.3431174840318332,0.5850142901968651,17.450000762939453,-0.45640272766171375,0.4438239920672611,15.470000267028809,0.9295851069548208,2.583097201079123,16.360000610351562
2015-08-18,-0.4854135797220708,1.250423679923002,16.459999084472656,1.9284270024607542,1.2483328042268729,16.020000457763672,0.0766153789558186,0.5340884709927284,17.020000457763672,-0.744648944425946,0.5418088354881992,15.890000343322754,0.9338140718977992,2.7708755132493152,16.68000030517578
2015-08-19,-0.1268897173926015,1.2020711375725852,16.360000610351562,-0.4854135797220708,1.250423679923002,16.459999084472656,1.9284270024607542,1.2483328042268729,16.020000457763672,-1.3431174840318332,0.5850142901968651,17.450000762939453,0.940687716323134,2.6091487318228084,16.979999542236328
2015-08-20,0.337237573051901,0.9342902784401372,16.68000030517578,-0.1268897173926015,1.2020711375725852,16.360000610351562,-0.4854135797220708,1.250423679923002,16.459999084472656,0.0766153789558186,0.5340884709927284,17.020000457763672,0.9005317832983808,3.1084062402814103,17.110000610351562
2015-08-21,-1.4513073495647133,1.243223138974398,16.979999542236328,0.337237573051901,0.9342902784401372,16.68000030517578,-0.1268897173926015,1.2020711375725852,16.360000610351562,1.9284270024607542,1.2483328042268729,16.020000457763672,0.8541939571642198,3.2035100758748247,28.1299991607666
2015-08-24,-0.8732870680242015,0.6860636413804585,17.110000610351562,-1.4513073495647133,1.243223138974398,16.979999542236328,0.337237573051901,0.9342902784401372,16.68000030517578,-0.4854135797220708,1.250423679923002,16.459999084472656,1.0084240422259672,1.2091516936867732,26.850000381469727
2015-08-25,-6.09725995392517,2.583097201079123,28.1299991607666,-0.8732870680242015,0.6860636413804585,17.110000610351562,-1.4513073495647133,1.243223138974398,16.979999542236328,-0.1268897173926015,1.2020711375725852,16.360000610351562,1.0601501476033337,1.666358087356805,25.520000457763672
2015-08-26,0.9139842514835899,2.7708755132493152,26.850000381469727,-6.09725995392517,2.583097201079123,28.1299991607666,-0.8732870680242015,0.6860636413804585,17.110000610351562,0.337237573051901,0.9342902784401372,16.68000030517578,2.116584195263816,1.6368604627324583,22.040000915527344
2015-08-27,-1.1338429020653107,2.6091487318228084,25.520000457763672,0.9139842514835899,2.7708755132493152,26.850000381469727,-6.09725995392517,2.583097201079123,28.1299991607666,-1.4513073495647133,1.243223138974398,16.979999542236328,1.9566747791538803,1.4378741395078178,23.32999992370605
2015-08-28,1.9961540867943228,3.1084062402814103,22.040000915527344,-1.1338429020653107,2.6091487318228084,25.520000457763672,0.9139842514835899,2.7708755132493152,26.850000381469727,-0.8732870680242015,0.6860636413804585,17.110000610351562,1.9337594198386905,1.509970566568244,24.600000381469727
2015-08-31,0.6645417343079588,3.2035100758748247,23.32999992370605,1.9961540867943228,3.1084062402814103,22.040000915527344,-1.1338429020653107,2.6091487318228084,25.520000457763672,-6.09725995392517,2.583097201079123,28.1299991607666,1.8303060290430264,1.4879154689391674,28.71999931335449
2015-09-01,-0.38377197180878236,1.2091516936867732,24.600000381469727,0.6645417343079588,3.2035100758748247,23.32999992370605,1.9961540867943228,3.1084062402814103,22.040000915527344,0.9139842514835899,2.7708755132493152,26.850000381469727,1.696070047488421,1.6975232919805816,26.649999618530277
2015-09-02,-2.353957047024599,1.666358087356805,28.71999931335449,-0.38377197180878236,1.2091516936867732,24.600000381469727,0.6645417343079588,3.2035100758748247,23.32999992370605,-1.1338429020653107,2.6091487318228084,25.520000457763672,1.6081958353132977,1.8398393496143086,24.1200008392334
2015-09-03,-0.8882308721944062,1.6368604627324583,26.649999618530277,-2.353957047024599,1.666358087356805,28.71999931335449,-0.38377197180878236,1.2091516936867732,24.600000381469727,1.9961540867943228,3.1084062402814103,22.040000915527344,1.7981354086354495,1.741682324259113,26.420000076293945
2015-09-04,1.364242522747763,1.4378741395078178,24.1200008392334,-0.8882308721944062,1.6368604627324583,26.649999618530277,-2.353957047024599,1.666358087356805,28.71999931335449,0.6645417343079588,3.2035100758748247,23.32999992370605,1.7624630878472285,1.3095346309664777,26.350000381469727
2015-09-07,-2.1702577450189775,1.509970566568244,26.420000076293945,1.364242522747763,1.4378741395078178,24.1200008392334,-0.8882308721944062,1.6368604627324583,26.649999618530277,-0.38377197180878236,1.2091516936867732,24.600000381469727,1.6584596587225129,0.9595944182160426,24.56999969482422
2015-09-08,-1.2653113658095734,1.4879154689391674,26.350000381469727,-2.1702577450189775,1.509970566568244,26.420000076293945,1.364242522747763,1.4378741395078178,24.1200008392334,-2.353957047024599,1.666358087356805,28.71999931335449,1.81484158936714,0.9675474942500826,24.299999237060547
2015-09-09,1.6980767754825463,1.6975232919805816,24.56999969482422,-1.2653113658095734,1.4879154689391674,26.350000381469727,-2.1702577450189775,1.509970566568244,26.420000076293945,-0.8882308721944062,1.6368604627324583,26.649999618530277,1.8264784245121004,0.7349403636604444,24.75
2015-09-10,1.6812333537542277,1.8398393496143086,24.299999237060547,1.6980767754825463,1.6975232919805816,24.56999969482422,-1.2653113658095734,1.4879154689391674,26.350000381469727,1.364242522747763,1.4378741395078178,24.1200008392334,1.7258990446733786,0.7238130970570309,24.979999542236328
2015-09-11,-0.39085826532683093,1.741682324259113,24.75,1.6812333537542277,1.8398393496143086,24.299999237060547,1.6980767754825463,1.6975232919805816,24.56999969482422,-2.1702577450189775,1.509970566568244,26.420000076293945,1.6363683655656414,0.7369099297059024,24.31999969482422
2015-09-14,0.015403174356981988,1.3095346309664777,24.979999542236328,-0.39085826532683093,1.741682324259113,24.75,1.6812333537542277,1.8398393496143086,24.299999237060547,-1.2653113658095734,1.4879154689391674,26.350000381469727,1.5561553498548362,1.2689638521311082,23.739999771118164
2015-09-15,1.0592945398427487,0.9595944182160426,24.31999969482422,0.015403174356981988,1.3095346309664777,24.979999542236328,-0.39085826532683093,1.741682324259113,24.75,1.6980767754825463,1.6975232919805816,24.56999969482422,1.4347759963010316,1.2684478622379254,22.0
2015-09-16,-0.549634403468119,0.9675474942500826,23.739999771118164,1.0592945398427487,0.9595944182160426,24.31999969482422,0.015403174356981988,1.3095346309664777,24.979999542236328,1.6812333537542277,1.8398393496143086,24.299999237060547,1.3575094463048396,1.1941286845061976,18.290000915527344
2015-09-18,0.8907573043561995,0.7349403636604444,22.0,-0.549634403468119,0.9675474942500826,23.739999771118164,1.0592945398427487,0.9595944182160426,24.31999969482422,-0.39085826532683093,1.741682324259113,24.75,1.328426388036133,1.0485280914843766,18.18000030517578
2015-09-21,1.0421319740291772,0.7238130970570309,18.290000915527344,0.8907573043561995,0.7349403636604444,22.0,-0.549634403468119,0.9675474942500826,23.739999771118164,0.015403174356981988,1.3095346309664777,24.979999542236328,1.2571018633242088,1.1518068377462867,20.350000381469727
2015-09-22,-0.060151699131815166,0.7369099297059024,18.18000030517578,1.0421319740291772,0.7238130970570309,18.290000915527344,0.8907573043561995,0.7349403636604444,22.0,1.0592945398427487,0.9595944182160426,24.31999969482422,1.1982376381360598,0.8200559986567015,20.690000534057617
2015-09-23,-2.0913936119176793,1.2689638521311082,20.350000381469727,-0.060151699131815166,0.7369099297059024,18.18000030517578,1.0421319740291772,0.7238130970570309,18.290000915527344,-0.549634403468119,0.9675474942500826,23.739999771118164,1.1241862858805045,0.8296139226244326,20.8799991607666
2015-09-24,0.4336486972064778,1.2684478622379254,20.690000534057617,-2.0913936119176793,1.2689638521311082,20.350000381469727,-0.060151699131815166,0.7369099297059024,18.18000030517578,0.8907573043561995,0.7349403636604444,22.0,1.3417319295647971,1.1669983289348376,21.670000076293945
2015-09-28,0.28699470722847764,1.1941286845061976,20.8799991607666,0.4336486972064778,1.2684478622379254,20.690000534057617,-2.0913936119176793,1.2689638521311082,20.350000381469727,1.0421319740291772,0.7238130970570309,18.290000915527344,1.2542323656575374,0.8229124753002302,21.56999969482422
2015-09-29,-0.9295122372462671,1.0485280914843766,21.670000076293945,0.28699470722847764,1.1941286845061976,20.8799991607666,0.4336486972064778,1.2684478622379254,20.690000534057617,-0.060151699131815166,0.7369099297059024,18.18000030517578,1.1712000681055712,0.8605705204559574,19.6299991607666
2015-09-30,0.6087314580231289,1.1518068377462867,21.56999969482422,-0.9295122372462671,1.0485280914843766,21.670000076293945,0.28699470722847764,1.1941286845061976,20.8799991607666,-2.0913936119176793,1.2689638521311082,20.350000381469727,1.2128394588010718,0.9991820842277312,19.239999771118164
2015-10-01,1.3373902761021441,0.8200559986567015,19.6299991607666,0.6087314580231289,1.1518068377462867,21.56999969482422,-0.9295122372462671,1.0485280914843766,21.670000076293945,0.4336486972064778,1.2684478622379254,20.690000534057617,1.144460451096398,0.9741999282729142,19.1299991607666
2015-10-05,0.02515754959328041,0.8296139226244326,19.239999771118164,1.3373902761021441,0.8200559986567015,19.6299991607666,0.6087314580231289,1.1518068377462867,21.56999969482422,0.28699470722847764,1.1941286845061976,20.8799991607666,1.1070202801687283,0.6032688517967323,19.309999465942383
2015-10-06,2.095880198216427,1.1669983289348376,19.1299991607666,0.02515754959328041,0.8296139226244326,19.239999771118164,1.3373902761021441,0.8200559986567015,19.6299991607666,-0.9295122372462671,1.0485280914843766,21.670000076293945,1.0316939220557837,0.5724664777772607,19.34000015258789
2015-10-07,0.4129760698013392,0.8229124753002302,19.309999465942383,2.095880198216427,1.1669983289348376,19.1299991607666,0.02515754959328041,0.8296139226244326,19.239999771118164,0.6087314580231289,1.1518068377462867,21.56999969482422,1.0314006953710029,0.5418965260060918,19.559999465942383
2015-10-08,0.3000559533489925,0.8605705204559574,19.34000015258789,0.4129760698013392,0.8229124753002302,19.309999465942383,2.095880198216427,1.1669983289348376,19.1299991607666,1.3373902761021441,0.8200559986567015,19.6299991607666,0.9749457696366928,0.646215617135956,18.93000030517578
2015-10-09,-0.589325816039762,0.9991820842277312,19.559999465942383,0.3000559533489925,0.8605705204559574,19.34000015258789,0.4129760698013392,0.8229124753002302,19.309999465942383,0.02515754959328041,0.8296139226244326,19.239999771118164,0.920316967973957,0.6402870796304565,19.1200008392334
2015-10-12,0.7396309429230271,0.9741999282729142,18.93000030517578,-0.589325816039762,0.9991820842277312,19.559999465942383,0.3000559533489925,0.8605705204559574,19.34000015258789,2.095880198216427,1.1669983289348376,19.1299991607666,0.942440710245853,0.519067646093638,18.020000457763672
2015-10-13,-0.5644936325841478,0.6032688517967323,19.1200008392334,0.7396309429230271,0.9741999282729142,18.93000030517578,-0.589325816039762,0.9991820842277312,19.559999465942383,0.4129760698013392,0.8229124753002302,19.309999465942383,0.9053122893696168,0.5226587161103439,17.719999313354492
2015-10-14,-0.14623268695636496,0.5724664777772607,18.020000457763672,-0.5644936325841478,0.6032688517967323,19.1200008392334,0.7396309429230271,0.9741999282729142,18.93000030517578,0.3000559533489925,0.8605705204559574,19.34000015258789,0.9256013753197868,0.4758876634660958,17.170000076293945
2015-10-15,-0.2931144839264699,0.5418965260060918,17.719999313354492,-0.14623268695636496,0.5724664777772607,18.020000457763672,-0.5644936325841478,0.6032688517967323,19.1200008392334,-0.589325816039762,0.9991820842277312,19.559999465942383,0.889331476297684,0.3982283953109917,16.270000457763672
2015-10-16,0.8792141080753623,0.646215617135956,17.170000076293945,-0.2931144839264699,0.5418965260060918,17.719999313354492,-0.14623268695636496,0.5724664777772607,18.020000457763672,0.7396309429230271,0.9741999282729142,18.93000030517578,0.8753353533594932,0.41326139433427395,16.8799991607666
2015-10-19,0.7144827515608405,0.6402870796304565,16.270000457763672,0.8792141080753623,0.646215617135956,17.170000076293945,-0.2931144839264699,0.5418965260060918,17.719999313354492,-0.5644936325841478,0.6032688517967323,19.1200008392334,0.8492229432853354,0.37363590828536375,17.0
2015-10-20,0.44690883706706697,0.519067646093638,16.8799991607666,0.7144827515608405,0.6402870796304565,16.270000457763672,0.8792141080753623,0.646215617135956,17.170000076293945,-0.14623268695636496,0.5724664777772607,18.020000457763672,0.8200809602680454,0.47639793994532215,16.6200008392334
2015-10-21,-0.16205672034621202,0.5226587161103439,17.0,0.44690883706706697,0.519067646093638,16.8799991607666,0.7144827515608405,0.6402870796304565,16.270000457763672,-0.2931144839264699,0.5418965260060918,17.719999313354492,0.7847931634562936,0.5205012443429764,16.190000534057617
2015-10-23,-0.12051093404612867,0.4758876634660958,16.6200008392334,-0.16205672034621202,0.5226587161103439,17.0,0.44690883706706697,0.519067646093638,16.8799991607666,0.8792141080753623,0.646215617135956,17.170000076293945,0.7636758256504388,0.1841494582621734,17.229999542236328
2015-10-26,0.5287931868963475,0.3982283953109917,16.190000534057617,-0.12051093404612867,0.4758876634660958,16.6200008392334,-0.16205672034621202,0.5226587161103439,17.0,0.7144827515608405,0.6402870796304565,16.270000457763672,0.7391581392960757,0.24792694219026598,16.540000915527344
2015-10-27,-0.42160476348582177,0.41326139433427395,17.229999542236328,0.5287931868963475,0.3982283953109917,16.190000534057617,-0.12051093404612867,0.4758876634660958,16.6200008392334,0.44690883706706697,0.519067646093638,16.8799991607666,0.713860671967937,0.3801135210352482,17.040000915527344
2015-10-28,-0.3352778179937369,0.37363590828536375,16.540000915527344,-0.42160476348582177,0.41326139433427395,17.229999542236328,0.5287931868963475,0.3982283953109917,16.190000534057617,-0.16205672034621202,0.5226587161103439,17.0,0.7333859924618317,0.3347069960996605,17.579999923706055
2015-10-29,-0.7522568634822208,0.47639793994532215,17.040000915527344,-0.3352778179937369,0.37363590828536375,16.540000915527344,-0.42160476348582177,0.41326139433427395,17.229999542236328,-0.12051093404612867,0.4758876634660958,16.6200008392334,0.7395426911874783,0.44808266610541225,17.8799991607666
2015-10-30,-0.7302172980297642,0.5205012443429764,17.579999923706055,-0.7522568634822208,0.47639793994532215,17.040000915527344,-0.3352778179937369,0.37363590828536375,16.540000915527344,0.5287931868963475,0.3982283953109917,16.190000534057617,0.8025573303887181,0.4610225235715598,19.479999542236328
2015-11-02,-0.5680751342262694,0.1841494582621734,17.8799991607666,-0.7302172980297642,0.5205012443429764,17.579999923706055,-0.7522568634822208,0.47639793994532215,17.040000915527344,-0.42160476348582177,0.41326139433427395,17.229999542236328,0.8560024741743739,0.466047736544649,19.559999465942383
2015-11-03,-0.18614353765358402,0.24792694219026598,19.479999542236328,-0.5680751342262694,0.1841494582621734,17.8799991607666,-0.7302172980297642,0.5205012443429764,17.579999923706055,-0.3352778179937369,0.37363590828536375,16.540000915527344,0.8816978593834616,0.6709415420191338,19.36000061035156
2015-11-04,0.12289844981697455,0.3801135210352482,19.559999465942383,-0.18614353765358402,0.24792694219026598,19.479999542236328,-0.5680751342262694,0.1841494582621734,17.8799991607666,-0.7522568634822208,0.47639793994532215,17.040000915527344,0.8546702434728757,0.6681857132999478,19.290000915527344
2015-11-05,-0.25464428174963505,0.3347069960996605,19.36000061035156,0.12289844981697455,0.3801135210352482,19.559999465942383,-0.18614353765358402,0.24792694219026598,19.479999542236328,-0.7302172980297642,0.5205012443429764,17.579999923706055,0.8056403107776335,0.8290948300486135,19.46999931335449
2015-11-06,-1.0596729858654794,0.44808266610541225,19.290000915527344,-0.25464428174963505,0.3347069960996605,19.36000061035156,0.12289844981697455,0.3801135210352482,19.559999465942383,-0.5680751342262694,0.1841494582621734,17.8799991607666,0.7945509794917245,0.8919301132953961,17.040000915527344
2015-11-09,-0.014461454479229209,0.4610225235715598,19.46999931335449,-1.0596729858654794,0.44808266610541225,19.290000915527344,-0.25464428174963505,0.3347069960996605,19.36000061035156,-0.18614353765358402,0.24792694219026598,19.479999542236328,0.8964443087906547,1.0152397119747856,16.829999923706055
2015-11-10,-0.4927652224989373,0.466047736544649,17.040000915527344,-0.014461454479229209,0.4610225235715598,19.46999931335449,-1.0596729858654794,0.44808266610541225,19.290000915527344,0.12289844981697455,0.3801135210352482,19.559999465942383,0.84640521237469,1.038588806139348,17.649999618530273
2015-11-13,-1.6798136847989233,0.6709415420191338,16.829999923706055,-0.4927652224989373,0.466047736544649,17.040000915527344,-0.014461454479229209,0.4610225235715598,19.46999931335449,-0.25464428174963505,0.3347069960996605,19.36000061035156,0.8628846245478506,1.0119112357231197,17.8799991607666
2015-11-16,-0.27146086971354116,0.6681857132999478,17.649999618530273,-1.6798136847989233,0.6709415420191338,16.829999923706055,-0.4927652224989373,0.466047736544649,17.040000915527344,-1.0596729858654794,0.44808266610541225,19.290000915527344,1.052048861226838,1.0015189978828676,16.969999313354492
2015-11-17,0.5697301642988936,0.8290948300486135,17.8799991607666,-0.27146086971354116,0.6681857132999478,17.649999618530273,-1.6798136847989233,0.6709415420191338,16.829999923706055,-0.014461454479229209,0.4610225235715598,19.46999931335449,1.01931401120322,0.9955524923975289,17.420000076293945
2015-11-18,0.39567183391247834,0.8919301132953961,16.969999313354492,0.5697301642988936,0.8290948300486135,17.8799991607666,-0.27146086971354116,0.6681857132999478,17.649999618530273,-0.4927652224989373,0.466047736544649,17.040000915527344,0.96914809305504,0.6714768210447188,15.84000015258789
2015-11-19,-1.3584591382027575,1.0152397119747856,17.420000076293945,0.39567183391247834,0.8919301132953961,16.969999313354492,0.5697301642988936,0.8290948300486135,17.8799991607666,-1.6798136847989233,0.6709415420191338,16.829999923706055,0.9181829389667706,0.4372709493866716,15.899999618530272
2015-11-20,1.4247868942778303,1.038588806139348,15.84000015258789,-1.3584591382027575,1.0152397119747856,17.420000076293945,0.39567183391247834,0.8919301132953961,16.969999313354492,-0.27146086971354116,0.6681857132999478,17.649999618530273,1.0501931221259404,0.4649652908904413,17.079999923706055
2015-11-23,0.17580157603643015,1.0119112357231197,15.899999618530272,1.4247868942778303,1.038588806139348,15.84000015258789,-1.3584591382027575,1.0152397119747856,17.420000076293945,0.5697301642988936,0.8290948300486135,17.8799991607666,1.0252570944882184,0.4354519620082553,16.25
2015-11-24,-0.09295680963622142,1.0015189978828676,17.079999923706055,0.17580157603643015,1.0119112357231197,15.899999618530272,1.4247868942778303,1.038588806139348,15.84000015258789,0.39567183391247834,0.8919301132953961,16.969999313354492,0.9617335761581586,0.4563020758347213,16.690000534057617
2015-11-26,-0.22511419581774497,0.9955524923975289,16.25,-0.09295680963622142,1.0015189978828676,17.079999923706055,0.17580157603643015,1.0119112357231197,15.899999618530272,-1.3584591382027575,1.0152397119747856,17.420000076293945,0.9152918679359272,0.5965417135249754,16.729999542236328
2015-11-27,0.6643152490718722,0.6714768210447188,16.690000534057617,-0.22511419581774497,0.9955524923975289,16.25,-0.09295680963622142,1.0015189978828676,17.079999923706055,1.4247868942778303,1.038588806139348,15.84000015258789,0.8900477293628534,0.5363469966821377,16.43000030517578
2015-11-30,0.744329606182762,0.4372709493866716,16.729999542236328,0.6643152490718722,0.6714768210447188,16.690000534057617,-0.22511419581774497,0.9955524923975289,16.25,0.17580157603643015,1.0119112357231197,15.899999618530272,0.8554216721237309,0.5213538996034823,15.640000343322754
2015-12-01,-0.0938432954834984,0.4649652908904413,16.43000030517578,0.744329606182762,0.4372709493866716,16.729999542236328,0.6643152490718722,0.6714768210447188,16.690000534057617,-0.09295680963622142,1.0015189978828676,17.079999923706055,0.8266922133158736,0.3701979797572706,15.489999771118164
2015-12-02,0.24732192560477395,0.4354519620082553,15.640000343322754,-0.0938432954834984,0.4649652908904413,16.43000030517578,0.744329606182762,0.4372709493866716,16.729999542236328,-0.22511419581774497,0.9955524923975289,16.25,0.7930686026987183,0.36839187499846254,16.059999465942383
2015-12-03,-0.2964805657454975,0.4563020758347213,15.489999771118164,0.24732192560477395,0.4354519620082553,15.640000343322754,-0.0938432954834984,0.4649652908904413,16.43000030517578,0.6643152490718722,0.6714768210447188,16.690000534057617,0.753695737514846,0.8603050009188965,16.09000015258789
2015-12-04,-0.8508828559286394,0.5965417135249754,16.059999465942383,-0.2964805657454975,0.4563020758347213,15.489999771118164,0.24732192560477395,0.4354519620082553,15.640000343322754,0.744329606182762,0.4372709493866716,16.729999542236328,0.7528639946659174,0.8444797178483666,15.869999885559082
2015-12-07,-1.0513932743920034,0.5363469966821377,16.09000015258789,-0.8508828559286394,0.5965417135249754,16.059999465942383,-0.2964805657454975,0.4563020758347213,15.489999771118164,-0.0938432954834984,0.4649652908904413,16.43000030517578,0.8286845149979807,0.9515197798667027,15.970000267028809
2015-12-08,-0.21225558652615326,0.5213538996034823,15.869999885559082,-1.0513932743920034,0.5363469966821377,16.09000015258789,-0.8508828559286394,0.5965417135249754,16.059999465942383,0.24732192560477395,0.4354519620082553,15.640000343322754,0.925497419084557,0.978511943881691,16.729999542236328
2015-12-09,-0.8236846826399093,0.3701979797572706,15.970000267028809,-0.21225558652615326,0.5213538996034823,15.869999885559082,-1.0513932743920034,0.5363469966821377,16.09000015258789,-0.2964805657454975,0.4563020758347213,15.489999771118164,0.8976293000263245,0.7487406736524438,16.290000915527344
2015-12-10,-1.1649476035916928,0.36839187499846254,16.729999542236328,-0.8236846826399093,0.3701979797572706,15.970000267028809,-0.21225558652615326,0.5213538996034823,15.869999885559082,-0.8508828559286394,0.5965417135249754,16.059999465942383,0.9542886884940228,0.8078256295112259,17.18000030517578
2015-12-11,0.9257483913935133,0.8603050009188965,16.290000915527344,-1.1649476035916928,0.36839187499846254,16.729999542236328,-0.8236846826399093,0.3701979797572706,15.970000267028809,-1.0513932743920034,0.5363469966821377,16.09000015258789,1.053392838238756,0.8516813165772648,17.799999237060547
2015-12-14,-0.9526788440796045,0.8444797178483666,17.18000030517578,0.9257483913935133,0.8603050009188965,16.290000915527344,-1.1649476035916928,0.36839187499846254,16.729999542236328,-0.21225558652615326,0.5213538996034823,15.869999885559082,1.0115425744484627,0.8858445801520759,17.34000015258789
2015-12-15,0.5189829724764106,0.9515197798667027,17.799999237060547,-0.9526788440796045,0.8444797178483666,17.18000030517578,0.9257483913935133,0.8603050009188965,16.290000915527344,-0.8236846826399093,0.3701979797572706,15.970000267028809,1.073973310552376,0.9969608964542134,16.729999542236328
2015-12-16,0.6625034231155874,0.978511943881691,17.34000015258789,0.5189829724764106,0.9515197798667027,17.799999237060547,-0.9526788440796045,0.8444797178483666,17.18000030517578,-1.1649476035916928,0.36839187499846254,16.729999542236328,1.0167556172494212,1.0495083929382047,14.220000267028809
2015-12-17,0.6471760590641962,0.7487406736524438,16.729999542236328,0.6625034231155874,0.978511943881691,17.34000015258789,0.5189829724764106,0.9515197798667027,17.799999237060547,0.9257483913935133,0.8603050009188965,16.290000915527344,0.9698748444181122,0.9217661357596096,14.489999771118164
2015-12-18,1.198458682397359,0.8078256295112259,14.220000267028809,0.6471760590641962,0.7487406736524438,16.729999542236328,0.6625034231155874,0.978511943881691,17.34000015258789,-0.9526788440796045,0.8444797178483666,17.18000030517578,0.9270590938880576,0.7221739665985104,14.229999542236328
2015-12-21,-1.0559923429662534,0.8516813165772648,14.489999771118164,1.198458682397359,0.8078256295112259,14.220000267028809,0.6471760590641962,0.7487406736524438,16.729999542236328,0.5189829724764106,0.9515197798667027,17.799999237060547,0.9066859088099104,0.6712819973386339,14.479999542236328
2015-12-22,0.9297083993681328,0.8858445801520759,14.229999542236328,-1.0559923429662534,0.8516813165772648,14.489999771118164,1.198458682397359,0.8078256295112259,14.220000267028809,0.6625034231155874,0.978511943881691,17.34000015258789,0.9954079967245194,0.6088650537371934,13.649999618530272
2015-12-23,-0.6190595230165719,0.9969608964542134,14.479999542236328,0.9297083993681328,0.8858445801520759,14.229999542236328,-1.0559923429662534,0.8516813165772648,14.489999771118164,0.6471760590641962,0.7487406736524438,16.729999542236328,0.9594194844607176,0.5073665887986557,13.75
2015-12-24,1.0203237135106906,1.0495083929382047,13.649999618530272,-0.6190595230165719,0.9969608964542134,14.479999542236328,0.9297083993681328,0.8858445801520759,14.229999542236328,1.198458682397359,0.8078256295112259,14.220000267028809,0.9815726772299602,1.1131761217101857,14.399999618530272
2015-12-28,-0.062318188892869955,0.9217661357596096,13.75,1.0203237135106906,1.0495083929382047,13.649999618530272,-0.6190595230165719,0.9969608964542134,14.479999542236328,-1.0559923429662534,0.8516813165772648,14.489999771118164,0.9499447428957344,0.9776710019657995,14.239999771118164
2015-12-29,0.8121074246974173,0.7221739665985104,14.399999618530272,-0.062318188892869955,0.9217661357596096,13.75,1.0203237135106906,1.0495083929382047,13.649999618530272,0.9297083993681328,0.8858445801520759,14.229999542236328,0.90080196782286,0.9521214354137356,14.350000381469728
2015-12-30,0.04794082310730862,0.6712819973386339,14.239999771118164,0.8121074246974173,0.7221739665985104,14.399999618530272,-0.062318188892869955,0.9217661357596096,13.75,-0.6190595230165719,0.9969608964542134,14.479999542236328,0.8700485627865697,1.2347237324684581,13.869999885559082
2015-12-31,-0.4132679706995248,0.6088650537371934,14.350000381469728,0.04794082310730862,0.6712819973386339,14.239999771118164,0.8121074246974173,0.7221739665985104,14.399999618530272,1.0203237135106906,1.0495083929382047,13.649999618530272,0.8171762613058392,1.1775467678694236,16.84000015258789
2016-01-04,0.6324752800432644,0.5073665887986557,13.869999885559082,-0.4132679706995248,0.6088650537371934,14.350000381469728,0.04794082310730862,0.6712819973386339,14.239999771118164,-0.062318188892869955,0.9217661357596096,13.75,0.8258542141286778,1.0115575551780378,16.700000762939453
2016-01-05,-1.9705014523420223,1.1131761217101857,16.84000015258789,0.6324752800432644,0.5073665887986557,13.869999885559082,-0.4132679706995248,0.6088650537371934,14.350000381469728,0.8121074246974173,0.7221739665985104,14.399999618530272,0.7961578797691397,0.9710229783890141,16.549999237060547
2016-01-06,-0.08538680302466864,0.9776710019657995,16.700000762939453,-1.9705014523420223,1.1131761217101857,16.84000015258789,0.6324752800432644,0.5073665887986557,13.869999885559082,0.04794082310730862,0.6712819973386339,14.239999771118164,1.0438342330829395,1.1638396281655055,18.959999084472656
2016-01-07,-0.5622955254962513,0.9521214354137356,16.549999237060547,-0.08538680302466864,0.9776710019657995,16.700000762939453,-1.9705014523420223,1.1131761217101857,16.84000015258789,-0.4132679706995248,0.6088650537371934,14.350000381469728,0.9884468854589394,0.6118363852544773,17.799999237060547
2016-01-08,-2.2562432473354943,1.2347237324684581,18.959999084472656,-0.5622955254962513,0.9521214354137356,16.549999237060547,-0.08538680302466864,0.9776710019657995,16.700000762939453,0.6324752800432644,0.5073665887986557,13.869999885559082,1.000030083920184,0.7321998810007383,18.690000534057617
2016-01-11,0.4357430194614917,1.1775467678694236,17.799999237060547,-2.2562432473354943,1.2347237324684581,18.959999084472656,-0.5622955254962513,0.9521214354137356,16.549999237060547,-1.9705014523420223,1.1131761217101857,16.84000015258789,1.2628958906463223,0.8053781460460663,18.709999084472656
2016-01-12,-0.49455432107058095,1.0115575551780378,18.690000534057617,0.4357430194614917,1.1775467678694236,17.799999237060547,-2.2562432473354943,1.2347237324684581,18.959999084472656,-0.08538680302466864,0.9776710019657995,16.700000762939453,1.183742409385672,1.0966734112923266,18.350000381469727
2016-01-13,-0.7104947023205757,0.9710229783890141,18.709999084472656,-0.49455432107058095,1.0115575551780378,18.690000534057617,0.4357430194614917,1.1775467678694236,17.799999237060547,-0.5622955254962513,0.9521214354137356,16.549999237060547,1.1661831688974602,1.1324516441171149,18.61000061035156
2016-01-14,0.691320150571891,1.1638396281655055,18.350000381469727,-0.7104947023205757,0.9710229783890141,18.709999084472656,-0.49455432107058095,1.0115575551780378,18.690000534057617,-2.2562432473354943,1.2347237324684581,18.959999084472656,1.1788639618661187,1.1253946827638495,19.420000076293945
2016-01-15,-0.33909243778356984,0.6118363852544773,18.61000061035156,0.691320150571891,1.1638396281655055,18.350000381469727,-0.7104947023205757,0.9710229783890141,18.709999084472656,0.4357430194614917,1.1775467678694236,17.799999237060547,1.116658925644863,1.5573717900429134,20.229999542236328
2016-01-18,-1.3222582904531206,0.7321998810007383,19.420000076293945,-0.33909243778356984,0.6118363852544773,18.61000061035156,0.691320150571891,1.1638396281655055,18.350000381469727,-0.49455432107058095,1.0115575551780378,18.690000534057617,1.0860260594023856,1.4231052730659013,18.43000030517578
2016-01-19,-1.173872154132596,0.8053781460460663,20.229999542236328,-1.3222582904531206,0.7321998810007383,19.420000076293945,-0.33909243778356984,0.6118363852544773,18.61000061035156,-0.7104947023205757,0.9710229783890141,18.709999084472656,1.1925170759584454,1.3296933917046478,20.96999931335449
2016-01-20,1.1375684463334865,1.0966734112923266,18.43000030517578,-1.173872154132596,0.8053781460460663,20.229999542236328,-1.3222582904531206,0.7321998810007383,19.420000076293945,0.691320150571891,1.1638396281655055,18.350000381469727,1.2654773028337578,0.9619417224308134,20.809999465942383
2016-01-21,-1.7064559633827974,1.1324516441171149,20.96999931335449,1.1375684463334865,1.0966734112923266,18.43000030517578,-1.173872154132596,0.8053781460460663,20.229999542236328,-0.33909243778356984,0.6118363852544773,18.61000061035156,1.2088613663516916,1.0536873792427708,18.81999969482422
2016-01-22,-0.4456304927870771,1.1253946827638495,20.809999465942383,-1.7064559633827974,1.1324516441171149,20.96999931335449,1.1375684463334865,1.0966734112923266,18.43000030517578,-1.3222582904531206,0.7321998810007383,19.420000076293945,1.3563771996299516,0.8478804532820005,18.270000457763672
2016-01-25,1.9818039378412728,1.5573717900429134,18.81999969482422,-0.4456304927870771,1.1253946827638495,20.809999465942383,-1.7064559633827974,1.1324516441171149,20.96999931335449,-1.173872154132596,0.8053781460460663,20.229999542236328,1.314083593887013,1.145962265533734,19.059999465942383
2016-01-27,0.1844010986664008,1.4231052730659013,18.270000457763672,1.9818039378412728,1.5573717900429134,18.81999969482422,-0.4456304927870771,1.1253946827638495,20.809999465942383,1.1375684463334865,1.0966734112923266,18.43000030517578,1.2802690958547231,1.29002290814922,17.899999618530273
2016-01-28,0.02151550935434428,1.3296933917046478,19.059999465942383,0.1844010986664008,1.4231052730659013,18.270000457763672,1.9818039378412728,1.5573717900429134,18.81999969482422,-1.7064559633827974,1.1324516441171149,20.96999931335449,1.1912445992806209,1.3367370916719057,17.239999771118164
2016-01-29,-0.17628513745914778,0.9619417224308134,17.899999618530273,0.02151550935434428,1.3296933917046478,19.059999465942383,0.1844010986664008,1.4231052730659013,18.270000457763672,-0.4456304927870771,1.1253946827638495,20.809999465942383,1.1078639912680166,1.099752836843533,17.889999389648438
2016-02-01,1.85350984938957,1.0536873792427708,17.239999771118164,-0.17628513745914778,0.9619417224308134,17.899999618530273,0.02151550935434428,1.3296933917046478,19.059999465942383,1.9818039378412728,1.5573717900429134,18.81999969482422,1.0574697617428366,1.212305288667596,18.040000915527344
2016-02-02,-0.1005272663116682,0.8478804532820005,17.889999389648438,1.85350984938957,1.0536873792427708,17.239999771118164,-0.17628513745914778,0.9619417224308134,17.899999618530273,0.1844010986664008,1.4231052730659013,18.270000457763672,1.0462672595879143,1.1905768920045883,18.59000015258789
2016-02-03,-1.3376662920665905,1.145962265533734,18.040000915527344,-0.1005272663116682,0.8478804532820005,17.889999389648438,1.85350984938957,1.0536873792427708,17.239999771118164,0.02151550935434428,1.3296933917046478,19.059999465942383,0.992529265693108,1.1691261594986282,18.209999084472656
2016-02-04,-1.265425376128662,1.29002290814922,18.59000015258789,-1.3376662920665905,1.145962265533734,18.040000915527344,-0.1005272663116682,0.8478804532820005,17.889999389648438,-0.17628513745914778,0.9619417224308134,17.899999618530273,1.112432038102088,1.6003534551801961,18.11000061035156
2016-02-05,0.5715953184809051,1.3367370916719057,18.209999084472656,-1.265425376128662,1.29002290814922,18.59000015258789,-1.3376662920665905,1.145962265533734,18.040000915527344,1.85350984938957,1.0536873792427708,17.239999771118164,1.207637758186622,1.2397650487564664,20.26000022888184
2016-02-08,1.1428248424226506,1.099752836843533,18.11000061035156,0.5715953184809051,1.3367370916719057,18.209999084472656,-1.265425376128662,1.29002290814922,18.59000015258789,-0.1005272663116682,0.8478804532820005,17.889999389648438,1.1385918968360156,2.171949749074616,21.729999542236328
2016-02-09,-1.369310192342526,1.212305288667596,20.26000022888184,1.1428248424226506,1.099752836843533,18.11000061035156,0.5715953184809051,1.3367370916719057,18.209999084472656,-1.3376662920665905,1.145962265533734,18.040000915527344,1.0953075212037424,2.206641167271037,22.46999931335449
2016-02-10,-1.2127772043135017,1.1905768920045883,21.729999542236328,-1.369310192342526,1.212305288667596,20.26000022888184,1.1428248424226506,1.099752836843533,18.11000061035156,-1.265425376128662,1.29002290814922,18.59000015258789,1.207506968793956,2.285184824335004,25.96999931335449
2016-02-11,-1.1368534484495036,1.1691261594986282,22.46999931335449,-1.2127772043135017,1.1905768920045883,21.729999542236328,-1.369310192342526,1.212305288667596,20.26000022888184,0.5715953184809051,1.3367370916719057,18.209999084472656,1.284172800991243,1.5382864196929582,24.670000076293945
2016-02-12,-3.373336331978199,1.6003534551801961,25.96999931335449,-1.1368534484495036,1.1691261594986282,22.46999931335449,-1.2127772043135017,1.1905768920045883,21.729999542236328,1.1428248424226506,1.099752836843533,18.11000061035156,1.341429409208928,1.523317634608823,22.3799991607666
2016-02-15,0.06591672782349067,1.2397650487564664,24.670000076293945,-3.373336331978199,1.6003534551801961,25.96999931335449,-1.1368534484495036,1.1691261594986282,22.46999931335449,-1.369310192342526,1.212305288667596,20.26000022888184,1.7337933197096136,1.0801379194947078,23.040000915527344
2016-02-16,2.5736895916613713,2.171949749074616,22.3799991607666,0.06591672782349067,1.2397650487564664,24.670000076293945,-3.373336331978199,1.6003534551801961,25.96999931335449,-1.2127772043135017,1.1905768920045883,21.729999542236328,1.591609737105235,1.1343076770281173,21.82999992370605
2016-02-17,-1.614257549907488,2.206641167271037,23.040000915527344,2.5736895916613713,2.171949749074616,22.3799991607666,0.06591672782349067,1.2397650487564664,24.670000076293945,-1.1368534484495036,1.1691261594986282,22.46999931335449,1.5468103652779646,1.2149473331502796,21.489999771118164
2016-02-18,0.8504885651830765,2.285184824335004,21.82999992370605,-1.614257549907488,2.206641167271037,23.040000915527344,2.5736895916613713,2.171949749074616,22.3799991607666,-3.373336331978199,1.6003534551801961,25.96999931335449,1.638718336275914,0.9208496265679279,20.920000076293945
2016-02-19,1.1650291007518507,1.5382864196929582,21.489999771118164,0.8504885651830765,2.285184824335004,21.82999992370605,-1.614257549907488,2.206641167271037,23.040000915527344,0.06591672782349067,1.2397650487564664,24.670000076293945,1.532199526138644,1.08336601708639,21.020000457763672
2016-02-22,0.2638432358562314,1.523317634608823,20.920000076293945,1.1650291007518507,1.5382864196929582,21.489999771118164,0.8504885651830765,2.285184824335004,21.82999992370605,2.5736895916613713,2.171949749074616,22.3799991607666,1.4476918171179372,0.9780676302579777,23.84000015258789
2016-02-23,0.32951654232690797,1.0801379194947078,21.020000457763672,0.2638432358562314,1.523317634608823,20.920000076293945,1.1650291007518507,1.5382864196929582,21.489999771118164,-1.614257549907488,2.206641167271037,23.040000915527344,1.3434302335178936,1.8495287137473293,22.959999084472656
2016-02-24,-1.7429210300505937,1.1343076770281173,23.84000015258789,0.32951654232690797,1.0801379194947078,21.020000457763672,0.2638432358562314,1.523317634608823,20.920000076293945,0.8504885651830765,2.285184824335004,21.82999992370605,1.2524124704150077,1.7189629254003649,22.75
2016-02-25,-1.28608796700014,1.2149473331502796,22.959999084472656,-1.7429210300505937,1.1343076770281173,23.84000015258789,0.32951654232690797,1.0801379194947078,21.020000457763672,1.1650291007518507,1.5382864196929582,21.489999771118164,1.399733262981537,1.4466505739433198,21.8700008392334
2016-02-26,-0.6876725240095017,0.9208496265679279,22.75,-1.28608796700014,1.2149473331502796,22.959999084472656,-1.7429210300505937,1.1343076770281173,23.84000015258789,0.2638432358562314,1.523317634608823,20.920000076293945,1.4640106932241477,1.5468851929160339,20.15999984741211
2016-02-29,0.8449825021575584,1.08336601708639,21.8700008392334,-0.6876725240095017,0.9208496265679279,22.75,-1.28608796700014,1.2149473331502796,22.959999084472656,0.32951654232690797,1.0801379194947078,21.020000457763672,1.440976685552772,1.378168750891909,18.670000076293945
2016-03-01,-0.6092735574228962,0.9780676302579777,20.15999984741211,0.8449825021575584,1.08336601708639,21.8700008392334,-0.6876725240095017,0.9208496265679279,22.75,-1.7429210300505937,1.1343076770281173,23.84000015258789,1.3560923871189414,0.8635874571858181,18.989999771118164
2016-03-02,3.3115026950881967,1.8495287137473293,18.670000076293945,-0.6092735574228962,0.9780676302579777,20.15999984741211,0.8449825021575584,1.08336601708639,21.8700008392334,-1.28608796700014,1.2149473331502796,22.959999084472656,1.3348713664783611,0.7648365992921289,18.040000915527344
2016-03-03,2.008823459754814,1.7189629254003649,18.989999771118164,3.3115026950881967,1.8495287137473293,18.670000076293945,-0.6092735574228962,0.9780676302579777,20.15999984741211,-0.6876725240095017,0.9208496265679279,22.75,1.344013345102828,0.45561500659477383,17.8799991607666
2016-03-04,1.4382727390574046,1.4466505739433198,18.040000915527344,2.008823459754814,1.7189629254003649,18.989999771118164,3.3115026950881967,1.8495287137473293,18.670000076293945,0.8449825021575584,1.08336601708639,21.8700008392334,1.307867769024628,0.474051327554647,18.46999931335449
2016-03-08,0.13033933343828405,1.5468851929160339,17.8799991607666,1.4382727390574046,1.4466505739433198,18.040000915527344,2.008823459754814,1.7189629254003649,18.989999771118164,-0.6092735574228962,0.9780676302579777,20.15999984741211,1.2566586231562016,0.7183294085724834,17.510000228881836
2016-03-09,-0.0006718875810813698,1.378168750891909,18.46999931335449,0.13033933343828405,1.5468851929160339,17.8799991607666,1.4382727390574046,1.4466505739433198,18.040000915527344,3.3115026950881967,1.8495287137473293,18.670000076293945,1.1683618431255671,0.6935020280756943,17.899999618530273
2016-03-10,0.6192960002448895,0.8635874571858181,17.510000228881836,-0.0006718875810813698,1.378168750891909,18.46999931335449,0.13033933343828405,1.5468851929160339,17.8799991607666,2.008823459754814,1.7189629254003649,18.989999771118164,1.0900311566692664,0.6328285774004075,17.100000381469727
2016-03-11,-0.6079397498643517,0.7648365992921289,17.899999618530273,0.6192960002448895,0.8635874571858181,17.510000228881836,-0.0006718875810813698,1.378168750891909,18.46999931335449,1.4382727390574046,1.4466505739433198,18.040000915527344,1.034476820503232,0.8198342613201246,17.100000381469727
2016-03-14,0.32074889464729545,0.45561500659477383,17.100000381469727,-0.6079397498643517,0.7648365992921289,17.899999618530273,0.6192960002448895,0.8635874571858181,17.510000228881836,0.13033933343828405,1.5468851929160339,17.8799991607666,1.0474081048970278,0.950694578798508,17.600000381469727
2016-03-15,0.37942631968658763,0.474051327554647,17.100000381469727,0.32074889464729545,0.45561500659477383,17.100000381469727,-0.6079397498643517,0.7648365992921289,17.899999618530273,-0.0006718875810813698,1.378168750891909,18.46999931335449,0.9863912580798436,0.5578458086931377,17.110000610351562
2016-03-16,-1.0420532757604035,0.7183294085724834,17.600000381469727,0.37942631968658763,0.474051327554647,17.100000381469727,0.32074889464729545,0.45561500659477383,17.100000381469727,0.6192960002448895,0.8635874571858181,17.510000228881836,0.9332334473042072,0.6311071438540372,16.84000015258789
2016-03-17,0.5100486959710426,0.6935020280756943,17.110000610351562,-1.0420532757604035,0.7183294085724834,17.600000381469727,0.37942631968658763,0.474051327554647,17.100000381469727,-0.6079397498643517,0.7648365992921289,17.899999618530273,1.0169775651775743,1.0700698807872535,16.3799991607666
2016-03-18,0.18385894298917033,0.6328285774004075,16.84000015258789,0.5100486959710426,0.6935020280756943,17.110000610351562,-1.0420532757604035,0.7183294085724834,17.600000381469727,0.32074889464729545,0.45561500659477383,17.100000381469727,0.9650936074319412,0.9390775939434067,16.329999923706055
2016-03-21,1.2145535400108631,0.8198342613201246,16.3799991607666,0.18385894298917033,0.6328285774004075,16.84000015258789,0.5100486959710426,0.6935020280756943,17.110000610351562,0.37942631968658763,0.474051327554647,17.100000381469727,0.9076514508957658,1.1229196986541055,16.43000030517578
2016-03-22,1.3051659829120443,0.950694578798508,16.329999923706055,1.2145535400108631,0.8198342613201246,16.3799991607666,0.18385894298917033,0.6328285774004075,16.84000015258789,-1.0420532757604035,0.7183294085724834,17.600000381469727,0.8896918688565206,1.1225050346699206,16.350000381469727
2016-03-23,0.1381386665897793,0.5578458086931377,16.43000030517578,1.3051659829120443,0.950694578798508,16.329999923706055,1.2145535400108631,0.8198342613201246,16.3799991607666,0.5100486959710426,0.6935020280756943,17.110000610351562,0.8765159940947721,1.136376631168453,17.489999771118164
2016-03-28,0.0207382048564695,0.6311071438540372,16.350000381469727,0.1381386665897793,0.5578458086931377,16.43000030517578,1.3051659829120443,0.950694578798508,16.329999923706055,0.18385894298917033,0.6328285774004075,16.84000015258789,0.8259580935041003,0.8756214671733245,17.639999389648438
2016-03-29,-1.3227762297457974,1.0700698807872535,17.489999771118164,0.0207382048564695,0.6311071438540372,16.350000381469727,0.1381386665897793,0.5578458086931377,16.43000030517578,1.2145535400108631,0.8198342613201246,16.3799991607666,0.7780595167368409,1.397488633932919,16.809999465942383
2016-03-30,-0.23796985402065657,0.9390775939434067,17.639999389648438,-1.3227762297457974,1.0700698807872535,17.489999771118164,0.0207382048564695,0.6311071438540372,16.350000381469727,1.3051659829120443,0.950694578798508,16.329999923706055,0.9219753694792971,1.0110292368916198,16.579999923706055
2016-03-31,1.8027932915947853,1.1229196986541055,16.809999465942383,-0.23796985402065657,0.9390775939434067,17.639999389648438,-1.3227762297457974,1.0700698807872535,17.489999771118164,0.1381386665897793,0.5578458086931377,16.43000030517578,0.8977361955769279,1.015317475528614,17.280000686645508
2016-04-01,0.04135698294723892,1.1225050346699206,16.579999923706055,1.8027932915947853,1.1229196986541055,16.809999465942383,-0.23796985402065657,0.9390775939434067,17.639999389648438,0.0207382048564695,0.6311071438540372,16.350000381469727,0.9007729053281,1.0530798422569156,17.450000762939453
2016-04-04,-0.32812610960895605,1.136376631168453,17.280000686645508,0.04135698294723892,1.1225050346699206,16.579999923706055,1.8027932915947853,1.1229196986541055,16.809999465942383,-1.3227762297457974,1.0700698807872535,17.489999771118164,0.8448282048707353,1.3242174827247282,17.829999923706055
2016-04-05,0.5913983718554631,0.8756214671733245,17.450000762939453,-0.32812610960895605,1.136376631168453,17.280000686645508,0.04135698294723892,1.1225050346699206,16.579999923706055,-0.23796985402065657,0.9390775939434067,17.639999389648438,0.8396383622791342,0.8694372959885055,17.350000381469727
2016-04-06,-2.0258420894693874,1.397488633932919,17.829999923706055,0.5913983718554631,0.8756214671733245,17.450000762939453,-0.32812610960895605,1.136376631168453,17.280000686645508,1.8027932915947853,1.1229196986541055,16.809999465942383,0.8073121858022774,1.0985467480444568,16.93000030517578
2016-04-07,0.14654006885952725,1.0110292368916198,17.350000381469727,-2.0258420894693874,1.397488633932919,17.829999923706055,0.5913983718554631,0.8756214671733245,17.450000762939453,0.04135698294723892,1.1225050346699206,16.579999923706055,1.0626869342237468,0.7096082391907041,16.43000030517578
2016-04-08,-0.8957357794121351,1.015317475528614,16.93000030517578,0.14654006885952725,1.0110292368916198,17.350000381469727,-2.0258420894693874,1.397488633932919,17.829999923706055,-0.32812610960895605,1.136376631168453,17.280000686645508,0.9945473823364186,0.7446032583501656,16.010000228881836
2016-04-11,0.11588138717068029,1.0530798422569156,16.43000030517578,-0.8957357794121351,1.015317475528614,16.93000030517578,0.14654006885952725,1.0110292368916198,17.350000381469727,0.5913983718554631,0.8756214671733245,17.450000762939453,1.0508891190149037,0.7589808243716997,16.020000457763672
2016-04-12,1.5263021567415074,1.3242174827247282,16.010000228881836,0.11588138717068029,1.0530798422569156,16.43000030517578,-0.8957357794121351,1.015317475528614,16.93000030517578,-2.0258420894693874,1.397488633932919,17.829999923706055,0.9829265646573438,0.8381452539295474,16.040000915527344
2016-04-13,0.48829015384887436,0.8694372959885055,16.020000457763672,1.5263021567415074,1.3242174827247282,16.010000228881836,0.11588138717068029,1.0530798422569156,16.43000030517578,0.14654006885952725,1.0110292368916198,17.350000381469727,0.9681308410482502,0.5016050077633091,16.950000762939453
2016-04-18,1.8188863004861715,1.0985467480444568,16.040000915527344,0.48829015384887436,0.8694372959885055,16.020000457763672,1.5263021567415074,1.3242174827247282,16.010000228881836,-0.8957357794121351,1.015317475528614,16.93000030517578,0.920282209455746,0.7281482048287831,17.079999923706055
2016-04-20,0.8150934704248517,0.7096082391907041,16.950000762939453,1.8188863004861715,1.0985467480444568,16.040000915527344,0.48829015384887436,0.8694372959885055,16.020000457763672,0.11588138717068029,1.0530798422569156,16.43000030517578,0.921657818149919,0.7256352611107137,16.510000228881836
2016-04-21,0.0006292661701482301,0.7446032583501656,17.079999923706055,0.8150934704248517,0.7096082391907041,16.950000762939453,1.8188863004861715,1.0985467480444568,16.040000915527344,1.5263021567415074,1.3242174827247282,16.010000228881836,0.8890160586498681,1.1083834077870673,16.3799991607666
2016-04-22,-0.034121810751646185,0.7589808243716997,16.510000228881836,0.0006292661701482301,0.7446032583501656,17.079999923706055,0.8150934704248517,0.7096082391907041,16.950000762939453,0.48829015384887436,0.8694372959885055,16.020000457763672,0.8377974018956399,1.1119049159597298,16.56999969482422
2016-04-25,-0.16127659027939514,0.8381452539295474,16.3799991607666,-0.034121810751646185,0.7589808243716997,16.510000228881836,0.0006292661701482301,0.7446032583501656,17.079999923706055,1.8188863004861715,1.0985467480444568,16.040000915527344,0.7956488433585119,1.1118135453329048,16.579999923706055
2016-04-26,-0.5617511031739855,0.5016050077633091,16.56999969482422,-0.16127659027939514,0.8381452539295474,16.3799991607666,-0.034121810751646185,0.7589808243716997,16.510000228881836,0.8150934704248517,0.7096082391907041,16.950000762939453,0.7734418542124978,0.7480452785846999,16.350000381469727
2016-04-27,1.3605234565983468,0.7281482048287831,16.579999923706055,-0.5617511031739855,0.5016050077633091,16.56999969482422,-0.16127659027939514,0.8381452539295474,16.3799991607666,0.0006292661701482301,0.7446032583501656,17.079999923706055,0.8063992406788464,0.6211723285230187,16.600000381469727
2016-04-28,0.21640210559946688,0.7256352611107137,16.350000381469727,1.3605234565983468,0.7281482048287831,16.579999923706055,-0.5617511031739855,0.5016050077633091,16.56999969482422,-0.034121810751646185,0.7589808243716997,16.510000228881836,0.8030031899756783,0.47235033782995905,16.540000915527344
2016-04-29,-1.6762715869970777,1.1083834077870673,16.600000381469727,0.21640210559946688,0.7256352611107137,16.350000381469727,1.3605234565983468,0.7281482048287831,16.579999923706055,-0.16127659027939514,0.8381452539295474,16.3799991607666,0.7617255577655752,0.46302445439879764,17.09000015258789
2016-05-02,0.03248769344116223,1.1119049159597298,16.540000915527344,-1.6762715869970777,1.1083834077870673,16.600000381469727,0.21640210559946688,0.7256352611107137,16.350000381469727,-0.5617511031739855,0.5016050077633091,16.56999969482422,0.9649030129046484,0.9697286498262206,17.459999084472656
2016-05-03,-0.5608183374211704,1.1118135453329048,17.09000015258789,0.03248769344116223,1.1119049159597298,16.540000915527344,-1.6762715869970777,1.1083834077870673,16.600000381469727,1.3605234565983468,0.7281482048287831,16.579999923706055,0.902603148623782,0.8266001753052266,17.450000762939453
2016-05-04,-0.7574173857563739,0.7480452785846999,17.459999084472656,-0.5608183374211704,1.1118135453329048,17.09000015258789,0.03248769344116223,1.1119049159597298,16.540000915527344,0.21640210559946688,0.7256352611107137,16.350000381469727,0.9226691174872867,0.8190495634669758,17.170000076293945
2016-05-05,-0.5235080380291306,0.6211723285230187,17.450000762939453,-0.7574173857563739,0.7480452785846999,17.459999084472656,-0.5608183374211704,1.1118135453329048,17.09000015258789,-1.6762715869970777,1.1083834077870673,16.600000381469727,0.9674862117389088,0.8293059999830735,16.950000762939453
2016-05-06,0.3749531907512104,0.47235033782995905,17.170000076293945,-0.5235080380291306,0.6211723285230187,17.450000762939453,-0.7574173857563739,0.7480452785846999,17.459999084472656,0.03248769344116223,1.1119049159597298,16.540000915527344,0.9760378351942444,1.0729183513961569,16.610000610351562
2016-05-09,-0.026502182418547154,0.46302445439879764,16.950000762939453,0.3749531907512104,0.47235033782995905,17.170000076293945,-0.5235080380291306,0.6211723285230187,17.450000762939453,-0.5608183374211704,1.1118135453329048,17.09000015258789,0.9237349686808248,0.7541793336398661,16.420000076293945
2016-05-10,1.7000904277695215,0.9697286498262206,16.610000610351562,-0.026502182418547154,0.46302445439879764,16.950000762939453,0.3749531907512104,0.47235033782995905,17.170000076293945,-0.7574173857563739,0.7480452785846999,17.459999084472656,0.8726231387727783,0.7656089289701148,16.959999084472656
2016-05-11,0.27612316174809365,0.8266001753052266,16.420000076293945,1.7000904277695215,0.9697286498262206,16.610000610351562,-0.026502182418547154,0.46302445439879764,16.950000762939453,-0.5235080380291306,0.6211723285230187,17.450000762939453,0.8745688842294108,0.7337417782262123,16.329999923706055
2016-05-12,-0.4950200558543867,0.8190495634669758,16.959999084472656,0.27612316174809365,0.8266001753052266,16.420000076293945,1.7000904277695215,0.9697286498262206,16.610000610351562,0.3749531907512104,0.47235033782995905,17.170000076293945,0.8286697473551697,0.7941898821474002,17.0
2016-05-13,0.6546342052207653,0.8293059999830735,16.329999923706055,-0.4950200558543867,0.8190495634669758,16.959999084472656,0.27612316174809365,0.8266001753052266,16.420000076293945,-0.026502182418547154,0.46302445439879764,16.950000762939453,0.8471813489914326,0.6767673158092389,17.030000686645508
2016-05-16,-1.0881223351540732,1.0729183513961569,17.0,0.6546342052207653,0.8293059999830735,16.329999923706055,-0.4950200558543867,0.8190495634669758,16.959999084472656,1.7000904277695215,0.9697286498262206,16.610000610351562,0.8162465663476378,0.5326071629891485,16.3700008392334
2016-05-17,0.5849866346159204,0.7541793336398661,17.030000686645508,-1.0881223351540732,1.0729183513961569,17.0,0.6546342052207653,0.8293059999830735,16.329999923706055,0.27612316174809365,0.8266001753052266,16.420000076293945,0.91989493011486,0.4841153211714704,16.450000762939453
2016-05-18,0.3809165638110489,0.7656089289701148,16.3700008392334,0.5849866346159204,0.7541793336398661,17.030000686645508,-1.0881223351540732,1.0729183513961569,17.0,-0.4950200558543867,0.8190495634669758,16.959999084472656,0.879830806845779,1.3250318166003554,17.059999465942383
2016-05-19,-0.2614077814670393,0.7337417782262123,16.450000762939453,0.3809165638110489,0.7656089289701148,16.3700008392334,0.5849866346159204,0.7541793336398661,17.030000686645508,0.6546342052207653,0.8293059999830735,16.329999923706055,0.8368576964167836,1.2405014175642821,16.43000030517578
2016-05-20,-1.1083861385826452,0.7941898821474002,17.059999465942383,-0.2614077814670393,0.7337417782262123,16.450000762939453,0.3809165638110489,0.7656089289701148,16.3700008392334,-1.0881223351540732,1.0729183513961569,17.0,0.8237317488109095,1.0591524254370663,16.15999984741211
2016-05-23,-0.4339090032687426,0.6767673158092389,16.43000030517578,-1.1083861385826452,0.7941898821474002,17.059999465942383,-0.2614077814670393,0.7337417782262123,16.450000762939453,0.5849866346159204,0.7541793336398661,17.030000686645508,0.9295319675801824,0.9230502099230887,16.219999313354492
2016-05-24,-0.24094956185153732,0.5326071629891485,16.15999984741211,-0.4339090032687426,0.6767673158092389,16.43000030517578,-1.1083861385826452,0.7941898821474002,17.059999465942383,0.3809165638110489,0.7656089289701148,16.3700008392334,0.9300222640096448,1.0474929299472169,15.520000457763672
2016-05-25,0.22997953380331687,0.4841153211714704,16.219999313354492,-0.24094956185153732,0.5326071629891485,16.15999984741211,-0.4339090032687426,0.6767673158092389,16.43000030517578,-0.2614077814670393,0.7337417782262123,16.450000762939453,0.9053895678608966,0.7610364519353855,15.329999923706056
2016-05-26,2.3726281336622206,1.3250318166003554,15.520000457763672,0.22997953380331687,0.4841153211714704,16.219999313354492,-0.24094956185153732,0.5326071629891485,16.15999984741211,-1.1083861385826452,0.7941898821474002,17.059999465942383,0.8551085865718755,0.4704604739551717,15.260000228881836
2016-05-27,1.6839359534278495,1.2405014175642821,15.329999923706056,2.3726281336622206,1.3250318166003554,15.520000457763672,0.22997953380331687,0.4841153211714704,16.219999313354492,-0.4339090032687426,0.6767673158092389,16.43000030517578,0.8822579236759168,0.2670808788004241,15.979999542236328
2016-05-30,1.0723434761836885,1.0591524254370663,15.260000228881836,1.6839359534278495,1.2405014175642821,15.329999923706056,2.3726281336622206,1.3250318166003554,15.520000457763672,-0.24094956185153732,0.5326071629891485,16.15999984741211,0.8827138634999172,0.3078946046698046,16.049999237060547
2016-05-31,0.2675226223002301,0.9230502099230887,15.979999542236328,1.0723434761836885,1.0591524254370663,15.260000228881836,1.6839359534278495,1.2405014175642821,15.329999923706056,0.22997953380331687,0.4841153211714704,16.219999313354492,0.862360036074681,0.39975086730197534,15.84000015258789
2016-06-01,-0.22523239460265895,1.0474929299472169,16.049999237060547,0.2675226223002301,0.9230502099230887,15.979999542236328,1.0723434761836885,1.0591524254370663,15.260000228881836,2.3726281336622206,1.3250318166003554,15.520000457763672,0.8173144018033722,0.40795974435646776,15.09000015258789
2016-06-02,0.24296262330994575,0.7610364519353855,15.84000015258789,-0.22523239460265895,1.0474929299472169,16.049999237060547,0.2675226223002301,0.9230502099230887,15.979999542236328,1.6839359534278495,1.2405014175642821,15.329999923706056,0.8013336343318256,0.5914675644759642,15.0
2016-06-03,0.4756425442880727,0.4704604739551717,15.09000015258789,0.24296262330994575,0.7610364519353855,15.84000015258789,-0.22523239460265895,1.0474929299472169,16.049999237060547,1.0723434761836885,1.0591524254370663,15.260000228881836,0.7610727246201624,0.6117726884275514,15.359999656677246
2016-06-06,0.02250167286977369,0.2670808788004241,15.0,0.4756425442880727,0.4704604739551717,15.09000015258789,0.24296262330994575,0.7610364519353855,15.84000015258789,0.2675226223002301,0.9230502099230887,15.979999542236328,0.7320662644250944,0.6714295100508664,14.869999885559082
2016-06-07,-0.24053331374929024,0.3078946046698046,15.359999656677246,0.02250167286977369,0.2670808788004241,15.0,0.4756425442880727,0.4704604739551717,15.09000015258789,-0.22523239460265895,1.0474929299472169,16.049999237060547,0.6923283531283604,0.41162970110130886,15.140000343322754
2016-06-08,0.7943007071457264,0.39975086730197534,14.869999885559082,-0.24053331374929024,0.3078946046698046,15.359999656677246,0.02250167286977369,0.2670808788004241,15.0,0.24296262330994575,0.7610364519353855,15.84000015258789,0.6896816972958539,0.8243473671955476,15.670000076293944
2016-06-09,0.07980422292402209,0.40795974435646776,15.140000343322754,0.7943007071457264,0.39975086730197534,14.869999885559082,-0.24053331374929024,0.3078946046698046,15.359999656677246,0.4756425442880727,0.4704604739551717,15.09000015258789,0.677618799382859,0.8167529068855143,15.970000267028809
2016-06-10,-0.8430185637149968,0.5914675644759642,15.670000076293944,0.07980422292402209,0.40795974435646776,15.140000343322754,0.7943007071457264,0.39975086730197534,14.869999885559082,0.02250167286977369,0.2670808788004241,15.0,0.6429004424237882,0.8290200279275196,16.579999923706055
2016-06-13,-0.40980298028367984,0.6117726884275514,15.970000267028809,-0.8430185637149968,0.5914675644759642,15.670000076293944,0.07980422292402209,0.40795974435646776,15.140000343322754,-0.24053331374929024,0.3078946046698046,15.359999656677246,0.729239076597661,0.7776812454445571,17.190000534057617
2016-06-14,-0.730314472964694,0.6714295100508664,16.579999923706055,-0.40980298028367984,0.6117726884275514,15.970000267028809,-0.8430185637149968,0.5914675644759642,15.670000076293944,0.7943007071457264,0.39975086730197534,14.869999885559082,0.74574307159761,0.8045749230792977,17.059999465942383
2016-06-15,-0.021579029938960388,0.41162970110130886,17.190000534057617,-0.730314472964694,0.6714295100508664,16.579999923706055,-0.40980298028367984,0.6117726884275514,15.970000267028809,0.07980422292402209,0.40795974435646776,15.140000343322754,0.8049976823058391,0.6249475514816075,17.700000762939453
2016-06-16,1.1982591110193301,0.8243473671955476,17.059999465942383,-0.021579029938960388,0.41162970110130886,17.190000534057617,-0.730314472964694,0.6714295100508664,16.579999923706055,-0.8430185637149968,0.5914675644759642,15.670000076293944,0.764270901997329,0.5173084663263311,17.350000381469727
2016-06-17,-0.8056347617289792,0.8167529068855143,17.700000762939453,1.1982591110193301,0.8243473671955476,17.059999465942383,-0.021579029938960388,0.41162970110130886,17.190000534057617,-0.40980298028367984,0.6117726884275514,15.970000267028809,0.7592357119492352,1.2431212238016585,17.520000457763672
2016-06-20,0.36110989197415844,0.8290200279275196,17.350000381469727,-0.8056347617289792,0.8167529068855143,17.700000762939453,1.1982591110193301,0.8243473671955476,17.059999465942383,-0.730314472964694,0.6714295100508664,16.579999923706055,0.8278598108336915,1.126435327818478,17.260000228881836
2016-06-21,0.8324876233428224,0.7776812454445571,17.520000457763672,0.36110989197415844,0.8290200279275196,17.350000381469727,-0.8056347617289792,0.8167529068855143,17.700000762939453,-0.021579029938960388,0.41162970110130886,17.190000534057617,0.7890460903065423,1.178755132337412,18.18000030517578
2016-06-22,-0.22601974495153426,0.8045749230792977,17.260000228881836,0.8324876233428224,0.7776812454445571,17.520000457763672,0.36110989197415844,0.8290200279275196,17.350000381469727,1.1982591110193301,0.8243473671955476,17.059999465942383,0.7693832441309975,1.288624400688044,18.020000457763672
2016-06-23,-0.19727952444882818,0.6249475514816075,18.18000030517578,-0.22601974495153426,0.8045749230792977,17.260000228881836,0.8324876233428224,0.7776812454445571,17.520000457763672,-0.8056347617289792,0.8167529068855143,17.700000762939453,0.7579147657551306,1.3236664783916037,18.6299991607666
2016-06-24,0.810364889252149,0.5173084663263311,18.020000457763672,-0.19727952444882818,0.6249475514816075,18.18000030517578,-0.22601974495153426,0.8045749230792977,17.260000228881836,0.36110989197415844,0.8290200279275196,17.350000381469727,0.7437670833250528,0.38933377001053693,18.530000686645508
2016-06-27,-2.223326969761141,1.2431212238016585,18.6299991607666,0.810364889252149,0.5173084663263311,18.020000457763672,-0.19727952444882818,0.6249475514816075,18.18000030517578,0.8324876233428224,0.7776812454445571,17.520000457763672,0.7274574912174342,0.2810998770165443,17.729999542236328
2016-06-28,0.07538756415223447,1.126435327818478,18.530000686645508,-2.223326969761141,1.2431212238016585,18.6299991607666,0.810364889252149,0.5173084663263311,18.020000457763672,-0.22601974495153426,0.8045749230792977,17.260000228881836,1.0332397488367098,0.5683499915922587,16.15999984741211
2016-06-29,0.4086897298664459,1.178755132337412,17.729999542236328,0.07538756415223447,1.126435327818478,18.530000686645508,-2.223326969761141,1.2431212238016585,18.6299991607666,-0.19727952444882818,0.6249475514816075,18.18000030517578,0.9657073283315274,0.5424626824082761,16.290000915527344
2016-06-30,0.9325392253691965,1.288624400688044,16.15999984741211,0.4086897298664459,1.178755132337412,17.729999542236328,0.07538756415223447,1.126435327818478,18.530000686645508,0.810364889252149,0.5173084663263311,18.020000457763672,0.9154969963804752,0.40755032886934717,15.739999771118164
2016-07-01,1.0156680759383652,1.3236664783916037,16.290000915527344,0.9325392253691965,1.288624400688044,16.15999984741211,0.4086897298664459,1.178755132337412,17.729999542236328,-2.223326969761141,1.2431212238016585,18.6299991607666,0.8873444958850277,0.8485971615675937,15.579999923706056
2016-07-04,0.4886789454209853,0.38933377001053693,15.739999771118164,1.0156680759383652,1.3236664783916037,16.290000915527344,0.9325392253691965,1.288624400688044,16.15999984741211,0.07538756415223447,1.126435327818478,18.530000686645508,0.8646514446003468,0.8563197204594676,15.359999656677246
2016-07-05,0.5072225932684971,0.2810998770165443,15.579999923706056,0.4886789454209853,0.38933377001053693,15.739999771118164,1.0156680759383652,1.3236664783916037,16.290000915527344,0.4086897298664459,1.178755132337412,17.729999542236328,0.8266227605022847,0.7819016286884348,15.3100004196167
2016-07-07,-0.41600260138615697,0.5683499915922587,15.359999656677246,0.5072225932684971,0.2810998770165443,15.579999923706056,0.4886789454209853,0.38933377001053693,15.739999771118164,0.9325392253691965,1.288624400688044,16.15999984741211,0.7927198131188123,0.7471801192766859,15.079999923706056
2016-07-08,0.02339226096985007,0.5424626824082761,15.3100004196167,-0.41600260138615697,0.5683499915922587,15.359999656677246,0.5072225932684971,0.2810998770165443,15.579999923706056,1.0156680759383652,1.3236664783916037,16.290000915527344,0.804090931366561,0.7718532091573633,14.850000381469728
2016-07-11,-0.17646132140196943,0.40755032886934717,15.079999923706056,0.02339226096985007,0.5424626824082761,15.3100004196167,-0.41600260138615697,0.5683499915922587,15.359999656677246,0.4886789454209853,0.38933377001053693,15.739999771118164,0.7578448984046547,0.46168031863875675,14.779999732971191
2016-07-12,1.723577043083921,0.8485971615675937,14.850000381469728,-0.17646132140196943,0.40755032886934717,15.079999923706056,0.02339226096985007,0.5424626824082761,15.3100004196167,0.5072225932684971,0.2810998770165443,15.579999923706056,0.7410184554954311,0.3741837521425386,15.329999923706056
2016-07-13,0.6256959594241649,0.8563197204594676,14.779999732971191,1.723577043083921,0.8485971615675937,14.850000381469728,-0.17646132140196943,0.40755032886934717,15.079999923706056,-0.41600260138615697,0.5683499915922587,15.359999656677246,0.7562958089292682,0.41618479214424076,15.609999656677246
2016-07-14,-0.018189609015395722,0.7819016286884348,15.329999923706056,0.6256959594241649,0.8563197204594676,14.779999732971191,1.723577043083921,0.8485971615675937,14.850000381469728,0.02339226096985007,0.5424626824082761,15.3100004196167,0.7326910621672194,0.45046239481320227,15.640000343322754
2016-07-15,0.5326478102926447,0.7471801192766859,15.609999656677246,-0.018189609015395722,0.7819016286884348,15.329999923706056,0.6256959594241649,0.8563197204594676,14.779999732971191,-0.17646132140196943,0.40755032886934717,15.079999923706056,0.6979838659363952,0.48767511042092704,15.989999771118164
2016-07-18,-0.27591572520208335,0.7718532091573633,15.640000343322754,0.5326478102926447,0.7471801192766859,15.609999656677246,-0.018189609015395722,0.7819016286884348,15.329999923706056,1.723577043083921,0.8485971615675937,14.850000381469728,0.6764290599182146,0.6274876321938337,15.800000190734863
2016-07-19,-0.38357821106622886,0.46168031863875675,15.989999771118164,-0.27591572520208335,0.7718532091573633,15.640000343322754,0.5326478102926447,0.7471801192766859,15.609999656677246,0.6256959594241649,0.8563197204594676,14.779999732971191,0.6798529322063891,0.729215146447269,15.989999771118164
2016-07-20,0.23301434628515147,0.3741837521425386,15.800000190734863,-0.38357821106622886,0.46168031863875675,15.989999771118164,-0.27591572520208335,0.7718532091573633,15.640000343322754,-0.018189609015395722,0.7819016286884348,15.329999923706056,0.6973633229999415,0.7175807694672935,15.710000038146973
2016-07-21,0.4363986470652139,0.41618479214424076,15.989999771118164,0.23301434628515147,0.3741837521425386,15.800000190734863,-0.38357821106622886,0.46168031863875675,15.989999771118164,0.5326478102926447,0.7471801192766859,15.609999656677246,0.6659627256727984,0.5875496069248636,15.5
2016-07-22,-0.652967485068765,0.45046239481320227,15.710000038146973,0.4363986470652139,0.41618479214424076,15.989999771118164,0.23301434628515147,0.3741837521425386,15.800000190734863,-0.27591572520208335,0.7718532091573633,15.640000343322754,0.6439664621483189,0.6625752687112068,15.720000267028809
2016-07-25,0.36478885225085056,0.48767511042092704,15.5,-0.652967485068765,0.45046239481320227,15.710000038146973,0.4363986470652139,0.41618479214424076,15.989999771118164,-0.38357821106622886,0.46168031863875675,15.989999771118164,0.7023613626157011,0.4482422378975826,15.619999885559082
2016-07-26,1.0997493024321225,0.6274876321938337,15.720000267028809,0.36478885225085056,0.48767511042092704,15.5,-0.652967485068765,0.45046239481320227,15.710000038146973,0.23301434628515147,0.3741837521425386,15.800000190734863,0.674863684387123,0.3632078533137516,15.43000030517578
2016-07-27,-0.5224581055714631,0.729215146447269,15.619999885559082,1.0997493024321225,0.6274876321938337,15.720000267028809,0.36478885225085056,0.48767511042092704,15.5,0.4363986470652139,0.41618479214424076,15.989999771118164,0.6744950344157145,0.5385956629399941,15.149999618530272
2016-07-28,0.29232563005614404,0.7175807694672935,15.43000030517578,-0.5224581055714631,0.729215146447269,15.619999885559082,1.0997493024321225,0.6274876321938337,15.720000267028809,-0.652967485068765,0.45046239481320227,15.710000038146973,0.711523046112214,0.38817955819265687,14.920000076293944
2016-07-29,0.5844213941164874,0.5875496069248636,15.149999618530272,0.29232563005614404,0.7175807694672935,15.43000030517578,-0.5224581055714631,0.729215146447269,15.619999885559082,0.36478885225085056,0.48767511042092704,15.5,0.680843741545828,0.8878223107544887,15.18000030517578
2016-08-01,-0.3212961596357816,0.6625752687112068,14.920000076293944,0.5844213941164874,0.5875496069248636,15.149999618530272,0.29232563005614404,0.7175807694672935,15.43000030517578,1.0997493024321225,0.6274876321938337,15.720000267028809,0.6625010786463844,0.8890945299420535,15.6899995803833
2016-08-02,-0.022578173062699602,0.4482422378975826,15.18000030517578,-0.3212961596357816,0.6625752687112068,14.920000076293944,0.5844213941164874,0.5875496069248636,15.149999618530272,-0.5224581055714631,0.729215146447269,15.619999885559082,0.6732003697853245,0.914974258454521,16.239999771118164
2016-08-03,-0.15816745902789464,0.3632078533137516,15.6899995803833,-0.022578173062699602,0.4482422378975826,15.18000030517578,-0.3212961596357816,0.6625752687112068,14.920000076293944,0.29232563005614404,0.7175807694672935,15.43000030517578,0.6441874404396256,1.0003355395092945,15.140000343322754
2016-08-04,-0.9092783738205783,0.5385956629399941,16.239999771118164,-0.15816745902789464,0.3632078533137516,15.6899995803833,-0.022578173062699602,0.4482422378975826,15.18000030517578,0.5844213941164874,0.5875496069248636,15.149999618530272,0.6349826953698775,1.0019121240084388,14.350000381469728
2016-08-05,0.07311673892417124,0.38817955819265687,15.140000343322754,-0.9092783738205783,0.5385956629399941,16.239999771118164,-0.15816745902789464,0.3632078533137516,15.6899995803833,-0.3212961596357816,0.6625752687112068,14.920000076293944,0.73215784665935,0.7090317189276636,14.59000015258789
2016-08-08,1.5324527088340225,0.8878223107544887,14.350000381469728,0.07311673892417124,0.38817955819265687,15.140000343322754,-0.9092783738205783,0.5385956629399941,16.239999771118164,-0.022578173062699602,0.4482422378975826,15.18000030517578,0.6925184511525291,0.6694661879139263,14.539999961853027
2016-08-09,0.3242317221417232,0.8890945299420535,14.59000015258789,1.5324527088340225,0.8878223107544887,14.350000381469728,0.07311673892417124,0.38817955819265687,15.140000343322754,-0.15816745902789464,0.3632078533137516,15.6899995803833,0.7055682045083257,0.737168019305961,14.920000076293944
2016-08-10,-0.38068328301676924,0.914974258454521,14.539999961853027,0.3242317221417232,0.8890945299420535,14.59000015258789,1.5324527088340225,0.8878223107544887,14.350000381469728,-0.9092783738205783,0.5385956629399941,16.239999771118164,0.6764555523014255,0.3639068668941114,14.210000038146973
2016-08-11,-1.19339403558223,1.0003355395092945,14.920000076293944,-0.38068328301676924,0.914974258454521,14.539999961853027,0.3242317221417232,0.8890945299420535,14.59000015258789,0.07311673892417124,0.38817955819265687,15.140000343322754,0.6938836837357318,0.46652605051901413,14.18000030517578
2016-08-16,0.1963086091088332,1.0019121240084388,14.210000038146973,-1.19339403558223,1.0003355395092945,14.920000076293944,-0.38068328301676924,0.914974258454521,14.539999961853027,1.5324527088340225,0.8878223107544887,14.350000381469728,0.8280662334818646,0.37563112516254166,14.779999732971191
2016-08-17,0.584861438330956,0.7090317189276636,14.18000030517578,0.1963086091088332,1.0019121240084388,14.210000038146973,-1.19339403558223,1.0003355395092945,14.920000076293944,0.3242317221417232,0.8890945299420535,14.59000015258789,0.7838576960638294,0.36898911041877697,14.550000190734863
2016-08-18,-0.21428662849281455,0.6694661879139263,14.779999732971191,0.584861438330956,0.7090317189276636,14.18000030517578,0.1963086091088332,1.0019121240084388,14.210000038146973,-0.38068328301676924,0.914974258454521,14.539999961853027,0.7564169069520786,0.3596268091649172,14.539999961853027
2016-08-19,0.5688787100174633,0.737168019305961,14.550000190734863,-0.21428662849281455,0.6694661879139263,14.779999732971191,0.584861438330956,0.7090317189276636,14.18000030517578,-1.19339403558223,1.0003355395092945,14.920000076293944,0.7446056884981647,0.3539254476190319,14.239999771118164
2016-08-22,-0.07323592374647016,0.3639068668941114,14.539999961853027,0.5688787100174633,0.737168019305961,14.550000190734863,-0.21428662849281455,0.6694661879139263,14.779999732971191,0.1963086091088332,1.0019121240084388,14.210000038146973,0.7201551628789572,0.41908502780397816,13.899999618530272
2016-08-23,-0.4365165253066113,0.46652605051901413,14.239999771118164,-0.07323592374647016,0.3639068668941114,14.539999961853027,0.5688787100174633,0.737168019305961,14.550000190734863,0.584861438330956,0.7090317189276636,14.18000030517578,0.6934882920175153,0.8474529663038406,13.489999771118164
2016-08-24,0.039963720896276075,0.37563112516254166,13.899999618530272,-0.4365165253066113,0.46652605051901413,14.239999771118164,-0.07323592374647016,0.3639068668941114,14.539999961853027,-0.21428662849281455,0.6694661879139263,14.779999732971191,0.7169253467955677,0.8519961856476036,13.289999961853027
2016-08-25,0.20482907499330422,0.36898911041877697,13.489999771118164,0.039963720896276075,0.37563112516254166,13.899999618530272,-0.4365165253066113,0.46652605051901413,14.239999771118164,0.5688787100174633,0.737168019305961,14.550000190734863,0.6775354629127823,0.7193243523991288,13.56999969482422
2016-08-26,-0.6739142150229588,0.3596268091649172,13.289999961853027,0.20482907499330422,0.36898911041877697,13.489999771118164,0.039963720896276075,0.37563112516254166,13.899999618530272,-0.07323592374647016,0.3639068668941114,14.539999961853027,0.6469108491342465,0.6265177779974263,13.170000076293944
2016-08-29,-0.22896225356679534,0.3539254476190319,13.56999969482422,-0.6739142150229588,0.3596268091649172,13.289999961853027,0.20482907499330422,0.36898911041877697,13.489999771118164,-0.4365165253066113,0.46652605051901413,14.239999771118164,0.7080281718134496,0.7459321446783272,13.020000457763672
2016-08-30,0.406291485846204,0.41908502780397816,13.170000076293944,-0.22896225356679534,0.3539254476190319,13.56999969482422,-0.6739142150229588,0.3596268091649172,13.289999961853027,0.039963720896276075,0.37563112516254166,13.899999618530272,0.7024723360214793,0.7011642414044288,13.239999771118164
2016-08-31,1.5779602831678956,0.8474529663038406,13.020000457763672,0.406291485846204,0.41908502780397816,13.170000076293944,-0.22896225356679534,0.3539254476190319,13.56999969482422,0.20482907499330422,0.36898911041877697,13.489999771118164,0.676335926097502,0.6996094787869137,13.34000015258789
2016-09-01,0.4774598162481962,0.8519961856476036,13.239999771118164,1.5779602831678956,0.8474529663038406,13.020000457763672,0.406291485846204,0.41908502780397816,13.170000076293944,-0.6739142150229588,0.3596268091649172,13.289999961853027,0.69244942247938,0.9155944325255628,12.9399995803833
2016-09-02,-0.13154039773133466,0.7193243523991288,13.34000015258789,0.4774598162481962,0.8519961856476036,13.239999771118164,1.5779602831678956,0.8474529663038406,13.020000457763672,-0.22896225356679534,0.3539254476190319,13.56999969482422,0.6695401107252361,1.2386020088543521,12.75
2016-09-06,0.398082888319566,0.6265177779974263,12.9399995803833,-0.13154039773133466,0.7193243523991288,13.34000015258789,0.4774598162481962,0.8519961856476036,13.239999771118164,0.406291485846204,0.41908502780397816,13.170000076293944,0.6547186195800635,0.855249168336591,13.149999618530272
2016-09-07,1.5023347446829987,0.7459321446783272,12.75,0.398082888319566,0.6265177779974263,12.9399995803833,-0.13154039773133466,0.7193243523991288,13.34000015258789,1.5779602831678956,0.8474529663038406,13.020000457763672,0.6324066327330832,0.9071021245706797,13.119999885559082
2016-09-08,-0.28049819116828945,0.7011642414044288,13.149999618530272,1.5023347446829987,0.7459321446783272,12.75,0.398082888319566,0.6265177779974263,12.9399995803833,0.4774598162481962,0.8519961856476036,13.239999771118164,0.6497939374061301,0.915671189904405,13.229999542236328
2016-09-09,0.38667014380895043,0.6996094787869137,13.119999885559082,-0.28049819116828945,0.7011642414044288,13.149999618530272,1.5023347446829987,0.7459321446783272,12.75,-0.13154039773133466,0.7193243523991288,13.34000015258789,0.6561748158880368,0.8948781264858928,15.239999771118164
2016-09-12,-0.9630114351834806,0.9155944325255628,13.229999542236328,0.38667014380895043,0.6996094787869137,13.119999885559082,-0.28049819116828945,0.7011642414044288,13.149999618530272,0.398082888319566,0.6265177779974263,12.9399995803833,0.6333609823079448,0.30719401240911154,14.760000228881836
2016-09-14,-1.718822993969123,1.2386020088543521,15.239999771118164,-0.9630114351834806,0.9155944325255628,13.229999542236328,0.38667014380895043,0.6996094787869137,13.119999885559082,1.5023347446829987,0.7459321446783272,12.75,0.7389233922579113,0.3122983453771087,14.68000030517578
2016-09-15,0.12613090035687877,0.855249168336591,14.760000228881836,-1.718822993969123,1.2386020088543521,15.239999771118164,-0.9630114351834806,0.9155944325255628,13.229999542236328,-0.28049819116828945,0.7011642414044288,13.149999618530272,0.9527395007331456,0.5168899833711978,14.579999923706056
2016-09-16,0.18260991839711185,0.9071021245706797,14.68000030517578,0.12613090035687877,0.855249168336591,14.760000228881836,-1.718822993969123,1.2386020088543521,15.239999771118164,0.38667014380895043,0.6996094787869137,13.119999885559082,0.8946156390989047,0.5885427000863365,14.9399995803833
2016-09-19,0.42573919410826294,0.915671189904405,14.579999923706056,0.18260991839711185,0.9071021245706797,14.68000030517578,0.12613090035687877,0.855249168336591,14.760000228881836,-0.9630114351834806,0.9155944325255628,13.229999542236328,0.8438098038823753,0.8196864734344707,14.779999732971191
2016-09-20,0.3246577269225301,0.8948781264858928,14.9399995803833,0.42573919410826294,0.915671189904405,14.579999923706056,0.18260991839711185,0.9071021245706797,14.68000030517578,-1.718822993969123,1.2386020088543521,15.239999771118164,0.805647445491208,0.8140307640548875,14.8100004196167
2016-09-21,-0.36964832905136197,0.30719401240911154,14.779999732971191,0.3246577269225301,0.8948781264858928,14.9399995803833,0.42573919410826294,0.915671189904405,14.579999923706056,0.12613090035687877,0.855249168336591,14.760000228881836,0.7676649833616342,0.8583921829801048,13.34000015258789
2016-09-22,0.014242538436080372,0.3122983453771087,14.8100004196167,-0.36964832905136197,0.30719401240911154,14.779999732971191,0.3246577269225301,0.8948781264858928,14.9399995803833,0.18260991839711185,0.9071021245706797,14.68000030517578,0.7752171423642883,0.8769598329489656,13.25
2016-09-23,1.0235493017098911,0.5168899833711978,13.34000015258789,0.014242538436080372,0.3122983453771087,14.8100004196167,-0.36964832905136197,0.30719401240911154,14.779999732971191,0.42573919410826294,0.915671189904405,14.579999923706056,0.7326978987633369,0.9605138923293535,14.56999969482422
2016-09-26,-0.40567760733005453,0.5885427000863365,13.25,1.0235493017098911,0.5168899833711978,13.34000015258789,0.014242538436080372,0.3122983453771087,14.8100004196167,0.3246577269225301,0.8948781264858928,14.9399995803833,0.7245817472026955,1.1806248589663075,14.25
2016-09-27,-1.2361590017210509,0.8196864734344707,14.56999969482422,-0.40567760733005453,0.5885427000863365,13.25,1.0235493017098911,0.5168899833711978,13.34000015258789,-0.36964832905136197,0.30719401240911154,14.779999732971191,0.740962850820694,1.1797904108936528,13.850000381469728
2016-09-28,-0.19104927510736647,0.8140307640548875,14.25,-1.2361590017210509,0.8196864734344707,14.56999969482422,-0.40567760733005453,0.5885427000863365,13.25,0.014242538436080372,0.3122983453771087,14.8100004196167,0.8760111314455915,1.1785944426517958,18.450000762939453
2016-09-29,0.44408733836031183,0.8583921829801048,13.850000381469728,-0.19104927510736647,0.8140307640548875,14.25,-1.2361590017210509,0.8196864734344707,14.56999969482422,1.0235493017098911,0.5168899833711978,13.34000015258789,0.8501469984392958,0.7391357205085017,17.18000030517578
2016-09-30,-1.7755062196059181,0.8769598329489656,18.450000762939453,0.44408733836031183,0.8583921829801048,13.850000381469728,-0.19104927510736647,0.8140307640548875,14.25,-0.40567760733005453,0.5885427000863365,13.25,0.8120009494913237,0.7624137522519593,15.619999885559082
2016-10-03,0.23136770509358529,0.9605138923293535,17.18000030517578,-1.7755062196059181,0.8769598329489656,18.450000762939453,0.44408733836031183,0.8583921829801048,13.850000381469728,-1.2361590017210509,0.8196864734344707,14.56999969482422,1.0241554676619489,0.3069560241439008,14.989999771118164
2016-10-04,1.4634809521912495,1.1806248589663075,15.619999885559082,0.23136770509358529,0.9605138923293535,17.18000030517578,-1.7755062196059181,0.8769598329489656,18.450000762939453,-0.19104927510736647,0.8140307640548875,14.25,0.9625313027105517,0.6540239982778314,14.93000030517578
2016-10-05,0.35471948830647004,1.1797904108936528,14.989999771118164,1.4634809521912495,1.1806248589663075,15.619999885559082,0.23136770509358529,0.9605138923293535,17.18000030517578,0.44408733836031183,0.8583921829801048,13.850000381469728,0.9476270645066268,0.7026509429800146,14.84000015258789
2016-10-06,-0.28778699216004133,1.1785944426517958,14.93000030517578,0.35471948830647004,1.1797904108936528,14.989999771118164,1.4634809521912495,1.1806248589663075,15.619999885559082,-1.7755062196059181,0.8769598329489656,18.450000762939453,0.8973939981515165,0.721949961359115,14.489999771118164
2016-10-07,-0.394195263650275,0.7391357205085017,14.84000015258789,-0.28778699216004133,1.1785944426517958,14.93000030517578,0.35471948830647004,1.1797904108936528,14.989999771118164,0.23136770509358529,0.9605138923293535,17.18000030517578,0.8819342859521346,1.2624154325336476,14.289999961853027
2016-10-10,-0.13730217286708415,0.7624137522519593,14.489999771118164,-0.394195263650275,0.7391357205085017,14.84000015258789,-0.28778699216004133,1.1785944426517958,14.93000030517578,1.4634809521912495,1.1806248589663075,15.619999885559082,0.8818545205057505,1.2599624198693054,15.43000030517578
2016-10-13,0.12869056479532695,0.3069560241439008,14.289999961853027,-0.13730217286708415,0.7624137522519593,14.489999771118164,-0.394195263650275,0.7391357205085017,14.84000015258789,0.35471948830647004,1.1797904108936528,14.989999771118164,0.8486011467029004,0.9679709760074162,14.890000343322754
2016-10-14,-1.5675477121613477,0.6540239982778314,15.43000030517578,0.12869056479532695,0.3069560241439008,14.289999961853027,-0.13730217286708415,0.7624137522519593,14.489999771118164,-0.28778699216004133,1.1785944426517958,14.93000030517578,0.8003173029868675,0.9802142982059312,15.65999984741211
2016-10-17,0.11716417619610159,0.7026509429800146,14.890000343322754,-1.5675477121613477,0.6540239982778314,15.43000030517578,0.12869056479532695,0.3069560241439008,14.289999961853027,-0.394195263650275,0.7391357205085017,14.84000015258789,0.9801233223307192,0.8212904530017068,14.539999961853027
2016-10-18,-0.736681696927447,0.721949961359115,15.65999984741211,0.11716417619610159,0.7026509429800146,14.890000343322754,-1.5675477121613477,0.6540239982778314,15.43000030517578,-0.13730217286708415,0.7624137522519593,14.489999771118164,0.9190866758338708,0.29059087016273616,14.609999656677246
2016-10-19,1.8316274989203487,1.2624154325336476,14.539999961853027,-0.736681696927447,0.721949961359115,15.65999984741211,0.11716417619610159,0.7026509429800146,14.890000343322754,0.12869056479532695,0.3069560241439008,14.289999961853027,0.9614176543668852,0.5040689485095656,14.170000076293944
2016-10-20,-0.21688629658940844,1.2599624198693054,14.609999656677246,1.8316274989203487,1.2624154325336476,14.539999961853027,-0.736681696927447,0.721949961359115,15.65999984741211,-1.5675477121613477,0.6540239982778314,15.43000030517578,0.9591538831467048,0.4072217593612901,13.829999923706056
2016-10-21,0.46433567024341077,0.9679709760074162,14.170000076293944,-0.21688629658940844,1.2599624198693054,14.609999656677246,1.8316274989203487,1.2624154325336476,14.539999961853027,0.11716417619610159,0.7026509429800146,14.890000343322754,0.9286248739394364,0.45710579540645196,14.329999923706056
2016-10-24,-0.07302693005771826,0.9802142982059312,13.829999923706056,0.46433567024341077,0.9679709760074162,14.170000076293944,-0.21688629658940844,1.2599624198693054,14.609999656677246,-0.736681696927447,0.721949961359115,15.65999984741211,0.8837773171548302,0.42413325157985615,14.479999542236328
2016-10-25,0.1827421566475664,0.8212904530017068,14.329999923706056,-0.07302693005771826,0.9802142982059312,13.829999923706056,0.46433567024341077,0.9679709760074162,14.170000076293944,1.8316274989203487,1.2624154325336476,14.539999961853027,0.8422390718151559,0.656973386636421,14.449999809265137
2016-10-26,-0.20287520787162444,0.29059087016273616,14.479999542236328,0.1827421566475664,0.8212904530017068,14.329999923706056,-0.07302693005771826,0.9802142982059312,13.829999923706056,-0.21688629658940844,1.2599624198693054,14.609999656677246,0.7962924332929747,0.6033168468399644,14.09000015258789
2016-10-27,-0.8788614143283244,0.5040689485095656,14.449999809265137,-0.20287520787162444,0.29059087016273616,14.479999542236328,0.1827421566475664,0.8212904530017068,14.329999923706056,0.46433567024341077,0.9679709760074162,14.170000076293944,0.7793690325154704,0.5873820070413268,14.649999618530272
2016-10-28,0.0,0.4072217593612901,14.09000015258789,-0.8788614143283244,0.5040689485095656,14.449999809265137,-0.20287520787162444,0.29059087016273616,14.479999542236328,-0.07302693005771826,0.9802142982059312,13.829999923706056,0.856422083276436,0.7475033040751101,15.739999771118164
2016-11-01,0.26371858270232085,0.45710579540645196,14.649999618530272,0.0,0.4072217593612901,14.09000015258789,-0.8788614143283244,0.5040689485095656,14.449999809265137,0.1827421566475664,0.8212904530017068,14.329999923706056,0.8083063847771684,0.8470693984983955,16.799999237060547
2016-11-02,-0.1361194585834806,0.42413325157985615,15.739999771118164,0.26371858270232085,0.45710579540645196,14.649999618530272,0.0,0.4072217593612901,14.09000015258789,-0.20287520787162444,0.29059087016273616,14.479999542236328,0.7680913731253337,0.8485404648369679,16.469999313354492
2016-11-03,-1.3098012546713909,0.656973386636421,16.799999237060547,-0.1361194585834806,0.42413325157985615,15.739999771118164,0.26371858270232085,0.45710579540645196,14.649999618530272,-0.8788614143283244,0.5040689485095656,14.449999809265137,0.7451680412608719,1.0157683836447688,16.850000381469727
2016-11-04,-0.3417838470350909,0.6033168468399644,16.469999313354492,-1.3098012546713909,0.656973386636421,16.799999237060547,-0.1361194585834806,0.42413325157985615,15.739999771118164,0.0,0.4072217593612901,14.09000015258789,0.8912189939290694,1.6362731887547837,16.510000228881836
2016-11-07,-0.6052515976111644,0.5873820070413268,16.850000381469727,-0.3417838470350909,0.6033168468399644,16.469999313354492,-1.3098012546713909,0.656973386636421,16.799999237060547,0.26371858270232085,0.45710579540645196,14.649999618530272,0.8833708260312371,1.6994907158068735,16.770000457763672
2016-11-08,0.7477508488472915,0.7475033040751101,16.510000228881836,-0.6052515976111644,0.5873820070413268,16.850000381469727,-0.3417838470350909,0.6033168468399644,16.469999313354492,-0.1361194585834806,0.42413325157985615,15.739999771118164,0.9113757225737266,1.601260600400177,16.6200008392334
2016-11-09,0.5457567982692605,0.8470693984983955,16.770000457763672,0.7477508488472915,0.7475033040751101,16.510000228881836,-0.6052515976111644,0.5873820070413268,16.850000381469727,-1.3098012546713909,0.656973386636421,16.799999237060547,0.8774859015631797,1.6145677662271551,15.460000038146973
2016-11-10,-1.3142597631657107,0.8485404648369679,16.6200008392334,0.5457567982692605,0.8470693984983955,16.770000457763672,0.7477508488472915,0.7475033040751101,16.510000228881836,-0.3417838470350909,0.6033168468399644,16.469999313354492,0.8401343620838082,1.3155401449765893,17.360000610351562
2016-11-11,1.105700404045472,1.0157683836447688,15.460000038146973,-1.3142597631657107,0.8485404648369679,16.6200008392334,0.5457567982692605,0.8470693984983955,16.770000457763672,-0.6052515976111644,0.5873820070413268,16.850000381469727,0.975010176354449,1.0712452650679365,20.149999618530277
2016-11-15,-2.7281387102400094,1.6362731887547837,17.360000610351562,1.105700404045472,1.0157683836447688,15.460000038146973,-1.3142597631657107,0.8485404648369679,16.6200008392334,0.7477508488472915,0.7475033040751101,16.510000228881836,0.946866903620929,0.9925676404956421,19.5
2016-11-16,-2.290285685988103,1.6994907158068735,20.149999618530277,-2.7281387102400094,1.6362731887547837,17.360000610351562,1.105700404045472,1.0157683836447688,15.460000038146973,0.5457567982692605,0.8470693984983955,16.770000457763672,1.301001431295171,1.03051937287618,18.709999084472656
2016-11-17,0.03883961302774652,1.601260600400177,19.5,-2.290285685988103,1.6994907158068735,20.149999618530277,-2.7281387102400094,1.6362731887547837,17.360000610351562,-1.3142597631657107,0.8485404648369679,16.6200008392334,1.524253727895392,1.0717446068800973,17.809999465942383
2016-11-18,-0.3909439439923456,1.6145677662271551,18.709999084472656,0.03883961302774652,1.601260600400177,19.5,-2.290285685988103,1.6994907158068735,20.149999618530277,1.105700404045472,1.0157683836447688,15.460000038146973,1.4045293384475814,1.4467669693720377,19.100000381469727
2016-11-21,-0.07242886837538094,1.3155401449765893,17.809999465942383,-0.3909439439923456,1.6145677662271551,18.709999084472656,0.03883961302774652,1.601260600400177,19.5,-2.7281387102400094,1.6362731887547837,17.360000610351562,1.3500582614932757,0.9934367058918493,18.46999931335449
2016-11-22,-1.812187142597807,1.0712452650679365,19.100000381469727,-0.07242886837538094,1.3155401449765893,17.809999465942383,-0.3909439439923456,1.6145677662271551,18.709999084472656,-2.290285685988103,1.6994907158068735,20.149999618530277,1.2616809594270697,0.9685405292079281,18.040000915527344
2016-11-23,0.9189427494782598,0.9925676404956421,18.46999931335449,-1.812187142597807,1.0712452650679365,19.100000381469727,-0.07242886837538094,1.3155401449765893,17.809999465942383,0.03883961302774652,1.601260600400177,19.5,1.4180282993287867,1.0135619403286544,17.15999984741211
2016-11-24,0.3866402176852293,1.03051937287618,18.040000915527344,0.9189427494782598,0.9925676404956421,18.46999931335449,-1.812187142597807,1.0712452650679365,19.100000381469727,-0.3909439439923456,1.6145677662271551,18.709999084472656,1.3380212836862075,0.8747833667965258,17.610000610351562
2016-11-25,-0.8475662098624582,1.0717446068800973,17.15999984741211,0.3866402176852293,1.03051937287618,18.040000915527344,0.9189427494782598,0.9925676404956421,18.46999931335449,-0.07242886837538094,1.3155401449765893,17.809999465942383,1.2494060992588667,0.8509015635445614,18.059999465942383
2016-11-28,1.8508197132649924,1.4467669693720377,17.610000610351562,-0.8475662098624582,1.0717446068800973,17.15999984741211,0.3866402176852293,1.03051937287618,18.040000915527344,-1.812187142597807,1.0712452650679365,19.100000381469727,1.2713139981464097,0.8892013214236828,17.709999084472656
2016-11-29,0.15516218520139677,0.9934367058918493,18.059999465942383,1.8508197132649924,1.4467669693720377,17.610000610351562,-0.8475662098624582,1.0717446068800973,17.15999984741211,0.9189427494782598,0.9925676404956421,18.46999931335449,1.237703101250428,0.8886744755987448,16.850000381469727
2016-11-30,0.18747258935887728,0.9685405292079281,17.709999084472656,0.15516218520139677,0.9934367058918493,18.059999465942383,1.8508197132649924,1.4467669693720377,17.610000610351562,0.3866402176852293,1.03051937287618,18.040000915527344,1.1521602593591769,0.698627201444935,16.690000534057617
2016-12-01,1.0063243621010478,1.0135619403286544,16.850000381469727,0.18747258935887728,0.9685405292079281,17.709999084472656,0.15516218520139677,0.9934367058918493,18.059999465942383,-0.8475662098624582,1.0717446068800973,17.15999984741211,1.0763943107546825,1.1517291727557677,17.93000030517578
2016-12-02,-0.3849531307725516,0.8747833667965258,16.690000534057617,1.0063243621010478,1.0135619403286544,16.850000381469727,0.18747258935887728,0.9685405292079281,17.709999084472656,1.8508197132649924,1.4467669693720377,17.610000610351562,1.0349027225271878,0.8380585497533547,17.290000915527344
2016-12-05,-1.3034894616329138,0.8509015635445614,17.93000030517578,-0.3849531307725516,0.8747833667965258,16.690000534057617,1.0063243621010478,1.0135619403286544,16.850000381469727,0.15516218520139677,0.9934367058918493,18.059999465942383,1.0184818055291045,1.0758702920099588,17.110000610351562
2016-12-06,0.5174081595203409,0.8892013214236828,17.290000915527344,-1.3034894616329138,0.8509015635445614,17.93000030517578,-0.3849531307725516,0.8747833667965258,16.690000534057617,0.18747258935887728,0.9685405292079281,17.709999084472656,1.1302662610468746,1.1016234485455916,16.850000381469727
2016-12-07,0.17699108511295017,0.8886744755987448,17.110000610351562,0.5174081595203409,0.8892013214236828,17.290000915527344,-1.3034894616329138,0.8509015635445614,17.93000030517578,1.0063243621010478,1.0135619403286544,16.850000381469727,1.0673551018161778,1.097519162520203,15.529999732971191
2016-12-08,-0.5059979081726745,0.698627201444935,16.850000381469727,0.17699108511295017,0.8886744755987448,17.110000610351562,0.5174081595203409,0.8892013214236828,17.290000915527344,-0.3849531307725516,0.8747833667965258,16.690000534057617,0.9997336054047062,0.6598130899788,15.06999969482422
2016-12-09,1.7714169916451001,1.1517291727557677,15.529999732971191,-0.5059979081726745,0.698627201444935,16.850000381469727,0.17699108511295017,0.8886744755987448,17.110000610351562,-1.3034894616329138,0.8509015635445614,17.93000030517578,1.0027015171742517,0.6230539097220685,16.190000534057617
2016-12-12,0.18051676124941,0.8380585497533547,15.06999969482422,1.7714169916451001,1.1517291727557677,15.529999732971191,-0.5059979081726745,0.698627201444935,16.850000381469727,0.5174081595203409,0.8892013214236828,17.290000915527344,0.9942509541037574,0.45433099914109226,15.920000076293944
2016-12-13,-1.106963010850654,1.0758702920099588,16.190000534057617,0.18051676124941,0.8380585497533547,15.06999969482422,1.7714169916451001,1.1517291727557677,15.529999732971191,0.17699108511295017,0.8886744755987448,17.110000610351562,0.9338931077320018,0.12305388158712464,16.59000015258789
2016-12-14,0.6222340051564259,1.1016234485455916,15.920000076293944,-1.106963010850654,1.0758702920099588,16.190000534057617,0.18051676124941,0.8380585497533547,15.06999969482422,-0.5059979081726745,0.698627201444935,16.850000381469727,1.0269185313570095,0.09818009081727598,15.65999984741211
2016-12-15,-0.4797498800311476,1.097519162520203,16.59000015258789,0.6222340051564259,1.1016234485455916,15.920000076293944,-1.106963010850654,1.0758702920099588,16.190000534057617,1.7714169916451001,1.1517291727557677,15.529999732971191,0.9777215075635116,0.34395763633804183,15.25
2016-12-16,-0.35320811496494836,0.6598130899788,15.65999984741211,-0.4797498800311476,1.097519162520203,16.59000015258789,0.6222340051564259,1.1016234485455916,15.920000076293944,0.18051676124941,0.8380585497533547,15.06999969482422,0.9794493951971812,0.40595097577907924,14.84000015258789
2016-12-19,-0.173692533279303,0.6230539097220685,15.25,-0.35320811496494836,0.6598130899788,15.65999984741211,-0.4797498800311476,1.097519162520203,16.59000015258789,-1.106963010850654,1.0758702920099588,16.190000534057617,0.9644566414487168,0.48743684794747383,14.539999961853027
2016-12-20,-0.43216675473717575,0.45433099914109226,14.84000015258789,-0.173692533279303,0.6230539097220685,15.25,-0.35320811496494836,0.6598130899788,15.65999984741211,0.6222340051564259,1.1016234485455916,15.920000076293944,0.9279242094122252,1.0541603247153113,14.710000038146973
2016-12-21,-0.27121205636996376,0.12305388158712464,14.539999961853027,-0.43216675473717575,0.45433099914109226,14.84000015258789,-0.173692533279303,0.6230539097220685,15.25,-0.4797498800311476,1.097519162520203,16.59000015258789,0.9283437943503142,1.0525366477257436,15.550000190734863
2016-12-22,-0.26140364419853873,0.09818009081727598,14.710000038146973,-0.27121205636996376,0.12305388158712464,14.539999961853027,-0.43216675473717575,0.45433099914109226,14.84000015258789,-0.35320811496494836,0.6598130899788,15.65999984741211,0.9077609387047256,0.9551130080174893,15.130000114440918
2016-12-23,-1.0249174221346513,0.34395763633804183,15.550000190734863,-0.26140364419853873,0.09818009081727598,14.710000038146973,-0.27121205636996376,0.12305388158712464,14.539999961853027,-0.173692533279303,0.6230539097220685,15.25,0.8878995780900231,0.9894048619099979,16.600000381469727
2016-12-26,0.08330679821808747,0.40595097577907924,15.130000114440918,-1.0249174221346513,0.34395763633804183,15.550000190734863,-0.26140364419853873,0.09818009081727598,14.710000038146973,-0.43216675473717575,0.45433099914109226,14.84000015258789,0.9742295127136682,0.6928626164402991,15.079999923706056
2016-12-27,-0.9752185003088458,0.48743684794747383,16.600000381469727,0.08330679821808747,0.40595097577907924,15.130000114440918,-1.0249174221346513,0.34395763633804183,15.550000190734863,-0.27121205636996376,0.12305388158712464,14.539999961853027,0.9126695845649548,0.5007816378240134,15.539999961853027
2016-12-28,1.5632877835896817,1.0541603247153113,15.079999923706056,-0.9752185003088458,0.48743684794747383,16.600000381469727,0.08330679821808747,0.40595097577907924,15.130000114440918,-0.26140364419853873,0.09818009081727598,14.710000038146973,0.9891270238186896,0.5096311056753463,15.279999732971191
2016-12-29,0.024894664276991385,1.0525366477257436,15.539999961853027,1.5632877835896817,1.0541603247153113,15.079999923706056,-0.9752185003088458,0.48743684794747383,16.600000381469727,-1.0249174221346513,0.34395763633804183,15.550000190734863,0.974966874045405,0.5497923332956672,15.470000267028809
2016-12-30,0.8520076594398651,0.9551130080174893,15.279999732971191,0.024894664276991385,1.0525366477257436,15.539999961853027,1.5632877835896817,1.0541603247153113,15.079999923706056,0.08330679821808747,0.40595097577907924,15.130000114440918,0.9126079314139516,0.5212533931764879,15.829999923706056
2017-01-02,1.0092502517199518,0.9894048619099979,15.470000267028809,0.8520076594398651,0.9551130080174893,15.279999732971191,0.024894664276991385,1.0525366477257436,15.539999961853027,-0.9752185003088458,0.48743684794747383,16.600000381469727,0.8820546567880889,0.5230918313536133,15.960000038146973
2017-01-03,-0.0769897902741199,0.6928626164402991,15.829999923706056,1.0092502517199518,0.9894048619099979,15.470000267028809,0.8520076594398651,0.9551130080174893,15.279999732971191,1.5632877835896817,1.0541603247153113,15.079999923706056,0.8596491403818088,0.5692700125968736,15.890000343322754
2017-01-04,0.1557561357536169,0.5007816378240134,15.960000038146973,-0.0769897902741199,0.6928626164402991,15.829999923706056,1.0092502517199518,0.9894048619099979,15.470000267028809,0.024894664276991385,1.0525366477257436,15.539999961853027,0.8208583904206218,0.658709714186113,15.050000190734863
2017-01-05,-0.02136393470761797,0.5096311056753463,15.890000343322754,0.1557561357536169,0.5007816378240134,15.960000038146973,-0.0769897902741199,0.6928626164402991,15.829999923706056,0.8520076594398651,0.9551130080174893,15.279999732971191,0.775989260042171,0.5817029504478647,14.90999984741211
2017-01-06,1.0118925972987751,0.5497923332956672,15.050000190734863,-0.02136393470761797,0.5096311056753463,15.890000343322754,0.1557561357536169,0.5007816378240134,15.960000038146973,1.0092502517199518,0.9894048619099979,15.470000267028809,0.7378454950343907,0.507958248152643,15.479999542236328
2017-01-09,-0.3632493061580171,0.5212533931764879,14.90999984741211,1.0118925972987751,0.5497923332956672,15.050000190734863,-0.02136393470761797,0.5096311056753463,15.890000343322754,-0.0769897902741199,0.6928626164402991,15.829999923706056,0.7288705523295445,0.4613106001314643,15.199999809265137
2017-01-10,-0.09405426329750954,0.5230918313536133,15.479999542236328,-0.3632493061580171,0.5212533931764879,14.90999984741211,1.0118925972987751,0.5497923332956672,15.050000190734863,0.1557561357536169,0.5007816378240134,15.960000038146973,0.7391664007970999,0.508811442238575,14.8100004196167
2017-01-11,0.6360193250249055,0.5692700125968736,15.199999809265137,-0.09405426329750954,0.5230918313536133,15.479999542236328,-0.3632493061580171,0.5212533931764879,14.90999984741211,-0.02136393470761797,0.5096311056753463,15.890000343322754,0.7134673876066864,0.20810730224617716,14.609999656677246
2017-01-12,1.1044494137506544,0.658709714186113,14.8100004196167,0.6360193250249055,0.5692700125968736,15.199999809265137,-0.09405426329750954,0.5230918313536133,15.479999542236328,1.0118925972987751,0.5497923332956672,15.050000190734863,0.694005932271004,0.18360387589522176,14.380000114440918
2017-01-13,0.3162981072087511,0.5817029504478647,14.609999656677246,1.1044494137506544,0.658709714186113,14.8100004196167,0.6360193250249055,0.5692700125968736,15.199999809265137,-0.3632493061580171,0.5212533931764879,14.90999984741211,0.692105677731783,0.5291575644474683,15.06999969482422
2017-01-16,-0.08151796539613075,0.507958248152643,14.380000114440918,0.3162981072087511,0.5817029504478647,14.609999656677246,1.1044494137506544,0.658709714186113,14.8100004196167,-0.09405426329750954,0.5230918313536133,15.479999542236328,0.6638957007429852,0.5943462206926567,15.390000343322754
2017-01-17,0.1481007190450201,0.4613106001314643,15.06999969482422,-0.08151796539613075,0.507958248152643,14.380000114440918,0.3162981072087511,0.5817029504478647,14.609999656677246,0.6360193250249055,0.5692700125968736,15.199999809265137,0.6431475256913812,0.7456401571356015,15.18000030517578
2017-01-18,-0.1760750075312027,0.508811442238575,15.390000343322754,0.1481007190450201,0.4613106001314643,15.06999969482422,-0.08151796539613075,0.507958248152643,14.380000114440918,1.1044494137506544,0.658709714186113,14.8100004196167,0.613567683060357,0.9487096796278776,15.020000457763672
2017-01-19,0.22598879674375041,0.20810730224617716,15.18000030517578,-0.1760750075312027,0.508811442238575,15.390000343322754,0.1481007190450201,0.4613106001314643,15.06999969482422,0.3162981072087511,0.5817029504478647,14.609999656677246,0.6092952452338003,0.9407950004713678,15.789999961853027
2017-01-20,0.21480547533008396,0.18360387589522176,15.020000457763672,0.22598879674375041,0.20810730224617716,15.18000030517578,-0.1760750075312027,0.508811442238575,15.390000343322754,-0.08151796539613075,0.507958248152643,14.380000114440918,0.5850810956695262,0.6007640804487837,15.90999984741211
2017-01-23,-1.0217880246458877,0.5291575644474683,15.789999961853027,0.21480547533008396,0.18360387589522176,15.020000457763672,0.22598879674375041,0.20810730224617716,15.18000030517578,0.1481007190450201,0.4613106001314643,15.06999969482422,0.562472002048018,0.9092016520970149,15.289999961853027
2017-01-24,0.5035644029815811,0.5943462206926567,15.90999984741211,-1.0217880246458877,0.5291575644474683,15.789999961853027,0.21480547533008396,0.18360387589522176,15.020000457763672,-0.1760750075312027,0.508811442238575,15.390000343322754,0.685587989029363,1.0916289104003531,15.170000076293944
2017-01-25,0.9995732282151228,0.7456401571356015,15.289999961853027,0.5035644029815811,0.5943462206926567,15.90999984741211,-1.0217880246458877,0.5291575644474683,15.789999961853027,0.22598879674375041,0.20810730224617716,15.18000030517578,0.6641395862709757,0.9624162091639129,16.010000228881836
2017-01-27,1.4866898538362305,0.9487096796278776,15.170000076293944,0.9995732282151228,0.7456401571356015,15.289999961853027,0.5035644029815811,0.5943462206926567,15.90999984741211,0.21480547533008396,0.18360387589522176,15.020000457763672,0.6612787280192024,0.9628782616270231,16.670000076293945
2017-01-30,0.4465328690727306,0.9407950004713678,16.010000228881836,1.4866898538362305,0.9487096796278776,15.170000076293944,0.9995732282151228,0.7456401571356015,15.289999961853027,-1.0217880246458877,0.5291575644474683,15.789999961853027,0.6755425923573494,0.9599445922562541,16.829999923706055
2017-01-31,-0.09841380903137704,0.6007640804487837,16.670000076293945,0.4465328690727306,0.9407950004713678,16.010000228881836,1.4866898538362305,0.9487096796278776,15.170000076293944,0.5035644029815811,0.5943462206926567,15.90999984741211,0.6530633075998348,0.8273843597182878,13.970000267028809
2017-02-01,-0.8311085218864388,0.9092016520970149,16.829999923706055,-0.09841380903137704,0.6007640804487837,16.670000076293945,0.4465328690727306,0.9407950004713678,16.010000228881836,0.9995732282151228,0.7456401571356015,15.289999961853027,0.6353975396945263,0.382024915344564,13.520000457763672
2017-02-02,1.7954328487415367,1.0916289104003531,13.970000267028809,-0.8311085218864388,0.9092016520970149,16.829999923706055,-0.09841380903137704,0.6007640804487837,16.670000076293945,1.4866898538362305,0.9487096796278776,15.170000076293944,0.7207566866443389,0.379132495792773,13.130000114440918
2017-02-03,0.20457249673200792,0.9624162091639129,13.520000457763672,1.7954328487415367,1.0916289104003531,13.970000267028809,-0.8311085218864388,0.9092016520970149,16.829999923706055,0.4465328690727306,0.9407950004713678,16.010000228881836,0.7404495512666788,0.3800240276568698,13.399999618530272
2017-02-06,0.07668233343177948,0.9628782616270231,13.130000114440918,0.20457249673200792,0.9624162091639129,13.520000457763672,1.7954328487415367,1.0916289104003531,13.970000267028809,-0.09841380903137704,0.6007640804487837,16.670000076293945,0.704365583658043,0.2218199885499232,13.510000228881836
2017-02-07,0.6852108598963619,0.9599445922562541,13.399999618530272,0.07668233343177948,0.9628782616270231,13.130000114440918,0.20457249673200792,0.9624162091639129,13.520000457763672,-0.8311085218864388,0.9092016520970149,16.829999923706055,0.6672548340935713,0.12678574184407473,13.350000381469728
2017-02-08,-0.3728087682222944,0.8273843597182878,13.510000228881836,0.6852108598963619,0.9599445922562541,13.399999618530272,0.07668233343177948,0.9628782616270231,13.130000114440918,1.7954328487415367,1.0916289104003531,13.970000267028809,0.653463203895544,0.39479711779605486,13.239999771118164
2017-02-09,0.008553173850807276,0.382024915344564,13.350000381469728,-0.3728087682222944,0.8273843597182878,13.510000228881836,0.6852108598963619,0.9599445922562541,13.399999618530272,0.20457249673200792,0.9624162091639129,13.520000457763672,0.6719036594379078,0.5085404790181027,13.18000030517578
2017-02-10,0.10657487804178316,0.379132495792773,13.239999771118164,0.008553173850807276,0.382024915344564,13.350000381469728,-0.3728087682222944,0.8273843597182878,13.510000228881836,0.07668233343177948,0.9628782616270231,13.130000114440918,0.6390904084496557,0.5547319579994732,13.6899995803833
2017-02-13,0.17242727924366555,0.3800240276568698,13.18000030517578,0.10657487804178316,0.379132495792773,13.239999771118164,0.008553173850807276,0.382024915344564,13.350000381469728,0.6852108598963619,0.9599445922562541,13.399999618530272,0.6084900247495206,0.6155689114891405,13.800000190734863
2017-02-14,0.13069223565665178,0.2218199885499232,13.6899995803833,0.17242727924366555,0.3800240276568698,13.18000030517578,0.10657487804178316,0.379132495792773,13.239999771118164,-0.3728087682222944,0.8273843597182878,13.510000228881836,0.5825782217677542,0.591223484042651,14.210000038146973
2017-02-15,-0.14490821077153884,0.12678574184407473,13.800000190734863,0.13069223565665178,0.2218199885499232,13.6899995803833,0.17242727924366555,0.3800240276568698,13.18000030517578,0.008553173850807276,0.382024915344564,13.350000381469728,0.5574007439430928,0.18656180329556132,13.729999542236328
2017-02-16,-0.7718210304816345,0.39479711779605486,14.210000038146973,-0.14490821077153884,0.12678574184407473,13.800000190734863,0.13069223565665178,0.2218199885499232,13.6899995803833,0.10657487804178316,0.379132495792773,13.239999771118164,0.5537047968336275,0.20812856564772092,13.43000030517578
2017-02-17,0.6090485336691579,0.5085404790181027,13.729999542236328,-0.7718210304816345,0.39479711779605486,14.210000038146973,-0.14490821077153884,0.12678574184407473,13.800000190734863,0.17242727924366555,0.3800240276568698,13.18000030517578,0.6387771406587386,0.41182029629551514,13.609999656677246
2017-02-20,0.49660260841438786,0.5547319579994732,13.43000030517578,0.6090485336691579,0.5085404790181027,13.729999542236328,-0.7718210304816345,0.39479711779605486,14.210000038146973,0.13069223565665178,0.2218199885499232,13.6899995803833,0.6248571576935904,0.33039528668613166,13.529999732971191
2017-02-21,0.6496867502078925,0.6155689114891405,13.609999656677246,0.49660260841438786,0.5547319579994732,13.43000030517578,0.6090485336691579,0.5085404790181027,13.729999542236328,-0.14490821077153884,0.12678574184407473,13.800000190734863,0.6083397565172514,0.46055132059046755,13.699999809265137
2017-02-22,0.32213817527224997,0.591223484042651,13.529999732971191,0.6496867502078925,0.6155689114891405,13.609999656677246,0.49660260841438786,0.5547319579994732,13.43000030517578,-0.7718210304816345,0.39479711779605486,14.210000038146973,0.598346164660337,0.5212322090644513,13.399999618530272
2017-02-23,0.21363673161383717,0.18656180329556132,13.699999809265137,0.32213817527224997,0.591223484042651,13.529999732971191,0.6496867502078925,0.6155689114891405,13.609999656677246,0.6090485336691579,0.5085404790181027,13.729999542236328,0.5782105683680246,0.5103325342675482,13.68000030517578
2017-02-27,0.14104252886116897,0.20812856564772092,13.399999618530272,0.21363673161383717,0.18656180329556132,13.699999809265137,0.32213817527224997,0.591223484042651,13.529999732971191,0.49660260841438786,0.5547319579994732,13.43000030517578,0.5561174596006953,0.5675553183565241,13.789999961853027
2017-02-28,-0.47992157934504703,0.41182029629551514,13.68000030517578,0.14104252886116897,0.20812856564772092,13.399999618530272,0.21363673161383717,0.18656180329556132,13.699999809265137,0.6496867502078925,0.6155689114891405,13.609999656677246,0.5333942540801084,0.5664212238244659,13.579999923706056
2017-03-01,-0.19239764630964218,0.33039528668613166,13.789999961853027,-0.47992157934504703,0.41182029629551514,13.68000030517578,0.14104252886116897,0.20812856564772092,13.399999618530272,0.32213817527224997,0.591223484042651,13.529999732971191,0.5774679859950935,0.4738271099255779,13.359999656677246
2017-03-02,0.7427659614302357,0.46055132059046755,13.579999923706056,-0.19239764630964218,0.33039528668613166,13.789999961853027,-0.47992157934504703,0.41182029629551514,13.68000030517578,0.21363673161383717,0.18656180329556132,13.699999809265137,0.578360853601045,0.3954420929224643,13.350000381469728
2017-03-03,-0.5160940111567701,0.5212322090644513,13.359999656677246,0.7427659614302357,0.46055132059046755,13.579999923706056,-0.19239764630964218,0.33039528668613166,13.789999961853027,0.14104252886116897,0.20812856564772092,13.399999618530272,0.574010301317384,0.3925187481302999,13.640000343322754
2017-03-06,-0.02472504647169898,0.5103325342675482,13.350000381469728,-0.5160940111567701,0.5212322090644513,13.359999656677246,0.7427659614302357,0.46055132059046755,13.579999923706056,-0.47992157934504703,0.41182029629551514,13.68000030517578,0.6195235638520964,0.8052830163800788,13.880000114440918
2017-03-07,0.737928331770254,0.5675553183565241,13.640000343322754,-0.02472504647169898,0.5103325342675482,13.350000381469728,-0.5160940111567701,0.5212322090644513,13.359999656677246,-0.19239764630964218,0.33039528668613166,13.789999961853027,0.5952881826426222,0.7853757426834059,14.079999923706056
2017-03-08,-0.18480720763560476,0.5664212238244659,13.880000114440918,0.737928331770254,0.5675553183565241,13.640000343322754,-0.02472504647169898,0.5103325342675482,13.350000381469728,0.7427659614302357,0.46055132059046755,13.579999923706056,0.5893718836206705,0.7337799348379495,14.390000343322754
2017-03-09,-0.25292759007722593,0.4738271099255779,14.079999923706056,-0.18480720763560476,0.5664212238244659,13.880000114440918,0.737928331770254,0.5675553183565241,13.640000343322754,-0.5160940111567701,0.5212322090644513,13.359999656677246,0.5882744614772101,0.7276047056789092,13.960000038146973
2017-03-10,0.030252086544248078,0.3954420929224643,14.390000343322754,-0.25292759007722593,0.4738271099255779,14.079999923706056,-0.18480720763560476,0.5664212238244659,13.880000114440918,-0.02472504647169898,0.5103325342675482,13.350000381469728,0.5962911207982282,0.8160432239887235,12.399999618530272
2017-03-14,0.08453695473995278,0.3925187481302999,13.960000038146973,0.030252086544248078,0.3954420929224643,14.390000343322754,-0.25292759007722593,0.4738271099255779,14.079999923706056,0.737928331770254,0.5675553183565241,13.640000343322754,0.5670383799838896,0.4131636096710437,12.420000076293944
2017-03-15,1.6919058968585234,0.8052830163800788,12.399999618530272,0.08453695473995278,0.3925187481302999,13.960000038146973,0.030252086544248078,0.3954420929224643,14.390000343322754,-0.18480720763560476,0.5664212238244659,13.880000114440918,0.5415905384274725,0.6413575767990701,11.90999984741211
2017-03-16,-0.0242154915517403,0.7853757426834059,12.420000076293944,1.6919058968585234,0.8052830163800788,12.399999618530272,0.08453695473995278,0.3925187481302999,13.960000038146973,-0.25292759007722593,0.4738271099255779,14.079999923706056,0.5737496209619981,0.5952754552612404,11.850000381469728
2017-03-17,0.755552467528155,0.7337799348379495,11.90999984741211,-0.0242154915517403,0.7853757426834059,12.420000076293944,1.6919058968585234,0.8052830163800788,12.399999618530272,0.030252086544248078,0.3954420929224643,14.390000343322754,0.5531832502730107,0.6151819787053542,12.020000457763672
2017-03-20,0.0693425391241901,0.7276047056789092,11.850000381469728,0.755552467528155,0.7337799348379495,11.90999984741211,-0.0242154915517403,0.7853757426834059,12.420000076293944,0.08453695473995278,0.3925187481302999,13.960000038146973,0.5513292037657882,0.6640969897695396,11.9399995803833
2017-03-21,-0.36310400180971464,0.8160432239887235,12.020000457763672,0.0693425391241901,0.7276047056789092,11.850000381469728,0.755552467528155,0.7337799348379495,11.90999984741211,1.6919058968585234,0.8052830163800788,12.399999618530272,0.5266272168716448,0.7562036442949408,12.270000457763672
2017-03-22,-0.05863115999817308,0.4131636096710437,11.9399995803833,-0.36310400180971464,0.8160432239887235,12.020000457763672,0.0693425391241901,0.7276047056789092,11.850000381469728,-0.0242154915517403,0.7853757426834059,12.420000076293944,0.5548664266025511,0.548242984220257,11.84000015258789
2017-03-23,-1.0032042543653485,0.6413575767990701,12.270000457763672,-0.05863115999817308,0.4131636096710437,11.9399995803833,-0.36310400180971464,0.8160432239887235,12.020000457763672,0.755552467528155,0.7337799348379495,11.90999984741211,0.5402025116481005,0.5139990111361331,11.979999542236328
2017-03-24,0.6165541424006181,0.5952754552612404,11.84000015258789,-1.0032042543653485,0.6413575767990701,12.270000457763672,-0.05863115999817308,0.4131636096710437,11.9399995803833,0.0693425391241901,0.7276047056789092,11.850000381469728,0.6630595761029879,0.5195891900833304,12.4399995803833
2017-03-27,0.23853850750034114,0.6151819787053542,11.979999542236328,0.6165541424006181,0.5952754552612404,11.84000015258789,-1.0032042543653485,0.6413575767990701,12.270000457763672,-0.36310400180971464,0.8160432239887235,12.020000457763672,0.6473229273868735,0.27440372182354766,12.119999885559082
2017-03-28,-0.6918896341847197,0.6640969897695396,12.4399995803833,0.23853850750034114,0.6151819787053542,11.979999542236328,0.6165541424006181,0.5952754552612404,11.84000015258789,-0.05863115999817308,0.4131636096710437,11.9399995803833,0.6203629929459128,0.2551375829424866,12.09000015258789
2017-03-29,0.6128048426003716,0.7562036442949408,12.119999885559082,-0.6918896341847197,0.6640969897695396,12.4399995803833,0.23853850750034114,0.6151819787053542,11.979999542236328,-1.0032042543653485,0.6413575767990701,12.270000457763672,0.6867286979227508,0.2959662678020624,12.149999618530272
2017-03-30,0.47137323415894605,0.548242984220257,12.09000015258789,0.6128048426003716,0.7562036442949408,12.119999885559082,-0.6918896341847197,0.6640969897695396,12.4399995803833,0.6165541424006181,0.5952754552612404,11.84000015258789,0.6688256089165135,0.508518920586251,12.420000076293944
2017-03-31,0.32701122498964663,0.5139990111361331,12.149999618530272,0.47137323415894605,0.548242984220257,12.09000015258789,0.6128048426003716,0.7562036442949408,12.119999885559082,0.23853850750034114,0.6151819787053542,11.979999542236328,0.6477471205962513,0.5198220615547972,11.489999771118164
2017-04-03,0.0,0.5195891900833304,12.420000076293944,0.32701122498964663,0.5139990111361331,12.149999618530272,0.47137323415894605,0.548242984220257,12.09000015258789,-0.6918896341847197,0.6640969897695396,12.4399995803833,0.623670158297481,0.4902214405992771,11.550000190734863
2017-04-05,0.6962987433382358,0.27440372182354766,11.489999771118164,0.0,0.5195891900833304,12.420000076293944,0.32701122498964663,0.5139990111361331,12.149999618530272,0.6128048426003716,0.7562036442949408,12.119999885559082,0.595972378411869,0.47888346624905753,11.289999961853027
2017-04-06,0.29509594186491106,0.2551375829424866,11.550000190734863,0.6962987433382358,0.27440372182354766,11.489999771118164,0.0,0.5195891900833304,12.420000076293944,0.47137323415894605,0.548242984220257,12.09000015258789,0.5885855281319422,0.5106443548251468,11.6899995803833
2017-04-07,-0.03454609996294879,0.2959662678020624,11.289999961853027,0.29509594186491106,0.2551375829424866,11.550000190734863,0.6962987433382358,0.27440372182354766,11.489999771118164,0.32701122498964663,0.5139990111361331,12.149999618530272,0.5683489805783107,0.44497640857079657,11.619999885559082
2017-04-10,-0.6895967591191596,0.508518920586251,11.6899995803833,-0.03454609996294879,0.2959662678020624,11.289999961853027,0.29509594186491106,0.2551375829424866,11.550000190734863,0.0,0.5195891900833304,12.420000076293944,0.5495296406783146,0.4588245350652894,11.399999618530272
2017-04-11,-0.1833497636833679,0.5198220615547972,11.619999885559082,-0.6895967591191596,0.508518920586251,11.6899995803833,-0.03454609996294879,0.2959662678020624,11.289999961853027,0.6962987433382358,0.27440372182354766,11.489999771118164,0.6226534089249337,0.2202001875653397,11.630000114440918
2017-04-12,0.6031992108960761,0.4902214405992771,11.399999618530272,-0.1833497636833679,0.5198220615547972,11.619999885559082,-0.6895967591191596,0.508518920586251,11.6899995803833,0.29509594186491106,0.2551375829424866,11.550000190734863,0.618563377245468,0.356596671472936,11.579999923706056
2017-04-13,-0.3638722628744009,0.47888346624905753,11.630000114440918,0.6031992108960761,0.4902214405992771,11.399999618530272,-0.1833497636833679,0.5198220615547972,11.619999885559082,-0.03454609996294879,0.2959662678020624,11.289999961853027,0.6061482113902901,0.2727097547653143,11.890000343322754
2017-04-17,-0.5737149166000338,0.5106443548251468,11.579999923706056,-0.3638722628744009,0.47888346624905753,11.630000114440918,0.6031992108960761,0.4902214405992771,11.399999618530272,-0.6895967591191596,0.508518920586251,11.6899995803833,0.6275868185253174,0.5731006254900723,12.380000114440918
2017-04-18,-0.12575110864404995,0.44497640857079657,11.890000343322754,-0.5737149166000338,0.5106443548251468,11.579999923706056,-0.3638722628744009,0.47888346624905753,11.630000114440918,-0.1833497636833679,0.5198220615547972,11.619999885559082,0.6762544819996271,0.5654129107163439,12.220000267028809
2017-04-19,-0.3743544319295666,0.4588245350652894,12.380000114440918,-0.12575110864404995,0.44497640857079657,11.890000343322754,-0.5737149166000338,0.5106443548251468,11.579999923706056,0.6031992108960761,0.4902214405992771,11.399999618530272,0.6601091345068549,0.5056242176198442,11.5600004196167
2017-04-20,-0.018127544810997015,0.2202001875653397,12.220000267028809,-0.3743544319295666,0.4588245350652894,12.380000114440918,-0.12575110864404995,0.44497640857079657,11.890000343322754,-0.3638722628744009,0.47888346624905753,11.630000114440918,0.6781605553454461,0.5831379515167741,11.420000076293944
2017-04-21,0.360752258526342,0.356596671472936,11.5600004196167,-0.018127544810997015,0.2202001875653397,12.220000267028809,-0.3743544319295666,0.4588245350652894,12.380000114440918,-0.5737149166000338,0.5106443548251468,11.579999923706056,0.6481642719582507,0.6482219680515536,11.630000114440918
2017-04-24,-0.18624222643066868,0.2727097547653143,11.420000076293944,0.360752258526342,0.356596671472936,11.5600004196167,-0.018127544810997015,0.2202001875653397,12.220000267028809,-0.12575110864404995,0.44497640857079657,11.890000343322754,0.625168823154671,0.5305776947215377,11.15999984741211
2017-04-25,1.0748636018943607,0.5731006254900723,11.630000114440918,-0.18624222643066868,0.2727097547653143,11.420000076293944,0.360752258526342,0.356596671472936,11.5600004196167,-0.3743544319295666,0.4588245350652894,12.380000114440918,0.6212434544639879,0.3254773588052513,11.739999771118164
2017-04-26,0.9571092601938416,0.5654129107163439,11.15999984741211,1.0748636018943607,0.5731006254900723,11.630000114440918,-0.18624222643066868,0.2727097547653143,11.420000076293944,-0.018127544810997015,0.2202001875653397,12.220000267028809,0.6246811465145781,0.33595305076792537,11.06999969482422
2017-04-27,0.48503590177315103,0.5056242176198442,11.739999771118164,0.9571092601938416,0.5654129107163439,11.15999984741211,1.0748636018943607,0.5731006254900723,11.630000114440918,0.360752258526342,0.356596671472936,11.5600004196167,0.6237722769679005,0.50199608384199,10.859999656677246
2017-04-28,-0.10376826383150929,0.5831379515167741,11.06999969482422,0.48503590177315103,0.5056242176198442,11.739999771118164,0.9571092601938416,0.5654129107163439,11.15999984741211,-0.18624222643066868,0.2727097547653143,11.420000076293944,0.6069589397799043,0.5021884983187868,11.449999809265137
2017-05-02,-0.40866920407427915,0.6482219680515536,10.859999656677246,-0.10376826383150929,0.5831379515167741,11.06999969482422,0.48503590177315103,0.5056242176198442,11.739999771118164,1.0748636018943607,0.5731006254900723,11.630000114440918,0.5938547983057287,0.5001999420464678,11.529999732971191
2017-05-03,0.10473820656935207,0.5305776947215377,11.449999809265137,-0.40866920407427915,0.6482219680515536,10.859999656677246,-0.10376826383150929,0.5831379515167741,11.06999969482422,0.9571092601938416,0.5654129107163439,11.15999984741211,0.6225270613020021,0.6569783844387919,11.329999923706056
2017-05-04,-0.019860777483643833,0.3254773588052513,11.529999732971191,0.10473820656935207,0.5305776947215377,11.449999809265137,-0.40866920407427915,0.6482219680515536,10.859999656677246,0.48503590177315103,0.5056242176198442,11.739999771118164,0.5932402303885077,0.6339153884152876,11.989999771118164
2017-05-05,0.5136105872378302,0.33595305076792537,11.329999923706056,-0.019860777483643833,0.3254773588052513,11.529999732971191,0.10473820656935207,0.5305776947215377,11.449999809265137,-0.10376826383150929,0.5831379515167741,11.06999969482422,0.5705453327289924,0.4476706024806761,11.670000076293944
2017-05-08,-0.8002164979810267,0.50199608384199,11.989999771118164,0.5136105872378302,0.33595305076792537,11.329999923706056,-0.019860777483643833,0.3254773588052513,11.529999732971191,-0.40866920407427915,0.6482219680515536,10.859999656677246,0.5590722021826087,0.459085349714064,11.109999656677246
2017-05-09,0.3091508413122288,0.5021884983187868,11.670000076293944,-0.8002164979810267,0.50199608384199,11.989999771118164,0.5136105872378302,0.33595305076792537,11.329999923706056,0.10473820656935207,0.5305776947215377,11.449999809265137,0.6478982043680281,0.46640185862150174,10.949999809265137
2017-05-10,0.03005549701442118,0.5001999420464678,11.109999656677246,0.3091508413122288,0.5021884983187868,11.670000076293944,-0.8002164979810267,0.50199608384199,11.989999771118164,-0.019860777483643833,0.3254773588052513,11.529999732971191,0.6232182287410649,0.3554172930767398,10.84000015258789
2017-05-11,0.9661416055306065,0.6569783844387919,10.949999809265137,0.03005549701442118,0.5001999420464678,11.109999656677246,0.3091508413122288,0.5021884983187868,11.670000076293944,0.5136105872378302,0.33595305076792537,11.329999923706056,0.5917880956181585,0.6752793803607705,10.630000114440918
2017-05-12,0.16039118008357617,0.6339153884152876,10.84000015258789,0.9661416055306065,0.6569783844387919,10.949999809265137,0.03005549701442118,0.5001999420464678,11.109999656677246,-0.8002164979810267,0.50199608384199,11.989999771118164,0.5939771479878037,0.6627146140306815,10.68000030517578
2017-05-15,-0.22844037397764944,0.4476706024806761,10.630000114440918,0.16039118008357617,0.6339153884152876,10.84000015258789,0.9661416055306065,0.6569783844387919,10.949999809265137,0.3091508413122288,0.5021884983187868,11.670000076293944,0.5688538481430682,0.6247181181227547,10.5600004196167
2017-05-16,0.4722420937348687,0.459085349714064,10.68000030517578,-0.22844037397764944,0.4476706024806761,10.630000114440918,0.16039118008357617,0.6339153884152876,10.84000015258789,0.03005549701442118,0.5001999420464678,11.109999656677246,0.5752394647114397,0.5037520748983619,10.640000343322754
2017-05-17,0.7052549770711115,0.46640185862150174,10.5600004196167,0.4722420937348687,0.459085349714064,10.68000030517578,-0.22844037397764944,0.4476706024806761,10.630000114440918,0.9661416055306065,0.6569783844387919,10.949999809265137,0.5619955127919073,0.45100196309738566,11.789999961853027
2017-05-18,0.14182164368899747,0.3554172930767398,10.640000343322754,0.7052549770711115,0.46640185862150174,10.5600004196167,0.4722420937348687,0.459085349714064,10.68000030517578,0.16039118008357617,0.6339153884152876,10.84000015258789,0.5577069349186192,0.8291826960692895,11.300000190734863
2017-05-19,-1.016086690923151,0.6752793803607705,11.789999961853027,0.14182164368899747,0.3554172930767398,10.640000343322754,0.7052549770711115,0.46640185862150174,10.5600004196167,-0.22844037397764944,0.4476706024806761,10.630000114440918,0.5348834607814779,0.876641183472431,11.199999809265137
2017-05-22,-0.016437141409942322,0.6627146140306815,11.300000190734863,-1.016086690923151,0.6752793803607705,11.789999961853027,0.14182164368899747,0.3554172930767398,10.640000343322754,0.4722420937348687,0.459085349714064,10.68000030517578,0.6604884085909422,0.8771735683714362,12.199999809265137
2017-05-23,0.10971618691591548,0.6247181181227547,11.199999809265137,-0.016437141409942322,0.6627146140306815,11.300000190734863,-1.016086690923151,0.6752793803607705,11.789999961853027,0.7052549770711115,0.46640185862150174,10.5600004196167,0.6317806917635863,0.7361384457388093,11.829999923706056
2017-05-24,-0.5535341505865151,0.5037520748983619,12.199999809265137,0.10971618691591548,0.6247181181227547,11.199999809265137,-0.016437141409942322,0.6627146140306815,11.300000190734863,0.14182164368899747,0.3554172930767398,10.640000343322754,0.6018909264022434,0.6788151351027253,10.449999809265137
2017-05-25,-0.2731211528938736,0.45100196309738566,11.829999923706056,-0.5535341505865151,0.5037520748983619,12.199999809265137,0.10971618691591548,0.6247181181227547,11.199999809265137,-1.016086690923151,0.6752793803607705,11.789999961853027,0.6501262222816828,0.38961536559694104,10.859999656677246
2017-05-26,1.581355951256376,0.8291826960692895,10.449999809265137,-0.2731211528938736,0.45100196309738566,11.829999923706056,-0.5535341505865151,0.5037520748983619,12.199999809265137,-0.016437141409942322,0.6627146140306815,11.300000190734863,0.6554978652257571,0.18253370715056544,11.789999961853027
2017-05-29,0.8934922695320597,0.876641183472431,10.859999656677246,1.581355951256376,0.8291826960692895,10.449999809265137,-0.2731211528938736,0.45100196309738566,11.829999923706056,0.10971618691591548,0.6247181181227547,11.199999809265137,0.6736115043372257,0.18734140391466717,11.770000457763672
2017-05-30,0.1020914802213731,0.8771735683714362,11.789999961853027,0.8934922695320597,0.876641183472431,10.859999656677246,1.581355951256376,0.8291826960692895,10.449999809265137,-0.5535341505865151,0.5037520748983619,12.199999809265137,0.6663094817168096,0.2982072350527235,11.760000228881836
2017-05-31,0.20436799494468433,0.7361384457388093,11.770000457763672,0.1020914802213731,0.8771735683714362,11.789999961853027,0.8934922695320597,0.876641183472431,10.859999656677246,-0.2731211528938736,0.45100196309738566,11.829999923706056,0.6332772329890785,0.3145084722897263,11.3100004196167
2017-06-01,-0.03429116745806887,0.6788151351027253,11.760000228881836,0.20436799494468433,0.7361384457388093,11.770000457763672,0.1020914802213731,0.8771735683714362,11.789999961853027,1.581355951256376,0.8291826960692895,10.449999809265137,0.606367718773469,0.33194147411352604,10.8100004196167
2017-06-02,-0.05354574151470177,0.38961536559694104,11.3100004196167,-0.03429116745806887,0.6788151351027253,11.760000228881836,0.20436799494468433,0.7361384457388093,11.770000457763672,0.8934922695320597,0.876641183472431,10.859999656677246,0.5844288780996999,0.2973192128389747,11.020000457763672
2017-06-05,0.3881807442491232,0.18253370715056544,10.8100004196167,-0.05354574151470177,0.38961536559694104,11.3100004196167,-0.03429116745806887,0.6788151351027253,11.760000228881836,0.1020914802213731,0.8771735683714362,11.789999961853027,0.5667335284176316,0.3617292647486325,11.130000114440918
2017-06-06,0.223499051174814,0.18734140391466717,11.020000457763672,0.3881807442491232,0.18253370715056544,10.8100004196167,-0.05354574151470177,0.38961536559694104,11.3100004196167,0.20436799494468433,0.7361384457388093,11.770000457763672,0.551362319586624,0.32901608938500665,10.890000343322754
2017-06-07,-0.39300721143596146,0.2982072350527235,11.130000114440918,0.223499051174814,0.18734140391466717,11.020000457763672,0.3881807442491232,0.18253370715056544,10.8100004196167,-0.03429116745806887,0.6788151351027253,11.760000228881836,0.5317390211637596,0.2935137740794852,11.06999969482422
2017-06-08,0.2771871586730097,0.3145084722897263,10.890000343322754,-0.39300721143596146,0.2982072350527235,11.130000114440918,0.223499051174814,0.18734140391466717,11.020000457763672,-0.05354574151470177,0.38961536559694104,11.3100004196167,0.5636989787733253,0.32817985930458854,10.859999656677246
2017-06-09,-0.17244332330555143,0.33194147411352604,11.06999969482422,0.2771871586730097,0.3145084722897263,10.890000343322754,-0.39300721143596146,0.2982072350527235,11.130000114440918,0.3881807442491232,0.18253370715056544,10.8100004196167,0.544874623528684,0.2997052621641324,11.420000076293944
2017-06-12,0.21744203643893584,0.2973192128389747,10.859999656677246,-0.17244332330555143,0.33194147411352604,11.06999969482422,0.2771871586730097,0.3145084722897263,10.890000343322754,0.223499051174814,0.18734140391466717,11.020000457763672,0.5458119751462422,0.4165587207310753,11.34000015258789
2017-06-13,-0.5377306123000276,0.3617292647486325,11.420000076293944,0.21744203643893584,0.2973192128389747,10.859999656677246,-0.17244332330555143,0.33194147411352604,11.06999969482422,-0.39300721143596146,0.2982072350527235,11.130000114440918,0.5264263882488646,0.4110078374681731,11.18000030517578
2017-06-14,-0.09883839285963954,0.32901608938500665,11.34000015258789,-0.5377306123000276,0.3617292647486325,11.420000076293944,0.21744203643893584,0.2973192128389747,10.859999656677246,0.2771871586730097,0.3145084722897263,10.890000343322754,0.5794464864074085,0.43193612019517275,11.329999923706056
2017-06-15,0.11703481475408739,0.2935137740794852,11.18000030517578,-0.09883839285963954,0.32901608938500665,11.34000015258789,-0.5377306123000276,0.3617292647486325,11.420000076293944,-0.17244332330555143,0.33194147411352604,11.06999969482422,0.5679709024551257,0.3604682434699793,10.920000076293944
2017-06-16,-0.41779772935031606,0.32817985930458854,11.329999923706056,0.11703481475408739,0.2935137740794852,11.18000030517578,-0.09883839285963954,0.32901608938500665,11.34000015258789,0.21744203643893584,0.2973192128389747,10.859999656677246,0.5435157242782547,0.47230866577521885,10.630000114440918
2017-06-19,0.10435092284018055,0.2997052621641324,10.920000076293944,-0.41779772935031606,0.32817985930458854,11.329999923706056,0.11703481475408739,0.2935137740794852,11.18000030517578,-0.5377306123000276,0.3617292647486325,11.420000076293944,0.5779120780978929,0.2969835645385582,10.65999984741211
2017-06-20,0.7222461604376572,0.4165587207310753,10.630000114440918,0.10435092284018055,0.2997052621641324,10.920000076293944,-0.41779772935031606,0.32817985930458854,11.329999923706056,-0.09883839285963954,0.32901608938500665,11.34000015258789,0.5522448570708732,0.2676053719861042,10.920000076293944
2017-06-21,-0.041942875067181196,0.4110078374681731,10.65999984741211,0.7222461604376572,0.4165587207310753,10.630000114440918,0.10435092284018055,0.2997052621641324,10.920000076293944,0.11703481475408739,0.2935137740794852,11.18000030517578,0.5493280494627482,0.34295334856923565,11.210000038146973
2017-06-22,-0.20635967138743833,0.43193612019517275,10.920000076293944,-0.041942875067181196,0.4110078374681731,10.65999984741211,0.7222461604376572,0.4165587207310753,10.630000114440918,-0.41779772935031606,0.32817985930458854,11.329999923706056,0.5329691153900947,0.3895349901838252,11.5600004196167
2017-06-23,-0.03737213698258563,0.3604682434699793,11.210000038146973,-0.20635967138743833,0.43193612019517275,10.920000076293944,-0.041942875067181196,0.4110078374681731,10.65999984741211,0.10435092284018055,0.2997052621641324,10.920000076293944,0.539369418339241,0.6062889631031506,12.510000228881836
2017-06-27,-0.5732892290795095,0.47230866577521885,11.5600004196167,-0.03737213698258563,0.3604682434699793,11.210000038146973,-0.20635967138743833,0.43193612019517275,10.920000076293944,0.7222461604376572,0.4165587207310753,10.630000114440918,0.5232133303666182,0.4568735235658209,11.989999771118164
2017-06-28,-0.6659213268124636,0.2969835645385582,12.510000228881836,-0.5732892290795095,0.47230866577521885,11.5600004196167,-0.03737213698258563,0.3604682434699793,11.210000038146973,-0.041942875067181196,0.4110078374681731,10.65999984741211,0.5817137734103658,0.39131823614842504,11.380000114440918
2017-06-29,-0.21207987058080718,0.2676053719861042,11.989999771118164,-0.6659213268124636,0.2969835645385582,12.510000228881836,-0.5732892290795095,0.47230866577521885,11.5600004196167,-0.20635967138743833,0.43193612019517275,10.920000076293944,0.6481262924006997,0.3798026142587097,11.729999542236328
2017-06-30,0.1352921804466218,0.34295334856923565,11.380000114440918,-0.21207987058080718,0.2676053719861042,11.989999771118164,-0.6659213268124636,0.2969835645385582,12.510000228881836,-0.03737213698258563,0.3604682434699793,11.210000038146973,0.6456171924778863,0.4270947279171901,11.199999809265137
2017-07-03,0.17661798283679123,0.3895349901838252,11.729999542236328,0.1352921804466218,0.34295334856923565,11.380000114440918,-0.21207987058080718,0.2676053719861042,11.989999771118164,-0.5732892290795095,0.47230866577521885,11.5600004196167,0.6154112914940006,0.4672189379383648,11.279999732971191
2017-07-04,0.983495586260243,0.6062889631031506,11.199999809265137,0.17661798283679123,0.3895349901838252,11.729999542236328,0.1352921804466218,0.34295334856923565,11.380000114440918,-0.6659213268124636,0.2969835645385582,12.510000228881836,0.5890686353683987,0.4416913852863363,11.149999618530272
2017-07-05,-0.017684302140083614,0.4568735235658209,11.279999732971191,0.983495586260243,0.6062889631031506,11.199999809265137,0.17661798283679123,0.3895349901838252,11.729999542236328,-0.21207987058080718,0.2676053719861042,11.989999771118164,0.5920848509656992,0.43916831396781775,10.979999542236328
2017-07-06,0.25245384198064924,0.39131823614842504,11.149999618530272,-0.017684302140083614,0.4568735235658209,11.279999732971191,0.983495586260243,0.6062889631031506,11.199999809265137,0.1352921804466218,0.34295334856923565,11.380000114440918,0.569208352288059,0.4748159864757909,10.869999885559082
2017-07-07,0.382663157881288,0.3798026142587097,10.979999542236328,0.25245384198064924,0.39131823614842504,11.149999618530272,-0.017684302140083614,0.4568735235658209,11.279999732971191,0.17661798283679123,0.3895349901838252,11.729999542236328,0.5491226926052806,0.4647516529876222,10.90999984741211
2017-07-10,-0.0904844097829429,0.4270947279171901,10.869999885559082,0.382663157881288,0.3798026142587097,10.979999542236328,0.25245384198064924,0.39131823614842504,11.149999618530272,0.983495586260243,0.6062889631031506,11.199999809265137,0.5349753707775496,0.3021032658139348,10.890000343322754
2017-07-11,1.0830050223587575,0.4672189379383648,10.90999984741211,-0.0904844097829429,0.4270947279171901,10.869999885559082,0.382663157881288,0.3798026142587097,10.979999542236328,-0.017684302140083614,0.4568735235658209,11.279999732971191,0.5259955843936328,0.6222955114262595,11.050000190734863
2017-07-12,0.15339700917757582,0.4416913852863363,10.890000343322754,1.0830050223587575,0.4672189379383648,10.90999984741211,-0.0904844097829429,0.4270947279171901,10.869999885559082,0.25245384198064924,0.39131823614842504,11.149999618530272,0.5377056668715605,0.68669031458074,11.25
2017-07-13,0.3065972775967725,0.43916831396781775,11.050000190734863,0.15339700917757582,0.4416913852863363,10.890000343322754,1.0830050223587575,0.4672189379383648,10.90999984741211,0.382663157881288,0.3798026142587097,10.979999542236328,0.5168386844090379,0.6133677083750422,11.170000076293944
2017-07-14,0.7672186395502861,0.4748159864757909,11.25,0.3065972775967725,0.43916831396781775,11.050000190734863,0.15339700917757582,0.4416913852863363,10.890000343322754,-0.0904844097829429,0.4270947279171901,10.869999885559082,0.5026821396176232,0.6464534187056692,11.460000038146973
2017-07-17,-0.054106305938857166,0.4647516529876222,11.170000076293944,0.7672186395502861,0.4748159864757909,11.25,0.3065972775967725,0.43916831396781775,11.050000190734863,1.0830050223587575,0.4672189379383648,10.90999984741211,0.5052689835732945,0.6731500593653593,11.489999771118164
2017-07-18,0.29896131536668746,0.3021032658139348,11.460000038146973,-0.054106305938857166,0.4647516529876222,11.170000076293944,0.7672186395502861,0.4748159864757909,11.25,0.15339700917757582,0.4416913852863363,10.890000343322754,0.4939127752348552,0.409144791204158,11.260000228881836
2017-07-19,-0.8995588419495523,0.6222955114262595,11.489999771118164,0.29896131536668746,0.3021032658139348,11.460000038146973,-0.054106305938857166,0.4647516529876222,11.170000076293944,0.3065972775967725,0.43916831396781775,11.050000190734863,0.4812608562661933,0.36585757094680943,11.31999969482422
2017-07-20,0.7345309743460549,0.68669031458074,11.260000228881836,-0.8995588419495523,0.6222955114262595,11.489999771118164,0.29896131536668746,0.3021032658139348,11.460000038146973,0.7672186395502861,0.4748159864757909,11.25,0.594502804384617,0.2836190195725413,11.09000015258789
2017-07-21,-0.2660188538483533,0.6133677083750422,11.31999969482422,0.7345309743460549,0.68669031458074,11.260000228881836,-0.8995588419495523,0.6222955114262595,11.489999771118164,-0.054106305938857166,0.4647516529876222,11.170000076293944,0.5885362826597805,0.3104610767705743,11.3100004196167
2017-07-24,0.42398516888927523,0.6464534187056692,11.09000015258789,-0.2660188538483533,0.6133677083750422,11.31999969482422,0.7345309743460549,0.68669031458074,11.260000228881836,0.29896131536668746,0.3021032658139348,11.460000038146973,0.5982804168360499,0.3403926306120938,10.90999984741211
2017-07-25,0.5145498736317389,0.6731500593653593,11.3100004196167,0.42398516888927523,0.6464534187056692,11.09000015258789,-0.2660188538483533,0.6133677083750422,11.31999969482422,-0.8995588419495523,0.6222955114262595,11.489999771118164,0.5815401170187514,0.31560289117935153,11.170000076293944
2017-07-26,-0.01856997207542609,0.409144791204158,10.90999984741211,0.5145498736317389,0.6731500593653593,11.3100004196167,0.42398516888927523,0.6464534187056692,11.09000015258789,0.7345309743460549,0.68669031458074,11.260000228881836,0.5692041776687599,0.3757543652311045,11.220000267028809
2017-07-27,0.5614227803035338,0.36585757094680943,11.170000076293944,-0.01856997207542609,0.409144791204158,10.90999984741211,0.5145498736317389,0.6731500593653593,11.3100004196167,-0.2660188538483533,0.6133677083750422,11.31999969482422,0.5482862260412316,0.522764282482456,11.140000343322754
2017-07-28,-0.0010037915545995924,0.2836190195725413,11.220000267028809,0.5614227803035338,0.36585757094680943,11.170000076293944,-0.01856997207542609,0.409144791204158,10.90999984741211,0.42398516888927523,0.6464534187056692,11.09000015258789,0.5402204217591494,0.572938667399964,11.899999618530272
2017-07-31,-0.06039221195206731,0.3104610767705743,11.140000343322754,-0.0010037915545995924,0.2836190195725413,11.220000267028809,0.5614227803035338,0.36585757094680943,11.170000076293944,0.5145498736317389,0.6731500593653593,11.3100004196167,0.5193731330935907,0.49459809521307746,11.90999984741211
2017-08-01,0.6231441314613234,0.3403926306120938,11.899999618530272,-0.06039221195206731,0.3104610767705743,11.140000343322754,-0.0010037915545995924,0.2836190195725413,11.220000267028809,-0.01856997207542609,0.409144791204158,10.90999984741211,0.5077339286952604,0.5244746892545729,11.9399995803833
2017-08-02,0.3719422490879323,0.31560289117935153,11.90999984741211,0.6231441314613234,0.3403926306120938,11.899999618530272,-0.06039221195206731,0.3104610767705743,11.140000343322754,0.5614227803035338,0.36585757094680943,11.170000076293944,0.5049772591486085,0.5612327435715737,11.640000343322754
2017-08-03,-0.32828454686495034,0.3757543652311045,11.9399995803833,0.3719422490879323,0.31560289117935153,11.90999984741211,0.6231441314613234,0.3403926306120938,11.899999618530272,-0.0010037915545995924,0.2836190195725413,11.220000267028809,0.4939254190181719,0.5995503774688762,11.390000343322754
2017-08-04,-0.6752859858295522,0.522764282482456,11.640000343322754,-0.32828454686495034,0.3757543652311045,11.9399995803833,0.3719422490879323,0.31560289117935153,11.90999984741211,-0.06039221195206731,0.3104610767705743,11.140000343322754,0.5200958974849386,0.3846379630503025,11.899999618530272
2017-08-07,0.5253982862758577,0.572938667399964,11.390000343322754,-0.6752859858295522,0.522764282482456,11.640000343322754,-0.32828454686495034,0.3757543652311045,11.9399995803833,0.6231441314613234,0.3403926306120938,11.899999618530272,0.5940337379264912,0.7896441857936206,12.770000457763672
2017-08-08,-0.08944632972548343,0.49459809521307746,11.899999618530272,0.5253982862758577,0.572938667399964,11.390000343322754,-0.6752859858295522,0.522764282482456,11.640000343322754,0.3719422490879323,0.31560289117935153,11.90999984741211,0.5810384871135763,1.0302346207274986,13.449999809265137
2017-08-09,-0.7870951189924851,0.5244746892545729,12.770000457763672,-0.08944632972548343,0.49459809521307746,11.899999618530272,0.5253982862758577,0.572938667399964,11.390000343322754,-0.32828454686495034,0.3757543652311045,11.9399995803833,0.5682223005970027,0.9850107536834146,13.800000190734863
2017-08-10,-0.709023128427374,0.5612327435715737,13.449999809265137,-0.7870951189924851,0.5244746892545729,12.770000457763672,-0.08944632972548343,0.49459809521307746,11.899999618530272,-0.6752859858295522,0.522764282482456,11.640000343322754,0.654080435889766,0.9407758652546264,15.199999809265137
2017-08-11,-0.8900958038211523,0.5995503774688762,13.800000190734863,-0.709023128427374,0.5612327435715737,13.449999809265137,-0.7870951189924851,0.5244746892545729,12.770000457763672,0.5253982862758577,0.572938667399964,11.390000343322754,0.7195538047543462,0.8615249187327901,14.380000114440918
2017-08-14,-1.120793220489222,0.3846379630503025,15.199999809265137,-0.8900958038211523,0.5995503774688762,13.800000190734863,-0.709023128427374,0.5612327435715737,13.449999809265137,-0.08944632972548343,0.49459809521307746,11.899999618530272,0.8046570542524565,0.7540815731890094,14.239999771118164
2017-08-16,0.8546660459731773,0.7896441857936206,14.380000114440918,-1.120793220489222,0.3846379630503025,15.199999809265137,-0.8900958038211523,0.5995503774688762,13.800000190734863,-0.7870951189924851,0.5244746892545729,12.770000457763672,0.9145056178365624,0.6961790729578103,14.34000015258789
2017-08-17,1.047666439142266,1.0302346207274986,14.239999771118164,0.8546660459731773,0.7896441857936206,14.380000114440918,-1.120793220489222,0.3846379630503025,15.199999809265137,-0.709023128427374,0.5612327435715737,13.449999809265137,0.8838594409697047,0.6949318085536789,14.56999969482422
2017-08-18,0.06919277268328228,0.9850107536834146,14.34000015258789,1.047666439142266,1.0302346207274986,14.239999771118164,0.8546660459731773,0.7896441857936206,14.380000114440918,-0.8900958038211523,0.5995503774688762,13.800000190734863,0.8625692318473183,0.6560023937694737,14.81999969482422
2017-08-21,-0.6762412448120804,0.9407758652546264,14.56999969482422,0.06919277268328228,0.9850107536834146,14.34000015258789,1.047666439142266,1.0302346207274986,14.239999771118164,-1.120793220489222,0.3846379630503025,15.199999809265137,0.8110743074421829,0.7884190910053696,14.109999656677246
2017-08-22,-0.8478188903126932,0.8615249187327901,14.81999969482422,-0.6762412448120804,0.9407758652546264,14.56999969482422,0.06919277268328228,0.9850107536834146,14.34000015258789,0.8546660459731773,0.7896441857936206,14.380000114440918,0.8561133457954475,0.869356381347002,13.18000030517578
2017-08-23,0.11475670344457027,0.7540815731890094,14.109999656677246,-0.8478188903126932,0.8615249187327901,14.81999969482422,-0.6762412448120804,0.9407758652546264,14.56999969482422,1.047666439142266,1.0302346207274986,14.239999771118164,0.9205639352713538,0.7995245443613669,12.56999969482422
2017-08-24,0.8864363739937172,0.6961790729578103,13.18000030517578,0.11475670344457027,0.7540815731890094,14.109999656677246,-0.8478188903126932,0.8615249187327901,14.81999969482422,0.06919277268328228,0.9850107536834146,14.34000015258789,0.8651258471263347,0.8192879754205272,12.640000343322754
2017-08-28,0.04616853061997081,0.6949318085536789,12.56999969482422,0.8864363739937172,0.6961790729578103,13.18000030517578,0.11475670344457027,0.7540815731890094,14.109999656677246,-0.6762412448120804,0.9407758652546264,14.56999969482422,0.8402155507073068,0.8703643101640902,13.539999961853027
2017-08-29,0.5639916223863897,0.6560023937694737,12.640000343322754,0.04616853061997081,0.6949318085536789,12.56999969482422,0.8864363739937172,0.6961790729578103,13.18000030517578,-0.8478188903126932,0.8615249187327901,14.81999969482422,0.7900320547543043,0.566401781684539,12.890000343322754
2017-08-30,-1.1847608353940924,0.7884190910053696,13.539999961853027,0.5639916223863897,0.6560023937694737,12.640000343322754,0.04616853061997081,0.6949318085536789,12.56999969482422,0.11475670344457027,0.7540815731890094,14.109999656677246,0.7613411079080442,0.5215307543026114,11.949999809265137
2017-08-31,0.8978573009264801,0.869356381347002,12.890000343322754,-1.1847608353940924,0.7884190910053696,13.539999961853027,0.5639916223863897,0.6560023937694737,12.640000343322754,0.8864363739937172,0.6961790729578103,13.18000030517578,0.8859724870018059,0.5025613108066507,11.68000030517578
2017-09-01,0.33834484516002566,0.7995245443613669,11.949999809265137,0.8978573009264801,0.869356381347002,12.890000343322754,-1.1847608353940924,0.7884190910053696,13.539999961853027,0.04616853061997081,0.6949318085536789,12.56999969482422,0.8594759006285075,0.40659727518076105,13.170000076293944
2017-09-04,0.5680605029627356,0.8192879754205272,11.68000030517578,0.33834484516002566,0.7995245443613669,11.949999809265137,0.8978573009264801,0.869356381347002,12.890000343322754,0.5639916223863897,0.6560023937694737,12.640000343322754,0.8170060187546092,0.4016550871935278,12.890000343322754
2017-09-05,-0.6189993868598528,0.8703643101640902,13.170000076293944,0.5680605029627356,0.8192879754205272,11.68000030517578,0.33834484516002566,0.7995245443613669,11.949999809265137,-1.1847608353940924,0.7884190910053696,13.539999961853027,0.7859918326495372,0.5044706509944741,13.119999885559082
2017-09-06,0.39617959979342765,0.566401781684539,12.890000343322754,-0.6189993868598528,0.8703643101640902,13.170000076293944,0.5680605029627356,0.8192879754205272,11.68000030517578,0.8978573009264801,0.869356381347002,12.890000343322754,0.8256039875943382,0.43815736223504537,13.010000228881836
2017-09-07,-0.36238487939692177,0.5215307543026114,13.119999885559082,0.39617959979342765,0.566401781684539,12.890000343322754,-0.6189993868598528,0.8703643101640902,13.170000076293944,0.33834484516002566,0.7995245443613669,11.949999809265137,0.7881456425627338,0.44612112892612665,12.960000038146973
2017-09-08,0.1380643762176384,0.5025613108066507,13.010000228881836,-0.36238487939692177,0.5215307543026114,13.119999885559082,0.39617959979342765,0.566401781684539,12.890000343322754,0.5680605029627356,0.8192879754205272,11.68000030517578,0.7928170972053971,0.45590435480905395,12.359999656677246
2017-09-11,0.04932784400140928,0.40659727518076105,12.960000038146973,0.1380643762176384,0.5025613108066507,13.010000228881836,-0.36238487939692177,0.5215307543026114,13.119999885559082,-0.6189993868598528,0.8703643101640902,13.170000076293944,0.7499093468127142,0.44590583526904215,11.760000228881836
2017-09-12,0.7146165244692658,0.4016550871935278,12.359999656677246,0.04932784400140928,0.40659727518076105,12.960000038146973,0.1380643762176384,0.5025613108066507,13.010000228881836,0.39617959979342765,0.566401781684539,12.890000343322754,0.707940468964146,0.32269907374861445,11.760000228881836
2017-09-13,0.8657158285843384,0.5044706509944741,11.760000228881836,0.7146165244692658,0.4016550871935278,12.359999656677246,0.04932784400140928,0.40659727518076105,12.960000038146973,-0.36238487939692177,0.5215307543026114,13.119999885559082,0.6915960011878886,0.3102756534975826,11.470000267028809
2017-09-14,-0.13632524119145414,0.43815736223504537,11.760000228881836,0.8657158285843384,0.5044706509944741,11.760000228881836,0.7146165244692658,0.4016550871935278,12.359999656677246,0.1380643762176384,0.5025613108066507,13.010000228881836,0.6817791557843079,0.34146112152236335,11.68000030517578
2017-09-15,0.07239751479918528,0.44612112892612665,11.470000267028809,-0.13632524119145414,0.43815736223504537,11.760000228881836,0.8657158285843384,0.5044706509944741,11.760000228881836,0.04932784400140928,0.40659727518076105,12.960000038146973,0.6665157789027045,0.8152812556165544,11.4399995803833
2017-09-18,-0.01188993408102696,0.45590435480905395,11.68000030517578,0.07239751479918528,0.44612112892612665,11.470000267028809,-0.13632524119145414,0.43815736223504537,11.760000228881836,0.7146165244692658,0.4016550871935278,12.359999656677246,0.6324976150999687,0.6688437650701291,11.470000267028809
2017-09-19,0.6690166885736892,0.44590583526904215,11.4399995803833,-0.01188993408102696,0.45590435480905395,11.68000030517578,0.07239751479918528,0.44612112892612665,11.470000267028809,0.8657158285843384,0.5044706509944741,11.760000228881836,0.605565016213343,0.6773021874582303,11.630000114440918
2017-09-20,-0.05467613092135457,0.32269907374861445,11.470000267028809,0.6690166885736892,0.44590583526904215,11.4399995803833,-0.01188993408102696,0.45590435480905395,11.68000030517578,-0.13632524119145414,0.43815736223504537,11.760000228881836,0.5964561674107101,0.6966020878338323,11.630000114440918
2017-09-21,-0.06308353135604271,0.3102756534975826,11.630000114440918,-0.05467613092135457,0.32269907374861445,11.470000267028809,0.6690166885736892,0.44590583526904215,11.4399995803833,0.07239751479918528,0.44612112892612665,11.470000267028809,0.5779239730540241,0.8411509961008172,12.8100004196167
2017-09-22,-0.1900010615274047,0.34146112152236335,11.630000114440918,-0.06308353135604271,0.3102756534975826,11.630000114440918,-0.05467613092135457,0.32269907374861445,11.470000267028809,-0.01188993408102696,0.45590435480905395,11.68000030517578,0.5619760133864646,0.7577563065146137,13.34000015258789
2017-09-25,-1.568265154818977,0.8152812556165544,12.8100004196167,-0.1900010615274047,0.34146112152236335,11.630000114440918,-0.06308353135604271,0.3102756534975826,11.630000114440918,0.6690166885736892,0.44590583526904215,11.4399995803833,0.5638334368766464,0.8048542115304298,12.93000030517578
2017-09-26,-0.9255576609087487,0.6688437650701291,13.34000015258789,-1.568265154818977,0.8152812556165544,12.8100004196167,-0.1900010615274047,0.34146112152236335,11.630000114440918,-0.05467613092135457,0.32269907374861445,11.470000267028809,0.7802644165393133,0.8470593597103162,13.859999656677246
2017-09-27,-0.011138612526191735,0.6773021874582303,12.93000030517578,-0.9255576609087487,0.6688437650701291,13.34000015258789,-1.568265154818977,0.8152812556165544,12.8100004196167,-0.06308353135604271,0.3102756534975826,11.630000114440918,0.8640033183793865,0.3791882546181244,13.170000076293944
2017-09-28,-1.3847140123069934,0.6966020878338323,13.859999656677246,-0.011138612526191735,0.6773021874582303,12.93000030517578,-0.9255576609087487,0.6688437650701291,13.34000015258789,-0.1900010615274047,0.34146112152236335,11.630000114440918,0.8165722226909234,0.4672246924977558,12.489999771118164
2017-09-29,0.34043309606841105,0.8411509961008172,13.170000076293944,-1.3847140123069934,0.6966020878338323,13.859999656677246,-0.011138612526191735,0.6773021874582303,12.93000030517578,-1.568265154818977,0.8152812556165544,12.8100004196167,0.9652592968301136,0.4829001475947616,12.460000038146973
2017-10-03,0.20093949262780386,0.7577563065146137,12.489999771118164,0.34043309606841105,0.8411509961008172,13.170000076293944,-1.3847140123069934,0.6966020878338323,13.859999656677246,-0.9255576609087487,0.6688437650701291,13.34000015258789,0.9128724688688876,0.4496601179557426,11.800000190734863
2017-10-04,0.721705404356513,0.8048542115304298,12.460000038146973,0.20093949262780386,0.7577563065146137,12.489999771118164,0.34043309606841105,0.8411509961008172,13.170000076293944,-0.011138612526191735,0.6773021874582303,12.93000030517578,0.860945989227211,0.5003666299107009,11.710000038146973
2017-10-05,0.5603258200374949,0.8470593597103162,11.800000190734863,0.721705404356513,0.8048542115304298,12.460000038146973,0.20093949262780386,0.7577563065146137,12.489999771118164,-1.3847140123069934,0.6966020878338323,13.859999656677246,0.8309501654766775,0.591917754294906,11.119999885559082
2017-10-06,-0.26460047490028743,0.3791882546181244,11.710000038146973,0.5603258200374949,0.8470593597103162,11.800000190734863,0.721705404356513,0.8048542115304298,12.460000038146973,0.34043309606841105,0.8411509961008172,13.170000076293944,0.7983999243917737,0.5530496131737158,11.390000343322754
2017-10-09,0.9160338481321153,0.4672246924977558,11.119999885559082,-0.26460047490028743,0.3791882546181244,11.710000038146973,0.5603258200374949,0.8470593597103162,11.800000190734863,0.20093949262780386,0.7577563065146137,12.489999771118164,0.7892764834610846,0.536049970620087,11.109999656677246
2017-10-10,0.09064103842389304,0.4829001475947616,11.390000343322754,0.9160338481321153,0.4672246924977558,11.119999885559082,-0.26460047490028743,0.3791882546181244,11.710000038146973,0.721705404356513,0.8048542115304298,12.460000038146973,0.7723953430470654,0.5690638287878564,11.729999542236328
2017-10-11,0.28192178944088775,0.4496601179557426,11.109999656677246,0.09064103842389304,0.4829001475947616,11.390000343322754,0.9160338481321153,0.4672246924977558,11.119999885559082,0.5603258200374949,0.8470593597103162,11.800000190734863,0.7297750373642959,0.5398586147794858,11.039999961853027
2017-10-12,-0.321476053982032,0.5003666299107009,11.729999542236328,0.28192178944088775,0.4496601179557426,11.109999656677246,0.09064103842389304,0.4829001475947616,11.390000343322754,-0.26460047490028743,0.3791882546181244,11.710000038146973,0.6971606728680874,0.5662719452977569,11.260000228881836
2017-10-13,1.1115046293774924,0.591917754294906,11.039999961853027,-0.321476053982032,0.5003666299107009,11.729999542236328,0.28192178944088775,0.4496601179557426,11.109999656677246,0.9160338481321153,0.4672246924977558,11.119999885559082,0.7047773696269316,0.4939893037472013,11.3100004196167
2017-10-16,0.7012497012134822,0.5530496131737158,11.260000228881836,1.1115046293774924,0.591917754294906,11.039999961853027,-0.321476053982032,0.5003666299107009,11.729999542236328,0.09064103842389304,0.4829001475947616,11.390000343322754,0.7021598484446409,0.39859207978074485,11.609999656677246
2017-10-17,0.6216166917771876,0.536049970620087,11.3100004196167,0.7012497012134822,0.5530496131737158,11.260000228881836,1.1115046293774924,0.591917754294906,11.039999961853027,0.28192178944088775,0.4496601179557426,11.109999656677246,0.6858742561396545,0.5712149960332522,11.539999961853027
2017-10-18,0.03518722920273383,0.5690638287878564,11.609999656677246,0.6216166917771876,0.536049970620087,11.3100004196167,0.7012497012134822,0.5530496131737158,11.260000228881836,-0.321476053982032,0.5003666299107009,11.729999542236328,0.6683400687332189,0.5495383168460265,12.399999618530272
2017-10-19,-0.23086574073600594,0.5398586147794858,11.539999961853027,0.03518722920273383,0.5690638287878564,11.609999656677246,0.6216166917771876,0.536049970620087,11.3100004196167,1.1115046293774924,0.591917754294906,11.039999961853027,0.6329561930433457,0.3837708752550256,12.329999923706056
2017-10-23,-0.6317115188263495,0.5662719452977569,12.399999618530272,-0.23086574073600594,0.5398586147794858,11.539999961853027,0.03518722920273383,0.5690638287878564,11.609999656677246,0.7012497012134822,0.5530496131737158,11.260000228881836,0.634227265065507,0.3841627208145765,11.59000015258789
2017-10-24,0.3767556695072139,0.4939893037472013,12.329999923706056,-0.6317115188263495,0.5662719452977569,12.399999618530272,-0.23086574073600594,0.5398586147794858,11.539999961853027,0.6216166917771876,0.536049970620087,11.3100004196167,0.6905262829643979,0.4775538773058926,11.760000228881836
2017-10-25,0.2241072913402321,0.39859207978074485,11.59000015258789,0.3767556695072139,0.4939893037472013,12.329999923706056,-0.6317115188263495,0.5662719452977569,12.399999618530272,0.03518722920273383,0.5690638287878564,11.609999656677246,0.6644471997051827,0.5299708766431511,11.619999885559082
2017-10-26,0.8549942456258083,0.5712149960332522,11.760000228881836,0.2241072913402321,0.39859207978074485,11.59000015258789,0.3767556695072139,0.4939893037472013,12.329999923706056,-0.23086574073600594,0.5398586147794858,11.539999961853027,0.6355680104122237,0.5481719859182999,11.479999542236328
2017-10-27,0.4694988474485417,0.5495383168460265,11.619999885559082,0.8549942456258083,0.5712149960332522,11.760000228881836,0.2241072913402321,0.39859207978074485,11.59000015258789,-0.6317115188263495,0.5662719452977569,12.399999618530272,0.6302396414162075,0.5112146373699745,12.109999656677246
2017-10-30,-0.20080474155119446,0.3837708752550256,11.479999542236328,0.4694988474485417,0.5495383168460265,11.619999885559082,0.8549942456258083,0.5712149960332522,11.760000228881836,0.3767556695072139,0.4939893037472013,12.329999923706056,0.6123662917116199,0.5144067530360186,12.4399995803833
2017-10-31,0.3925288971653147,0.3841627208145765,12.109999656677246,-0.20080474155119446,0.3837708752550256,11.479999542236328,0.4694988474485417,0.5495383168460265,11.619999885559082,0.2241072913402321,0.39859207978074485,11.59000015258789,0.6114377324633765,0.7207476222716059,12.140000343322754
2017-11-01,-0.2739327685544796,0.4775538773058926,12.4399995803833,0.3925288971653147,0.3841627208145765,12.109999656677246,-0.20080474155119446,0.3837708752550256,11.479999542236328,0.8549942456258083,0.5712149960332522,11.760000228881836,0.592564530188601,0.47770824231789427,12.010000228881836
2017-11-02,1.0127272636955602,0.5299708766431511,12.140000343322754,-0.2739327685544796,0.4775538773058926,12.4399995803833,0.3925288971653147,0.3841627208145765,12.109999656677246,0.4694988474485417,0.5495383168460265,11.619999885559082,0.6030250936486261,0.49890040022350524,11.90999984741211
2017-11-03,-0.1600839619376669,0.5481719859182999,12.010000228881836,1.0127272636955602,0.5299708766431511,12.140000343322754,-0.2739327685544796,0.4775538773058926,12.4399995803833,-0.20080474155119446,0.3837708752550256,11.479999542236328,0.6058721586717949,0.46475542505335304,13.020000457763672
2017-11-06,0.2749549839980272,0.5112146373699745,11.90999984741211,-0.1600839619376669,0.5481719859182999,12.010000228881836,1.0127272636955602,0.5299708766431511,12.140000343322754,0.3925288971653147,0.3841627208145765,12.109999656677246,0.6001584525106528,0.5257529730193211,13.239999771118164
2017-11-07,-0.006699055402996047,0.5144067530360186,13.020000457763672,0.2749549839980272,0.5112146373699745,11.90999984741211,-0.1600839619376669,0.5481719859182999,12.010000228881836,-0.2739327685544796,0.4775538773058926,12.4399995803833,0.5783109176014916,0.4322470492660307,13.609999656677246
2017-11-08,-0.9773143593572503,0.7207476222716059,13.239999771118164,-0.006699055402996047,0.5144067530360186,13.020000457763672,0.2749549839980272,0.5112146373699745,11.90999984741211,1.0127272636955602,0.5299708766431511,12.140000343322754,0.5551588483593526,0.45994943608697425,13.270000457763672
2017-11-09,-0.45513384645174293,0.47770824231789427,13.609999656677246,-0.9773143593572503,0.7207476222716059,13.239999771118164,-0.006699055402996047,0.5144067530360186,13.020000457763672,-0.1600839619376669,0.5481719859182999,12.010000228881836,0.6720463738851565,0.7477573003364164,13.479999542236328
2017-11-10,0.05627572809849458,0.49890040022350524,13.270000457763672,-0.45513384645174293,0.47770824231789427,13.609999656677246,-0.9773143593572503,0.7207476222716059,13.239999771118164,0.2749549839980272,0.5112146373699745,11.90999984741211,0.7000110361398094,0.8386803494794755,14.050000190734863
2017-11-13,0.12408504033945,0.46475542505335304,13.479999542236328,0.05627572809849458,0.49890040022350524,13.270000457763672,-0.45513384645174293,0.47770824231789427,13.609999656677246,-0.006699055402996047,0.5144067530360186,13.020000457763672,0.6626116458733282,0.6839886441336278,14.170000076293944
2017-11-14,-0.9422488277922888,0.5257529730193211,14.050000190734863,0.12408504033945,0.46475542505335304,13.479999542236328,0.05627572809849458,0.49890040022350524,13.270000457763672,-0.9773143593572503,0.7207476222716059,13.239999771118164,0.6306103035438011,0.6192479369536427,14.270000457763672
2017-11-15,-0.37577382836893947,0.4322470492660307,14.170000076293944,-0.9422488277922888,0.5257529730193211,14.050000190734863,0.12408504033945,0.46475542505335304,13.479999542236328,-0.45513384645174293,0.47770824231789427,13.609999656677246,0.7332992748749599,0.35822670733327433,13.460000038146973
2017-11-16,-0.6752154516989141,0.45994943608697425,14.270000457763672,-0.37577382836893947,0.4322470492660307,14.170000076293944,-0.9422488277922888,0.5257529730193211,14.050000190734863,0.05627572809849458,0.49890040022350524,13.270000457763672,0.7448603611490195,0.24177356147349935,13.710000038146973
2017-11-17,0.9511815914835575,0.7477573003364164,13.460000038146973,-0.6752154516989141,0.45994943608697425,14.270000457763672,-0.37577382836893947,0.4322470492660307,14.170000076293944,0.12408504033945,0.46475542505335304,13.479999542236328,0.7964100585609578,0.12991573755000288,13.43000030517578
2017-11-20,0.6717601133431633,0.8386803494794755,13.710000038146973,0.9511815914835575,0.7477573003364164,13.460000038146973,-0.6752154516989141,0.45994943608697425,14.270000457763672,-0.9422488277922888,0.5257529730193211,14.050000190734863,0.7800563550390861,0.13766565769351014,13.720000267028809
2017-11-21,0.1472173357154509,0.6839886441336278,13.43000030517578,0.6717601133431633,0.8386803494794755,13.710000038146973,0.9511815914835575,0.7477573003364164,13.460000038146973,-0.37577382836893947,0.4322470492660307,14.170000076293944,0.755845300581856,0.24266222001603163,14.039999961853027
2017-11-22,0.27296504663746013,0.6192479369536427,13.720000267028809,0.1472173357154509,0.6839886441336278,13.43000030517578,0.6717601133431633,0.8386803494794755,13.710000038146973,-0.6752154516989141,0.45994943608697425,14.270000457763672,0.7165327255694598,0.24957392355330374,13.869999885559082
2017-11-23,0.14900834832817705,0.35822670733327433,14.039999961853027,0.27296504663746013,0.6192479369536427,13.720000267028809,0.1472173357154509,0.6839886441336278,13.43000030517578,0.9511815914835575,0.7477573003364164,13.460000038146973,0.6847816547636395,0.6487288656004986,13.510000228881836
2017-11-24,0.062347687355952267,0.24177356147349935,13.869999885559082,0.14900834832817705,0.35822670733327433,14.039999961853027,0.27296504663746013,0.6192479369536427,13.720000267028809,0.6717601133431633,0.8386803494794755,13.710000038146973,0.6517108560371757,0.613349141530894,13.029999732971191
2017-11-27,0.39492101048355227,0.12991573755000288,13.510000228881836,0.062347687355952267,0.24177356147349935,13.869999885559082,0.14900834832817705,0.35822670733327433,14.039999961853027,0.1472173357154509,0.6839886441336278,13.43000030517578,0.6186116275576804,0.6044417317034022,13.149999618530272
2017-11-28,0.09475676238426342,0.13766565769351014,13.029999732971191,0.39492101048355227,0.12991573755000288,13.510000228881836,0.062347687355952267,0.24177356147349935,13.869999885559082,0.27296504663746013,0.6192479369536427,13.720000267028809,0.5992235515547744,0.6290823129119153,13.0600004196167
2017-11-29,-0.28213872448567434,0.24266222001603163,13.149999618530272,0.09475676238426342,0.13766565769351014,13.029999732971191,0.39492101048355227,0.12991573755000288,13.510000228881836,0.14900834832817705,0.35822670733327433,14.039999961853027,0.571519517139439,0.5902182759105289,13.550000190734863
2017-11-30,-0.08634372203591306,0.24957392355330374,13.0600004196167,-0.28213872448567434,0.24266222001603163,13.149999618530272,0.09475676238426342,0.13766565769351014,13.029999732971191,0.062347687355952267,0.24177356147349935,13.869999885559082,0.5848735936088533,0.8683798862052385,14.800000190734863
2017-12-01,-1.3090432150481797,0.6487288656004986,13.550000190734863,-0.08634372203591306,0.24957392355330374,13.0600004196167,-0.28213872448567434,0.24266222001603163,13.149999618530272,0.39492101048355227,0.12991573755000288,13.510000228881836,0.5713451107591412,0.8007884820304064,14.859999656677246
2017-12-04,-1.0295766224326257,0.613349141530894,14.800000190734863,-1.3090432150481797,0.6487288656004986,13.550000190734863,-0.08634372203591306,0.24957392355330374,13.0600004196167,0.09475676238426342,0.13766565769351014,13.029999732971191,0.7408329610725115,0.796631802447865,15.010000228881836
2017-12-05,0.05876866933977984,0.6044417317034022,14.859999656677246,-1.0295766224326257,0.613349141530894,14.800000190734863,-1.3090432150481797,0.6487288656004986,13.550000190734863,-0.28213872448567434,0.24266222001603163,13.149999618530272,0.8443212819531979,0.9492423847703051,15.09000015258789
2017-12-06,-0.0938457048031478,0.6290823129119153,15.010000228881836,0.05876866933977984,0.6044417317034022,14.859999656677246,-1.0295766224326257,0.613349141530894,14.800000190734863,-0.08634372203591306,0.24957392355330374,13.0600004196167,0.794168661420392,0.8846859438621296,14.270000457763672
2017-12-07,-0.7355365457362713,0.5902182759105289,15.09000015258789,-0.0938457048031478,0.6290823129119153,15.010000228881836,0.05876866933977984,0.6044417317034022,14.859999656677246,-1.3090432150481797,0.6487288656004986,13.550000190734863,0.7635132181937991,0.756046771146839,13.670000076293944
2017-12-08,1.2132334291871918,0.8683798862052385,14.270000457763672,-0.7355365457362713,0.5902182759105289,15.09000015258789,-0.0938457048031478,0.6290823129119153,15.010000228881836,-1.0295766224326257,0.613349141530894,14.800000190734863,0.8216978052106373,0.7112849886051493,14.149999618530272
2017-12-11,0.9685715646246356,0.8007884820304064,13.670000076293944,1.2132334291871918,0.8683798862052385,14.270000457763672,-0.7355365457362713,0.5902182759105289,15.09000015258789,0.05876866933977984,0.6044417317034022,14.859999656677246,0.8118524295432523,0.7092254208277347,15.260000228881836
2017-12-12,0.5498351059959995,0.796631802447865,14.149999618530272,0.9685715646246356,0.8007884820304064,13.670000076293944,1.2132334291871918,0.8683798862052385,14.270000457763672,-0.0938457048031478,0.6290823129119153,15.010000228881836,0.794659813425971,0.5094330785387835,15.949999809265137
2017-12-13,-0.7985453457626933,0.9492423847703051,15.260000228881836,0.5498351059959995,0.796631802447865,14.149999618530272,0.9685715646246356,0.8007884820304064,13.670000076293944,-0.7355365457362713,0.5902182759105289,15.09000015258789,0.765080873011887,0.387435227013386,16.40999984741211
2017-12-14,-0.46199820794001495,0.8846859438621296,15.949999809265137,-0.7985453457626933,0.9492423847703051,15.260000228881836,0.5498351059959995,0.796631802447865,14.149999618530272,1.2132334291871918,0.8683798862052385,14.270000457763672,0.8320794267135287,0.4447198280169649,14.9399995803833
2017-12-15,0.5786200538018408,0.756046771146839,16.40999984741211,-0.46199820794001495,0.8846859438621296,15.949999809265137,-0.7985453457626933,0.9492423847703051,15.260000228881836,0.9685715646246356,0.8007884820304064,13.670000076293944,0.8458278036258238,0.3918163819149854,13.119999885559082
2017-12-18,0.7884326721783315,0.7112849886051493,14.9399995803833,0.5786200538018408,0.756046771146839,16.40999984741211,-0.46199820794001495,0.8846859438621296,15.949999809265137,0.5498351059959995,0.796631802447865,14.149999618530272,0.8125070986000965,0.3740000361217564,12.1899995803833
2017-12-19,0.5356638616709943,0.7092254208277347,13.119999885559082,0.7884326721783315,0.7112849886051493,14.9399995803833,0.5786200538018408,0.756046771146839,16.40999984741211,-0.7985453457626933,0.9492423847703051,15.260000228881836,0.7892218322780719,0.37368132319471764,12.1899995803833
2017-12-20,0.714086797431896,0.5094330785387835,12.1899995803833,0.5356638616709943,0.7092254208277347,13.119999885559082,0.7884326721783315,0.7112849886051493,14.9399995803833,-0.46199820794001495,0.8846859438621296,15.949999809265137,0.7596672997498877,0.36524325882457115,12.09000015258789
2017-12-21,-0.18175387542658722,0.387435227013386,12.1899995803833,0.714086797431896,0.5094330785387835,12.1899995803833,0.5356638616709943,0.7092254208277347,13.119999885559082,0.5786200538018408,0.756046771146839,16.40999984741211,0.7387064588019844,0.40526772814719003,11.59000015258789
2017-12-22,-0.03735201388922448,0.4447198280169649,12.09000015258789,-0.18175387542658722,0.387435227013386,12.1899995803833,0.714086797431896,0.5094330785387835,12.1899995803833,0.7884326721783315,0.7112849886051493,14.9399995803833,0.7242818806109244,0.5516473055877824,12.050000190734863
2017-12-26,0.5035069209514281,0.3918163819149854,11.59000015258789,-0.03735201388922448,0.4447198280169649,12.09000015258789,-0.18175387542658722,0.387435227013386,12.1899995803833,0.5356638616709943,0.7092254208277347,13.119999885559082,0.6927194542621483,0.4971269634763538,12.489999771118164
2017-12-27,0.36623979675021195,0.3740000361217564,12.050000190734863,0.5035069209514281,0.3918163819149854,11.59000015258789,-0.03735201388922448,0.4447198280169649,12.09000015258789,0.714086797431896,0.5094330785387835,12.1899995803833,0.6706522367453774,0.5749625437790642,12.300000190734863
2017-12-28,-0.38768496273459363,0.37368132319471764,12.489999771118164,0.36623979675021195,0.3740000361217564,12.050000190734863,0.5035069209514281,0.3918163819149854,11.59000015258789,-0.18175387542658722,0.387435227013386,12.1899995803833,0.6459305672064544,0.6032851246200671,12.670000076293944
2017-12-29,-0.12256021006669841,0.36524325882457115,12.300000190734863,-0.38768496273459363,0.37368132319471764,12.489999771118164,0.36623979675021195,0.3740000361217564,12.050000190734863,-0.03735201388922448,0.4447198280169649,12.09000015258789,0.6670669613727973,0.6207020204323306,13.6899995803833
2018-01-02,0.502650480124667,0.40526772814719003,12.670000076293944,-0.12256021006669841,0.36524325882457115,12.300000190734863,-0.38768496273459363,0.37368132319471764,12.489999771118164,0.5035069209514281,0.3918163819149854,11.59000015258789,0.6513029127423902,0.2809582586328685,13.619999885559082
2018-01-03,-0.8439512288536271,0.5516473055877824,13.6899995803833,0.502650480124667,0.40526772814719003,12.670000076293944,-0.12256021006669841,0.36524325882457115,12.300000190734863,0.36623979675021195,0.3740000361217564,12.050000190734863,0.632759329673659,0.29897551664000166,13.420000076293944
2018-01-04,0.009576067320342099,0.4971269634763538,13.619999885559082,-0.8439512288536271,0.5516473055877824,13.6899995803833,0.502650480124667,0.40526772814719003,12.670000076293944,-0.38768496273459363,0.37368132319471764,12.489999771118164,0.7203214357143976,0.2756061297732803,13.109999656677246
2018-01-05,0.5881209368789884,0.5749625437790642,13.420000076293944,0.009576067320342099,0.4971269634763538,13.619999885559082,-0.8439512288536271,0.5516473055877824,13.6899995803833,-0.12256021006669841,0.36524325882457115,12.300000190734863,0.6832192811347707,0.2435457318194139,13.739999771118164
2018-01-08,0.5132056867763014,0.6032851246200671,13.109999656677246,0.5881209368789884,0.5749625437790642,13.420000076293944,0.009576067320342099,0.4971269634763538,13.619999885559082,0.502650480124667,0.40526772814719003,12.670000076293944,0.6647949010652714,0.22486787651760157,13.850000381469728
2018-01-09,0.6113570815585058,0.6207020204323306,13.739999771118164,0.5132056867763014,0.6032851246200671,13.109999656677246,0.5881209368789884,0.5749625437790642,13.420000076293944,-0.8439512288536271,0.5516473055877824,13.6899995803833,0.6454541977058472,0.3558162483583873,14.039999961853027
2018-01-10,0.1260584616212523,0.2809582586328685,13.850000381469728,0.6113570815585058,0.6207020204323306,13.739999771118164,0.5132056867763014,0.6032851246200671,13.109999656677246,0.009576067320342099,0.4971269634763538,13.619999885559082,0.6310455838140353,0.4531103540473741,14.010000228881836
2018-01-11,-0.04513385294137436,0.29897551664000166,14.039999961853027,0.1260584616212523,0.2809582586328685,13.850000381469728,0.6113570815585058,0.6207020204323306,13.739999771118164,0.5881209368789884,0.5749625437790642,13.420000076293944,0.6017517572278853,0.4493748319828525,13.729999542236328
2018-01-12,0.17854294613236377,0.2756061297732803,14.010000228881836,-0.04513385294137436,0.29897551664000166,14.039999961853027,0.1260584616212523,0.2809582586328685,13.850000381469728,0.5132056867763014,0.6032851246200671,13.109999656677246,0.5815697254145061,0.48343543583312704,14.3100004196167
2018-01-15,0.28172876803263625,0.2435457318194139,13.729999542236328,0.17854294613236377,0.2756061297732803,14.010000228881836,-0.04513385294137436,0.29897551664000166,14.039999961853027,0.6113570815585058,0.6207020204323306,13.739999771118164,0.5580481099466302,0.49294721576184913,14.09000015258789
2018-01-16,0.562951290083651,0.22486787651760157,14.3100004196167,0.28172876803263625,0.2435457318194139,13.729999542236328,0.17854294613236377,0.2756061297732803,14.010000228881836,0.1260584616212523,0.2809582586328685,13.850000381469728,0.5398255288947851,0.29202477522016373,13.859999656677246
2018-01-17,-0.383356587156863,0.3558162483583873,14.09000015258789,0.562951290083651,0.22486787651760157,14.3100004196167,0.28172876803263625,0.2435457318194139,13.729999542236328,-0.04513385294137436,0.29897551664000166,14.039999961853027,0.5324874894723938,0.4081753776025495,13.960000038146973
2018-01-18,0.819955353642979,0.4531103540473741,13.859999656677246,-0.383356587156863,0.3558162483583873,14.09000015258789,0.562951290083651,0.22486787651760157,14.3100004196167,0.17854294613236377,0.2756061297732803,14.010000228881836,0.5630373093266552,0.5079741228445767,13.979999542236328
2018-01-19,0.2633602200690908,0.4493748319828525,13.960000038146973,0.819955353642979,0.4531103540473741,13.859999656677246,-0.383356587156863,0.3558162483583873,14.09000015258789,0.28172876803263625,0.2435457318194139,13.729999542236328,0.562586102872517,0.4922610547983273,15.390000343322754
2018-01-22,0.7157479729840962,0.48343543583312704,13.979999542236328,0.2633602200690908,0.4493748319828525,13.960000038146973,0.819955353642979,0.4531103540473741,13.859999656677246,0.562951290083651,0.22486787651760157,14.3100004196167,0.5433918380375962,0.6842626481616801,16.229999542236328
2018-01-23,0.6541382438729125,0.49294721576184913,15.390000343322754,0.7157479729840962,0.48343543583312704,13.979999542236328,0.2633602200690908,0.4493748319828525,13.960000038146973,-0.383356587156863,0.3558162483583873,14.09000015258789,0.5409681975326462,0.45829972286377435,18.040000915527344
2018-01-24,1.0657745398174343,0.29202477522016373,16.229999542236328,0.6541382438729125,0.49294721576184913,15.390000343322754,0.7157479729840962,0.48343543583312704,13.979999542236328,0.819955353642979,0.4531103540473741,13.859999656677246,0.5366366311070964,0.4534449885146543,17.510000228881836
2018-01-25,0.0207472782716017,0.4081753776025495,18.040000915527344,1.0657745398174343,0.29202477522016373,16.229999542236328,0.6541382438729125,0.49294721576184913,15.390000343322754,0.2633602200690908,0.4493748319828525,13.960000038146973,0.5468699104341608,1.0972947601287635,17.889999389648438
2018-01-29,-0.14758864718050038,0.5079741228445767,17.510000228881836,0.0207472782716017,0.4081753776025495,18.040000915527344,1.0657745398174343,0.29202477522016373,16.229999542236328,0.7157479729840962,0.48343543583312704,13.979999542236328,0.5227555851325699,0.9037323301850652,16.420000076293945
2018-01-30,0.547297411504586,0.4922610547983273,17.889999389648438,-0.14758864718050038,0.5079741228445767,17.510000228881836,0.0207472782716017,0.4081753776025495,18.040000915527344,0.6541382438729125,0.49294721576184913,15.390000343322754,0.522196295967256,0.9551506701330297,15.93000030517578
2018-01-31,-0.7281350035077295,0.6842626481616801,16.420000076293945,0.547297411504586,0.4922610547983273,17.889999389648438,-0.14758864718050038,0.5079741228445767,17.510000228881836,1.0657745398174343,0.29202477522016373,16.229999542236328,0.5157235464956602,0.9537219353017595,14.109999656677246
2018-02-01,-0.19884815852113905,0.45829972286377435,15.93000030517578,-0.7281350035077295,0.6842626481616801,16.420000076293945,0.547297411504586,0.4922610547983273,17.889999389648438,0.0207472782716017,0.4081753776025495,18.040000915527344,0.5981166460670544,1.2713297628780138,15.25
2018-02-02,-0.0979814128127614,0.4534449885146543,14.109999656677246,-0.19884815852113905,0.45829972286377435,15.93000030517578,-0.7281350035077295,0.6842626481616801,16.420000076293945,-0.14758864718050038,0.5079741228445767,17.510000228881836,0.5981336857393216,0.9912694986794025,16.049999237060547
2018-02-05,-2.3539213933076866,1.0972947601287635,15.25,-0.0979814128127614,0.4534449885146543,14.109999656677246,-0.19884815852113905,0.45829972286377435,15.93000030517578,0.547297411504586,0.4922610547983273,17.889999389648438,0.58501441292171,1.1387563212547323,20.020000457763672
2018-02-06,-0.877862069830589,0.9037323301850652,16.049999237060547,-2.3539213933076866,1.0972947601287635,15.25,-0.0979814128127614,0.4534449885146543,14.109999656677246,-0.7281350035077295,0.6842626481616801,16.420000076293945,0.9520121146489688,0.8774871526757291,19.46999931335449
2018-02-07,-1.590408165467595,0.9551506701330297,20.020000457763672,-0.877862069830589,0.9037323301850652,16.049999237060547,-2.3539213933076866,1.0972947601287635,15.25,-0.19884815852113905,0.45829972286377435,15.93000030517578,1.0104511341750295,0.8848416219655183,17.770000457763672
2018-02-08,-0.20548141539544224,0.9537219353017595,19.46999931335449,-1.590408165467595,0.9551506701330297,20.020000457763672,-0.877862069830589,0.9037323301850652,16.049999237060547,-0.0979814128127614,0.4534449885146543,14.109999656677246,1.1659775464838158,0.8396043863922384,19.229999542236328
2018-02-09,0.9513851145813865,1.2713297628780138,17.770000457763672,-0.20548141539544224,0.9537219353017595,19.46999931335449,-1.590408165467595,0.9551506701330297,20.020000457763672,-2.3539213933076866,1.0972947601287635,15.25,1.1133428248941992,0.7334918953032293,17.8799991607666
2018-02-12,-1.1592044448500098,0.9912694986794025,19.229999542236328,0.9513851145813865,1.2713297628780138,17.770000457763672,-0.20548141539544224,0.9537219353017595,19.46999931335449,-0.877862069830589,0.9037323301850652,16.049999237060547,1.066316006360135,0.5119739083201427,17.18000030517578
2018-02-14,0.8078254517088934,1.1387563212547323,17.8799991607666,-1.1592044448500098,0.9912694986794025,19.229999542236328,0.9513851145813865,1.2713297628780138,17.770000457763672,-1.590408165467595,0.9551506701330297,20.020000457763672,1.1517256590799148,0.5984617828974204,16.31999969482422
2018-02-15,-0.36928186917027583,0.8774871526757291,17.18000030517578,0.8078254517088934,1.1387563212547323,17.8799991607666,-1.1592044448500098,0.9912694986794025,19.229999542236328,-0.20548141539544224,0.9537219353017595,19.46999931335449,1.0960927891050825,0.4962538623665239,16.3799991607666
2018-02-16,0.42382236684079766,0.8848416219655183,16.31999969482422,-0.36928186917027583,0.8774871526757291,17.18000030517578,0.8078254517088934,1.1387563212547323,17.8799991607666,0.9513851145813865,1.2713297628780138,17.770000457763672,1.0714383585493137,0.6579352916603591,16.670000076293945
2018-02-19,-0.8877197442514924,0.8396043863922384,16.3799991607666,0.42382236684079766,0.8848416219655183,16.31999969482422,-0.36928186917027583,0.8774871526757291,17.18000030517578,-1.1592044448500098,0.9912694986794025,19.229999542236328,1.0113831508557194,0.5592660367481713,16.8700008392334
2018-02-20,-0.7095270288084443,0.7334918953032293,16.670000076293945,-0.8877197442514924,0.8396043863922384,16.3799991607666,0.42382236684079766,0.8848416219655183,16.31999969482422,0.8078254517088934,1.1387563212547323,17.8799991607666,1.064788539055641,0.5840204393025602,15.920000076293944
2018-02-21,-0.1735877084674727,0.5119739083201427,16.8700008392334,-0.7095270288084443,0.7334918953032293,16.670000076293945,-0.8877197442514924,0.8396043863922384,16.3799991607666,-0.36928186917027583,0.8774871526757291,17.18000030517578,1.0881523722805244,0.7243396560314426,14.829999923706056
2018-02-22,0.3569718731482044,0.5984617828974204,15.920000076293944,-0.1735877084674727,0.5119739083201427,16.8700008392334,-0.7095270288084443,0.7334918953032293,16.670000076293945,0.42382236684079766,0.8848416219655183,16.31999969482422,1.0394022720319305,0.7497356885346618,14.199999809265137
2018-02-23,-0.1419624227920377,0.4962538623665239,14.829999923706056,0.3569718731482044,0.5984617828974204,15.920000076293944,-0.1735877084674727,0.5119739083201427,16.8700008392334,-0.8877197442514924,0.8396043863922384,16.3799991607666,0.9803454330502448,0.6834227511180367,13.699999809265137
2018-02-26,1.0381515779008084,0.6579352916603591,14.199999809265137,-0.1419624227920377,0.4962538623665239,14.829999923706056,0.3569718731482044,0.5984617828974204,15.920000076293944,-0.7095270288084443,0.7334918953032293,16.670000076293945,0.9382624030440998,0.3596946685684511,13.920000076293944
2018-02-27,0.8688611908417675,0.5592660367481713,13.699999809265137,1.0381515779008084,0.6579352916603591,14.199999809265137,-0.1419624227920377,0.4962538623665239,14.829999923706056,-0.1735877084674727,0.5119739083201427,16.8700008392334,0.9114399173478392,0.30648379009059623,13.8100004196167
2018-02-28,-0.2677764703635068,0.5840204393025602,13.920000076293944,0.8688611908417675,0.5592660367481713,13.699999809265137,1.0381515779008084,0.6579352916603591,14.199999809265137,0.3569718731482044,0.5984617828974204,15.920000076293944,0.881557716740207,0.8076369050878979,14.06999969482422
2018-03-01,-0.5839305714195007,0.7243396560314426,13.8100004196167,-0.2677764703635068,0.5840204393025602,13.920000076293944,0.8688611908417675,0.5592660367481713,13.699999809265137,-0.1419624227920377,0.4962538623665239,14.829999923706056,0.865026168827209,0.819641615668658,15.399999618530272
2018-03-05,-0.3293370543887722,0.7497356885346618,14.06999969482422,-0.5839305714195007,0.7243396560314426,13.8100004196167,-0.2677764703635068,0.5840204393025602,13.920000076293944,1.0381515779008084,0.6579352916603591,14.199999809265137,0.8919743791264056,1.250430336083042,16.25
2018-03-06,-0.9559475957881534,0.6834227511180367,15.399999618530272,-0.3293370543887722,0.7497356885346618,14.06999969482422,-0.5839305714195007,0.7243396560314426,13.8100004196167,0.8688611908417675,0.5592660367481713,13.699999809265137,0.8824304874206232,1.0732961379212138,15.699999809265137
2018-03-07,-1.0636656924044892,0.3596946685684511,16.25,-0.9559475957881534,0.6834227511180367,15.399999618530272,-0.3293370543887722,0.7497356885346618,14.06999969482422,-0.2677764703635068,0.5840204393025602,13.920000076293944,0.9594443458649722,0.8813189277195187,14.59000015258789
2018-03-08,-0.9317099938461516,0.30648379009059623,15.699999809265137,-1.0636656924044892,0.3596946685684511,16.25,-0.9559475957881534,0.6834227511180367,15.399999618530272,-0.5839305714195007,0.7243396560314426,13.8100004196167,1.0433516721417342,0.9460263869992971,14.529999732971191
2018-03-09,0.8672981093711041,0.8076369050878979,14.59000015258789,-0.9317099938461516,0.30648379009059623,15.699999809265137,-1.0636656924044892,0.3596946685684511,16.25,-0.3293370543887722,0.7497356885346618,14.06999969482422,1.0993760712736416,1.262385125556303,14.489999771118164
2018-03-12,-0.15438368683495454,0.819641615668658,14.529999732971191,0.8672981093711041,0.8076369050878979,14.59000015258789,-0.9317099938461516,0.30648379009059623,15.699999809265137,-0.9559475957881534,0.6834227511180367,15.399999618530272,1.0509962884514146,0.6702770227348269,14.460000038146973
2018-03-13,1.8844845326350685,1.250430336083042,14.489999771118164,-0.15438368683495454,0.819641615668658,14.529999732971191,0.8672981093711041,0.8076369050878979,14.59000015258789,-1.0636656924044892,0.3596946685684511,16.25,1.0035391505287463,0.7389389786397204,14.359999656677246
2018-03-14,0.052275072239545896,1.0732961379212138,14.460000038146973,1.8844845326350685,1.250430336083042,14.489999771118164,-0.15438368683495454,0.819641615668658,14.529999732971191,-0.9317099938461516,0.30648379009059623,15.699999809265137,0.998861917888186,0.8292746902648076,14.329999923706056
2018-03-15,-0.15308007692338496,0.8813189277195187,14.359999656677246,0.052275072239545896,1.0732961379212138,14.460000038146973,1.8844845326350685,1.250430336083042,14.489999771118164,0.8672981093711041,0.8076369050878979,14.59000015258789,0.9339307301260468,0.8304608184951252,15.220000267028809
2018-03-16,-0.48866185464449924,0.9460263869992971,14.329999923706056,-0.15308007692338496,0.8813189277195187,14.359999656677246,0.052275072239545896,1.0732961379212138,14.460000038146973,-0.15438368683495454,0.819641615668658,14.529999732971191,0.8977303261479042,0.691906567828166,15.81999969482422
2018-03-19,-1.6054597867946299,1.262385125556303,15.220000267028809,-0.48866185464449924,0.9460263869992971,14.329999923706056,-0.15308007692338496,0.8813189277195187,14.359999656677246,1.8844845326350685,1.250430336083042,14.489999771118164,0.908617300724633,0.9216710270496403,15.609999656677246
2018-03-20,-0.9946200527824731,0.6702770227348269,15.81999969482422,-1.6054597867946299,1.262385125556303,15.220000267028809,-0.48866185464449924,0.9460263869992971,14.329999923706056,0.052275072239545896,1.0732961379212138,14.460000038146973,1.0797634391128113,0.9411736043092529,15.109999656677246
2018-03-21,0.2977420018466655,0.7389389786397204,15.609999656677246,-0.9946200527824731,0.6702770227348269,15.81999969482422,-1.6054597867946299,1.262385125556303,15.220000267028809,-0.15308007692338496,0.8813189277195187,14.359999656677246,1.1405095468685478,0.9959893185064942,15.25
2018-03-22,0.3047438325629427,0.8292746902648076,15.109999656677246,0.2977420018466655,0.7389389786397204,15.609999656677246,-0.9946200527824731,0.6702770227348269,15.81999969482422,-0.48866185464449924,0.9460263869992971,14.329999923706056,1.0694653121975266,1.0713695815730695,15.550000190734863
2018-03-23,-0.39960585982851976,0.8304608184951252,15.25,0.3047438325629427,0.8292746902648076,15.109999656677246,0.2977420018466655,0.7389389786397204,15.609999656677246,-1.6054597867946299,1.262385125556303,15.220000267028809,1.0057527098225514,0.7651269602769553,15.199999809265137
2018-03-26,-1.1604700101594518,0.691906567828166,15.550000190734863,-0.39960585982851976,0.8304608184951252,15.25,0.3047438325629427,0.8292746902648076,15.109999656677246,-0.9946200527824731,0.6702770227348269,15.81999969482422,0.9941655315030292,0.8812689362338837,15.550000190734863
2018-03-27,1.317546616079525,0.9216710270496403,15.199999809265137,-1.1604700101594518,0.691906567828166,15.550000190734863,-0.39960585982851976,0.8304608184951252,15.25,0.2977420018466655,0.7389389786397204,15.609999656677246,1.088035789960662,1.2402211742195004,15.760000228881836
2018-03-28,0.5267107884641591,0.9411736043092529,15.550000190734863,1.317546616079525,0.9216710270496403,15.199999809265137,-1.1604700101594518,0.691906567828166,15.550000190734863,0.3047438325629427,0.8292746902648076,15.109999656677246,1.055693552854151,1.1340190894711135,15.350000381469728
2018-04-02,-0.694166881475983,0.9959893185064942,15.760000228881836,0.5267107884641591,0.9411736043092529,15.550000190734863,1.317546616079525,0.9216710270496403,15.199999809265137,-0.39960585982851976,0.8304608184951252,15.25,1.000541257371762,1.0958875368774128,15.1899995803833
2018-04-03,0.9652935584409928,1.0713695815730695,15.350000381469728,-0.694166881475983,0.9959893185064942,15.760000228881836,0.5267107884641591,0.9411736043092529,15.550000190734863,-1.1604700101594518,0.691906567828166,15.550000190734863,1.028584642696112,1.096899126128463,16.34000015258789
2018-04-04,0.32458864317621045,0.7651269602769553,15.1899995803833,0.9652935584409928,1.0713695815730695,15.350000381469728,-0.694166881475983,0.9959893185064942,15.760000228881836,1.317546616079525,0.9216710270496403,15.199999809265137,0.9905044245508544,0.77568244466046,14.800000190734863
2018-04-05,-1.1446384030859533,0.8812689362338837,16.34000015258789,0.32458864317621045,0.7651269602769553,15.1899995803833,0.9652935584409928,1.0713695815730695,15.350000381469728,0.5267107884641591,0.9411736043092529,15.550000190734863,0.9351685553020336,0.16851082576735602,14.75
2018-04-06,1.9239306758980577,1.2402211742195004,14.800000190734863,-1.1446384030859533,0.8812689362338837,16.34000015258789,0.32458864317621045,0.7651269602769553,15.1899995803833,-0.694166881475983,0.9959893185064942,15.760000228881836,1.0335169509739746,0.13570046760474028,14.869999885559082
2018-04-09,0.06244175835545499,1.1340190894711135,14.75,1.9239306758980577,1.2402211742195004,14.800000190734863,-1.1446384030859533,0.8812689362338837,16.34000015258789,0.9652935584409928,1.0713695815730695,15.350000381469728,1.0271517536194965,0.13361040246395756,14.5
2018-04-10,0.4611095715747583,1.0958875368774128,14.869999885559082,0.06244175835545499,1.1340190894711135,14.75,1.9239306758980577,1.2402211742195004,14.800000190734863,0.32458864317621045,0.7651269602769553,15.1899995803833,0.9597984662772824,0.13741526646676952,14.720000267028809
2018-04-11,0.22039111834326383,1.096899126128463,14.5,0.4611095715747583,1.0958875368774128,14.869999885559082,0.06244175835545499,1.1340190894711135,14.75,-1.1446384030859533,0.8812689362338837,16.34000015258789,0.911864734189922,0.26203409011984946,14.5600004196167
2018-04-12,0.1431395034394698,0.77568244466046,14.720000267028809,0.22039111834326383,1.096899126128463,14.5,0.4611095715747583,1.0958875368774128,14.869999885559082,1.9239306758980577,1.2402211742195004,14.800000190734863,0.8606634637441402,0.25742258443266036,14.140000343322754
2018-04-13,0.39759006232568583,0.16851082576735602,14.5600004196167,0.1431395034394698,0.77568244466046,14.720000267028809,0.22039111834326383,1.096899126128463,14.5,0.06244175835545499,1.1340190894711135,14.75,0.8117360813874184,0.274465207324872,14.260000228881836
2018-04-16,0.20964673318500843,0.13570046760474028,14.140000343322754,0.39759006232568583,0.16851082576735602,14.5600004196167,0.1431395034394698,0.77568244466046,14.720000267028809,0.4611095715747583,1.0958875368774128,14.869999885559082,0.7755902106123534,0.22451947538138708,14.039999961853027
2018-04-17,0.45456897177942124,0.13361040246395756,14.260000228881836,0.20964673318500843,0.13570046760474028,14.140000343322754,0.39759006232568583,0.16851082576735602,14.5600004196167,0.22039111834326383,1.096899126128463,14.5,0.736556325619976,0.23590057492576003,14.109999656677246
2018-04-18,0.19310664870136762,0.13741526646676952,14.039999961853027,0.45456897177942124,0.13361040246395756,14.260000228881836,0.20964673318500843,0.13570046760474028,14.140000343322754,0.1431395034394698,0.77568244466046,14.720000267028809,0.7090312089946271,0.31209618910526676,13.75
2018-04-19,-0.21352422200410556,0.26203409011984946,14.109999656677246,0.19310664870136762,0.13741526646676952,14.039999961853027,0.45456897177942124,0.13361040246395756,14.260000228881836,0.39759006232568583,0.16851082576735602,14.5600004196167,0.6753151733535532,0.33063671183674315,12.9399995803833
2018-04-20,0.37076219486611,0.25742258443266036,13.75,-0.21352422200410556,0.26203409011984946,14.109999656677246,0.19310664870136762,0.13741526646676952,14.039999961853027,0.20964673318500843,0.13570046760474028,14.140000343322754,0.6706299874869606,0.41350154677697964,13.149999618530272
2018-04-23,-0.011831883371402492,0.274465207324872,12.9399995803833,0.37076219486611,0.25742258443266036,13.75,-0.21352422200410556,0.26203409011984946,14.109999656677246,0.45456897177942124,0.13361040246395756,14.260000228881836,0.6460598207413084,0.4210174819467391,11.899999618530272
2018-04-24,0.195287165320684,0.22451947538138708,13.149999618530272,-0.011831883371402492,0.274465207324872,12.9399995803833,0.37076219486611,0.25742258443266036,13.75,0.19310664870136762,0.13741526646676952,14.039999961853027,0.6179870189612998,0.4748497180907897,12.399999618530272
2018-04-25,0.2797241731914462,0.23590057492576003,11.899999618530272,0.195287165320684,0.22451947538138708,13.149999618530272,-0.011831883371402492,0.274465207324872,12.9399995803833,-0.21352422200410556,0.26203409011984946,14.109999656677246,0.5920460546911414,0.45769491423397346,12.039999961853027
2018-04-26,-0.4135008266019891,0.31209618910526676,12.399999618530272,0.2797241731914462,0.23590057492576003,11.899999618530272,0.195287165320684,0.22451947538138708,13.149999618530272,0.37076219486611,0.25742258443266036,13.75,0.5710185261767219,0.5436789932456093,12.020000457763672
2018-04-27,0.4460005540255803,0.33063671183674315,12.039999961853027,-0.4135008266019891,0.31209618910526676,12.399999618530272,0.2797241731914462,0.23590057492576003,11.899999618530272,-0.011831883371402492,0.274465207324872,12.9399995803833,0.6023878276855362,0.6154839964931803,12.359999656677246
2018-04-30,0.6992018327494463,0.41350154677697964,12.020000457763672,0.4460005540255803,0.33063671183674315,12.039999961853027,-0.4135008266019891,0.31209618910526676,12.399999618530272,0.195287165320684,0.22451947538138708,13.149999618530272,0.5860448026697266,0.5753884519570389,12.84000015258789
2018-05-02,0.4390691482923282,0.4210174819467391,12.359999656677246,0.6992018327494463,0.41350154677697964,12.020000457763672,0.4460005540255803,0.33063671183674315,12.039999961853027,0.2797241731914462,0.23590057492576003,11.899999618530272,0.5795783428052564,0.5772439923492068,12.989999771118164
2018-05-03,-0.19853115722468315,0.4748497180907897,12.84000015258789,0.4390691482923282,0.4210174819467391,12.359999656677246,0.6992018327494463,0.41350154677697964,12.020000457763672,-0.4135008266019891,0.31209618910526676,12.399999618530272,0.5648703461398855,0.5578747966021612,13.25
2018-05-04,-0.3589119852419833,0.45769491423397346,12.989999771118164,-0.19853115722468315,0.4748497180907897,12.84000015258789,0.4390691482923282,0.4210174819467391,12.359999656677246,0.4460005540255803,0.33063671183674315,12.039999961853027,0.5676168507026452,0.5042886710042503,13.760000228881836
2018-05-07,-0.5765879228025448,0.5436789932456093,13.25,-0.3589119852419833,0.45769491423397346,12.989999771118164,-0.19853115722468315,0.4748497180907897,12.84000015258789,0.6992018327494463,0.41350154677697964,12.020000457763672,0.5917465057720521,0.4063076525596484,14.0600004196167
2018-05-08,0.9117072584576635,0.6154839964931803,13.760000228881836,-0.5765879228025448,0.5436789932456093,13.25,-0.3589119852419833,0.45769491423397346,12.989999771118164,0.4390691482923282,0.4210174819467391,12.359999656677246,0.6442328585247162,0.41325370495993696,14.270000457763672
2018-05-09,0.02146010849736417,0.5753884519570389,14.0600004196167,0.9117072584576635,0.6154839964931803,13.760000228881836,-0.5765879228025448,0.5436789932456093,13.25,-0.19853115722468315,0.4748497180907897,12.84000015258789,0.6400949355670196,0.5180771721170354,14.43000030517578
2018-05-10,0.2227489038162844,0.5772439923492068,14.270000457763672,0.02146010849736417,0.5753884519570389,14.0600004196167,0.9117072584576635,0.6154839964931803,13.760000228881836,-0.3589119852419833,0.45769491423397346,12.989999771118164,0.6083411389434564,0.5691839200439746,13.979999542236328
2018-05-11,-0.2344124254457977,0.5578747966021612,14.43000030517578,0.2227489038162844,0.5772439923492068,14.270000457763672,0.02146010849736417,0.5753884519570389,14.0600004196167,-0.5765879228025448,0.5436789932456093,13.25,0.5840984989417448,0.3550450447405218,14.25
2018-05-14,0.8358547680564028,0.5042886710042503,13.979999542236328,-0.2344124254457977,0.5578747966021612,14.43000030517578,0.2227489038162844,0.5772439923492068,14.270000457763672,0.9117072584576635,0.6154839964931803,13.760000228881836,0.5900011830031201,0.30261734513616456,13.170000076293944
2018-05-15,0.0009217500201396874,0.4063076525596484,14.25,0.8358547680564028,0.5042886710042503,13.979999542236328,-0.2344124254457977,0.5578747966021612,14.43000030517578,0.02146010849736417,0.5753884519570389,14.0600004196167,0.587865217774414,0.40124871646289423,13.4399995803833
2018-05-16,-0.04396428478900636,0.41325370495993696,13.170000076293944,0.0009217500201396874,0.4063076525596484,14.25,0.8358547680564028,0.5042886710042503,13.979999542236328,0.2227489038162844,0.5772439923492068,14.270000457763672,0.5629802214498262,0.4654686067104161,13.40999984741211
2018-05-17,-0.5639911268794516,0.5180771721170354,13.4399995803833,-0.04396428478900636,0.41325370495993696,13.170000076293944,0.0009217500201396874,0.4063076525596484,14.25,-0.2344124254457977,0.5578747966021612,14.43000030517578,0.5457917129988904,0.7780228209001498,14.149999618530272
2018-05-18,-0.5451839472282671,0.5691839200439746,13.40999984741211,-0.5639911268794516,0.5180771721170354,13.4399995803833,-0.04396428478900636,0.41325370495993696,13.170000076293944,0.8358547680564028,0.5042886710042503,13.979999542236328,0.6008076812409502,0.8685127228456143,14.40999984741211
2018-05-21,-0.8111271197454395,0.3550450447405218,14.149999618530272,-0.5451839472282671,0.5691839200439746,13.40999984741211,-0.5639911268794516,0.5180771721170354,13.4399995803833,0.0009217500201396874,0.4063076525596484,14.25,0.6479581779416153,0.7964998823954931,13.600000381469728
2018-05-22,-0.7549869197766206,0.30261734513616456,14.40999984741211,-0.8111271197454395,0.3550450447405218,14.149999618530272,-0.5451839472282671,0.5691839200439746,13.40999984741211,-0.04396428478900636,0.41325370495993696,13.170000076293944,0.729017444656866,0.8846724779862082,14.15999984741211
2018-05-23,0.18999311888009693,0.40124871646289423,13.600000381469728,-0.7549869197766206,0.30261734513616456,14.40999984741211,-0.8111271197454395,0.3550450447405218,14.149999618530272,-0.5639911268794516,0.5180771721170354,13.4399995803833,0.7935012808360881,0.6496622159666241,13.149999618530272
2018-05-24,-1.014463160082004,0.4654686067104161,14.15999984741211,0.18999311888009693,0.40124871646289423,13.600000381469728,-0.7549869197766206,0.30261734513616456,14.40999984741211,-0.5451839472282671,0.5691839200439746,13.40999984741211,0.7522207148075737,0.7228969347171944,12.649999618530272
2018-05-25,0.7973610404251362,0.7780228209001498,13.149999618530272,-1.014463160082004,0.4654686067104161,14.15999984741211,0.18999311888009693,0.40124871646289423,13.600000381469728,-0.8111271197454395,0.3550450447405218,14.149999618530272,0.8521632342091678,0.743488581567531,13.0600004196167
2018-05-28,0.8646370571623485,0.8685127228456143,12.649999618530272,0.7973610404251362,0.7780228209001498,13.149999618530272,-1.014463160082004,0.4654686067104161,14.15999984741211,-0.7549869197766206,0.30261734513616456,14.40999984741211,0.8255001011759853,0.7213960627928327,13.06999969482422
2018-05-29,0.784269833741265,0.7964998823954931,13.0600004196167,0.8646370571623485,0.8685127228456143,12.649999618530272,0.7973610404251362,0.7780228209001498,13.149999618530272,0.18999311888009693,0.40124871646289423,13.600000381469728,0.8035601648327416,0.6996699196402353,13.40999984741211
2018-05-30,-0.5191899405584954,0.8846724779862082,13.06999969482422,0.784269833741265,0.7964998823954931,13.0600004196167,0.8646370571623485,0.8685127228456143,12.649999618530272,-1.014463160082004,0.4654686067104161,14.15999984741211,0.7809575866699358,0.8073874459239888,13.220000267028809
2018-05-31,-0.17837455774774605,0.6496622159666241,13.40999984741211,-0.5191899405584954,0.8846724779862082,13.06999969482422,0.784269833741265,0.7964998823954931,13.0600004196167,0.7973610404251362,0.7780228209001498,13.149999618530272,0.807367462405731,0.7042317199628924,13.56999969482422
2018-06-01,1.1409765823805855,0.7228969347171944,13.220000267028809,-0.17837455774774605,0.6496622159666241,13.40999984741211,-0.5191899405584954,0.8846724779862082,13.06999969482422,0.8646370571623485,0.8685127228456143,12.649999618530272,0.7862768019714463,0.665979329228687,13.880000114440918
2018-06-04,-0.3728031736138272,0.743488581567531,13.56999969482422,1.1409765823805855,0.7228969347171944,13.220000267028809,-0.17837455774774605,0.6496622159666241,13.40999984741211,0.784269833741265,0.7964998823954931,13.0600004196167,0.7772693737966436,0.5132524007644567,13.31999969482422
2018-06-05,-0.634948413268003,0.7213960627928327,13.880000114440918,-0.3728031736138272,0.743488581567531,13.56999969482422,1.1409765823805855,0.7228969347171944,13.220000267028809,-0.5191899405584954,0.8846724779862082,13.06999969482422,0.7843426617102368,0.3749106508754245,12.550000190734863
2018-06-06,-0.33314696471618543,0.6996699196402353,13.31999969482422,-0.634948413268003,0.7213960627928327,13.880000114440918,-0.3728031736138272,0.743488581567531,13.56999969482422,-0.17837455774774605,0.6496622159666241,13.40999984741211,0.8263276811522076,0.32175052343060984,12.779999732971191
2018-06-07,0.860056590990892,0.8073874459239888,12.550000190734863,-0.33314696471618543,0.6996699196402353,13.31999969482422,-0.634948413268003,0.7213960627928327,13.880000114440918,1.1409765823805855,0.7228969347171944,13.220000267028809,0.8235489951432431,0.3500689507473088,12.699999809265137
2018-06-08,0.7803071219768875,0.7042317199628924,12.779999732971191,0.860056590990892,0.8073874459239888,12.550000190734863,-0.33314696471618543,0.6996699196402353,13.31999969482422,-0.3728031736138272,0.743488581567531,13.56999969482422,0.8016366138216611,0.34719943802650266,13.18000030517578
2018-06-11,-0.00649348765086917,0.665979329228687,12.699999809265137,0.7803071219768875,0.7042317199628924,12.779999732971191,0.860056590990892,0.8073874459239888,12.550000190734863,-0.634948413268003,0.7213960627928327,13.880000114440918,0.7790780264135513,0.35970445912139615,12.729999542236328
2018-06-12,0.17907833428202438,0.5132524007644567,13.18000030517578,-0.00649348765086917,0.665979329228687,12.699999809265137,0.7803071219768875,0.7042317199628924,12.779999732971191,-0.33314696471618543,0.6996699196402353,13.31999969482422,0.7387988202405503,0.40071803405103895,12.640000343322754
2018-06-13,0.5168752278609609,0.3749106508754245,12.729999542236328,0.17907833428202438,0.5132524007644567,13.18000030517578,-0.00649348765086917,0.665979329228687,12.699999809265137,0.860056590990892,0.8073874459239888,12.550000190734863,0.7020275312484086,0.5325026266288642,12.100000381469728
2018-06-14,0.1276578356983104,0.32175052343060984,12.640000343322754,0.5168752278609609,0.3749106508754245,12.729999542236328,0.17907833428202438,0.5132524007644567,13.18000030517578,0.7803071219768875,0.7042317199628924,12.779999732971191,0.6795962056064531,0.5149366308161841,12.06999969482422
2018-06-15,-0.4491210136474933,0.3500689507473088,12.100000381469728,0.1276578356983104,0.32175052343060984,12.640000343322754,0.5168752278609609,0.3749106508754245,12.729999542236328,-0.00649348765086917,0.665979329228687,12.699999809265137,0.6462705129357635,0.6501080083992108,12.380000114440918
2018-06-18,0.08924907821071906,0.34719943802650266,12.06999969482422,-0.4491210136474933,0.3500689507473088,12.100000381469728,0.1276578356983104,0.32175052343060984,12.640000343322754,0.17907833428202438,0.5132524007644567,13.18000030517578,0.6757821204302951,0.6968590153999604,12.920000076293944
2018-06-19,-0.16514905857463397,0.35970445912139615,12.380000114440918,0.08924907821071906,0.34719943802650266,12.06999969482422,-0.4491210136474933,0.3500689507473088,12.100000381469728,0.5168752278609609,0.3749106508754245,12.729999542236328,0.6415277583202057,0.5522005151837491,12.170000076293944
2018-06-20,-0.831229035595547,0.40071803405103895,12.920000076293944,-0.16514905857463397,0.35970445912139615,12.380000114440918,0.08924907821071906,0.34719943802650266,12.06999969482422,0.1276578356983104,0.32175052343060984,12.640000343322754,0.6334571076455155,0.6335898035272407,12.449999809265137
2018-06-21,0.5734879851344152,0.5325026266288642,12.170000076293944,-0.831229035595547,0.40071803405103895,12.920000076293944,-0.16514905857463397,0.35970445912139615,12.380000114440918,-0.4491210136474933,0.3500689507473088,12.100000381469728,0.7190406064631077,0.6878149718060267,12.020000457763672
2018-06-22,-0.2877330145384961,0.5149366308161841,12.449999809265137,0.5734879851344152,0.5325026266288642,12.170000076293944,-0.831229035595547,0.40071803405103895,12.920000076293944,0.08924907821071906,0.34719943802650266,12.06999969482422,0.6970039712350724,0.854361902250018,12.579999923706056
2018-06-25,0.7489734048953369,0.6501080083992108,12.020000457763672,-0.2877330145384961,0.5149366308161841,12.449999809265137,0.5734879851344152,0.5325026266288642,12.170000076293944,-0.16514905857463397,0.35970445912139615,12.380000114440918,0.7001575800578526,0.8526520916522418,12.800000190734863
2018-06-26,-0.5503960244404886,0.6968590153999604,12.579999923706056,0.7489734048953369,0.6501080083992108,12.020000457763672,-0.2877330145384961,0.5149366308161841,12.449999809265137,-0.831229035595547,0.40071803405103895,12.920000076293944,0.6856504772440724,0.8906311243957458,13.510000228881836
2018-06-27,0.06223592623338975,0.5522005151837491,12.800000190734863,-0.5503960244404886,0.6968590153999604,12.579999923706056,0.7489734048953369,0.6501080083992108,12.020000457763672,0.5734879851344152,0.5325026266288642,12.170000076293944,0.725505982663972,0.8186986258777441,13.949999809265137
2018-06-28,-0.9118299083682797,0.6335898035272407,13.510000228881836,0.06223592623338975,0.5522005151837491,12.800000190734863,-0.5503960244404886,0.6968590153999604,12.579999923706056,-0.2877330145384961,0.5149366308161841,12.449999809265137,0.6860935247218627,0.6767786994764599,12.9399995803833
2018-06-29,-0.7742169031781291,0.6878149718060267,13.949999809265137,-0.9118299083682797,0.6335898035272407,13.510000228881836,0.06223592623338975,0.5522005151837491,12.800000190734863,0.7489734048953369,0.6501080083992108,12.020000457763672,0.778044776309744,0.4717666873561885,13.369999885559082
2018-07-02,1.1754146307527904,0.854361902250018,12.9399995803833,-0.7742169031781291,0.6878149718060267,13.949999809265137,-0.9118299083682797,0.6335898035272407,13.510000228881836,-0.5503960244404886,0.6968590153999604,12.579999923706056,0.8402272568616952,0.37215419523481474,13.0
2018-07-03,-0.5334194556937323,0.8526520916522418,13.369999885559082,1.1754146307527904,0.854361902250018,12.9399995803833,-0.7742169031781291,0.6878149718060267,13.949999809265137,0.06223592623338975,0.5522005151837491,12.800000190734863,0.8273623900098037,0.43619173700923664,12.65999984741211
2018-07-04,0.3989347109783859,0.8906311243957458,13.0,-0.5334194556937323,0.8526520916522418,13.369999885559082,1.1754146307527904,0.854361902250018,12.9399995803833,-0.9118299083682797,0.6335898035272407,13.510000228881836,0.8511868690549618,0.4584518959343808,12.579999923706056
2018-07-05,0.6520810207044188,0.8186986258777441,12.65999984741211,0.3989347109783859,0.8906311243957458,13.0,-0.5334194556937323,0.8526520916522418,13.369999885559082,-0.7742169031781291,0.6878149718060267,13.949999809265137,0.8114649586250973,0.3702414512999675,12.4399995803833
2018-07-06,-0.18727438548922296,0.6767786994764599,12.579999923706056,0.6520810207044188,0.8186986258777441,12.65999984741211,0.3989347109783859,0.8906311243957458,13.0,1.1754146307527904,0.854361902250018,12.9399995803833,0.7837397729241895,0.4315360365043801,12.390000343322754
2018-07-09,0.2128052526818883,0.4717666873561885,12.4399995803833,-0.18727438548922296,0.6767786994764599,12.579999923706056,0.6520810207044188,0.8186986258777441,12.65999984741211,-0.5334194556937323,0.8526520916522418,13.369999885559082,0.765956405129167,0.6433519927402943,12.399999618530272
2018-07-10,0.7421810355794803,0.37215419523481474,12.390000343322754,0.2128052526818883,0.4717666873561885,12.4399995803833,-0.18727438548922296,0.6767786994764599,12.579999923706056,0.3989347109783859,0.8906311243957458,13.0,0.7278846062848187,0.5883935311147449,12.779999732971191
2018-07-11,0.8655921796766377,0.43619173700923664,12.399999618530272,0.7421810355794803,0.37215419523481474,12.390000343322754,0.2128052526818883,0.4717666873561885,12.4399995803833,0.6520810207044188,0.8186986258777441,12.65999984741211,0.710702970923683,0.6107187378584282,12.510000228881836
2018-07-12,0.009589206004582808,0.4584518959343808,12.779999732971191,0.8655921796766377,0.43619173700923664,12.399999618530272,0.7421810355794803,0.37215419523481474,12.390000343322754,-0.18727438548922296,0.6767786994764599,12.579999923706056,0.6991979552616325,0.5042881004445636,12.300000190734863
2018-07-13,0.6817985187144955,0.3702414512999675,12.510000228881836,0.009589206004582808,0.4584518959343808,12.779999732971191,0.8655921796766377,0.43619173700923664,12.399999618530272,0.2128052526818883,0.4717666873561885,12.4399995803833,0.6639219202413497,0.5745719136441527,12.949999809265137
2018-07-16,-0.039014473464332455,0.4315360365043801,12.300000190734863,0.6817985187144955,0.3702414512999675,12.510000228881836,0.009589206004582808,0.4584518959343808,12.779999732971191,0.7421810355794803,0.37215419523481474,12.390000343322754,0.6503023332661902,0.4630469734282798,12.829999923706056
2018-07-17,-0.7474230051277427,0.6433519927402943,12.949999809265137,-0.039014473464332455,0.4315360365043801,12.300000190734863,0.6817985187144955,0.3702414512999675,12.510000228881836,0.8655921796766377,0.43619173700923664,12.399999618530272,0.6253054172367105,0.4290347147499571,13.68000030517578
2018-07-18,0.6489019959189796,0.5883935311147449,12.829999923706056,-0.7474230051277427,0.6433519927402943,12.949999809265137,-0.039014473464332455,0.4315360365043801,12.300000190734863,0.009589206004582808,0.4584518959343808,12.779999732971191,0.6993067498385367,0.3734933090785435,13.59000015258789
2018-07-19,-0.251036895370613,0.6107187378584282,13.68000030517578,0.6489019959189796,0.5883935311147449,12.829999923706056,-0.7474230051277427,0.6433519927402943,12.949999809265137,0.6817985187144955,0.3702414512999675,12.510000228881836,0.6815167087001142,0.2581288496191901,13.539999961853027
2018-07-20,-0.21288243184788302,0.5042881004445636,13.59000015258789,-0.251036895370613,0.6107187378584282,13.68000030517578,0.6489019959189796,0.5883935311147449,12.829999923706056,-0.039014473464332455,0.4315360365043801,12.300000190734863,0.681206987571242,0.3794916262575406,13.010000228881836
2018-07-23,0.48345212961502687,0.5745719136441527,13.539999961853027,-0.21288243184788302,0.5042881004445636,13.59000015258789,-0.251036895370613,0.6107187378584282,13.68000030517578,-0.7474230051277427,0.6433519927402943,12.949999809265137,0.6759214839195986,0.3650163978225161,12.470000267028809
2018-07-24,0.6748156201300246,0.4630469734282798,13.010000228881836,0.48345212961502687,0.5745719136441527,13.539999961853027,-0.21288243184788302,0.5042881004445636,13.59000015258789,0.6489019959189796,0.5883935311147449,12.829999923706056,0.6546365289524692,0.36676074996886876,12.210000038146973
2018-07-25,0.44601265367422166,0.4290347147499571,12.470000267028809,0.6748156201300246,0.4630469734282798,13.010000228881836,0.48345212961502687,0.5745719136441527,13.539999961853027,-0.251036895370613,0.6107187378584282,13.68000030517578,0.6415783927824235,0.3873848423048875,12.029999732971191
2018-07-26,-0.020657268750096134,0.3734933090785435,12.210000038146973,0.44601265367422166,0.4290347147499571,12.470000267028809,0.6748156201300246,0.4630469734282798,13.010000228881836,-0.21288243184788302,0.5042881004445636,13.59000015258789,0.6219694167505609,0.6961663997192608,12.3100004196167
2018-07-27,0.31660038191820944,0.2581288496191901,12.029999732971191,-0.020657268750096134,0.3734933090785435,12.210000038146973,0.44601265367422166,0.4290347147499571,12.470000267028809,0.48345212961502687,0.5745719136441527,13.539999961853027,0.5970172802773598,0.7077937822143126,12.59000015258789
2018-07-30,0.989507665693427,0.3794916262575406,12.3100004196167,0.31660038191820944,0.2581288496191901,12.029999732971191,-0.020657268750096134,0.3734933090785435,12.210000038146973,0.6748156201300246,0.4630469734282798,13.010000228881836,0.5768066354497138,0.6999471417166713,12.479999542236328
2018-07-31,0.36463779405013436,0.3650163978225161,12.59000015258789,0.989507665693427,0.3794916262575406,12.3100004196167,0.31660038191820944,0.2581288496191901,12.029999732971191,0.44601265367422166,0.4290347147499571,12.470000267028809,0.5810579046549967,0.6906398733056125,12.529999732971191
2018-08-01,0.32589651490718063,0.36676074996886876,12.479999542236328,0.36463779405013436,0.3650163978225161,12.59000015258789,0.989507665693427,0.3794916262575406,12.3100004196167,-0.020657268750096134,0.3734933090785435,12.210000038146973,0.5637441439301244,0.7126983741346732,12.5600004196167
2018-08-02,-0.09073639087465626,0.3873848423048875,12.529999732971191,0.32589651490718063,0.36676074996886876,12.479999542236328,0.36463779405013436,0.3650163978225161,12.59000015258789,0.31660038191820944,0.2581288496191901,12.029999732971191,0.5465355219729184,0.3971230761283781,12.079999923706056
2018-08-03,-0.8985979419681003,0.6961663997192608,12.5600004196167,-0.09073639087465626,0.3873848423048875,12.529999732971191,0.32589651490718063,0.36676074996886876,12.479999542236328,0.989507665693427,0.3794916262575406,12.3100004196167,0.5366694299158926,0.3257420643572115,12.5600004196167
2018-08-06,1.0271892255968624,0.7077937822143126,12.079999923706056,-0.8985979419681003,0.6961663997192608,12.5600004196167,-0.09073639087465626,0.3873848423048875,12.529999732971191,0.36463779405013436,0.3650163978225161,12.59000015258789,0.6432403205178101,0.46030506237103574,12.579999923706056
2018-08-07,0.23122852731850252,0.6999471417166713,12.5600004196167,1.0271892255968624,0.7077937822143126,12.079999923706056,-0.8985979419681003,0.6961663997192608,12.5600004196167,0.32589651490718063,0.36676074996886876,12.479999542236328,0.6431409156800354,0.5734053382995583,12.539999961853027
2018-08-08,0.020640403976921497,0.6906398733056125,12.579999923706056,0.23122852731850252,0.6999471417166713,12.5600004196167,1.0271892255968624,0.7077937822143126,12.079999923706056,-0.09073639087465626,0.3873848423048875,12.529999732971191,0.6162912144760306,0.5462894104117109,12.68000030517578
2018-08-09,0.5302224530419491,0.7126983741346732,12.539999961853027,0.020640403976921497,0.6906398733056125,12.579999923706056,0.23122852731850252,0.6999471417166713,12.5600004196167,-0.8985979419681003,0.6961663997192608,12.5600004196167,0.5866097763574326,0.6686200861979135,12.850000381469728
2018-08-10,0.18062450766348273,0.3971230761283781,12.68000030517578,0.5302224530419491,0.7126983741346732,12.539999961853027,0.020640403976921497,0.6906398733056125,12.579999923706056,1.0271892255968624,0.7077937822143126,12.079999923706056,0.5743861813462441,0.6941709130391306,13.399999618530272
2018-08-13,-0.3598242758917501,0.3257420643572115,12.850000381469728,0.18062450766348273,0.3971230761283781,12.68000030517578,0.5302224530419491,0.7126983741346732,12.539999961853027,0.23122852731850252,0.6999471417166713,12.5600004196167,0.5515110505414152,0.5142206953509002,13.279999732971191
2018-08-14,-0.6473508743511776,0.46030506237103574,13.399999618530272,-0.3598242758917501,0.3257420643572115,12.850000381469728,0.18062450766348273,0.3971230761283781,12.68000030517578,0.020640403976921497,0.6906398733056125,12.579999923706056,0.5771592811442637,0.48955737786598064,13.649999618530272
2018-08-16,0.696331478277028,0.5734053382995583,13.279999732971191,-0.6473508743511776,0.46030506237103574,13.399999618530272,-0.3598242758917501,0.3257420643572115,12.850000381469728,0.5302224530419491,0.7126983741346732,12.539999961853027,0.641299905913759,0.4167313568570014,13.15999984741211
2018-08-17,-0.43864642628158435,0.5462894104117109,13.649999618530272,0.696331478277028,0.5734053382995583,13.279999732971191,-0.6473508743511776,0.46030506237103574,13.399999618530272,0.18062450766348273,0.3971230761283781,12.68000030517578,0.6301045858902037,0.5473381931378484,13.029999732971191
2018-08-20,0.7499242877784468,0.6686200861979135,13.15999984741211,-0.43864642628158435,0.5462894104117109,13.649999618530272,0.696331478277028,0.5734053382995583,13.279999732971191,-0.3598242758917501,0.3257420643572115,12.850000381469728,0.659649080227257,0.5187298036134371,12.899999618530272
2018-08-21,0.7036623669863274,0.6941709130391306,13.029999732971191,0.7499242877784468,0.6686200861979135,13.15999984741211,-0.43864642628158435,0.5462894104117109,13.649999618530272,-0.6473508743511776,0.46030506237103574,13.399999618530272,0.6486931749298882,0.613400452950901,12.760000228881836
2018-08-23,0.1656418678663017,0.5142206953509002,12.899999618530272,0.7036623669863274,0.6941709130391306,13.029999732971191,0.7499242877784468,0.6686200861979135,13.15999984741211,0.696331478277028,0.5734053382995583,13.279999732971191,0.6371150370281122,0.6318444220049666,12.40999984741211
2018-08-24,0.10235630416488739,0.48955737786598064,12.760000228881836,0.1656418678663017,0.5142206953509002,12.899999618530272,0.7036623669863274,0.6941709130391306,13.029999732971191,-0.43864642628158435,0.5462894104117109,13.649999618530272,0.6086138631919153,0.6029008989191684,12.239999771118164
2018-08-27,-0.22169894415104055,0.4167313568570014,12.40999984741211,0.10235630416488739,0.48955737786598064,12.760000228881836,0.1656418678663017,0.5142206953509002,12.899999618530272,0.7499242877784468,0.6686200861979135,13.15999984741211,0.5803925229298568,0.46596029393924976,12.43000030517578
2018-08-28,1.1600654595540068,0.5473381931378484,12.239999771118164,-0.22169894415104055,0.4167313568570014,12.40999984741211,0.10235630416488739,0.48955737786598064,12.760000228881836,0.7036623669863274,0.6941709130391306,13.029999732971191,0.5849175152081114,0.343664359108717,12.4399995803833
2018-08-29,0.39734504070277965,0.5187298036134371,12.43000030517578,1.1600654595540068,0.5473381931378484,12.239999771118164,-0.22169894415104055,0.4167313568570014,12.40999984741211,0.1656418678663017,0.5142206953509002,12.899999618530272,0.5944126662627822,0.34344979377874185,12.40999984741211
2018-08-30,-0.39777101577748375,0.613400452950901,12.4399995803833,0.39734504070277965,0.5187298036134371,12.43000030517578,1.1600654595540068,0.5473381931378484,12.239999771118164,0.10235630416488739,0.48955737786598064,12.760000228881836,0.577100787149215,0.5302407110446816,12.600000381469728
2018-08-31,-0.12923772322029556,0.6318444220049666,12.40999984741211,-0.39777101577748375,0.613400452950901,12.4399995803833,0.39734504070277965,0.5187298036134371,12.43000030517578,-0.22169894415104055,0.4167313568570014,12.40999984741211,0.605753029737457,0.6112583448672103,13.390000343322754
2018-09-03,0.03168341695652239,0.6029008989191684,12.600000381469728,-0.12923772322029556,0.6318444220049666,12.40999984741211,-0.39777101577748375,0.613400452950901,12.4399995803833,1.1600654595540068,0.5473381931378484,12.239999771118164,0.5960395482728187,0.7602365640994462,13.779999732971191
2018-09-04,-0.8438430776075216,0.46596029393924976,13.390000343322754,0.03168341695652239,0.6029008989191684,12.600000381469728,-0.12923772322029556,0.6318444220049666,12.40999984741211,0.39734504070277965,0.5187298036134371,12.43000030517578,0.5666280186550243,0.9028510243286895,13.649999618530272
2018-09-05,-0.5371674285373426,0.343664359108717,13.779999732971191,-0.8438430776075216,0.46596029393924976,13.390000343322754,0.03168341695652239,0.6029008989191684,12.600000381469728,-0.39777101577748375,0.613400452950901,12.4399995803833,0.6613180100225564,1.0374700903648426,13.720000267028809
2018-09-06,-0.3769986473883496,0.34344979377874185,13.649999618530272,-0.5371674285373426,0.343664359108717,13.779999732971191,-0.8438430776075216,0.46596029393924976,13.390000343322754,-0.12923772322029556,0.6318444220049666,12.40999984741211,0.701640053905387,1.205713125249667,13.890000343322754
2018-09-07,0.5209934834070753,0.5302407110446816,13.720000267028809,-0.3769986473883496,0.34344979377874185,13.649999618530272,-0.5371674285373426,0.343664359108717,13.779999732971191,0.03168341695652239,0.6029008989191684,12.600000381469728,0.7162765626985997,1.2632042186886685,15.199999809265137
2018-09-10,0.4514339479237918,0.6112583448672103,13.890000343322754,0.5209934834070753,0.5302407110446816,13.720000267028809,-0.3769986473883496,0.34344979377874185,13.649999618530272,-0.8438430776075216,0.46596029393924976,13.390000343322754,0.6927370506460935,1.1946446579975734,15.329999923706056
2018-09-11,-1.3115113390097495,0.7602365640994462,15.199999809265137,0.4514339479237918,0.6112583448672103,13.890000343322754,0.5209934834070753,0.5302407110446816,13.720000267028809,-0.5371674285373426,0.343664359108717,13.779999732971191,0.6689391853171122,1.0555827389770083,14.25
2018-09-12,-1.3253935347788788,0.9028510243286895,15.329999923706056,-1.3115113390097495,0.7602365640994462,15.199999809265137,0.4514339479237918,0.6112583448672103,13.890000343322754,-0.3769986473883496,0.34344979377874185,13.649999618530272,0.8251959386092594,0.9779671661279974,13.84000015258789
2018-09-14,0.7273628261968242,1.0374700903648426,14.25,-1.3253935347788788,0.9028510243286895,15.329999923706056,-1.3115113390097495,0.7602365640994462,15.199999809265137,0.5209934834070753,0.5302407110446816,13.720000267028809,0.9636229988084952,0.44715535920653005,14.5
2018-09-17,1.2698371727607838,1.205713125249667,13.84000015258789,0.7273628261968242,1.0374700903648426,14.25,-1.3253935347788788,0.9028510243286895,15.329999923706056,0.4514339479237918,0.6112583448672103,13.890000343322754,0.9240483727424302,0.9225772201177107,14.420000076293944
2018-09-18,-1.20082248727221,1.2632042186886685,14.5,1.2698371727607838,1.205713125249667,13.84000015258789,0.7273628261968242,1.0374700903648426,14.25,-1.3115113390097495,0.7602365640994462,15.199999809265137,0.9063675455704802,0.918529263479439,14.010000228881836
2018-09-19,-0.8725935642451746,1.1946446579975734,14.420000076293944,-1.20082248727221,1.2632042186886685,14.5,1.2698371727607838,1.205713125249667,13.84000015258789,-1.3253935347788788,0.9028510243286895,15.329999923706056,1.0162840084255436,0.9274536628901348,15.539999961853027
2018-09-21,-0.3957743942134398,1.0555827389770083,14.010000228881836,-0.8725935642451746,1.1946446579975734,14.420000076293944,-1.20082248727221,1.2632042186886685,14.5,0.7273628261968242,1.0374700903648426,14.25,1.0670653685515574,0.9065505328085112,17.43000030517578
2018-09-24,-0.8155577062129398,0.9779671661279974,15.539999961853027,-0.3957743942134398,1.0555827389770083,14.010000228881836,-0.8725935642451746,1.1946446579975734,14.420000076293944,1.2698371727607838,1.205713125249667,13.84000015258789,1.0487885994102832,0.7035416636068624,16.68000030517578
2018-09-25,-1.5893165427847329,0.44715535920653005,17.43000030517578,-0.8155577062129398,0.9779671661279974,15.539999961853027,-0.3957743942134398,1.0555827389770083,14.010000228881836,-1.20082248727221,1.2632042186886685,14.5,1.0882324867014832,0.764553457913962,17.09000015258789
2018-09-26,0.9081113743931286,0.9225772201177107,16.68000030517578,-1.5893165427847329,0.44715535920653005,17.43000030517578,-0.8155577062129398,0.9779671661279974,15.539999961853027,-0.8725935642451746,1.1946446579975734,14.420000076293944,1.2336871991998286,1.1568393297997517,16.920000076293945
2018-09-27,-0.1234142949208208,0.918529263479439,17.09000015258789,0.9081113743931286,0.9225772201177107,16.68000030517578,-1.5893165427847329,0.44715535920653005,17.43000030517578,-0.3957743942134398,1.0555827389770083,14.010000228881836,1.1728868077020629,1.4140405574994082,17.0
2018-09-28,-0.6921982157626523,0.9274536628901348,16.920000076293945,-0.1234142949208208,0.918529263479439,17.09000015258789,0.9081113743931286,0.9225772201177107,16.68000030517578,-0.8155577062129398,0.9779671661279974,15.539999961853027,1.109276384941726,1.5513332638557584,16.84000015258789
2018-10-01,-0.4299770124143364,0.9065505328085112,17.0,-0.6921982157626523,0.9274536628901348,16.920000076293945,-0.1234142949208208,0.918529263479439,17.09000015258789,-1.5893165427847329,0.44715535920653005,17.43000030517578,1.1256003108315438,1.27546862618926,18.1200008392334
2018-10-03,0.7097025685968255,0.7035416636068624,16.84000015258789,-0.4299770124143364,0.9065505328085112,17.0,-0.6921982157626523,0.9274536628901348,16.920000076293945,0.9081113743931286,0.9225772201177107,16.68000030517578,1.1057445432212056,1.8027184951409807,18.920000076293945
2018-10-04,-1.3724356268050715,0.764553457913962,18.1200008392334,0.7097025685968255,0.7035416636068624,16.84000015258789,-0.4299770124143364,0.9065505328085112,17.0,-0.1234142949208208,0.918529263479439,17.09000015258789,1.051563125874376,1.7506397079061056,19.729999542236328
2018-10-05,-2.414191581845832,1.1568393297997517,18.920000076293945,-1.3724356268050715,0.764553457913962,18.1200008392334,0.7097025685968255,0.7035416636068624,16.84000015258789,-0.6921982157626523,0.9274536628901348,16.920000076293945,1.1694757755820735,1.748081630002174,20.149999618530277
2018-10-08,-2.7043516339215605,1.4140405574994082,19.729999542236328,-2.414191581845832,1.1568393297997517,18.920000076293945,-1.3724356268050715,0.764553457913962,18.1200008392334,-0.4299770124143364,0.9065505328085112,17.0,1.4316890235424868,1.7484668241024777,19.76000022888184
2018-10-09,0.3058349730753957,1.5513332638557584,20.149999618530277,-2.7043516339215605,1.4140405574994082,19.729999542236328,-2.414191581845832,1.1568393297997517,18.920000076293945,0.7097025685968255,0.7035416636068624,16.84000015258789,1.700066804327036,1.696421157430174,17.90999984741211
2018-10-10,-0.45522644623356334,1.27546862618926,19.76000022888184,0.3058349730753957,1.5513332638557584,20.149999618530277,-2.7043516339215605,1.4140405574994082,19.729999542236328,-1.3724356268050715,0.764553457913962,18.1200008392334,1.5692762407369971,1.7469017673233347,20.549999237060547
2018-10-11,1.5322168649223669,1.8027184951409807,17.90999984741211,-0.45522644623356334,1.27546862618926,19.76000022888184,0.3058349730753957,1.5513332638557584,20.149999618530277,-2.414191581845832,1.1568393297997517,18.920000076293945,1.5047118406185973,1.5366438473706456,18.6299991607666
2018-10-12,-2.178892116573151,1.7506397079061056,20.549999237060547,1.5322168649223669,1.8027184951409807,17.90999984741211,-0.45522644623356334,1.27546862618926,19.76000022888184,-2.7043516339215605,1.4140405574994082,19.729999542236328,1.435213458696477,0.950866348832478,18.88999938964844
2018-10-15,2.2973713528550763,1.748081630002174,18.6299991607666,-2.178892116573151,1.7506397079061056,20.549999237060547,1.5322168649223669,1.8027184951409807,17.90999984741211,0.3058349730753957,1.5513332638557584,20.149999618530277,1.6229092388459032,0.8454204914092424,17.3700008392334
2018-10-16,0.3812251460013522,1.7484668241024777,18.88999938964844,2.2973713528550763,1.748081630002174,18.6299991607666,-2.178892116573151,1.7506397079061056,20.549999237060547,-0.45522644623356334,1.27546862618926,19.76000022888184,1.5653622736744253,0.8786366318143009,17.979999542236328
2018-10-17,0.6849260681022563,1.696421157430174,17.3700008392334,0.3812251460013522,1.7484668241024777,18.88999938964844,2.2973713528550763,1.748081630002174,18.6299991607666,1.5322168649223669,1.8027184951409807,17.90999984741211,1.451993982631984,0.843126912014482,19.790000915527344
2018-10-19,-1.2520502809902525,1.7469017673233347,17.979999542236328,0.6849260681022563,1.696421157430174,17.3700008392334,0.3812251460013522,1.7484668241024777,18.88999938964844,-2.178892116573151,1.7506397079061056,20.549999237060547,1.3607528834825628,0.748631783919136,21.36000061035156
2018-10-22,-1.4405306077947944,1.5366438473706456,19.790000915527344,-1.2520502809902525,1.7469017673233347,17.979999542236328,0.6849260681022563,1.696421157430174,17.3700008392334,2.2973713528550763,1.748081630002174,18.6299991607666,1.4249461767505138,1.423988381796736,19.040000915527344
2018-10-23,-0.5674293551714025,0.950866348832478,21.36000061035156,-1.4405306077947944,1.5366438473706456,19.790000915527344,-1.2520502809902525,1.7469017673233347,17.979999542236328,0.3812251460013522,1.7484668241024777,18.88999938964844,1.5075941798801258,1.3593103639037143,18.8799991607666
2018-10-24,-0.9655817945697833,0.8454204914092424,19.040000915527344,-0.5674293551714025,0.950866348832478,21.36000061035156,-1.4405306077947944,1.5366438473706456,19.790000915527344,0.6849260681022563,1.696421157430174,17.3700008392334,1.464198377764418,1.5578040407200986,18.959999084472656
2018-10-25,0.7652886157385113,0.8786366318143009,18.8799991607666,-0.9655817945697833,0.8454204914092424,19.040000915527344,-0.5674293551714025,0.950866348832478,21.36000061035156,-1.2520502809902525,1.7469017673233347,17.979999542236328,1.4776126327427554,1.414048072853175,19.229999542236328
2018-10-26,-0.9813476770964884,0.843126912014482,18.959999084472656,0.7652886157385113,0.8786366318143009,18.8799991607666,-0.9655817945697833,0.8454204914092424,19.040000915527344,-1.4405306077947944,1.5366438473706456,19.790000915527344,1.386173189895877,1.2149610996782385,19.82999992370605
2018-10-29,-0.9417173007402645,0.748631783919136,19.229999542236328,-0.9813476770964884,0.843126912014482,18.959999084472656,0.7652886157385113,0.8786366318143009,18.8799991607666,-0.5674293551714025,0.950866348832478,21.36000061035156,1.4106286020880363,1.1203474860391327,20.5
2018-10-30,2.1779988895005156,1.423988381796736,19.82999992370605,-0.9417173007402645,0.748631783919136,19.229999542236328,-0.9813476770964884,0.843126912014482,18.959999084472656,-0.9655817945697833,0.8454204914092424,19.040000915527344,1.4270000521534032,1.0119654828554443,19.799999237060547
2018-10-31,-0.51297073253929,1.3593103639037143,20.5,2.1779988895005156,1.423988381796736,19.82999992370605,-0.9417173007402645,0.748631783919136,19.229999542236328,0.7652886157385113,0.8786366318143009,18.8799991607666,1.3874327776230453,0.7753332848662952,19.190000534057617
2018-11-01,1.8285592676591407,1.5578040407200986,19.799999237060547,-0.51297073253929,1.3593103639037143,20.5,2.1779988895005156,1.423988381796736,19.82999992370605,-0.9813476770964884,0.843126912014482,18.959999084472656,1.3503677933783274,0.785580505978679,18.229999542236328
2018-11-02,-0.05922280054286613,1.414048072853175,19.190000534057617,1.8285592676591407,1.5578040407200986,19.799999237060547,-0.51297073253929,1.3593103639037143,20.5,-0.9417173007402645,0.748631783919136,19.229999542236328,1.307524984509037,0.5872046657552629,19.479999542236328
2018-11-05,1.6485931474334168,1.2149610996782385,18.229999542236328,-0.05922280054286613,1.414048072853175,19.190000534057617,1.8285592676591407,1.5578040407200986,19.799999237060547,2.1779988895005156,1.423988381796736,19.82999992370605,1.2220132158125947,0.748260801999081,18.51000022888184
2018-11-06,-0.2751816510906828,1.1203474860391327,19.479999542236328,1.6485931474334168,1.2149610996782385,18.229999542236328,-0.05922280054286613,1.414048072853175,19.190000534057617,-0.51297073253929,1.3593103639037143,20.5,1.1868696946955704,0.7521175400649035,17.719999313354492
2018-11-07,0.05699629678378128,1.0119654828554443,18.51000022888184,-0.2751816510906828,1.1203474860391327,19.479999542236328,1.6485931474334168,1.2149610996782385,18.229999542236328,1.8285592676591407,1.5578040407200986,19.799999237060547,1.1408754397196117,0.7108803787168233,17.770000457763672
2018-11-09,0.6474757039787639,0.7753332848662952,17.719999313354492,0.05699629678378128,1.0119654828554443,18.51000022888184,-0.2751816510906828,1.1203474860391327,19.479999542236328,-0.05922280054286613,1.414048072853175,19.190000534057617,1.0620695487470777,0.7456033841875169,19.3700008392334
2018-11-12,-0.12462656636175824,0.785580505978679,17.770000457763672,0.6474757039787639,0.7753332848662952,17.719999313354492,0.05699629678378128,1.0119654828554443,18.51000022888184,1.6485931474334168,1.2149610996782385,18.229999542236328,1.0102227709241978,0.38916919352762575,18.700000762939453
2018-11-13,-0.9778218363147999,0.5872046657552629,19.3700008392334,-0.12462656636175824,0.785580505978679,17.770000457763672,0.6474757039787639,0.7753332848662952,17.719999313354492,-0.2751816510906828,1.1203474860391327,19.479999542236328,0.9630460700630624,0.7081917494911252,18.82999992370605
2018-11-14,0.9523094254035388,0.748260801999081,18.700000762939453,-0.9778218363147999,0.5872046657552629,19.3700008392334,-0.12462656636175824,0.785580505978679,17.770000457763672,0.05699629678378128,1.0119654828554443,18.51000022888184,1.0343380027162743,0.7694315899066342,18.450000762939453
2018-11-15,-0.058606306096734895,0.7521175400649035,18.82999992370605,0.9523094254035388,0.748260801999081,18.700000762939453,-0.9778218363147999,0.5872046657552629,19.3700008392334,0.6474757039787639,0.7753332848662952,17.719999313354492,0.9952584248290208,0.8014852968718156,18.350000381469727
2018-11-16,0.38126211073087707,0.7108803787168233,18.450000762939453,-0.058606306096734895,0.7521175400649035,18.82999992370605,0.9523094254035388,0.748260801999081,18.700000762939453,-0.12462656636175824,0.785580505978679,17.770000457763672,0.9412859394690464,0.8961783320253737,19.26000022888184
2018-11-19,0.6150571652505878,0.7456033841875169,18.350000381469727,0.38126211073087707,0.7108803787168233,18.450000762939453,-0.058606306096734895,0.7521175400649035,18.82999992370605,-0.9778218363147999,0.5872046657552629,19.3700008392334,0.8925220639400294,0.8471287178433461,19.32999992370605
2018-11-20,0.757270313114419,0.38916919352762575,19.26000022888184,0.6150571652505878,0.7456033841875169,18.350000381469727,0.38126211073087707,0.7108803787168233,18.450000762939453,0.9523094254035388,0.748260801999081,18.700000762939453,0.8560385603995444,0.7149601131847261,19.559999465942383
2018-11-21,-1.0009625523730634,0.7081917494911252,19.32999992370605,0.757270313114419,0.38916919352762575,19.26000022888184,0.6150571652505878,0.7456033841875169,18.350000381469727,-0.058606306096734895,0.7521175400649035,18.82999992370605,0.8276811032460639,0.7319104459131756,19.15999984741211
2018-11-22,-0.5283201056794732,0.7694315899066342,19.559999465942383,-1.0009625523730634,0.7081917494911252,19.32999992370605,0.757270313114419,0.38916919352762575,19.26000022888184,0.38126211073087707,0.7108803787168233,18.450000762939453,0.9172189798033716,0.4217900660544286,20.399999618530277
2018-11-26,-0.6939063131569403,0.8014852968718156,19.15999984741211,-0.5283201056794732,0.7694315899066342,19.559999465942383,-1.0009625523730634,0.7081917494911252,19.32999992370605,0.6150571652505878,0.7456033841875169,18.350000381469727,0.9314626997935048,0.44797561827792937,18.31999969482422
2018-11-27,0.9628807669070337,0.8961783320253737,20.399999618530277,-0.6939063131569403,0.8014852968718156,19.15999984741211,-0.5283201056794732,0.7694315899066342,19.559999465942383,0.757270313114419,0.38916919352762575,19.26000022888184,0.9666435051387872,0.5188902137061003,17.959999084472656
2018-11-28,0.5348559924642655,0.8471287178433461,18.31999969482422,0.9628807669070337,0.8961783320253737,20.399999618530277,-0.6939063131569403,0.8014852968718156,19.15999984741211,-1.0009625523730634,0.7081917494911252,19.32999992370605,0.9345639420555544,0.7220662324668042,18.700000762939453
2018-11-29,0.40393342237814217,0.7149601131847261,17.959999084472656,0.5348559924642655,0.8471287178433461,18.31999969482422,0.9628807669070337,0.8961783320253737,20.399999618530277,-0.5283201056794732,0.7694315899066342,19.559999465942383,0.8914579723793851,0.7787866930458549,19.15999984741211
2018-11-30,1.203028163822991,0.7319104459131756,18.700000762939453,0.40393342237814217,0.7149601131847261,17.959999084472656,0.5348559924642655,0.8471287178433461,18.31999969482422,-0.6939063131569403,0.8014852968718156,19.15999984741211,0.8481483199399332,0.965693629458542,18.21999931335449
2018-12-03,0.1660863582254459,0.4217900660544286,19.15999984741211,1.203028163822991,0.7319104459131756,18.700000762939453,0.40393342237814217,0.7149601131847261,17.959999084472656,0.9628807669070337,0.8961783320253737,20.399999618530277,0.8354711175953515,1.153334445876512,18.11000061035156
2018-12-04,0.06433675918710725,0.44797561827792937,18.21999931335449,0.1660863582254459,0.4217900660544286,19.15999984741211,1.203028163822991,0.7319104459131756,18.700000762939453,0.5348559924642655,0.8471287178433461,18.31999969482422,0.7896040377032322,1.282978590295025,18.38999938964844
2018-12-05,-0.13101492455916805,0.5188902137061003,18.11000061035156,0.06433675918710725,0.44797561827792937,18.21999931335449,0.1660863582254459,0.4217900660544286,19.15999984741211,0.40393342237814217,0.7149601131847261,17.959999084472656,0.7445934276945396,1.6457367011388195,19.309999465942383
2018-12-06,-0.7999119688821785,0.7220662324668042,18.38999938964844,-0.13101492455916805,0.5188902137061003,18.11000061035156,0.06433675918710725,0.44797561827792937,18.21999931335449,1.203028163822991,0.7319104459131756,18.700000762939453,0.7231239247750483,1.3781335199282962,18.59000015258789
2018-12-07,-1.6999059579474705,0.7787866930458549,19.309999465942383,-0.7999119688821785,0.7220662324668042,18.38999938964844,-0.13101492455916805,0.5188902137061003,18.11000061035156,0.1660863582254459,0.4217900660544286,19.15999984741211,0.7946858027601928,1.348667509611523,20.440000534057617
2018-12-10,0.8692278636606364,0.965693629458542,18.59000015258789,-1.6999059579474705,0.7787866930458549,19.309999465942383,-0.7999119688821785,0.7220662324668042,18.38999938964844,0.06433675918710725,0.44797561827792937,18.21999931335449,0.9968962192044364,0.6163728220033496,17.950000762939453
2018-12-11,-1.9380130942287621,1.153334445876512,20.440000534057617,0.8692278636606364,0.965693629458542,18.59000015258789,-1.6999059579474705,0.7787866930458549,19.309999465942383,-0.13101492455916805,0.5188902137061003,18.11000061035156,0.9587620824147348,0.6661998358880645,15.8100004196167
2018-12-12,0.5770654643792864,1.282978590295025,17.950000762939453,-1.9380130942287621,1.153334445876512,20.440000534057617,0.8692278636606364,0.965693629458542,18.59000015258789,-0.7999119688821785,0.7220662324668042,18.38999938964844,1.1757809782741415,0.2634920404566409,15.550000190734863
2018-12-13,1.7706239057753168,1.6457367011388195,15.8100004196167,0.5770654643792864,1.282978590295025,17.950000762939453,-1.9380130942287621,1.153334445876512,20.440000534057617,-1.6999059579474705,0.7787866930458549,19.309999465942383,1.110180560701007,0.35665416819672663,15.15999984741211
2018-12-14,0.5011838341027756,1.3781335199282962,15.550000190734863,1.7706239057753168,1.6457367011388195,15.8100004196167,0.5770654643792864,1.282978590295025,17.950000762939453,0.8692278636606364,0.965693629458542,18.59000015258789,1.090769347614495,1.0246057874563614,14.539999961853027
2018-12-17,0.12872521687673252,1.348667509611523,15.15999984741211,0.5011838341027756,1.3781335199282962,15.550000190734863,1.7706239057753168,1.6457367011388195,15.8100004196167,-1.9380130942287621,1.153334445876512,20.440000534057617,1.0312988615220202,0.9359605464324542,14.579999923706056
2018-12-18,0.7642719885813293,0.6163728220033496,14.539999961853027,0.12872521687673252,1.348667509611523,15.15999984741211,0.5011838341027756,1.3781335199282962,15.550000190734863,0.5770654643792864,1.282978590295025,17.950000762939453,0.9656698093282547,1.0220390636355259,14.65999984741211
2018-12-19,0.18672794743268972,0.6661998358880645,14.579999923706056,0.7642719885813293,0.6163728220033496,14.539999961853027,0.12872521687673252,1.348667509611523,15.15999984741211,1.7706239057753168,1.6457367011388195,15.8100004196167,0.927113350290382,1.0073206522330411,14.329999923706056
2018-12-20,0.5357446474361821,0.2634920404566409,14.65999984741211,0.18672794743268972,0.6661998358880645,14.579999923706056,0.7642719885813293,0.6163728220033496,14.539999961853027,0.5011838341027756,1.3781335199282962,15.550000190734863,0.8733819552093356,1.1224518553114986,15.989999771118164
2018-12-21,-0.14233871991216723,0.35665416819672663,14.329999923706056,0.5357446474361821,0.2634920404566409,14.65999984741211,0.18672794743268972,0.6661998358880645,14.579999923706056,0.12872521687673252,1.348667509611523,15.15999984741211,0.8360851727099214,0.6445145324074559,15.75
2018-12-24,-1.821693480035375,1.0246057874563614,15.989999771118164,-0.14233871991216723,0.35665416819672663,14.329999923706056,0.5357446474361821,0.2634920404566409,14.65999984741211,0.7642719885813293,0.6163728220033496,14.539999961853027,0.807742751906299,0.5653527302208978,15.920000076293944
2018-12-26,-0.8451083331975899,0.9359605464324542,15.75,-1.821693480035375,1.0246057874563614,15.989999771118164,-0.14233871991216723,0.35665416819672663,14.329999923706056,0.18672794743268972,0.6661998358880645,14.579999923706056,1.028251132510014,0.7714275300553917,16.06999969482422
2018-12-27,0.6202845587195537,1.0220390636355259,15.920000076293944,-0.8451083331975899,0.9359605464324542,15.75,-1.821693480035375,1.0246057874563614,15.989999771118164,0.5357446474361821,0.2634920404566409,14.65999984741211,1.0739525046774043,0.7810637345807319,15.270000457763672
2018-12-28,0.46444536719637464,1.0073206522330411,16.06999969482422,0.6202845587195537,1.0220390636355259,15.920000076293944,-0.8451083331975899,0.9359605464324542,15.75,-0.14233871991216723,0.35665416819672663,14.329999923706056,1.020035848093201,0.7032147377888126,16.0
2018-12-31,0.7403148015077441,1.1224518553114986,15.270000457763672,0.46444536719637464,1.0073206522330411,16.06999969482422,0.6202845587195537,1.0220390636355259,15.920000076293944,-1.821693480035375,1.0246057874563614,15.989999771118164,0.9663675527664372,0.7292348809048357,16.389999389648438
2019-01-02,0.02439332627594762,0.6445145324074559,16.0,0.7403148015077441,1.1224518553114986,15.270000457763672,0.46444536719637464,1.0073206522330411,16.06999969482422,-0.8451083331975899,0.9359605464324542,15.75,0.9269539874569332,0.6970117556563279,16.790000915527344
2019-01-03,-0.6469627145011257,0.5653527302208978,16.389999389648438,0.02439332627594762,0.6445145324074559,16.0,0.7403148015077441,1.1224518553114986,15.270000457763672,0.6202845587195537,1.0220390636355259,15.920000076293944,0.8692305495367977,0.3407541971309858,16.15999984741211
2019-01-04,-1.1204533761500677,0.7714275300553917,16.790000915527344,-0.6469627145011257,0.5653527302208978,16.389999389648438,0.02439332627594762,0.6445145324074559,16.0,0.46444536719637464,1.0073206522330411,16.06999969482422,0.904352352554742,0.376630466186645,16.299999237060547
2019-01-07,0.5149603931252372,0.7810637345807319,16.15999984741211,-1.1204533761500677,0.7714275300553917,16.790000915527344,-0.6469627145011257,0.5653527302208978,16.389999389648438,0.7403148015077441,1.1224518553114986,15.270000457763672,1.0027025899477524,0.42978810173133397,15.699999809265137
2019-01-08,0.41350713736187994,0.7032147377888126,16.299999237060547,0.5149603931252372,0.7810637345807319,16.15999984741211,-1.1204533761500677,0.7714275300553917,16.790000915527344,0.02439332627594762,0.6445145324074559,16.0,0.9523730229780876,0.7845893779634843,15.270000457763672
2019-01-09,0.28136345625500236,0.7292348809048357,15.699999809265137,0.41350713736187994,0.7032147377888126,16.299999237060547,0.5149603931252372,0.7810637345807319,16.15999984741211,-0.6469627145011257,0.5653527302208978,16.389999389648438,0.9035996179374725,0.7623580961916174,15.350000381469728
2019-01-10,0.4894433183399924,0.6970117556563279,15.270000457763672,0.28136345625500236,0.7292348809048357,15.699999809265137,0.41350713736187994,0.7032147377888126,16.299999237060547,-1.1204533761500677,0.7714275300553917,16.790000915527344,0.8551552855525258,0.7331584775164619,15.350000381469728
2019-01-11,-0.3095557040757343,0.3407541971309858,15.350000381469728,0.4894433183399924,0.6970117556563279,15.270000457763672,0.28136345625500236,0.7292348809048357,15.699999809265137,0.5149603931252372,0.7810637345807319,16.15999984741211,0.8180341762182854,0.7062076600753449,16.15999984741211
2019-01-14,-0.24656504210332242,0.376630466186645,15.350000381469728,-0.3095557040757343,0.3407541971309858,15.350000381469728,0.4894433183399924,0.6970117556563279,15.270000457763672,0.41350713736187994,0.7032147377888126,16.299999237060547,0.8129456481915706,0.5748629064319284,15.579999923706056
2019-01-15,-0.5326886232360374,0.42978810173133397,16.15999984741211,-0.24656504210332242,0.376630466186645,15.350000381469728,-0.3095557040757343,0.3407541971309858,15.350000381469728,0.28136345625500236,0.7292348809048357,15.699999809265137,0.8001298383739456,0.3074147812767711,16.079999923706055
2019-01-16,1.3799464213669708,0.7845893779634843,15.579999923706056,-0.5326886232360374,0.42978810173133397,16.15999984741211,-0.24656504210332242,0.376630466186645,15.350000381469728,0.4894433183399924,0.6970117556563279,15.270000457763672,0.8265160181913426,0.5108540672955716,16.239999771118164
2019-01-17,0.0321438583917674,0.7623580961916174,16.079999923706055,1.3799464213669708,0.7845893779634843,15.579999923706056,-0.5326886232360374,0.42978810173133397,16.15999984741211,-0.3095557040757343,0.3407541971309858,15.350000381469728,0.8218930175725871,0.5148857939615483,16.6200008392334
2019-01-18,0.1367290766106507,0.7331584775164619,16.239999771118164,0.0321438583917674,0.7623580961916174,16.079999923706055,1.3799464213669708,0.7845893779634843,15.579999923706056,-0.24656504210332242,0.376630466186645,15.350000381469728,0.7729506015030653,0.5590816002614342,18.149999618530277
2019-01-21,0.01604610249256087,0.7062076600753449,16.6200008392334,0.1367290766106507,0.7331584775164619,16.239999771118164,0.0321438583917674,0.7623580961916174,16.079999923706055,-0.5326886232360374,0.42978810173133397,16.15999984741211,0.7317777959478462,0.48960673729274745,17.989999771118164
2019-01-22,0.5020808629692447,0.5748629064319284,18.149999618530277,0.01604610249256087,0.7062076600753449,16.6200008392334,0.1367290766106507,0.7331584775164619,16.239999771118164,1.3799464213669708,0.7845893779634843,15.579999923706056,0.692869419726354,0.5300660065322822,18.09000015258789
2019-01-23,-0.3573257146616415,0.3074147812767711,17.989999771118164,0.5020808629692447,0.5748629064319284,18.149999618530277,0.01604610249256087,0.7062076600753449,16.6200008392334,0.0321438583917674,0.7623580961916174,16.079999923706055,0.6707417942477372,0.5287920982155097,17.43000030517578
2019-01-24,-0.8389214537151498,0.5108540672955716,18.09000015258789,-0.3573257146616415,0.3074147812767711,17.989999771118164,0.5020808629692447,0.5748629064319284,18.149999618530277,0.1367290766106507,0.7331584775164619,16.239999771118164,0.6855376631739384,1.0518519227572662,17.690000534057617
2019-01-25,0.16880730581589695,0.5148857939615483,17.43000030517578,-0.8389214537151498,0.5108540672955716,18.09000015258789,-0.3573257146616415,0.3074147812767711,17.989999771118164,0.01604610249256087,0.7062076600753449,16.6200008392334,0.7667373181140624,1.0169779444604432,18.899999618530277
2019-01-28,-0.6403062164968701,0.5590816002614342,17.690000534057617,0.16880730581589695,0.5148857939615483,17.43000030517578,-0.8389214537151498,0.5108540672955716,18.09000015258789,0.5020808629692447,0.5748629064319284,18.149999618530277,0.7271615883436511,0.7196299716830241,18.43000030517578
2019-01-29,-1.1099773244971003,0.48960673729274745,18.899999618530277,-0.6403062164968701,0.5590816002614342,17.690000534057617,0.16880730581589695,0.5148857939615483,17.43000030517578,-0.3573257146616415,0.3074147812767711,17.989999771118164,0.7755624535869915,0.6742074130015743,17.850000381469727
2019-01-30,-0.08773312978436731,0.5300660065322822,18.43000030517578,-1.1099773244971003,0.48960673729274745,18.899999618530277,-0.6403062164968701,0.5590816002614342,17.690000534057617,-0.8389214537151498,0.5108540672955716,18.09000015258789,0.8871571720767406,0.648042283788525,17.1200008392334
2019-01-31,-0.003758830501756102,0.5287920982155097,17.850000381469727,-0.08773312978436731,0.5300660065322822,18.43000030517578,-1.1099773244971003,0.48960673729274745,18.899999618530277,0.16880730581589695,0.5148857939615483,17.43000030517578,0.8471492659317108,0.4514750921885364,15.720000267028809
2019-02-01,1.6678920874278536,1.0518519227572662,17.1200008392334,-0.003758830501756102,0.5287920982155097,17.850000381469727,-0.08773312978436731,0.5300660065322822,18.43000030517578,-0.6403062164968701,0.5590816002614342,17.690000534057617,0.8003548340264334,0.8208427341528148,15.720000267028809
2019-02-04,0.5772292029816439,1.0169779444604432,15.720000267028809,1.6678920874278536,1.0518519227572662,17.1200008392334,-0.003758830501756102,0.5287920982155097,17.850000381469727,-1.1099773244971003,0.48960673729274745,18.899999618530277,0.8081124223897826,0.8588711065426347,15.779999732971191
2019-02-05,0.17059248691862575,0.7196299716830241,15.720000267028809,0.5772292029816439,1.0169779444604432,15.720000267028809,1.6678920874278536,1.0518519227572662,17.1200008392334,-0.08773312978436731,0.5300660065322822,18.43000030517578,0.7782146990034738,0.8688119350581235,15.630000114440918
2019-02-06,0.20231630833451036,0.6742074130015743,15.779999732971191,0.17059248691862575,0.7196299716830241,15.720000267028809,0.5772292029816439,1.0169779444604432,15.720000267028809,-0.003758830501756102,0.5287920982155097,17.850000381469727,0.7376737202773429,0.44256297322190574,15.4399995803833
2019-02-07,1.1647333726075786,0.648042283788525,15.630000114440918,0.20231630833451036,0.6742074130015743,15.779999732971191,0.17059248691862575,0.7196299716830241,15.720000267028809,1.6678920874278536,1.0518519227572662,17.1200008392334,0.7017600270433406,0.3532703975492489,15.56999969482422
2019-02-08,0.06280717930916961,0.4514750921885364,15.4399995803833,1.1647333726075786,0.648042283788525,15.630000114440918,0.20231630833451036,0.6742074130015743,15.779999732971191,0.5772292029816439,1.0169779444604432,15.720000267028809,0.7012358353965908,0.24242751170085255,15.84000015258789
2019-02-11,-1.1429805188104512,0.8208427341528148,15.56999969482422,0.06280717930916961,0.4514750921885364,15.4399995803833,1.1647333726075786,0.648042283788525,15.630000114440918,0.17059248691862575,0.7196299716830241,15.720000267028809,0.6639434185129758,0.2614687680136297,15.75
2019-02-12,-0.5020054711538445,0.8588711065426347,15.84000015258789,-1.1429805188104512,0.8208427341528148,15.56999969482422,0.06280717930916961,0.4514750921885364,15.4399995803833,0.20231630833451036,0.6742074130015743,15.779999732971191,0.7938880096123755,0.8286836407272171,15.770000457763672
2019-02-14,-0.5285360831624847,0.8688119350581235,15.75,-0.5020054711538445,0.8588711065426347,15.84000015258789,-1.1429805188104512,0.8208427341528148,15.56999969482422,1.1647333726075786,0.648042283788525,15.630000114440918,0.8167149571365336,0.7908446032283359,16.459999084472656
2019-02-15,-0.7911132252471094,0.44256297322190574,15.770000457763672,-0.5285360831624847,0.8688119350581235,15.75,-0.5020054711538445,0.8588711065426347,15.84000015258789,0.06280717930916961,0.4514750921885364,15.4399995803833,0.8409195586170332,0.7772204297863119,18.0
2019-02-18,-0.20166713974639475,0.3532703975492489,16.459999084472656,-0.7911132252471094,0.44256297322190574,15.770000457763672,-0.5285360831624847,0.8688119350581235,15.75,-1.1429805188104512,0.8208427341528148,15.56999969482422,0.8989629685778023,0.6250078981119285,18.46999931335449
2019-02-19,-0.7811771620307167,0.24242751170085255,18.0,-0.20166713974639475,0.3532703975492489,16.459999084472656,-0.7911132252471094,0.44256297322190574,15.770000457763672,-0.5020054711538445,0.8588711065426347,15.84000015258789,0.8722801993030451,0.646847531400397,17.059999465942383
2019-02-20,-0.3445526538395949,0.2614687680136297,18.46999931335449,-0.7811771620307167,0.24242751170085255,18.0,-0.20166713974639475,0.3532703975492489,16.459999084472656,-0.5285360831624847,0.8688119350581235,15.75,0.9256576257755652,0.5184104740527958,16.049999237060547
2019-02-21,1.228711014362708,0.8286836407272171,17.059999465942383,-0.3445526538395949,0.2614687680136297,18.46999931335449,-0.7811771620307167,0.24242751170085255,18.0,-0.7911132252471094,0.44256297322190574,15.770000457763672,0.9148286114152036,0.48061463553873424,15.449999809265137
2019-02-22,0.5054473607434973,0.7908446032283359,16.049999237060547,1.228711014362708,0.8286836407272171,17.059999465942383,-0.3445526538395949,0.2614687680136297,18.46999931335449,-0.20166713974639475,0.3532703975492489,16.459999084472656,0.8966541269290456,0.5625146387052649,15.359999656677246
2019-02-25,0.01668819363047236,0.7772204297863119,15.449999809265137,0.5054473607434973,0.7908446032283359,16.049999237060547,1.228711014362708,0.8286836407272171,17.059999465942383,-0.7811771620307167,0.24242751170085255,18.0,0.8561789034003108,0.6674202998266473,17.110000610351562
2019-02-26,0.8162673513503154,0.6250078981119285,15.359999656677246,0.01668819363047236,0.7772204297863119,15.449999809265137,0.5054473607434973,0.7908446032283359,16.049999237060547,-0.3445526538395949,0.2614687680136297,18.46999931335449,0.8060144239396093,0.5845357867354493,18.899999618530277
2019-02-27,-0.41260920318907485,0.646847531400397,17.110000610351562,0.8162673513503154,0.6250078981119285,15.359999656677246,0.01668819363047236,0.7772204297863119,15.449999809265137,1.228711014362708,0.8286836407272171,17.059999465942383,0.7842552517620213,0.5077657625875311,18.280000686645508
2019-02-28,-0.26475831003447126,0.5184104740527958,18.899999618530277,-0.41260920318907485,0.646847531400397,17.110000610351562,0.8162673513503154,0.6250078981119285,15.359999656677246,0.5054473607434973,0.7908446032283359,16.049999237060547,0.7959750677108656,0.5303221339165999,16.270000457763672
2019-03-01,-0.1310273079593882,0.48061463553873424,18.280000686645508,-0.26475831003447126,0.5184104740527958,18.899999618530277,-0.41260920318907485,0.646847531400397,17.110000610351562,0.01668819363047236,0.7772204297863119,15.449999809265137,0.7870968412811052,0.6294011965869885,15.65999984741211
2019-03-05,0.6557097745663337,0.5625146387052649,16.270000457763672,-0.1310273079593882,0.48061463553873424,18.280000686645508,-0.26475831003447126,0.5184104740527958,18.899999618530277,0.8162673513503154,0.6250078981119285,15.359999656677246,0.7618052390914114,0.6414002081604422,15.609999656677246
2019-03-06,1.1345183958033886,0.6674202998266473,15.65999984741211,0.6557097745663337,0.5625146387052649,16.270000457763672,-0.1310273079593882,0.48061463553873424,18.280000686645508,-0.41260920318907485,0.646847531400397,17.110000610351562,0.7387055449036559,0.647207153250492,15.289999961853027
2019-03-07,0.59481541776258,0.5845357867354493,15.609999656677246,1.1345183958033886,0.6674202998266473,15.65999984741211,0.6557097745663337,0.5625146387052649,16.270000457763672,-0.26475831003447126,0.5184104740527958,18.899999618530277,0.7338247248766382,0.6533911415552068,14.9399995803833
2019-03-08,0.047036753884395606,0.5077657625875311,15.289999961853027,0.59481541776258,0.5845357867354493,15.609999656677246,1.1345183958033886,0.6674202998266473,15.65999984741211,-0.1310273079593882,0.48061463553873424,18.280000686645508,0.7111933362608611,0.5171192945881583,14.899999618530272
2019-03-11,-0.20639291176077681,0.5303221339165999,14.9399995803833,0.047036753884395606,0.5077657625875311,15.289999961853027,0.59481541776258,0.5845357867354493,15.609999656677246,0.6557097745663337,0.5625146387052649,16.270000457763672,0.6725294067187135,0.4515754138949009,15.100000381469728
2019-03-12,1.194868284879883,0.6294011965869885,14.899999618530272,-0.20639291176077681,0.5303221339165999,14.9399995803833,0.047036753884395606,0.5077657625875311,15.289999961853027,1.1345183958033886,0.6674202998266473,15.65999984741211,0.6671558311432272,0.2807651413277013,15.279999732971191
2019-03-13,1.1851926453906936,0.6414002081604422,15.100000381469728,1.194868284879883,0.6294011965869885,14.899999618530272,-0.20639291176077681,0.5303221339165999,14.9399995803833,0.59481541776258,0.5845357867354493,15.609999656677246,0.6707409774426107,0.36227423073771187,15.149999618530272
2019-03-14,0.35772840485137175,0.647207153250492,15.279999732971191,1.1851926453906936,0.6414002081604422,15.100000381469728,1.194868284879883,0.6294011965869885,14.899999618530272,0.047036753884395606,0.5077657625875311,15.289999961853027,0.673675808869053,0.5315298934381042,15.869999885559082
2019-03-15,0.013663725743869716,0.6533911415552068,15.149999618530272,0.35772840485137175,0.647207153250492,15.279999732971191,1.1851926453906936,0.6414002081604422,15.100000381469728,-0.20639291176077681,0.5303221339165999,14.9399995803833,0.6484144787805135,0.6161265101233547,16.899999618530273
2019-03-18,0.7342961729934112,0.5171192945881583,15.869999885559082,0.013663725743869716,0.6533911415552068,15.149999618530272,0.35772840485137175,0.647207153250492,15.279999732971191,1.194868284879883,0.6294011965869885,14.899999618530272,0.6169418165289436,0.8327436597342587,16.489999771118164
2019-03-19,0.30888668901587507,0.4515754138949009,16.899999618530273,0.7342961729934112,0.5171192945881583,15.869999885559082,0.013663725743869716,0.6533911415552068,15.149999618530272,1.1851926453906936,0.6414002081604422,15.100000381469728,0.6090910766377733,0.7751105799183449,16.030000686645508
2019-03-20,0.6105817158639563,0.2807651413277013,16.489999771118164,0.30888668901587507,0.4515754138949009,16.899999618530273,0.7342961729934112,0.5171192945881583,15.869999885559082,0.35772840485137175,0.647207153250492,15.279999732971191,0.5876339345011374,0.9555322889754522,16.270000457763672
2019-03-22,-0.09847191425605331,0.36227423073771187,16.030000686645508,0.6105817158639563,0.2807651413277013,16.489999771118164,0.30888668901587507,0.4515754138949009,16.899999618530273,0.013663725743869716,0.6533911415552068,15.149999618530272,0.5780347143836182,0.9260906893909846,16.670000076293945
2019-03-25,-0.558357731469638,0.5315298934381042,16.270000457763672,-0.09847191425605331,0.36227423073771187,16.030000686645508,0.6105817158639563,0.2807651413277013,16.489999771118164,0.7342961729934112,0.5171192945881583,15.869999885559082,0.5666269697048665,0.6121676056306953,16.489999771118164
2019-03-26,-0.900007950222714,0.6161265101233547,16.670000076293945,-0.558357731469638,0.5315298934381042,16.270000457763672,-0.09847191425605331,0.36227423073771187,16.030000686645508,0.30888668901587507,0.4515754138949009,16.899999618530273,0.6188697766817658,0.728952371423678,17.049999237060547
2019-03-27,1.1297328693216404,0.8327436597342587,16.489999771118164,-0.900007950222714,0.6161265101233547,16.670000076293945,-0.558357731469638,0.5315298934381042,16.270000457763672,0.6105817158639563,0.2807651413277013,16.489999771118164,0.7164142817172342,0.7423948991421004,16.649999618530273
2019-03-28,-0.3332146821462826,0.7751105799183449,17.049999237060547,1.1297328693216404,0.8327436597342587,16.489999771118164,-0.900007950222714,0.6161265101233547,16.670000076293945,-0.09847191425605331,0.36227423073771187,16.030000686645508,0.7133790852332338,0.6290659056584994,18.010000228881836
2019-04-01,1.0858236155870984,0.9555322889754522,16.649999618530273,-0.3332146821462826,0.7751105799183449,17.049999237060547,1.1297328693216404,0.8327436597342587,16.489999771118164,-0.558357731469638,0.5315298934381042,16.270000457763672,0.7210887177725336,0.5496305600160681,18.07999992370605
2019-04-02,0.8533099582725414,0.9260906893909846,18.010000228881836,1.0858236155870984,0.9555322889754522,16.649999618530273,-0.3332146821462826,0.7751105799183449,17.049999237060547,-0.900007950222714,0.6161265101233547,16.670000076293945,0.7161345629018747,0.5998209911866986,18.780000686645508
2019-04-03,0.37677868730356695,0.6121676056306953,18.07999992370605,0.8533099582725414,0.9260906893909846,18.010000228881836,1.0858236155870984,0.9555322889754522,16.649999618530273,1.1297328693216404,0.8327436597342587,16.489999771118164,0.7037336312836346,0.6379366575490315,18.649999618530277
2019-04-04,-0.5929679070481917,0.728952371423678,18.780000686645508,0.37677868730356695,0.6121676056306953,18.07999992370605,0.8533099582725414,0.9260906893909846,18.010000228881836,-0.3332146821462826,0.7751105799183449,17.049999237060547,0.6765126434390756,0.6196136230243464,18.38999938964844
2019-04-05,-0.395407913661549,0.7423948991421004,18.649999618530277,-0.5929679070481917,0.728952371423678,18.780000686645508,0.37677868730356695,0.6121676056306953,18.07999992370605,1.0858236155870984,0.9555322889754522,16.649999618530273,0.7232070088635895,0.5807031194399738,20.149999618530277
2019-04-08,0.5841689650914403,0.6290659056584994,18.38999938964844,-0.395407913661549,0.7423948991421004,18.649999618530277,-0.5929679070481917,0.728952371423678,18.780000686645508,0.8533099582725414,0.9260906893909846,18.010000228881836,0.7383338579514537,0.531583668631919,20.280000686645508
2019-04-09,-0.5281405184150887,0.5496305600160681,20.149999618530277,0.5841689650914403,0.6290659056584994,18.38999938964844,-0.395407913661549,0.7423948991421004,18.649999618530277,0.37677868730356695,0.6121676056306953,18.07999992370605,0.7149485643081186,0.5895306511032327,21.1299991607666
2019-04-10,0.5795590267793093,0.5998209911866986,20.280000686645508,-0.5281405184150887,0.5496305600160681,20.149999618530277,0.5841689650914403,0.6290659056584994,18.38999938964844,-0.5929679070481917,0.728952371423678,18.780000686645508,0.7489236073007802,0.41322590624177147,20.959999084472656
2019-04-11,-0.7537827950835446,0.6379366575490315,21.1299991607666,0.5795590267793093,0.5998209911866986,20.280000686645508,-0.5281405184150887,0.5496305600160681,20.149999618530277,-0.395407913661549,0.7423948991421004,18.649999618530277,0.7244434792825012,0.8556648539533823,21.0
2019-04-12,0.1069875484907893,0.6196136230243464,20.959999084472656,-0.7537827950835446,0.6379366575490315,21.1299991607666,0.5795590267793093,0.5998209911866986,20.280000686645508,0.5841689650914403,0.6290659056584994,18.38999938964844,0.7892233492945488,0.8253414250093044,21.38999938964844
2019-04-15,0.4023215192085498,0.5807031194399738,21.0,0.1069875484907893,0.6196136230243464,20.959999084472656,-0.7537827950835446,0.6379366575490315,21.1299991607666,-0.5281405184150887,0.5496305600160681,20.149999618530277,0.7456294236692129,1.0336872302050701,21.690000534057617
2019-04-16,0.40198748262654665,0.531583668631919,21.38999938964844,0.4023215192085498,0.5807031194399738,21.0,0.1069875484907893,0.6196136230243464,20.959999084472656,0.5795590267793093,0.5998209911866986,20.280000686645508,0.7155772522242918,0.9780082440688895,22.739999771118164
2019-04-18,0.8246306446581041,0.5895306511032327,21.690000534057617,0.40198748262654665,0.531583668631919,21.38999938964844,0.4023215192085498,0.5807031194399738,21.0,-0.7537827950835446,0.6379366575490315,21.1299991607666,0.6881574137538766,1.1157187045028438,24.049999237060547
2019-04-22,-0.2918494732110024,0.41322590624177147,22.739999771118164,0.8246306446581041,0.5895306511032327,21.690000534057617,0.40198748262654665,0.531583668631919,21.38999938964844,0.1069875484907893,0.6196136230243464,20.959999084472656,0.677252067779429,0.8359854523051742,24.649999618530277
2019-04-23,-1.3564941266796056,0.8556648539533823,24.049999237060547,-0.2918494732110024,0.41322590624177147,22.739999771118164,0.8246306446581041,0.5895306511032327,21.690000534057617,0.4023215192085498,0.5807031194399738,21.0,0.6827145825196882,0.8411800617094791,23.709999084472656
2019-04-24,-0.1596865278055509,0.8253414250093044,24.649999618530277,-1.3564941266796056,0.8556648539533823,24.049999237060547,-0.2918494732110024,0.41322590624177147,22.739999771118164,0.40198748262654665,0.531583668631919,21.38999938964844,0.8444330078523092,0.613024230705467,23.229999542236328
2019-04-25,1.289173694761699,1.0336872302050701,23.709999084472656,-0.1596865278055509,0.8253414250093044,24.649999618530277,-1.3564941266796056,0.8556648539533823,24.049999237060547,0.8246306446581041,0.5895306511032327,21.690000534057617,0.8175249170930114,0.6916317361300304,21.71999931335449
2019-04-26,-0.7219371112150696,0.9780082440688895,23.229999542236328,1.289173694761699,1.0336872302050701,23.709999084472656,-0.1596865278055509,0.8253414250093044,24.649999618530277,-0.2918494732110024,0.41322590624177147,22.739999771118164,0.8106517520574127,0.4445668739217635,21.82999992370605
2019-04-30,0.964688746996101,1.1157187045028438,21.71999931335449,-0.7219371112150696,0.9780082440688895,23.229999542236328,1.289173694761699,1.0336872302050701,23.709999084472656,-1.3564941266796056,0.8556648539533823,24.049999237060547,0.8621083486166766,0.49154441433838053,22.979999542236328
2019-05-02,-0.055312558075265465,0.8359854523051742,21.82999992370605,0.964688746996101,1.1157187045028438,21.71999931335449,-0.7219371112150696,0.9780082440688895,23.229999542236328,-0.1596865278055509,0.8253414250093044,24.649999618530277,0.8400962774833105,0.43301686965704606,24.030000686645508
2019-05-03,-0.19938224921164988,0.8411800617094791,22.979999542236328,-0.055312558075265465,0.8359854523051742,21.82999992370605,0.964688746996101,1.1157187045028438,21.71999931335449,1.289173694761699,1.0336872302050701,23.709999084472656,0.800390468697435,0.39894118105357523,26.43000030517578
2019-05-06,-0.10666895238500143,0.613024230705467,24.030000686645508,-0.19938224921164988,0.8411800617094791,22.979999542236328,-0.055312558075265465,0.8359854523051742,21.82999992370605,-0.7219371112150696,0.9780082440688895,23.229999542236328,0.782640551524591,0.4326491477321693,26.479999542236328
2019-05-07,-0.9781077957029449,0.6916317361300304,26.43000030517578,-0.10666895238500143,0.613024230705467,24.030000686645508,-0.19938224921164988,0.8411800617094791,22.979999542236328,0.964688746996101,1.1157187045028438,21.71999931335449,0.7546541195763442,0.7717968130625019,26.3700008392334
2019-05-08,-0.8689780690377915,0.4445668739217635,26.479999542236328,-0.9781077957029449,0.6916317361300304,26.43000030517578,-0.10666895238500143,0.613024230705467,24.030000686645508,-0.055312558075265465,0.8359854523051742,21.82999992370605,0.8489213942914456,0.6681493234366636,25.489999771118164
2019-05-09,-1.21144301503351,0.49154441433838053,26.3700008392334,-0.8689780690377915,0.4445668739217635,26.479999542236328,-0.9781077957029449,0.6916317361300304,26.43000030517578,-0.19938224921164988,0.8411800617094791,22.979999542236328,0.9171391675968096,0.8573159359381887,26.34000015258789
2019-05-10,-0.5088026035289156,0.43301686965704606,25.489999771118164,-1.21144301503351,0.49154441433838053,26.3700008392334,-0.8689780690377915,0.4445668739217635,26.479999542236328,-0.10666895238500143,0.613024230705467,24.030000686645508,1.0273629478069095,1.0521285020906967,27.3799991607666
2019-05-13,-0.20282295690185756,0.39894118105357523,26.34000015258789,-0.5088026035289156,0.43301686965704606,25.489999771118164,-1.21144301503351,0.49154441433838053,26.3700008392334,-0.9781077957029449,0.6916317361300304,26.43000030517578,1.027888027486488,1.537337423830659,27.1299991607666
2019-05-14,-1.1655690801341048,0.4326491477321693,27.3799991607666,-0.20282295690185756,0.39894118105357523,26.34000015258789,-0.5088026035289156,0.43301686965704606,25.489999771118164,-0.8689780690377915,0.4445668739217635,26.479999542236328,0.9888330261048106,1.8333677955103618,28.65999984741211
2019-05-15,0.6602508032110875,0.7717968130625019,27.1299991607666,-1.1655690801341048,0.4326491477321693,27.3799991607666,-0.20282295690185756,0.39894118105357523,26.34000015258789,-1.21144301503351,0.49154441433838053,26.3700008392334,1.0840515272068882,1.704779711663328,28.3700008392334
2019-05-16,-0.5813471837233283,0.6681493234366636,28.65999984741211,0.6602508032110875,0.7717968130625019,27.1299991607666,-1.1655690801341048,0.4326491477321693,27.3799991607666,-0.5088026035289156,0.43301686965704606,25.489999771118164,1.0304311214831574,1.8721405018725596,28.07999992370605
2019-05-17,0.893190238330833,0.8573159359381887,28.3700008392334,-0.5813471837233283,0.6681493234366636,28.65999984741211,0.6602508032110875,0.7717968130625019,27.1299991607666,-0.20282295690185756,0.39894118105357523,26.34000015258789,1.0402409058511506,1.898165389492598,23.68000030517578
2019-05-20,1.3241380029110124,1.0521285020906967,28.07999992370605,0.893190238330833,0.8573159359381887,28.3700008392334,-0.5813471837233283,0.6681493234366636,28.65999984741211,-1.1655690801341048,0.4326491477321693,27.3799991607666,0.9986245356028304,1.0518636243551387,25.649999618530277
2019-05-21,3.625035203017847,1.537337423830659,23.68000030517578,1.3241380029110124,1.0521285020906967,28.07999992370605,0.893190238330833,0.8573159359381887,28.3700008392334,0.6602508032110875,0.7717968130625019,27.1299991607666,0.9754628136711866,0.8430558298252662,27.6299991607666
2019-05-22,-1.0124454145348287,1.8333677955103618,25.649999618530277,3.625035203017847,1.537337423830659,23.68000030517578,1.3241380029110124,1.0521285020906967,28.07999992370605,-0.5813471837233283,0.6681493234366636,28.65999984741211,1.035134726212834,0.9458939159474065,19.40999984741211
2019-05-23,0.24566721316128273,1.704779711663328,27.6299991607666,-1.0124454145348287,1.8333677955103618,25.649999618530277,3.625035203017847,1.537337423830659,23.68000030517578,0.893190238330833,0.8573159359381887,28.3700008392334,1.103331305091739,0.8106223706088991,16.469999313354492
2019-05-24,-0.6911825598039294,1.8721405018725596,19.40999984741211,0.24566721316128273,1.704779711663328,27.6299991607666,-1.0124454145348287,1.8333677955103618,25.649999618530277,1.3241380029110124,1.0521285020906967,28.07999992370605,1.0343444130873127,0.5573113929303215,16.190000534057617
2019-05-27,1.591868987483049,1.898165389492598,16.469999313354492,-0.6911825598039294,1.8721405018725596,19.40999984741211,0.24566721316128273,1.704779711663328,27.6299991607666,3.625035203017847,1.537337423830659,23.68000030517578,1.0584459917790294,0.7751512732138756,15.920000076293944
2019-05-28,0.6786251877367341,1.0518636243551387,16.190000534057617,1.591868987483049,1.898165389492598,16.469999313354492,-0.6911825598039294,1.8721405018725596,19.40999984741211,-1.0124454145348287,1.8333677955103618,25.649999618530277,1.038292017379837,0.8605460329688356,16.40999984741211
2019-05-29,0.03353805552639636,0.8430558298252662,15.920000076293944,0.6786251877367341,1.0518636243551387,16.190000534057617,1.591868987483049,1.898165389492598,16.469999313354492,0.24566721316128273,1.704779711663328,27.6299991607666,0.9898192076331884,1.1155198926886798,15.609999656677246
2019-05-30,-0.5687347678687315,0.9458939159474065,16.40999984741211,0.03353805552639636,0.8430558298252662,15.920000076293944,0.6786251877367341,1.0518636243551387,16.190000534057617,-0.6911825598039294,1.8721405018725596,19.40999984741211,0.9251598234043984,1.0542662581832378,16.06999969482422
2019-05-31,0.7124050901094894,0.8106223706088991,15.609999656677246,-0.5687347678687315,0.9458939159474065,16.40999984741211,0.03353805552639636,0.8430558298252662,15.920000076293944,1.591868987483049,1.898165389492598,16.469999313354492,0.9440233360601954,1.081633739609556,15.970000267028809
2019-06-03,-0.1935638971628022,0.5573113929303215,16.06999969482422,0.7124050901094894,0.8106223706088991,15.609999656677246,-0.5687347678687315,0.9458939159474065,16.40999984741211,0.6786251877367341,1.0518636243551387,16.190000534057617,0.9058451669406072,0.8206101557381607,15.630000114440918
2019-06-04,1.3806190447529239,0.7751512732138756,15.970000267028809,-0.1935638971628022,0.5573113929303215,16.06999969482422,0.7124050901094894,0.8106223706088991,15.609999656677246,0.03353805552639636,0.8430558298252662,15.920000076293944,0.8774724518762895,0.8148724077069289,15.529999732971191
2019-06-06,-0.5549484053303385,0.8605460329688356,15.630000114440918,1.3806190447529239,0.7751512732138756,15.970000267028809,-0.1935638971628022,0.5573113929303215,16.06999969482422,-0.5687347678687315,0.9458939159474065,16.40999984741211,0.8680265909309944,0.37210491374988836,14.859999656677246
2019-06-07,-1.4908921111632112,1.1155198926886798,15.529999732971191,-0.5549484053303385,0.8605460329688356,15.630000114440918,1.3806190447529239,0.7751512732138756,15.970000267028809,0.7124050901094894,0.8106223706088991,15.609999656677246,0.8907506055757346,0.5303587337270915,14.979999542236328
2019-06-10,0.22686976453037896,1.0542662581832378,14.859999656677246,-1.4908921111632112,1.1155198926886798,15.529999732971191,-0.5549484053303385,0.8605460329688356,15.630000114440918,-0.1935638971628022,0.5573113929303215,16.06999969482422,1.046412778028344,0.6555457298608394,14.489999771118164
2019-06-11,0.4375162508348263,1.081633739609556,14.979999542236328,0.22686976453037896,1.0542662581832378,14.859999656677246,-1.4908921111632112,1.1155198926886798,15.529999732971191,1.3806190447529239,0.7751512732138756,15.970000267028809,0.9824622268598028,0.6011437708690954,14.119999885559082
2019-06-12,0.3591671280959742,0.8206101557381607,14.489999771118164,0.4375162508348263,1.081633739609556,14.979999542236328,0.22686976453037896,1.0542662581832378,14.859999656677246,-0.5549484053303385,0.8605460329688356,15.630000114440918,0.9315741310378786,0.6342898171293038,13.65999984741211
2019-06-13,-0.49765444699523914,0.8148724077069289,14.119999885559082,0.3591671280959742,0.8206101557381607,14.489999771118164,0.4375162508348263,1.081633739609556,14.979999542236328,-1.4908921111632112,1.1155198926886798,15.529999732971191,0.8830157024044671,0.9479445053150465,13.899999618530272
2019-06-14,0.06590703001973486,0.37210491374988836,13.65999984741211,-0.49765444699523914,0.8148724077069289,14.119999885559082,0.3591671280959742,0.8206101557381607,14.489999771118164,0.22686976453037896,1.0542662581832378,14.859999656677246,0.8965560114350793,0.9745865168933528,14.649999618530272
2019-06-17,-0.764621523730026,0.5303587337270915,13.899999618530272,0.06590703001973486,0.37210491374988836,13.65999984741211,-0.49765444699523914,0.8148724077069289,14.119999885559082,0.4375162508348263,1.081633739609556,14.979999542236328,0.8417969943795748,0.7612992506380103,14.600000381469728
2019-06-18,-1.2866448437943827,0.6555457298608394,14.649999618530272,-0.764621523730026,0.5303587337270915,13.899999618530272,0.06590703001973486,0.37210491374988836,13.65999984741211,0.3591671280959742,0.8206101557381607,14.489999771118164,0.8960283328259686,0.8398134941209638,14.729999542236328
2019-06-19,0.16563861789982873,0.6011437708690954,14.600000381469728,-1.2866448437943827,0.6555457298608394,14.649999618530272,-0.764621523730026,0.5303587337270915,13.899999618530272,-0.49765444699523914,0.8148724077069289,14.119999885559082,1.0199357229485462,0.8390287257647753,14.0
2019-06-20,-0.0004259914774167141,0.6342898171293038,14.729999542236328,0.16563861789982873,0.6011437708690954,14.600000381469728,-1.2866448437943827,0.6555457298608394,14.649999618530272,0.06590703001973486,0.37210491374988836,13.65999984741211,0.9566040101406252,0.6606707643968721,14.609999656677246
2019-06-21,1.1928773907426744,0.9479445053150465,14.0,-0.0004259914774167141,0.6342898171293038,14.729999542236328,0.16563861789982873,0.6011437708690954,14.600000381469728,-0.764621523730026,0.5303587337270915,13.899999618530272,0.899131015611526,0.5123930312926118,15.220000267028809
2019-06-24,-0.9140077037704798,0.9745865168933528,14.609999656677246,1.1928773907426744,0.9479445053150465,14.0,-0.0004259914774167141,0.6342898171293038,14.729999542236328,-1.2866448437943827,0.6555457298608394,14.649999618530272,0.8812602574094002,0.522407766400679,15.010000228881836
2019-06-25,-0.20875587921609645,0.7612992506380103,15.220000267028809,-0.9140077037704798,0.9745865168933528,14.609999656677246,1.1928773907426744,0.9479445053150465,14.0,0.16563861789982873,0.6011437708690954,14.600000381469728,0.9524151582642848,0.437702995916104,14.75
2019-06-26,0.823969509310694,0.8398134941209638,15.010000228881836,-0.20875587921609645,0.7612992506380103,15.220000267028809,-0.9140077037704798,0.9745865168933528,14.609999656677246,-0.0004259914774167141,0.6342898171293038,14.729999542236328,0.92150366455615,0.4180628732590715,14.649999618530272
2019-06-27,0.4322423357661431,0.8390287257647753,14.75,0.823969509310694,0.8398134941209638,15.010000228881836,-0.20875587921609645,0.7612992506380103,15.220000267028809,1.1928773907426744,0.9479445053150465,14.0,0.8891707272015806,0.40961363808006895,14.949999809265137
2019-06-28,-0.05065621089227406,0.6606707643968721,14.649999618530272,0.4322423357661431,0.8390287257647753,14.75,0.823969509310694,0.8398134941209638,15.010000228881836,-0.9140077037704798,0.9745865168933528,14.609999656677246,0.8470011918825292,0.6936455887180063,14.600000381469728
2019-07-01,-0.4460380187531091,0.5123930312926118,14.949999809265137,-0.05065621089227406,0.6606707643968721,14.649999618530272,0.4322423357661431,0.8390287257647753,14.75,-0.20875587921609645,0.7612992506380103,15.220000267028809,0.8060755163069423,1.0963669815547343,14.25
2019-07-02,0.6489288220080565,0.522407766400679,14.600000381469728,-0.4460380187531091,0.5123930312926118,14.949999809265137,-0.05065621089227406,0.6606707643968721,14.649999618530272,0.823969509310694,0.8398134941209638,15.010000228881836,0.820190787333246,1.026716350338901,13.699999809265137
2019-07-03,0.3760130979735517,0.437702995916104,14.25,0.6489288220080565,0.522407766400679,14.600000381469728,-0.4460380187531091,0.5123930312926118,14.949999809265137,0.4322423357661431,0.8390287257647753,14.75,0.7915604394031851,0.9663168022804642,13.529999732971191
2019-07-04,0.05414178862205623,0.4180628732590715,13.699999809265137,0.3760130979735517,0.437702995916104,14.25,0.6489288220080565,0.522407766400679,14.600000381469728,-0.05065621089227406,0.6606707643968721,14.649999618530272,0.7565356713385452,1.0995941449472435,13.06999969482422
2019-07-05,0.2514301406271272,0.40961363808006895,13.529999732971191,0.05414178862205623,0.4180628732590715,13.699999809265137,0.3760130979735517,0.437702995916104,14.25,-0.4460380187531091,0.5123930312926118,14.949999809265137,0.7141382922221889,1.0647908474906194,13.850000381469728
2019-07-08,-1.1415241213692495,0.6936455887180063,13.06999969482422,0.2514301406271272,0.40961363808006895,13.529999732971191,0.05414178862205623,0.4180628732590715,13.699999809265137,0.6489288220080565,0.522407766400679,14.600000381469728,0.6818891302985466,0.4813175767354373,13.6899995803833
2019-07-09,-2.1614318798492884,1.0963669815547343,13.850000381469728,-1.1415241213692495,0.6936455887180063,13.06999969482422,0.2514301406271272,0.40961363808006895,13.529999732971191,0.3760130979735517,0.437702995916104,14.25,0.8094143274643303,0.5427496827822087,13.640000343322754
2019-07-10,-0.02335519922360358,1.026716350338901,13.6899995803833,-2.1614318798492884,1.0963669815547343,13.850000381469728,-1.1415241213692495,0.6936455887180063,13.06999969482422,0.05414178862205623,0.4180628732590715,13.699999809265137,1.0881720442228533,0.3933544978362952,12.470000267028809
2019-07-11,-0.49447502653284114,0.9663168022804642,13.640000343322754,-0.02335519922360358,1.026716350338901,13.6899995803833,-2.1614318798492884,1.0963669815547343,13.850000381469728,0.2514301406271272,0.40961363808006895,13.529999732971191,1.0206961076624752,0.5525297562165642,12.0
2019-07-12,0.7278493704286908,1.0995941449472435,12.470000267028809,-0.49447502653284114,0.9663168022804642,13.640000343322754,-0.02335519922360358,1.026716350338901,13.6899995803833,-1.1415241213692495,0.6936455887180063,13.06999969482422,1.0200146114600137,0.9040101425641637,12.020000457763672
2019-07-15,-0.2628042532973005,1.0647908474906194,12.0,0.7278493704286908,1.0995941449472435,12.470000267028809,-0.49447502653284114,0.9663168022804642,13.640000343322754,-2.1614318798492884,1.0963669815547343,13.850000381469728,0.9749565781934916,0.8605367275452683,11.5600004196167
2019-07-16,0.3098385639232596,0.4813175767354373,12.020000457763672,-0.2628042532973005,1.0647908474906194,12.0,0.7278493704286908,1.0995941449472435,12.470000267028809,-0.02335519922360358,1.026716350338901,13.6899995803833,0.9487542926514856,0.6708907556560584,11.800000190734863
2019-07-17,0.6386857732255645,0.5427496827822087,11.5600004196167,0.3098385639232596,0.4813175767354373,12.020000457763672,-0.2628042532973005,1.0647908474906194,12.0,-0.49447502653284114,0.9663168022804642,13.640000343322754,0.8969551312948238,0.5168041641782131,11.75
2019-07-18,0.213278748103271,0.3933544978362952,11.800000190734863,0.6386857732255645,0.5427496827822087,11.5600004196167,0.3098385639232596,0.4813175767354373,12.020000457763672,0.7278493704286908,1.0995941449472435,12.470000267028809,0.8608318615173408,0.5700378659396623,12.520000457763672
2019-07-19,-0.7782039913567366,0.5525297562165642,11.75,0.213278748103271,0.3933544978362952,11.800000190734863,0.6386857732255645,0.5427496827822087,11.5600004196167,-0.2628042532973005,1.0647908474906194,12.0,0.8141639253311047,0.36636825913026966,13.010000228881836
2019-07-22,-1.5437326885714044,0.9040101425641637,12.520000457763672,-0.7782039913567366,0.5525297562165642,11.75,0.213278748103271,0.3933544978362952,11.800000190734863,0.3098385639232596,0.4813175767354373,12.020000457763672,0.8731710947842365,0.4288569875462821,13.43000030517578
2019-07-23,-0.641762449493666,0.8605367275452683,13.010000228881836,-1.5437326885714044,0.9040101425641637,12.520000457763672,-0.7782039913567366,0.5525297562165642,11.75,0.6386857732255645,0.5427496827822087,11.5600004196167,1.0393530763669647,0.5034845862208289,12.760000228881836
2019-07-24,-0.1336175495625011,0.6708907556560584,13.43000030517578,-0.641762449493666,0.8605367275452683,13.010000228881836,-1.5437326885714044,0.9040101425641637,12.520000457763672,0.213278748103271,0.3933544978362952,11.800000190734863,1.0562949068314762,0.5929577703939761,12.640000343322754
2019-07-25,-0.5287073265915101,0.5168041641782131,12.760000228881836,-0.1336175495625011,0.6708907556560584,13.43000030517578,-0.641762449493666,0.8605367275452683,13.010000228881836,-0.7782039913567366,0.5525297562165642,11.75,1.0057049825732651,0.7269160292741635,12.130000114440918
2019-07-26,-0.1700398341321937,0.5700378659396623,12.640000343322754,-0.5287073265915101,0.5168041641782131,12.760000228881836,-0.1336175495625011,0.6708907556560584,13.43000030517578,-1.5437326885714044,0.9040101425641637,12.520000457763672,1.0110681241719257,0.6944625516242197,13.0600004196167
2019-07-29,0.2853105577183541,0.36636825913026966,12.130000114440918,-0.1700398341321937,0.5700378659396623,12.640000343322754,-0.5287073265915101,0.5168041641782131,12.760000228881836,-0.641762449493666,0.8605367275452683,13.010000228881836,0.9695255231872189,0.7590544591669431,13.609999656677246
2019-07-30,-0.8463316975262767,0.4288569875462821,13.0600004196167,0.2853105577183541,0.36636825913026966,12.130000114440918,-0.1700398341321937,0.5700378659396623,12.640000343322754,-0.1336175495625011,0.6708907556560584,13.43000030517578,0.9149403088422526,0.9351444975557104,13.59000015258789
2019-07-31,-0.9320082365343962,0.5034845862208289,13.609999656677246,-0.8463316975262767,0.4288569875462821,13.0600004196167,0.2853105577183541,0.36636825913026966,12.130000114440918,-0.5287073265915101,0.5168041641782131,12.760000228881836,0.972934172687952,0.9088098963369796,14.5600004196167
2019-08-01,0.2936454076975709,0.5929577703939761,13.59000015258789,-0.9320082365343962,0.5034845862208289,13.609999656677246,-0.8463316975262767,0.4288569875462821,13.0600004196167,-0.1700398341321937,0.5700378659396623,12.640000343322754,1.036690763733323,1.1677458847348514,15.1899995803833
2019-08-02,-1.2489980449893174,0.7269160292741635,14.5600004196167,0.2936454076975709,0.5929577703939761,13.59000015258789,-0.9320082365343962,0.5034845862208289,13.609999656677246,0.2853105577183541,0.36636825913026966,12.130000114440918,0.9758510091463254,1.199460588054931,16.59000015258789
2019-08-05,0.15788630828991979,0.6944625516242197,15.1899995803833,-1.2489980449893174,0.7269160292741635,14.5600004196167,0.2936454076975709,0.5929577703939761,13.59000015258789,-0.8463316975262767,0.4288569875462821,13.0600004196167,1.0847047068284978,1.3376284739701296,16.1200008392334
2019-08-06,-1.2328638591802652,0.7590544591669431,16.59000015258789,0.15788630828991979,0.6944625516242197,15.1899995803833,-1.2489980449893174,0.7269160292741635,14.5600004196167,-0.9320082365343962,0.5034845862208289,13.609999656677246,1.0147500499988915,1.359071746067886,16.739999771118164
2019-08-07,0.7853965566277007,0.9351444975557104,16.1200008392334,-1.2328638591802652,0.7590544591669431,16.59000015258789,0.15788630828991979,0.6944625516242197,15.1899995803833,0.2936454076975709,0.5929577703939761,13.59000015258789,1.1166974276801989,1.2434499908165768,16.09000015258789
2019-08-08,-0.8507762146602829,0.9088098963369796,16.739999771118164,0.7853965566277007,0.9351444975557104,16.1200008392334,-1.2328638591802652,0.7590544591669431,16.59000015258789,-1.2489980449893174,0.7269160292741635,14.5600004196167,1.0638860913641737,1.0225516905829561,15.850000381469728
2019-08-09,1.6169083798241606,1.1677458847348514,16.09000015258789,-0.8507762146602829,0.9088098963369796,16.739999771118164,0.7853965566277007,0.9351444975557104,16.1200008392334,0.15788630828991979,0.6944625516242197,15.1899995803833,1.1065205392750384,0.9585513604090683,17.780000686645508
2019-08-13,0.6973187375465333,1.199460588054931,15.850000381469728,1.6169083798241606,1.1677458847348514,16.09000015258789,-0.8507762146602829,0.9088098963369796,16.739999771118164,-1.2328638591802652,0.7590544591669431,16.59000015258789,1.0823102334091028,0.6772877112931927,16.360000610351562
2019-08-14,-1.6682629759426824,1.3376284739701296,17.780000686645508,0.6973187375465333,1.199460588054931,15.850000381469728,1.6169083798241606,1.1677458847348514,16.09000015258789,0.7853965566277007,0.9351444975557104,16.1200008392334,1.0300747243069663,0.7461671548255023,16.649999618530273
2019-08-16,0.9432964697282421,1.359071746067886,16.360000610351562,-1.6682629759426824,1.3376284739701296,17.780000686645508,0.6973187375465333,1.199460588054931,15.850000381469728,-0.8507762146602829,0.9088098963369796,16.739999771118164,1.1949189689398296,0.9311239032221237,16.75
2019-08-19,0.166682533651526,1.2434499908165768,16.649999618530273,0.9432964697282421,1.359071746067886,16.360000610351562,-1.6682629759426824,1.3376284739701296,17.780000686645508,1.6169083798241606,1.1677458847348514,16.09000015258789,1.1392869903903486,1.468191047506499,16.6299991607666
2019-08-20,0.05520467691192048,1.0225516905829561,16.75,0.166682533651526,1.2434499908165768,16.649999618530273,0.9432964697282421,1.359071746067886,16.360000610351562,0.6973187375465333,1.199460588054931,15.850000381469728,1.064153734616469,1.4634649578951395,17.020000457763672
2019-08-21,-0.3343807851424488,0.9585513604090683,16.6299991607666,0.05520467691192048,1.0225516905829561,16.75,0.166682533651526,1.2434499908165768,16.649999618530273,-1.6682629759426824,1.3376284739701296,17.780000686645508,0.9929382941608906,1.4060822837428242,17.850000381469727
2019-08-22,-0.8962600859057328,0.6772877112931927,17.020000457763672,-0.3343807851424488,0.9585513604090683,16.6299991607666,0.05520467691192048,1.0225516905829561,16.75,0.9432964697282421,1.359071746067886,16.360000610351562,0.974171701406626,1.1787867027783447,17.350000381469727
2019-08-23,-1.6376190359974212,0.7461671548255023,17.850000381469727,-0.8962600859057328,0.6772877112931927,17.020000457763672,-0.3343807851424488,0.9585513604090683,16.6299991607666,0.166682533651526,1.2434499908165768,16.649999618530273,1.0327912878262018,1.1679413818037865,16.65999984741211
2019-08-26,0.8159261534645986,0.9311239032221237,17.350000381469727,-1.6376190359974212,0.7461671548255023,17.850000381469727,-0.8962600859057328,0.6772877112931927,17.020000457763672,0.05520467691192048,1.0225516905829561,16.75,1.192612332356637,1.102352829569014,16.010000228881836
2019-08-27,2.0880542984677,1.468191047506499,16.65999984741211,0.8159261534645986,0.9311239032221237,17.350000381469727,-1.6376190359974212,0.7461671548255023,17.850000381469727,-0.3343807851424488,0.9585513604090683,16.6299991607666,1.133054938217973,1.1030470959099634,16.84000015258789
2019-08-28,0.4286391351556263,1.4634649578951395,16.010000228881836,2.0880542984677,1.468191047506499,16.65999984741211,0.8159261534645986,0.9311239032221237,17.350000381469727,-0.8962600859057328,0.6772877112931927,17.020000457763672,1.122025795937544,1.124114407143114,16.43000030517578
2019-08-29,-0.5349549884040612,1.4060822837428242,16.84000015258789,0.4286391351556263,1.4634649578951395,16.010000228881836,2.0880542984677,1.468191047506499,16.65999984741211,-1.6376190359974212,0.7461671548255023,17.850000381469727,1.0570698122210975,1.1971804257228615,16.280000686645508
2019-08-30,-0.88932138970113,1.1787867027783447,16.43000030517578,-0.5349549884040612,1.4060822837428242,16.84000015258789,0.4286391351556263,1.4634649578951395,16.010000228881836,0.8159261534645986,0.9311239032221237,17.350000381469727,1.05799205754619,1.1757102711422776,18.059999465942383
2019-09-03,0.682250334649108,1.1679413818037865,16.280000686645508,-0.88932138970113,1.1787867027783447,16.43000030517578,-0.5349549884040612,1.4060822837428242,16.84000015258789,2.0880542984677,1.468191047506499,16.65999984741211,1.1065592510214113,0.31951363989447173,17.239999771118164
2019-09-04,-2.0654971620241964,1.102352829569014,18.059999465942383,0.682250334649108,1.1679413818037865,16.280000686645508,-0.88932138970113,1.1787867027783447,16.43000030517578,0.4286391351556263,1.4634649578951395,16.010000228881836,1.0513996789697413,0.5199028122599273,17.270000457763672
2019-09-05,0.4320199886309888,1.1030470959099634,17.239999771118164,-2.0654971620241964,1.102352829569014,18.059999465942383,0.682250334649108,1.1679413818037865,16.280000686645508,-0.5349549884040612,1.4060822837428242,16.84000015258789,1.2753560304818683,0.5585760318591205,16.270000457763672
2019-09-06,0.029964203445609783,1.124114407143114,17.270000457763672,0.4320199886309888,1.1030470959099634,17.239999771118164,-2.0654971620241964,1.102352829569014,18.059999465942383,-0.88932138970113,1.1787867027783447,16.43000030517578,1.194783654253463,0.6471364765644692,15.850000381469728
2019-09-09,0.9020833036724151,1.1971804257228615,16.270000457763672,0.029964203445609783,1.124114407143114,17.270000457763672,0.4320199886309888,1.1030470959099634,17.239999771118164,0.682250334649108,1.1679413818037865,16.280000686645508,1.1100078782959335,0.9729763158154442,15.369999885559082
2019-09-11,0.5180107429441778,1.1757102711422776,15.850000381469728,0.9020833036724151,1.1971804257228615,16.270000457763672,0.029964203445609783,1.124114407143114,17.270000457763672,-2.0654971620241964,1.102352829569014,18.059999465942383,1.0616978083378448,0.9599636833460216,14.899999618530272
2019-09-12,0.2963000579660088,0.31951363989447173,15.369999885559082,0.5180107429441778,1.1757102711422776,15.850000381469728,0.9020833036724151,1.1971804257228615,16.270000457763672,0.4320199886309888,1.1030470959099634,17.239999771118164,1.0056675976656784,1.044857823498653,14.119999885559082
2019-09-13,-0.48050950254965596,0.5199028122599273,14.899999618530272,0.2963000579660088,0.31951363989447173,15.369999885559082,0.5180107429441778,1.1757102711422776,15.850000381469728,0.029964203445609783,1.124114407143114,17.270000457763672,0.9479440539894324,2.7927240466003336,14.949999809265137
2019-09-16,0.8441217109748282,0.5585760318591205,14.119999885559082,-0.48050950254965596,0.5199028122599273,14.899999618530272,0.2963000579660088,0.31951363989447173,15.369999885559082,0.9020833036724151,1.1971804257228615,16.270000457763672,0.9527579584667928,2.9131141453379987,16.020000457763672
2019-09-17,-0.655820799836375,0.6471364765644692,14.949999809265137,0.8441217109748282,0.5585760318591205,14.119999885559082,-0.48050950254965596,0.5199028122599273,14.899999618530272,0.5180107429441778,1.1757102711422776,15.850000381469728,0.9180879857626442,2.605738744447975,15.350000381469728
2019-09-18,-1.7039002763312223,0.9729763158154442,16.020000457763672,-0.655820799836375,0.6471364765644692,14.949999809265137,0.8441217109748282,0.5585760318591205,14.119999885559082,0.2963000579660088,0.31951363989447173,15.369999885559082,0.9494482363629936,2.8478680678025663,15.550000190734863
2019-09-19,0.2128592102631135,0.9599636833460216,15.350000381469728,-1.7039002763312223,0.9729763158154442,16.020000457763672,-0.655820799836375,0.6471364765644692,14.949999809265137,-0.48050950254965596,0.5199028122599273,14.899999618530272,1.1305261762723164,2.541102113940107,15.399999618530272
2019-09-20,-1.2610772583449696,1.044857823498653,15.550000190734863,0.2128592102631135,0.9599636833460216,15.350000381469728,-1.7039002763312223,0.9729763158154442,16.020000457763672,0.8441217109748282,0.5585760318591205,14.119999885559082,1.0577575460749291,1.6178802052840253,16.790000915527344
2019-09-23,5.182472599514427,2.7927240466003336,15.399999618530272,-1.2610772583449696,1.044857823498653,15.550000190734863,0.2128592102631135,0.9599636833460216,15.350000381469728,-0.655820799836375,0.6471364765644692,14.949999809265137,1.158750228489736,0.8789569515055884,16.729999542236328
2019-09-24,2.8505409421526315,2.9131141453379987,16.790000915527344,5.182472599514427,2.7927240466003336,15.399999618530272,-1.2610772583449696,1.044857823498653,15.550000190734863,-1.7039002763312223,0.9729763158154442,16.020000457763672,1.255011502298429,0.9396755327343583,16.170000076293945
2019-09-25,-0.10350003337080292,2.605738744447975,16.729999542236328,2.8505409421526315,2.9131141453379987,16.790000915527344,5.182472599514427,2.7927240466003336,15.399999618530272,0.2128592102631135,0.9599636833460216,15.350000381469728,1.2570591978950043,0.8045823350876314,16.34000015258789
2019-09-26,-1.285387045749521,2.8478680678025663,16.170000076293945,-0.10350003337080292,2.605738744447975,16.729999542236328,2.8505409421526315,2.9131141453379987,16.790000915527344,-1.2610772583449696,1.044857823498653,15.550000190734863,1.182291781603028,0.40063064470138954,16.110000610351562
2019-09-27,1.1385783826013007,2.541102113940107,16.34000015258789,-1.285387045749521,2.8478680678025663,16.170000076293945,-0.10350003337080292,2.605738744447975,16.729999542236328,5.182472599514427,2.7927240466003336,15.399999618530272,1.2721328632982591,0.41082497978515276,15.869999885559082
2019-09-30,-0.5094519950938459,1.6178802052840253,16.110000610351562,1.1385783826013007,2.541102113940107,16.34000015258789,-1.285387045749521,2.8478680678025663,16.170000076293945,2.8505409421526315,2.9131141453379987,16.790000915527344,1.214849759365456,1.1475138378659833,16.760000228881836
2019-10-01,-0.3301907727659163,0.8789569515055884,15.869999885559082,-0.5094519950938459,1.6178802052840253,16.110000610351562,1.1385783826013007,2.541102113940107,16.34000015258789,-0.10350003337080292,2.605738744447975,16.729999542236328,1.1959340162542085,1.1070558025511517,17.700000762939453
2019-10-03,-1.0033196712540131,0.9396755327343583,16.760000228881836,-0.3301907727659163,0.8789569515055884,15.869999885559082,-0.5094519950938459,1.6178802052840253,16.110000610351562,-1.285387045749521,2.8478680678025663,16.170000076293945,1.155980509060638,1.159168131674663,17.579999923706055
2019-10-04,-0.4048747902700529,0.8045823350876314,17.700000762939453,-1.0033196712540131,0.9396755327343583,16.760000228881836,-0.3301907727659163,0.8789569515055884,15.869999885559082,1.1385783826013007,2.541102113940107,16.34000015258789,1.2094302824433285,0.9363443736047522,17.829999923706055
2019-10-07,-1.2384128036227409,0.40063064470138954,17.579999923706055,-0.4048747902700529,0.8045823350876314,17.700000762939453,-1.0033196712540131,0.9396755327343583,16.760000228881836,-0.5094519950938459,1.6178802052840253,16.110000610351562,1.1776054947769663,0.8527026387015183,17.15999984741211
2019-10-09,-0.4336070945390455,0.41082497978515276,17.829999923706055,-1.2384128036227409,0.40063064470138954,17.579999923706055,-0.4048747902700529,0.8045823350876314,17.700000762939453,-0.3301907727659163,0.8789569515055884,15.869999885559082,1.2613557325072322,0.5731423494835401,17.229999542236328
2019-10-10,1.6658309554353663,1.1475138378659833,17.15999984741211,-0.4336070945390455,0.41082497978515276,17.829999923706055,-1.2384128036227409,0.40063064470138954,17.579999923706055,-1.0033196712540131,0.9396755327343583,16.760000228881836,1.2277257665244758,0.31693344729569206,17.139999389648438
2019-10-11,-0.6985173448092334,1.1070558025511517,17.229999542236328,1.6658309554353663,1.1475138378659833,17.15999984741211,-0.4336070945390455,0.41082497978515276,17.829999923706055,-0.4048747902700529,0.8045823350876314,17.700000762939453,1.1925560568853368,0.3172821565969885,17.43000030517578
2019-10-14,0.6255677219734018,1.159168131674663,17.139999389648438,-0.6985173448092334,1.1070558025511517,17.229999542236328,1.6658309554353663,1.1475138378659833,17.15999984741211,-1.2384128036227409,0.40063064470138954,17.579999923706055,1.200806770519788,0.6523006254789633,16.850000381469727
2019-10-15,0.31882272704231174,0.9363443736047522,17.43000030517578,0.6255677219734018,1.159168131674663,17.139999389648438,-0.6985173448092334,1.1070558025511517,17.229999542236328,-0.4336070945390455,0.41082497978515276,17.829999923706055,1.1342131749062925,0.6321081745416007,16.360000610351562
2019-10-16,0.7654979710518188,0.8527026387015183,16.850000381469727,0.31882272704231174,0.9363443736047522,17.43000030517578,0.6255677219734018,1.159168131674663,17.139999389648438,1.6658309554353663,1.1475138378659833,17.15999984741211,1.064483330394796,0.668875860434188,15.880000114440918
2019-10-17,0.31189722795879393,0.5731423494835401,16.360000610351562,0.7654979710518188,0.8527026387015183,16.850000381469727,0.31882272704231174,0.9363443736047522,17.43000030517578,-0.6985173448092334,1.1070558025511517,17.229999542236328,1.0162588742482763,0.46757130887200515,15.93000030517578
2019-10-18,1.0615956850818442,0.31693344729569206,15.880000114440918,0.31189722795879393,0.5731423494835401,16.360000610351562,0.7654979710518188,0.8527026387015183,16.850000381469727,0.6255677219734018,1.159168131674663,17.139999389648438,0.9580087182839662,0.9002672093197782,16.809999465942383
2019-10-22,0.6495149556810502,0.3172821565969885,15.93000030517578,1.0615956850818442,0.31693344729569206,15.880000114440918,0.31189722795879393,0.5731423494835401,16.360000610351562,0.31882272704231174,0.9363443736047522,17.43000030517578,0.9300535370881252,0.766686787685983,16.540000915527344
2019-10-23,-0.6322547531982619,0.6523006254789633,16.809999465942383,0.6495149556810502,0.3172821565969885,15.93000030517578,1.0615956850818442,0.31693344729569206,15.880000114440918,0.7654979710518188,0.8527026387015183,16.850000381469727,0.8911427381291218,0.755098741881402,16.239999771118164
2019-10-24,0.13582008758651654,0.6321081745416007,16.540000915527344,-0.6322547531982619,0.6523006254789633,16.809999465942383,0.6495149556810502,0.3172821565969885,15.93000030517578,0.31189722795879393,0.5731423494835401,16.360000610351562,0.9220363145283996,0.7009363138249716,15.31999969482422
2019-10-25,-0.18545120164874979,0.668875860434188,16.239999771118164,0.13582008758651654,0.6321081745416007,16.540000915527344,-0.6322547531982619,0.6523006254789633,16.809999465942383,1.0615956850818442,0.31693344729569206,15.880000114440918,0.8671393077213498,0.6474885894457479,16.420000076293945
2019-10-29,0.011229846989121649,0.46757130887200515,15.31999969482422,-0.18545120164874979,0.668875860434188,16.239999771118164,0.13582008758651654,0.6321081745416007,16.540000915527344,0.6495149556810502,0.3172821565969885,15.93000030517578,0.8413955738013311,0.2765886393125005,16.65999984741211
2019-10-30,1.7368233407476514,0.9002672093197782,16.420000076293945,0.011229846989121649,0.46757130887200515,15.31999969482422,-0.18545120164874979,0.668875860434188,16.239999771118164,-0.6322547531982619,0.6523006254789633,16.809999465942383,0.7932667047162447,0.2601104835278426,16.280000686645508
2019-10-31,0.4845350178432992,0.766686787685983,16.65999984741211,1.7368233407476514,0.9002672093197782,16.420000076293945,0.011229846989121649,0.46757130887200515,15.31999969482422,0.13582008758651654,0.6321081745416007,16.540000915527344,0.8040910671837007,0.2714215505802587,15.729999542236328
2019-11-01,0.28118405572833055,0.755098741881402,16.280000686645508,0.4845350178432992,0.766686787685983,16.65999984741211,1.7368233407476514,0.9002672093197782,16.420000076293945,-0.18545120164874979,0.668875860434188,16.239999771118164,0.7714998444254413,0.5671701061847855,15.93000030517578
2019-11-04,0.11064782775295007,0.7009363138249716,15.729999542236328,0.28118405572833055,0.755098741881402,16.280000686645508,0.4845350178432992,0.766686787685983,16.65999984741211,0.011229846989121649,0.46757130887200515,15.31999969482422,0.7351684913964037,0.5246711661741527,15.920000076293944
2019-11-05,0.4254824252091804,0.6474885894457479,15.93000030517578,0.11064782775295007,0.7009363138249716,15.729999542236328,0.28118405572833055,0.755098741881402,16.280000686645508,1.7368233407476514,0.9002672093197782,16.420000076293945,0.696485830941237,0.5842727627459618,15.779999732971191
2019-11-06,-0.20202122992972993,0.2765886393125005,15.920000076293944,0.4254824252091804,0.6474885894457479,15.93000030517578,0.11064782775295007,0.7009363138249716,15.729999542236328,0.4845350178432992,0.766686787685983,16.65999984741211,0.6715035077512402,0.5542215097006423,15.210000038146973
2019-11-07,0.40907060383537674,0.2601104835278426,15.779999732971191,-0.20202122992972993,0.2765886393125005,15.920000076293944,0.4254824252091804,0.6474885894457479,15.93000030517578,0.28118405572833055,0.755098741881402,16.280000686645508,0.6656486593119358,0.5133255098469499,15.859999656677246
2019-11-08,0.3836839214212366,0.2714215505802587,15.210000038146973,0.40907060383537674,0.2601104835278426,15.779999732971191,-0.20202122992972993,0.2765886393125005,15.920000076293944,0.11064782775295007,0.7009363138249716,15.729999542236328,0.6427722863847072,0.35007275892158884,16.25
2019-11-11,-0.8687223905779384,0.5671701061847855,15.859999656677246,0.3836839214212366,0.2714215505802587,15.210000038146973,0.40907060383537674,0.2601104835278426,15.779999732971191,0.4254824252091804,0.6474885894457479,15.93000030517578,0.6209912334187496,0.4195209634583576,16.459999084472656
2019-11-13,0.04449579074941643,0.5246711661741527,16.25,-0.8687223905779384,0.5671701061847855,15.859999656677246,0.3836839214212366,0.2714215505802587,15.210000038146973,-0.20202122992972993,0.2765886393125005,15.920000076293944,0.7135524187344016,0.2370935085811869,15.649999618530272
2019-11-14,-0.6146378372844679,0.5842727627459618,16.459999084472656,0.04449579074941643,0.5246711661741527,16.25,-0.8687223905779384,0.5671701061847855,15.859999656677246,0.40907060383537674,0.2601104835278426,15.779999732971191,0.6746018721206897,0.3327898380083841,15.029999732971191
2019-11-15,0.2669424681631218,0.5542215097006423,15.649999618530272,-0.6146378372844679,0.5842727627459618,16.459999084472656,0.04449579074941643,0.5246711661741527,16.25,0.3836839214212366,0.2714215505802587,15.210000038146973,0.7245387686424488,0.42847019315015816,15.760000228881836
2019-11-18,0.19649138125061882,0.5133255098469499,15.029999732971191,0.2669424681631218,0.5542215097006423,15.649999618530272,-0.6146378372844679,0.5842727627459618,16.459999084472656,-0.8687223905779384,0.5671701061847855,15.859999656677246,0.6918914720739888,0.7065562499837912,15.40999984741211
2019-11-19,-0.09209603886071213,0.35007275892158884,15.760000228881836,0.19649138125061882,0.5133255098469499,15.029999732971191,0.2669424681631218,0.5542215097006423,15.649999618530272,0.04449579074941643,0.5246711661741527,16.25,0.6597648221549691,0.7475124922984918,15.15999984741211
2019-11-20,0.4667420332106962,0.4195209634583576,15.40999984741211,-0.09209603886071213,0.35007275892158884,15.760000228881836,0.19649138125061882,0.5133255098469499,15.029999732971191,-0.6146378372844679,0.5842727627459618,16.459999084472656,0.6407198785687666,0.7508280240054024,14.979999542236328
2019-11-21,0.49291639974579793,0.2370935085811869,15.15999984741211,0.4667420332106962,0.4195209634583576,15.40999984741211,-0.09209603886071213,0.35007275892158884,15.760000228881836,0.2669424681631218,0.5542215097006423,15.649999618530272,0.6218738011775559,0.7150782151553999,14.869999885559082
2019-11-22,-0.25617386493080496,0.3327898380083841,14.979999542236328,0.49291639974579793,0.2370935085811869,15.15999984741211,0.4667420332106962,0.4195209634583576,15.40999984741211,0.19649138125061882,0.5133255098469499,15.029999732971191,0.6054824508223745,0.8121170367184343,15.0
2019-11-25,-0.4522090396049399,0.42847019315015816,14.869999885559082,-0.25617386493080496,0.3327898380083841,14.979999542236328,0.49291639974579793,0.2370935085811869,15.15999984741211,-0.09209603886071213,0.35007275892158884,15.760000228881836,0.6124664789542814,0.5356358554982026,14.84000015258789
2019-11-26,1.3285889135891809,0.7065562499837912,15.0,-0.4522090396049399,0.42847019315015816,14.869999885559082,-0.25617386493080496,0.3327898380083841,14.979999542236328,0.4667420332106962,0.4195209634583576,15.40999984741211,0.6454900824254292,0.5573950010135436,14.619999885559082
2019-11-27,-0.2990266554493549,0.7475124922984918,14.84000015258789,1.3285889135891809,0.7065562499837912,15.0,-0.4522090396049399,0.42847019315015816,14.869999885559082,0.49291639974579793,0.2370935085811869,15.15999984741211,0.6556255392420055,0.5285208707188698,13.989999771118164
2019-11-28,0.5219910352766259,0.7508280240054024,14.619999885559082,-0.2990266554493549,0.7475124922984918,14.84000015258789,1.3285889135891809,0.7065562499837912,15.0,-0.25617386493080496,0.3327898380083841,14.979999542236328,0.663960083854712,0.4446243052753631,13.899999618530272
2019-11-29,0.4160529350791835,0.7150782151553999,13.989999771118164,0.5219910352766259,0.7508280240054024,14.619999885559082,-0.2990266554493549,0.7475124922984918,14.84000015258789,-0.4522090396049399,0.42847019315015816,14.869999885559082,0.644983754227935,0.4522637449628365,14.199999809265137
2019-12-02,-0.785725523266999,0.8121170367184343,13.899999618530272,0.4160529350791835,0.7150782151553999,13.989999771118164,0.5219910352766259,0.7508280240054024,14.619999885559082,1.3285889135891809,0.7065562499837912,15.0,0.6240912243907313,0.47786640116781165,14.5600004196167
2019-12-03,-0.0651305031476376,0.5356358554982026,14.199999809265137,-0.785725523266999,0.8121170367184343,13.899999618530272,0.4160529350791835,0.7150782151553999,13.989999771118164,-0.2990266554493549,0.7475124922984918,14.84000015258789,0.7038820133876854,0.5188116201280273,13.31999969482422
2019-12-04,-0.4492071500914214,0.5573950010135436,14.5600004196167,-0.0651305031476376,0.5356358554982026,14.199999809265137,-0.785725523266999,0.8121170367184343,13.899999618530272,0.5219910352766259,0.7508280240054024,14.619999885559082,0.6776073754008795,0.5316646001927361,14.3100004196167
2019-12-05,0.40769856204158444,0.5285208707188698,13.31999969482422,-0.4492071500914214,0.5573950010135436,14.5600004196167,-0.0651305031476376,0.5356358554982026,14.199999809265137,0.4160529350791835,0.7150782151553999,13.989999771118164,0.7042458380231609,0.6267715092527897,13.640000343322754
2019-12-06,-0.20613602474655762,0.4446243052753631,14.3100004196167,0.40769856204158444,0.5285208707188698,13.31999969482422,-0.4492071500914214,0.5573950010135436,14.5600004196167,-0.785725523266999,0.8121170367184343,13.899999618530272,0.6780019180520847,0.6082323647842951,14.600000381469728
2019-12-09,-0.8095348621998211,0.4522637449628365,13.640000343322754,-0.20613602474655762,0.4446243052753631,14.3100004196167,0.40769856204158444,0.5285208707188698,13.31999969482422,-0.0651305031476376,0.5356358554982026,14.199999809265137,0.6721163506857819,0.6568357375998038,14.289999961853027
2019-12-10,0.13412131605239933,0.47786640116781165,14.600000381469728,-0.8095348621998211,0.4522637449628365,13.640000343322754,-0.20613602474655762,0.4446243052753631,14.3100004196167,-0.4492071500914214,0.5573950010135436,14.5600004196167,0.7504057402857951,0.49448645736362745,13.380000114440918
2019-12-11,-0.6783179618895445,0.5188116201280273,14.289999961853027,0.13412131605239933,0.47786640116781165,14.600000381469728,-0.8095348621998211,0.4522637449628365,13.640000343322754,0.40769856204158444,0.5285208707188698,13.31999969482422,0.7111474780087023,0.4940270646985178,13.350000381469728
2019-12-12,0.44894843560396736,0.5316646001927361,13.380000114440918,-0.6783179618895445,0.5188116201280273,14.289999961853027,0.13412131605239933,0.47786640116781165,14.600000381469728,-0.20613602474655762,0.4446243052753631,14.3100004196167,0.7665041976676011,0.5025050467257728,13.300000190734863
2019-12-13,0.5162857346029799,0.6267715092527897,13.350000381469728,0.44894843560396736,0.5316646001927361,13.380000114440918,-0.6783179618895445,0.5188116201280273,14.289999961853027,-0.8095348621998211,0.4522637449628365,13.640000343322754,0.7361310332937666,0.4401273030572668,13.420000076293944
2019-12-16,0.9551822783961174,0.6082323647842951,13.300000190734863,0.5162857346029799,0.6267715092527897,13.350000381469728,0.44894843560396736,0.5316646001927361,13.380000114440918,0.13412131605239933,0.47786640116781165,14.600000381469728,0.7106867926932545,0.38038377408436264,12.520000457763672
2019-12-17,-0.2713267419203363,0.6568357375998038,13.420000076293944,0.9551822783961174,0.6082323647842951,13.300000190734863,0.5162857346029799,0.6267715092527897,13.350000381469728,-0.6783179618895445,0.5188116201280273,14.289999961853027,0.702216735374805,0.33530419966621433,12.34000015258789
2019-12-18,0.9170552980705609,0.49448645736362745,12.520000457763672,-0.2713267419203363,0.6568357375998038,13.420000076293944,0.9551822783961174,0.6082323647842951,13.300000190734863,0.44894843560396736,0.5316646001927361,13.380000114440918,0.7027377220729311,0.40855702336853217,12.119999885559082
2019-12-19,0.4646024904610523,0.4940270646985178,12.34000015258789,0.9170552980705609,0.49448645736362745,12.520000457763672,-0.2713267419203363,0.6568357375998038,13.420000076293944,0.5162857346029799,0.6267715092527897,13.350000381469728,0.693678856891781,0.6418980883914149,12.329999923706056
2019-12-20,0.3108475179285728,0.5025050467257728,12.119999885559082,0.4646024904610523,0.4940270646985178,12.34000015258789,0.9170552980705609,0.49448645736362745,12.520000457763672,0.9551822783961174,0.6082323647842951,13.300000190734863,0.6702363081289789,0.6411556369154023,11.960000038146973
2019-12-23,0.09864549951019103,0.4401273030572668,12.329999923706056,0.3108475179285728,0.5025050467257728,12.119999885559082,0.4646024904610523,0.4940270646985178,12.34000015258789,-0.2713267419203363,0.6568357375998038,13.420000076293944,0.6437204763200328,0.7133149822549241,11.630000114440918
2019-12-24,-0.07377192709850935,0.38038377408436264,11.960000038146973,0.09864549951019103,0.4401273030572668,12.329999923706056,0.3108475179285728,0.5025050467257728,12.119999885559082,0.9170552980705609,0.49448645736362745,12.520000457763672,0.6124746059737736,0.8372696174021184,11.119999885559082
2019-12-26,-0.3938363953434116,0.33530419966621433,11.630000114440918,-0.07377192709850935,0.38038377408436264,11.960000038146973,0.09864549951019103,0.4401273030572668,12.329999923706056,0.4646024904610523,0.4940270646985178,12.34000015258789,0.595062329616201,0.7766274379283349,10.529999732971191
2019-12-27,-0.7230600491364134,0.40855702336853217,11.119999885559082,-0.3938363953434116,0.33530419966621433,11.630000114440918,-0.07377192709850935,0.38038377408436264,11.960000038146973,0.3108475179285728,0.5025050467257728,12.119999885559082,0.6215836403312243,1.0537497039282888,11.010000228881836
2019-12-30,0.9785757510884093,0.6418980883914149,10.529999732971191,-0.7230600491364134,0.40855702336853217,11.119999885559082,-0.3938363953434116,0.33530419966621433,11.630000114440918,0.09864549951019103,0.4401273030572668,12.329999923706056,0.6923838791701361,1.117541158079565,11.670000076293944
2019-12-31,0.08203370378256411,0.6411556369154023,11.010000228881836,0.9785757510884093,0.6418980883914149,10.529999732971191,-0.7230600491364134,0.40855702336853217,11.119999885559082,-0.07377192709850935,0.38038377408436264,11.960000038146973,0.6863291648987351,1.0969782291654964,11.489999771118164
2020-01-02,-0.7156789574995062,0.7133149822549241,11.670000076293944,0.08203370378256411,0.6411556369154023,11.010000228881836,0.9785757510884093,0.6418980883914149,10.529999732971191,-0.3938363953434116,0.33530419966621433,11.630000114440918,0.6509408477770721,1.2884734094934995,12.699999809265137
2020-01-03,0.9304523097122144,0.8372696174021184,11.489999771118164,-0.7156789574995062,0.7133149822549241,11.670000076293944,0.08203370378256411,0.6411556369154023,11.010000228881836,-0.7230600491364134,0.40855702336853217,11.119999885559082,0.7176957480053844,1.2838761972993848,14.779999732971191
2020-01-06,-0.4533048142335533,0.7766274379283349,12.699999809265137,0.9304523097122144,0.8372696174021184,11.489999771118164,-0.7156789574995062,0.7133149822549241,11.670000076293944,0.9785757510884093,0.6418980883914149,10.529999732971191,0.7077641365850451,0.6524869067557082,14.609999656677246
2020-01-07,-1.9290728473141492,1.0537497039282888,14.779999732971191,-0.4533048142335533,0.7766274379283349,12.699999809265137,0.9304523097122144,0.8372696174021184,11.489999771118164,0.08203370378256411,0.6411556369154023,11.010000228881836,0.7321597697206691,0.6655996537855579,15.640000343322754
2020-01-08,0.49821604032702516,1.117541158079565,14.609999656677246,-1.9290728473141492,1.0537497039282888,14.779999732971191,-0.4533048142335533,0.7766274379283349,12.699999809265137,-0.7156789574995062,0.7133149822549241,11.670000076293944,0.9835263204114147,0.6452856671307181,14.0
2020-01-09,-0.22925703434345887,1.0969782291654964,15.640000343322754,0.49821604032702516,1.117541158079565,14.609999656677246,-1.9290728473141492,1.0537497039282888,14.779999732971191,0.9304523097122144,0.8372696174021184,11.489999771118164,0.934513875828464,0.27726105170557713,14.079999923706056
2020-01-10,1.5721524760104573,1.2884734094934995,14.0,-0.22925703434345887,1.0969782291654964,15.640000343322754,0.49821604032702516,1.117541158079565,14.609999656677246,-0.4533048142335533,0.7766274379283349,12.699999809265137,0.9079504157069812,0.2889861578883919,14.279999732971191
2020-01-13,0.3342455210374022,1.2838761972993848,14.079999923706056,1.5721524760104573,1.2884734094934995,14.0,-0.22925703434345887,1.0969782291654964,15.640000343322754,-1.9290728473141492,1.0537497039282888,14.779999732971191,0.902081452757488,0.5098432736471785,13.90999984741211
2020-01-14,0.5917935234497194,0.6524869067557082,14.279999732971191,0.3342455210374022,1.2838761972993848,14.079999923706056,1.5721524760104573,1.2884734094934995,14.0,0.49821604032702516,1.117541158079565,14.609999656677246,0.8555004370027343,0.4539985518633716,14.119999885559082
2020-01-15,0.2652698742518761,0.6655996537855579,13.90999984741211,0.5917935234497194,0.6524869067557082,14.279999732971191,0.3342455210374022,1.2838761972993848,14.079999923706056,-0.22925703434345887,1.0969782291654964,15.640000343322754,0.8217165565203745,0.45116276749083867,14.18000030517578
2020-01-16,-0.15381131440847837,0.6452856671307181,14.119999885559082,0.2652698742518761,0.6655996537855579,13.90999984741211,0.5917935234497194,0.6524869067557082,14.279999732971191,1.5721524760104573,1.2884734094934995,14.0,0.7803327712687639,0.6145079129243609,14.130000114440918
2020-01-17,0.09879181499700634,0.27726105170557713,14.18000030517578,-0.15381131440847837,0.6452856671307181,14.119999885559082,0.2652698742518761,0.6655996537855579,13.90999984741211,0.3342455210374022,1.2838761972993848,14.079999923706056,0.7585647965029126,0.7216818184338425,15.40999984741211
2020-01-20,-0.025501131760789476,0.2889861578883919,14.130000114440918,0.09879181499700634,0.27726105170557713,14.18000030517578,-0.15381131440847837,0.6452856671307181,14.119999885559082,0.5917935234497194,0.6524869067557082,14.279999732971191,0.7174368510542365,0.7280038929347065,15.859999656677246
2020-01-21,-1.040008785925209,0.5098432736471785,15.40999984741211,-0.025501131760789476,0.2889861578883919,14.130000114440918,0.09879181499700634,0.27726105170557713,14.18000030517578,0.2652698742518761,0.6655996537855579,13.90999984741211,0.6849808430514482,0.7357493635267529,16.360000610351562
2020-01-22,-0.44846594550091806,0.4539985518633716,15.859999656677246,-1.040008785925209,0.5098432736471785,15.40999984741211,-0.025501131760789476,0.2889861578883919,14.130000114440918,-0.15381131440847837,0.6452856671307181,14.119999885559082,0.796436930336449,0.7807314630647962,15.859999656677246
2020-01-23,-0.5185979163736476,0.45116276749083867,16.360000610351562,-0.44846594550091806,0.4539985518633716,15.859999656677246,-1.040008785925209,0.5098432736471785,15.40999984741211,0.09879181499700634,0.27726105170557713,14.18000030517578,0.8118002553989171,0.7738920255508953,15.5600004196167
2020-01-24,0.6048395159307269,0.6145079129243609,15.859999656677246,-0.5185979163736476,0.45116276749083867,16.360000610351562,-0.44846594550091806,0.4539985518633716,15.859999656677246,-0.025501131760789476,0.2889861578883919,14.130000114440918,0.8351374311142479,0.638600834184002,17.18000030517578
2020-01-27,0.555910421184782,0.7216818184338425,15.5600004196167,0.6048395159307269,0.6145079129243609,15.859999656677246,-0.5185979163736476,0.45116276749083867,16.360000610351562,-1.040008785925209,0.5098432736471785,15.40999984741211,0.8036711008796689,0.9817320835918678,17.299999237060547
2020-01-28,-1.0608600656474902,0.7280038929347065,17.18000030517578,0.555910421184782,0.7216818184338425,15.5600004196167,0.6048395159307269,0.6145079129243609,15.859999656677246,-0.44846594550091806,0.4539985518633716,15.859999656677246,0.7734736014161382,1.6694649267462904,16.5
2020-01-29,-0.5228613250633523,0.7357493635267529,17.299999237060547,-1.0608600656474902,0.7280038929347065,17.18000030517578,0.555910421184782,0.7216818184338425,15.5600004196167,-0.5185979163736476,0.45116276749083867,16.360000610351562,0.87793921907253,1.7075578138570047,16.799999237060547
2020-01-30,0.6094646255253335,0.7807314630647962,16.5,-0.5228613250633523,0.7357493635267529,17.299999237060547,-1.0608600656474902,0.7280038929347065,17.18000030517578,0.6048395159307269,0.6145079129243609,15.859999656677246,0.8953584064797241,1.6660779430578134,17.3700008392334
2020-01-31,-0.7754976405079576,0.7738920255508953,16.799999237060547,0.6094646255253335,0.7807314630647962,16.5,-0.5228613250633523,0.7357493635267529,17.299999237060547,0.555910421184782,0.7216818184338425,15.5600004196167,0.8584232431350958,1.6370009513322152,15.779999732971191
2020-02-03,-0.6142239847635705,0.638600834184002,17.3700008392334,-0.7754976405079576,0.7738920255508953,16.799999237060547,0.6094646255253335,0.7807314630647962,16.5,-1.0608600656474902,0.7280038929347065,17.18000030517578,0.9124509023046656,1.138232902681676,14.380000114440918
2020-02-04,-2.147942474929971,0.9817320835918678,15.779999732971191,-0.6142239847635705,0.638600834184002,17.3700008392334,-0.7754976405079576,0.7738920255508953,16.799999237060547,-0.5228613250633523,0.7357493635267529,17.299999237060547,0.9387357241208985,0.6280715134111845,14.170000076293944
2020-02-05,2.2945548520019123,1.6694649267462904,14.380000114440918,-2.147942474929971,0.9817320835918678,15.779999732971191,-0.6142239847635705,0.638600834184002,17.3700008392334,0.6094646255253335,0.7807314630647962,16.5,1.193323898944224,0.5907138753494979,13.779999732971191
2020-02-06,0.9098978920125088,1.7075578138570047,14.170000076293944,2.2945548520019123,1.6694649267462904,14.380000114440918,-2.147942474929971,0.9817320835918678,15.779999732971191,-0.7754976405079576,0.7738920255508953,16.799999237060547,1.1829770266107666,0.5985273982056849,13.75
2020-02-07,0.402853577236436,1.6660779430578134,13.779999732971191,0.9098978920125088,1.7075578138570047,14.170000076293944,2.2945548520019123,1.6694649267462904,14.380000114440918,-0.6142239847635705,0.638600834184002,17.3700008392334,1.1274822049116038,0.6315132556163094,14.210000038146973
2020-02-10,-0.3267876820959125,1.6370009513322152,13.75,0.402853577236436,1.6660779430578134,13.779999732971191,0.9098978920125088,1.7075578138570047,14.170000076293944,-2.147942474929971,0.9817320835918678,15.779999732971191,1.061142947243661,0.6328824023555455,13.880000114440918
2020-02-11,-0.5540836887552729,1.138232902681676,14.210000038146973,-0.3267876820959125,1.6370009513322152,13.75,0.402853577236436,1.6660779430578134,13.779999732971191,2.2945548520019123,1.6694649267462904,14.380000114440918,1.0345742501785888,0.5517081561749223,13.619999885559082
2020-02-12,0.6329953892095818,0.6280715134111845,13.880000114440918,-0.5540836887552729,1.138232902681676,14.210000038146973,-0.3267876820959125,1.6370009513322152,13.75,0.9098978920125088,1.7075578138570047,14.170000076293944,1.0403403149847514,0.6997863150273034,13.369999885559082
2020-02-13,0.767615918045539,0.5907138753494979,13.619999885559082,0.6329953892095818,0.6280715134111845,13.880000114440918,-0.5540836887552729,1.138232902681676,14.210000038146973,0.402853577236436,1.6660779430578134,13.779999732971191,0.9901725616759444,0.7083256861587499,13.619999885559082
2020-02-14,-0.2178370358219195,0.5985273982056849,13.369999885559082,0.767615918045539,0.5907138753494979,13.619999885559082,0.6329953892095818,0.6280715134111845,13.880000114440918,-0.3267876820959125,1.6370009513322152,13.75,0.949344727200032,1.136946844186904,14.420000076293944
2020-02-17,-0.5039531569823335,0.6315132556163094,13.619999885559082,-0.2178370358219195,0.5985273982056849,13.369999885559082,0.767615918045539,0.5907138753494979,13.619999885559082,-0.5540836887552729,1.138232902681676,14.210000038146973,0.9198883638030833,1.139002291263302,14.510000228881836
2020-02-18,-0.5600386389670753,0.6328824023555455,14.420000076293944,-0.5039531569823335,0.6315132556163094,13.619999885559082,-0.2178370358219195,0.5985273982056849,13.369999885559082,0.6329953892095818,0.6280715134111845,13.880000114440918,0.9306137731427924,1.1709277771995816,14.020000457763672
2020-02-19,-0.4434580853707973,0.5517081561749223,14.510000228881836,-0.5600386389670753,0.6328824023555455,14.420000076293944,-0.5039531569823335,0.6315132556163094,13.619999885559082,0.767615918045539,0.5907138753494979,13.619999885559082,0.947760342074818,0.7711940999944533,13.699999809265137
2020-02-20,1.1062238693018929,0.6997863150273034,14.020000457763672,-0.4434580853707973,0.5517081561749223,14.510000228881836,-0.5600386389670753,0.6328824023555455,14.420000076293944,-0.2178370358219195,0.5985273982056849,13.369999885559082,0.9477018513586416,1.462348851257643,17.0
2020-02-24,-0.3722171151700223,0.7083256861587499,13.699999809265137,1.1062238693018929,0.6997863150273034,14.020000457763672,-0.4434580853707973,0.5517081561749223,14.510000228881836,-0.5039531569823335,0.6315132556163094,13.619999885559082,0.9222379847419552,1.4628227068420436,16.899999618530273
2020-02-25,-2.103353072205037,1.136946844186904,17.0,-0.3722171151700223,0.7083256861587499,13.699999809265137,1.1062238693018929,0.6997863150273034,14.020000457763672,-0.5600386389670753,0.6328824023555455,14.420000076293944,0.915350499984606,1.9039221065679826,18.26000022888184
2020-02-26,-0.2666408571566386,1.139002291263302,16.899999618530273,-2.103353072205037,1.136946844186904,17.0,-0.3722171151700223,0.7083256861587499,13.699999809265137,-0.4434580853707973,0.5517081561749223,14.510000228881836,1.16620264098736,1.9083286692652912,17.770000457763672
2020-02-27,-1.0172038146389433,1.1709277771995816,18.26000022888184,-0.2666408571566386,1.139002291263302,16.899999618530273,-2.103353072205037,1.136946844186904,17.0,1.1062238693018929,0.6997863150273034,14.020000457763672,1.121260568505804,1.9492940694988503,23.239999771118164
2020-02-28,-0.38778860778288543,0.7711940999944533,17.770000457763672,-1.0172038146389433,1.1709277771995816,18.26000022888184,-0.2666408571566386,1.139002291263302,16.899999618530273,-0.3722171151700223,0.7083256861587499,13.699999809265137,1.1805149066110407,1.4587410002770531,25.200000762939453
2020-03-02,-3.7801642322276403,1.462348851257643,23.239999771118164,-0.38778860778288543,0.7711940999944533,17.770000457763672,-1.0172038146389433,1.1709277771995816,18.26000022888184,-2.103353072205037,1.136946844186904,17.0,1.1495250596088058,2.5535063453188496,24.540000915527344
2020-03-03,-0.6178801363001744,1.4628227068420436,25.200000762939453,-3.7801642322276403,1.462348851257643,23.239999771118164,-0.38778860778288543,0.7711940999944533,17.770000457763672,-0.2666408571566386,1.139002291263302,16.899999618530273,1.654436447668225,2.21806697290353,24.229999542236328
2020-03-04,1.5203486470954997,1.9039221065679826,24.540000915527344,-0.6178801363001744,1.4628227068420436,25.200000762939453,-3.7801642322276403,1.462348851257643,23.239999771118164,-1.0172038146389433,1.1709277771995816,18.26000022888184,1.6008422832643106,3.7292509105876137,23.25
2020-03-05,-0.46376876143074347,1.9083286692652912,24.229999542236328,1.5203486470954997,1.9039221065679826,24.540000915527344,-0.6178801363001744,1.4628227068420436,25.200000762939453,-0.38778860778288543,0.7711940999944533,17.770000457763672,1.5202476355197427,4.739437163228476,25.63999938964844
2020-03-06,0.15985793812774052,1.9492940694988503,23.25,-0.46376876143074347,1.9083286692652912,24.229999542236328,1.5203486470954997,1.9039221065679826,24.540000915527344,-3.7801642322276403,1.462348851257643,23.239999771118164,1.4622469575056936,5.328656750193193,30.799999237060547
2020-03-09,-2.511985353017798,1.4587410002770531,25.63999938964844,0.15985793812774052,1.9492940694988503,23.25,-0.46376876143074347,1.9083286692652912,24.229999542236328,-0.6178801363001744,1.4628227068420436,25.200000762939453,1.353103186824009,5.274093578832712,31.559999465942383
2020-03-11,-5.019499598647564,2.5535063453188496,30.799999237060547,-2.511985353017798,1.4587410002770531,25.63999938964844,0.15985793812774052,1.9492940694988503,23.25,1.5203486470954997,1.9039221065679826,24.540000915527344,1.603178494097748,5.045198823616817,41.15999984741211
2020-03-12,0.06647771623133454,2.21806697290353,31.559999465942383,-5.019499598647564,2.5535063453188496,30.799999237060547,-2.511985353017798,1.4587410002770531,25.63999938964844,-0.46376876143074347,1.9083286692652912,24.229999542236328,2.2328071897483084,4.4000982233053305,51.470001220703125
2020-03-13,-8.666894981793947,3.7292509105876137,41.15999984741211,0.06647771623133454,2.21806697290353,31.559999465942383,-5.019499598647564,2.5535063453188496,30.799999237060547,0.15985793812774052,1.9492940694988503,23.25,2.032254013948586,5.157343267147287,58.880001068115234
2020-03-16,3.735847654239177,4.739437163228476,51.470001220703125,-8.666894981793947,3.7292509105876137,41.15999984741211,0.06647771623133454,2.21806697290353,31.559999465942383,-2.511985353017798,1.4587410002770531,25.63999938964844,3.258431400939041,7.050363524390414,62.93000030517578
2020-03-17,-7.9174169451103715,5.328656750193193,58.880001068115234,3.735847654239177,4.739437163228476,51.470001220703125,-8.666894981793947,3.7292509105876137,41.15999984741211,-5.019499598647564,2.5535063453188496,30.799999237060547,3.043705626707475,7.607303549845905,63.959999084472656
2020-03-18,-2.536415171509603,5.274093578832712,62.93000030517578,-7.9174169451103715,5.328656750193193,58.880001068115234,3.735847654239177,4.739437163228476,51.470001220703125,0.06647771623133454,2.21806697290353,31.559999465942383,3.865280039999981,8.338316740962512,72.19999694824219
2020-03-19,-5.716792711513327,5.045198823616817,63.959999084472656,-2.536415171509603,5.274093578832712,62.93000030517578,-7.9174169451103715,5.328656750193193,58.880001068115234,-8.666894981793947,3.7292509105876137,41.15999984741211,3.768412333007176,8.415720118721318,67.0999984741211
2020-03-20,-2.454659954775134,4.4000982233053305,72.19999694824219,-5.716792711513327,5.045198823616817,63.959999084472656,-2.536415171509603,5.274093578832712,62.93000030517578,3.735847654239177,4.739437163228476,51.470001220703125,4.118496623831381,7.984594717508465,71.98999786376953
2020-03-23,5.669138794443699,5.157343267147287,67.0999984741211,-2.454659954775134,4.4000982233053305,72.19999694824219,-5.716792711513327,5.045198823616817,63.959999084472656,-7.9174169451103715,5.328656750193193,58.880001068115234,3.974921862042752,4.112790622423295,83.61000061035156
2020-03-24,-13.903756461051204,7.050363524390414,71.98999786376953,5.669138794443699,5.157343267147287,67.0999984741211,-2.454659954775134,4.4000982233053305,72.19999694824219,-2.536415171509603,5.274093578832712,62.93000030517578,3.7243613115704526,4.212217868250636,77.62999725341797
2020-03-25,2.4762292138464663,7.607303549845905,83.61000061035156,-13.903756461051204,7.050363524390414,71.98999786376953,5.669138794443699,5.157343267147287,67.0999984741211,-5.716792711513327,5.045198823616817,63.959999084472656,5.451719700446604,4.039976988856652,71.52999877929688
2020-03-26,6.414544603118057,8.338316740962512,77.62999725341797,2.4762292138464663,7.607303549845905,83.61000061035156,-13.903756461051204,7.050363524390414,71.98999786376953,-2.454659954775134,4.4000982233053305,72.19999694824219,4.889127037552143,3.401082838645795,70.38999938964844
2020-03-27,3.816665439616388,8.415720118721318,71.52999877929688,6.414544603118057,8.338316740962512,77.62999725341797,2.4762292138464663,7.607303549845905,83.61000061035156,5.669138794443699,5.157343267147287,67.0999984741211,4.531950296495134,5.595308158020719,71.88999938964844
2020-03-30,0.2173175106963937,7.984594717508465,70.38999938964844,3.816665439616388,8.415720118721318,71.52999877929688,6.414544603118057,8.338316740962512,77.62999725341797,-13.903756461051204,7.050363524390414,71.98999786376953,4.143991345138066,4.996382070406081,64.41000366210938
2020-03-31,-4.476782787370225,4.112790622423295,71.88999938964844,0.2173175106963937,7.984594717508465,70.38999938964844,3.816665439616388,8.415720118721318,71.52999877929688,2.4762292138464663,7.607303549845905,83.61000061035156,3.698757586638756,5.039942598486827,60.04999923706055
2020-04-01,3.752477847769833,4.212217868250636,64.41000366210938,-4.476782787370225,4.112790622423295,71.88999938964844,0.2173175106963937,7.984594717508465,70.38999938964844,6.414544603118057,8.338316740962512,77.62999725341797,3.8848823869571305,4.433864654881298,55.29999923706055
2020-04-03,-4.082686442449045,4.039976988856652,60.04999923706055,3.752477847769833,4.212217868250636,64.41000366210938,-4.476782787370225,4.112790622423295,71.88999938964844,3.816665439616388,8.415720118721318,71.52999877929688,3.585614640509282,4.1840203061755314,51.79999923706055
2020-04-07,-2.081164185069997,3.401082838645795,55.29999923706055,-4.082686442449045,4.039976988856652,60.04999923706055,3.752477847769833,4.212217868250636,64.41000366210938,0.2173175106963937,7.984594717508465,70.38999938964844,3.7346407197717535,2.15766120078106,52.2400016784668
2020-04-08,8.400295216282224,5.595308158020719,51.79999923706055,-2.081164185069997,3.401082838645795,55.29999923706055,-4.082686442449045,4.039976988856652,60.04999923706055,-4.476782787370225,4.112790622423295,71.88999938964844,3.598167716363554,2.3335578338136655,49.75
2020-04-09,-0.4954153987953298,4.996382070406081,52.2400016784668,8.400295216282224,5.595308158020719,51.79999923706055,-2.081164185069997,3.401082838645795,55.29999923706055,3.752477847769833,4.212217868250636,64.41000366210938,3.4896172332277597,1.6828986818319795,51.459999084472656
2020-04-13,4.06704613937413,5.039942598486827,49.75,-0.4954153987953298,4.996382070406081,52.2400016784668,8.400295216282224,5.595308158020719,51.79999923706055,-4.082686442449045,4.039976988856652,60.04999923706055,3.190636322348627,2.214051026997697,49.7400016784668
2020-04-15,-1.3040327423561648,4.433864654881298,51.459999084472656,4.06704613937413,5.039942598486827,49.75,-0.4954153987953298,4.996382070406081,52.2400016784668,-2.081164185069997,3.401082838645795,55.29999923706055,2.99559649244456,2.371046660482703,46.09999847412109
2020-04-16,-0.7651048328648555,4.1840203061755314,49.7400016784668,-1.3040327423561648,4.433864654881298,51.459999084472656,4.06704613937413,5.039942598486827,49.75,8.400295216282224,5.595308158020719,51.79999923706055,2.8618585126517178,2.398188217004937,42.59000015258789
2020-04-17,0.7534316783542481,2.15766120078106,46.09999847412109,-0.7651048328648555,4.1840203061755314,49.7400016784668,-1.3040327423561648,4.433864654881298,51.459999084472656,-0.4954153987953298,4.996382070406081,52.2400016784668,2.6785275843656544,2.187917979902636,43.459999084472656
2020-04-20,3.000848934711599,2.3335578338136655,42.59000015258789,0.7534316783542481,2.15766120078106,46.09999847412109,-0.7651048328648555,4.1840203061755314,49.7400016784668,4.06704613937413,5.039942598486827,49.75,2.4444579370381136,2.3107390367304332,45.20000076293945
2020-04-21,-0.05289542483047096,1.6828986818319795,43.459999084472656,3.000848934711599,2.3335578338136655,42.59000015258789,0.7534316783542481,2.15766120078106,46.09999847412109,-1.3040327423561648,4.433864654881298,51.459999084472656,2.311459171222401,1.5203878833838582,42.81999969482422
2020-04-22,-3.0742409586860844,2.214051026997697,45.20000076293945,-0.05289542483047096,1.6828986818319795,43.459999084472656,3.000848934711599,2.3335578338136655,42.59000015258789,-0.7651048328648555,4.1840203061755314,49.7400016784668,2.1105340359702818,1.4286014063416883,39.22999954223633
2020-04-23,2.26607133769273,2.371046660482703,42.81999969482422,-3.0742409586860844,2.214051026997697,45.20000076293945,-0.05289542483047096,1.6828986818319795,43.459999084472656,0.7534316783542481,2.15766120078106,46.09999847412109,2.334919515825873,1.7908357898486302,39.119998931884766
2020-04-24,1.3685875581327234,2.398188217004937,39.22999954223633,2.26607133769273,2.371046660482703,42.81999969482422,-3.0742409586860844,2.214051026997697,45.20000076293945,3.000848934711599,2.3335578338136655,42.59000015258789,2.1917628831295253,3.566533459862895,38.040000915527344
2020-04-27,-1.7273269224786485,2.187917979902636,39.119998931884766,1.3685875581327234,2.398188217004937,39.22999954223633,2.26607133769273,2.371046660482703,42.81999969482422,-0.05289542483047096,1.6828986818319795,43.459999084472656,2.037291875495601,3.541745961743352,35.349998474121094
2020-04-28,1.387465918374464,2.3107390367304332,38.040000915527344,-1.7273269224786485,2.187917979902636,39.119998931884766,1.3685875581327234,2.398188217004937,39.22999954223633,-3.0742409586860844,2.214051026997697,45.20000076293945,2.082876420176222,3.5149128670982135,33.84000015258789
2020-04-29,1.0566409007242057,1.5203878833838582,35.349998474121094,1.387465918374464,2.3107390367304332,38.040000915527344,-1.7273269224786485,2.187917979902636,39.119998931884766,2.26607133769273,2.371046660482703,42.81999969482422,1.9420900441199784,3.3214214681257705,33.9900016784668
2020-04-30,1.8216088550269571,1.4286014063416883,33.84000015258789,1.0566409007242057,1.5203878833838582,35.349998474121094,1.387465918374464,2.3107390367304332,38.040000915527344,1.3685875581327234,2.398188217004937,39.22999954223633,1.8073752544337731,2.7027054795508003,43.66999816894531
2020-05-04,3.158422875946422,1.7908357898486302,33.9900016784668,1.8216088550269571,1.4286014063416883,33.84000015258789,1.0566409007242057,1.5203878833838582,35.349998474121094,-1.7273269224786485,2.187917979902636,39.119998931884766,1.7130267479996582,0.7550448432308305,43.61000061035156
2020-05-05,-5.9160835126554545,3.566533459862895,43.66999816894531,3.158422875946422,1.7908357898486302,33.9900016784668,1.8216088550269571,1.4286014063416883,33.84000015258789,1.387465918374464,2.3107390367304332,38.040000915527344,1.6738111751983953,0.6438312806460591,41.25
2020-05-06,-0.9503278972569803,3.541745961743352,43.61000061035156,-5.9160835126554545,3.566533459862895,43.66999816894531,3.158422875946422,1.7908357898486302,33.9900016784668,1.0566409007242057,1.5203878833838582,35.349998474121094,2.454594425931118,1.1091316986660107,39.93000030517578
2020-05-07,0.7068552284556898,3.5149128670982135,41.25,-0.9503278972569803,3.541745961743352,43.61000061035156,-5.9160835126554545,3.566533459862895,43.66999816894531,1.8216088550269571,1.4286014063416883,33.84000015258789,2.346401521348551,1.6800389310056378,38.40999984741211
2020-05-08,-0.7780307756411076,3.3214214681257705,39.93000030517578,0.7068552284556898,3.5149128670982135,41.25,-0.9503278972569803,3.541745961743352,43.61000061035156,3.158422875946422,1.7908357898486302,33.9900016784668,2.152148432725503,1.6382468440514928,38.040000915527344
2020-05-11,0.5685503917787226,2.7027054795508003,38.40999984741211,-0.7780307756411076,3.3214214681257705,39.93000030517578,0.7068552284556898,3.5149128670982135,41.25,-5.9160835126554545,3.566533459862895,43.66999816894531,2.0598335197115065,2.178448379067184,38.209999084472656
2020-05-12,-0.13303775813467011,0.7550448432308305,38.040000915527344,0.5685503917787226,2.7027054795508003,38.40999984741211,-0.7780307756411076,3.3214214681257705,39.93000030517578,-0.9503278972569803,3.541745961743352,43.61000061035156,1.8957345563136023,2.288154249192559,38.84000015258789
2020-05-13,-0.46269304709594594,0.6438312806460591,38.209999084472656,-0.13303775813467011,0.7550448432308305,38.040000915527344,0.5685503917787226,2.7027054795508003,38.40999984741211,0.7068552284556898,3.5149128670982135,41.25,1.7539835422769403,2.3108999851500447,38.18000030517578
2020-05-14,2.012974293547344,1.1091316986660107,38.84000015258789,-0.46269304709594594,0.6438312806460591,38.209999084472656,-0.13303775813467011,0.7550448432308305,38.040000915527344,-0.7780307756411076,3.3214214681257705,39.93000030517578,1.6693436195282934,2.0690349363314797,38.02000045776367
2020-05-15,-2.599691993710758,1.6800389310056378,38.18000030517578,2.012974293547344,1.1091316986660107,38.84000015258789,-0.46269304709594594,0.6438312806460591,38.209999084472656,0.5685503917787226,2.7027054795508003,38.40999984741211,1.5971258246592734,2.089625422270889,40.91999816894531
2020-05-18,-0.06455711236580218,1.6382468440514928,38.02000045776367,-2.599691993710758,1.6800389310056378,38.18000030517578,2.012974293547344,1.1091316986660107,38.84000015258789,-0.13303775813467011,0.7550448432308305,38.040000915527344,1.825192001208738,1.054574682410283,39.45000076293945
2020-05-19,-3.492536149006188,2.178448379067184,40.91999816894531,-0.06455711236580218,1.6382468440514928,38.02000045776367,-2.599691993710758,1.6800389310056378,38.18000030517578,-0.46269304709594594,0.6438312806460591,38.209999084472656,1.683260198880896,1.5999014646343137,35.810001373291016
2020-05-20,0.6309873650596998,2.288154249192559,39.45000076293945,-3.492536149006188,2.178448379067184,40.91999816894531,-0.06455711236580218,1.6382468440514928,38.02000045776367,2.012974293547344,1.1091316986660107,38.84000015258789,2.036439055990872,1.5626814576731545,32.9900016784668
2020-05-21,2.089163883932652,2.3108999851500447,35.810001373291016,0.6309873650596998,2.288154249192559,39.45000076293945,-3.492536149006188,2.178448379067184,40.91999816894531,-2.599691993710758,1.6800389310056378,38.18000030517578,1.877083593116744,1.54032069158575,32.380001068115234
2020-05-22,0.43691955994809145,2.0690349363314797,32.9900016784668,2.089163883932652,2.3108999851500447,35.810001373291016,0.6309873650596998,2.288154249192559,39.45000076293945,-0.06455711236580218,1.6382468440514928,38.02000045776367,1.7833257707623007,1.2826918220165402,31.46999931335449
2020-05-26,-0.738478460081561,2.089625422270889,32.380001068115234,0.43691955994809145,2.0690349363314797,32.9900016784668,2.089163883932652,2.3108999851500447,35.810001373291016,-3.492536149006188,2.178448379067184,40.91999816894531,1.6472448343093995,0.8471495215679807,31.270000457763672
2020-05-27,-0.112907097030296,1.054574682410283,31.46999931335449,-0.738478460081561,2.089625422270889,32.380001068115234,0.43691955994809145,2.0690349363314797,32.9900016784668,0.6309873650596998,2.288154249192559,39.45000076293945,1.609919159095566,0.6998441454185744,30.020000457763672
2020-05-28,3.11735219299972,1.5999014646343137,31.270000457763672,-0.112907097030296,1.054574682410283,31.46999931335449,-0.738478460081561,2.089625422270889,32.380001068115234,2.089163883932652,2.3108999851500447,35.810001373291016,1.4982407301222886,1.04630108703742,30.21999931335449
2020-05-29,1.8628451492543274,1.5626814576731545,30.020000457763672,3.11735219299972,1.5999014646343137,31.270000457763672,-0.112907097030296,1.054574682410283,31.46999931335449,0.43691955994809145,2.0690349363314797,32.9900016784668,1.482351064416987,1.0425792717172038,30.739999771118164
2020-06-01,0.9459777532853095,1.54032069158575,30.21999931335449,1.8628451492543274,1.5626814576731545,30.020000457763672,3.11735219299972,1.5999014646343137,31.270000457763672,-0.738478460081561,2.089625422270889,32.380001068115234,1.4262028280334391,0.7338196750118254,30.1200008392334
2020-06-02,2.5338352659720638,1.2826918220165402,30.739999771118164,0.9459777532853095,1.54032069158575,30.21999931335449,1.8628451492543274,1.5626814576731545,30.020000457763672,-0.112907097030296,1.054574682410283,31.46999931335449,1.3461879786514737,0.9270199000560068,30.040000915527344
2020-06-03,1.5445627746472024,0.8471495215679807,30.1200008392334,2.5338352659720638,1.2826918220165402,30.739999771118164,0.9459777532853095,1.54032069158575,30.21999931335449,3.11735219299972,1.5999014646343137,31.270000457763672,1.3274677164746016,0.903896648520474,29.690000534057617
2020-06-04,0.8228342186278518,0.6998441454185744,30.040000915527344,1.5445627746472024,0.8471495215679807,30.1200008392334,2.5338352659720638,1.2826918220165402,30.739999771118164,1.8628451492543274,1.5626814576731545,30.020000457763672,1.277674422737679,1.3670301095175905,28.68000030517578
2020-06-05,-0.3230380747065696,1.04630108703742,29.690000534057617,0.8228342186278518,0.6998441454185744,30.040000915527344,1.5445627746472024,0.8471495215679807,30.1200008392334,0.9459777532853095,1.54032069158575,30.21999931335449,1.2094988980914654,1.273439071069325,29.649999618530277
2020-06-08,1.120921756965851,1.0425792717172038,28.68000030517578,-0.3230380747065696,1.04630108703742,29.690000534057617,0.8228342186278518,0.6998441454185744,30.040000915527344,2.5338352659720638,1.2826918220165402,30.739999771118164,1.1672218324785797,1.3297025716763735,30.209999084472656
2020-06-09,0.24914146063167966,0.7338196750118254,29.649999618530277,1.120921756965851,1.0425792717172038,28.68000030517578,-0.3230380747065696,1.04630108703742,29.690000534057617,1.5445627746472024,0.8471495215679807,30.1200008392334,1.1202789495754804,1.485983230643946,29.440000534057617
2020-06-10,-1.1952175882067815,0.9270199000560068,30.209999084472656,0.24914146063167966,0.7338196750118254,29.649999618530277,1.120921756965851,1.0425792717172038,28.68000030517578,0.8228342186278518,0.6998441454185744,30.040000915527344,1.04970669513191,1.3888755645887996,29.65999984741211
2020-06-11,0.6893910822071789,0.903896648520474,29.440000534057617,-1.1952175882067815,0.9270199000560068,30.209999084472656,0.24914146063167966,0.7338196750118254,29.649999618530277,-0.3230380747065696,1.04630108703742,29.690000534057617,1.142169428057263,1.4112326752622415,30.81999969482422
2020-06-12,-2.1396438367806456,1.3670301095175905,29.65999984741211,0.6893910822071789,0.903896648520474,29.440000534057617,-1.1952175882067815,0.9270199000560068,30.209999084472656,1.120921756965851,1.0425792717172038,28.68000030517578,1.0836438267194044,1.4992568449143906,32.58000183105469
2020-06-15,0.7134696525776951,1.273439071069325,30.81999969482422,-2.1396438367806456,1.3670301095175905,29.65999984741211,0.6893910822071789,0.903896648520474,29.440000534057617,0.24914146063167966,0.7338196750118254,29.649999618530277,1.3147157143927393,0.9186947306924957,32.970001220703125
2020-06-16,-1.6092064938005004,1.3297025716763735,32.58000183105469,0.7134696525776951,1.273439071069325,30.81999969482422,-2.1396438367806456,1.3670301095175905,29.65999984741211,-1.1952175882067815,0.9270199000560068,30.209999084472656,1.2390928961392362,0.9516005737585589,33.349998474121094
2020-06-17,1.0168511071378763,1.485983230643946,32.970001220703125,-1.6092064938005004,1.3297025716763735,32.58000183105469,0.7134696525776951,1.273439071069325,30.81999969482422,0.6893910822071789,0.903896648520474,29.440000534057617,1.3685372890630136,1.4576769280211883,31.459999084472656
2020-06-18,-0.3318958318708373,1.3888755645887996,33.349998474121094,1.0168511071378763,1.485983230643946,32.970001220703125,-1.6092064938005004,1.3297025716763735,32.58000183105469,-2.1396438367806456,1.3670301095175905,29.65999984741211,1.2970356051001908,1.3100331502228417,29.96999931335449
2020-06-19,2.1079446670088395,1.4112326752622415,31.459999084472656,-0.3318958318708373,1.3888755645887996,33.349998474121094,1.0168511071378763,1.485983230643946,32.970001220703125,0.7134696525776951,1.273439071069325,30.81999969482422,1.2466594124694648,1.2067476672895916,30.459999084472656
2020-06-22,1.5022865002949488,1.4992568449143906,29.96999931335449,2.1079446670088395,1.4112326752622415,31.459999084472656,-0.3318958318708373,1.3888755645887996,33.349998474121094,-1.6092064938005004,1.3297025716763735,32.58000183105469,1.224312579586751,1.2479179519956967,29.34000015258789
2020-06-23,0.6499449097502717,0.9186947306924957,30.459999084472656,1.5022865002949488,1.4992568449143906,29.96999931335449,2.1079446670088395,1.4112326752622415,31.459999084472656,1.0168511071378763,1.485983230643946,32.970001220703125,1.1840578523949024,0.9144991118852562,29.57999992370605
2020-06-24,1.5378829255110686,0.9516005737585589,29.34000015258789,0.6499449097502717,0.9186947306924957,30.459999084472656,1.5022865002949488,1.4992568449143906,29.96999931335449,-0.3318958318708373,1.3888755645887996,33.349998474121094,1.1199755860648737,0.8005802485275448,29.729999542236328
2020-06-25,-1.5951224257763807,1.4576769280211883,29.57999992370605,1.5378829255110686,0.9516005737585589,29.34000015258789,0.6499449097502717,0.9186947306924957,30.459999084472656,2.1079446670088395,1.4112326752622415,31.459999084472656,1.0917353316052554,0.8515216498181509,28.739999771118164
2020-06-26,-0.15926248529521328,1.3100331502228417,29.729999542236328,-1.5951224257763807,1.4576769280211883,29.57999992370605,1.5378829255110686,0.9516005737585589,29.34000015258789,1.5022865002949488,1.4992568449143906,29.96999931335449,1.2376135256863037,0.8225631373896738,28.90999984741211
2020-06-29,0.910417112670767,1.2067476672895916,28.739999771118164,-0.15926248529521328,1.3100331502228417,29.729999542236328,-1.5951224257763807,1.4576769280211883,29.57999992370605,0.6499449097502717,0.9186947306924957,30.459999084472656,1.1717974487523857,0.6376076913597712,29.1200008392334
2020-06-30,-0.6822760798075913,1.2479179519956967,28.90999984741211,0.910417112670767,1.2067476672895916,28.739999771118164,-0.15926248529521328,1.3100331502228417,29.729999542236328,1.5378829255110686,0.9516005737585589,29.34000015258789,1.1174682220915737,0.4865240336841907,28.1200008392334
2020-07-01,-0.09993724909477653,0.9144991118852562,29.1200008392334,-0.6822760798075913,1.2479179519956967,28.90999984741211,0.910417112670767,1.2067476672895916,28.739999771118164,-1.5951224257763807,1.4576769280211883,29.57999992370605,1.1315972651062085,0.9046770732307889,26.51000022888184
2020-07-02,1.2343324106810436,0.8005802485275448,28.1200008392334,-0.09993724909477653,0.9144991118852562,29.1200008392334,-0.6822760798075913,1.2479179519956967,28.90999984741211,-0.15926248529521328,1.3100331502228417,29.729999542236328,1.0692605727977862,0.8791411701988088,25.770000457763672
2020-07-03,1.159595875253754,0.8515216498181509,26.51000022888184,1.2343324106810436,0.8005802485275448,28.1200008392334,-0.09993724909477653,0.9144991118852562,29.1200008392334,0.910417112670767,1.2067476672895916,28.739999771118164,1.0360438899392548,0.9670281880274332,25.200000762939453
2020-07-06,0.5260117338821227,0.8225631373896738,25.770000457763672,1.159595875253754,0.8515216498181509,26.51000022888184,1.2343324106810436,0.8005802485275448,28.1200008392334,-0.6822760798075913,1.2479179519956967,28.90999984741211,1.0036677980675006,0.7297369872027855,25.100000381469727
2020-07-07,1.4627632603289031,0.6376076913597712,25.200000762939453,0.5260117338821227,0.8225631373896738,25.770000457763672,1.159595875253754,0.8515216498181509,26.51000022888184,-0.09993724909477653,0.9144991118852562,29.1200008392334,0.9536046747173956,1.0873664134516656,26.100000381469727
2020-07-08,0.3339009534036716,0.4865240336841907,25.100000381469727,1.4627632603289031,0.6376076913597712,25.200000762939453,0.5260117338821227,0.8225631373896738,25.770000457763672,1.2343324106810436,0.8005802485275448,28.1200008392334,0.9395542114436084,1.0592504186861742,24.90999984741211
2020-07-09,-0.8732782060989627,0.9046770732307889,26.100000381469727,0.3339009534036716,0.4865240336841907,25.100000381469727,1.4627632603289031,0.6376076913597712,25.200000762939453,1.159595875253754,0.8515216498181509,26.51000022888184,0.8894144451016001,1.098604219694875,24.940000534057617
2020-07-10,1.000976742529668,0.8791411701988088,24.90999984741211,-0.8732782060989627,0.9046770732307889,26.100000381469727,0.3339009534036716,0.4865240336841907,25.100000381469727,0.5260117338821227,0.8225631373896738,25.770000457763672,0.9539196387706818,1.291698141573205,25.25
2020-07-13,-0.420734959083762,0.9670281880274332,24.940000534057617,1.000976742529668,0.8791411701988088,24.90999984741211,-0.8732782060989627,0.9046770732307889,26.100000381469727,1.4627632603289031,0.6376076913597712,25.200000762939453,0.9243425002424316,1.3485344716481589,26.63999938964844
2020-07-14,0.3212722824094239,0.7297369872027855,25.25,-0.420734959083762,0.9670281880274332,24.940000534057617,1.000976742529668,0.8791411701988088,24.90999984741211,0.3339009534036716,0.4865240336841907,25.100000381469727,0.9236103416568744,0.5355631698515704,26.290000915527344
2020-07-15,-1.8249000734889462,1.0873664134516656,26.63999938964844,0.3212722824094239,0.7297369872027855,25.25,-0.420734959083762,0.9670281880274332,24.940000534057617,-0.8732782060989627,0.9046770732307889,26.100000381469727,0.8745747158450672,0.6948968608932816,25.36000061035156
2020-07-16,0.10224080867197449,1.0592504186861742,26.290000915527344,-1.8249000734889462,1.0873664134516656,26.63999938964844,0.3212722824094239,0.7297369872027855,25.25,1.000976742529668,0.8791411701988088,24.90999984741211,1.085564135577156,0.6899348003723651,24.15999984741211
2020-07-17,1.140092344482324,1.098604219694875,25.36000061035156,0.10224080867197449,1.0592504186861742,26.290000915527344,-1.8249000734889462,1.0873664134516656,26.63999938964844,-0.420734959083762,0.9670281880274332,24.940000534057617,1.013737972983617,0.717221655761859,24.709999084472656
2020-07-20,1.4948306530616993,1.291698141573205,24.15999984741211,1.140092344482324,1.098604219694875,25.36000061035156,0.10224080867197449,1.0592504186861742,26.290000915527344,0.3212722824094239,0.7297369872027855,25.25,0.9829284219019802,0.7692549440576347,24.43000030517578
2020-07-21,1.0992680250840314,1.3485344716481589,24.709999084472656,1.4948306530616993,1.291698141573205,24.15999984741211,1.140092344482324,1.098604219694875,25.36000061035156,-1.8249000734889462,1.0873664134516656,26.63999938964844,0.9670685517059038,0.8557220551728173,24.88999938964844
2020-07-22,1.2626110991777935,0.5355631698515704,24.43000030517578,1.0992680250840314,1.3485344716481589,24.709999084472656,1.4948306530616993,1.291698141573205,24.15999984741211,0.10224080867197449,1.0592504186861742,26.290000915527344,0.9394869516290648,0.9793358045090934,24.63999938964844
2020-07-23,-0.2659843741967638,0.6948968608932816,24.88999938964844,1.2626110991777935,0.5355631698515704,24.43000030517578,1.0992680250840314,1.3485344716481589,24.709999084472656,1.140092344482324,1.098604219694875,25.36000061035156,0.9200644005171952,0.9968546937104198,24.540000915527344
2020-07-24,0.7414603621325299,0.6899348003723651,24.63999938964844,-0.2659843741967638,0.6948968608932816,24.88999938964844,1.2626110991777935,0.5355631698515704,24.43000030517578,1.4948306530616993,1.291698141573205,24.15999984741211,0.8996084608331345,0.9971051037509973,25.020000457763672
2020-07-27,-0.19009541040186229,0.717221655761859,24.540000915527344,0.7414603621325299,0.6899348003723651,24.63999938964844,-0.2659843741967638,0.6948968608932816,24.88999938964844,1.0992680250840314,1.3485344716481589,24.709999084472656,0.8666279506741124,1.1926968313444024,23.63999938964844
2020-07-28,-0.5585495577285274,0.7692549440576347,25.020000457763672,-0.19009541040186229,0.717221655761859,24.540000915527344,0.7414603621325299,0.6899348003723651,24.63999938964844,1.2626110991777935,0.5355631698515704,24.43000030517578,0.8415258627971381,1.3358234297129776,24.11000061035156
2020-07-29,1.5045520083450243,0.8557220551728173,23.63999938964844,-0.5585495577285274,0.7692549440576347,25.020000457763672,-0.19009541040186229,0.717221655761859,24.540000915527344,-0.2659843741967638,0.6948968608932816,24.88999938964844,0.8673634639253242,1.3128828465779225,24.729999542236328
2020-07-30,-0.8683204468886633,0.9793358045090934,24.11000061035156,1.5045520083450243,0.8557220551728173,23.63999938964844,-0.5585495577285274,0.7692549440576347,25.020000457763672,0.7414603621325299,0.6899348003723651,24.63999938964844,0.8631100095097511,1.3105212998534856,24.190000534057617
2020-07-31,-0.9029356907451743,0.9968546937104198,24.729999542236328,-0.8683204468886633,0.9793358045090934,24.11000061035156,1.5045520083450243,0.8557220551728173,23.63999938964844,-0.19009541040186229,0.717221655761859,24.540000915527344,0.929721918481716,1.2897999821778763,25.190000534057617
2020-08-03,-0.2588449519166038,0.9971051037509973,24.190000534057617,-0.9029356907451743,0.9968546937104198,24.729999542236328,-0.8683204468886633,0.9793358045090934,24.11000061035156,-0.5585495577285274,0.7692549440576347,25.020000457763672,0.9940787102619998,0.7323373627091515,23.81999969482422
2020-08-04,-1.6558554850121334,1.1926968313444024,25.190000534057617,-0.2588449519166038,0.9971051037509973,24.190000534057617,-0.9029356907451743,0.9968546937104198,24.729999542236328,1.5045520083450243,0.8557220551728173,23.63999938964844,0.9654908560955082,0.33190752989679395,23.56999969482422
2020-08-05,1.852527473195631,1.3358234297129776,23.81999969482422,-1.6558554850121334,1.1926968313444024,25.190000534057617,-0.2588449519166038,0.9971051037509973,24.190000534057617,-0.8683204468886633,0.9793358045090934,24.11000061035156,1.1369270918529797,0.3853664719096667,23.149999618530277
2020-08-06,0.05766923029565639,1.3128828465779225,23.56999969482422,1.852527473195631,1.3358234297129776,23.81999969482422,-1.6558554850121334,1.1926968313444024,25.190000534057617,-0.9029356907451743,0.9968546937104198,24.729999542236328,1.1175148449235848,0.2918353916946618,22.57999992370605
2020-08-07,0.883342483924069,1.3105212998534856,23.149999618530277,0.05766923029565639,1.3128828465779225,23.56999969482422,1.852527473195631,1.3358234297129776,23.81999969482422,-0.2588449519166038,0.9971051037509973,24.190000534057617,1.04107597108728,0.6409367545761373,22.51000022888184
2020-08-10,0.12402330418245548,1.2897999821778763,22.57999992370605,0.883342483924069,1.3105212998534856,23.149999618530277,0.05766923029565639,1.3128828465779225,23.56999969482422,-1.6558554850121334,1.1926968313444024,25.190000534057617,0.9990521516454678,0.6673562944560312,21.36000061035156
2020-08-11,0.49902333078510347,0.7323373627091515,22.51000022888184,0.12402330418245548,1.2897999821778763,22.57999992370605,0.883342483924069,1.3105212998534856,23.149999618530277,1.852527473195631,1.3358234297129776,23.81999969482422,0.936409245380764,0.8669455589545052,20.850000381469727
2020-08-12,0.46342241532836864,0.33190752989679395,21.36000061035156,0.49902333078510347,0.7323373627091515,22.51000022888184,0.12402330418245548,1.2897999821778763,22.57999992370605,0.05766923029565639,1.3128828465779225,23.56999969482422,0.8919541528192378,0.8570324038487959,20.56999969482422
2020-08-13,-0.12460495124746428,0.3853664719096667,20.850000381469727,0.46342241532836864,0.33190752989679395,21.36000061035156,0.49902333078510347,0.7323373627091515,22.51000022888184,0.883342483924069,1.3105212998534856,23.149999618530277,0.8505438737501075,0.9750683546863873,21.670000076293945
2020-08-14,-0.07032817179241128,0.2918353916946618,20.56999969482422,-0.12460495124746428,0.3853664719096667,20.850000381469727,0.46342241532836864,0.33190752989679395,21.36000061035156,0.12402330418245548,1.2897999821778763,22.57999992370605,0.8186089082553265,0.760426946636647,21.309999465942383
2020-08-17,-1.0859185489107237,0.6409367545761373,21.670000076293945,-0.07032817179241128,0.2918353916946618,20.56999969482422,-0.12460495124746428,0.3853664719096667,20.850000381469727,0.49902333078510347,0.7323373627091515,22.51000022888184,0.7827602622811756,0.7856021036631826,20.43000030517578
2020-08-18,0.6126903182347497,0.6673562944560312,21.309999465942383,-1.0859185489107237,0.6409367545761373,21.670000076293945,-0.07032817179241128,0.2918353916946618,20.56999969482422,0.46342241532836864,0.33190752989679395,21.36000061035156,0.8899122981963219,0.6342661695297218,19.959999084472656
2020-08-19,1.2217124027310864,0.8669455589545052,20.43000030517578,0.6126903182347497,0.6673562944560312,21.309999465942383,-1.0859185489107237,0.6409367545761373,21.670000076293945,-0.12460495124746428,0.3853664719096667,20.850000381469727,0.853596725208513,0.6769087348027258,20.6200008392334
2020-08-20,0.2022553472584474,0.8570324038487959,19.959999084472656,1.2217124027310864,0.8669455589545052,20.43000030517578,0.6126903182347497,0.6673562944560312,21.309999465942383,-0.07032817179241128,0.2918353916946618,20.56999969482422,0.8410367941054461,0.3506566290798326,19.940000534057617
2020-08-21,-0.8468153807933501,0.9750683546863873,20.6200008392334,0.2022553472584474,0.8570324038487959,19.959999084472656,1.2217124027310864,0.8669455589545052,20.43000030517578,-1.0859185489107237,0.6409367545761373,21.670000076293945,0.7958343410982633,0.3809861550099152,19.229999542236328
2020-08-24,0.5237178104313519,0.760426946636647,19.940000534057617,-0.8468153807933501,0.9750683546863873,20.6200008392334,0.2022553472584474,0.8570324038487959,19.959999084472656,0.6126903182347497,0.6673562944560312,21.309999465942383,0.8665225621650126,1.2293960573241398,19.31999969482422
2020-08-25,0.8306412509926262,0.7856021036631826,19.229999542236328,0.5237178104313519,0.760426946636647,19.940000534057617,-0.8468153807933501,0.9750683546863873,20.6200008392334,1.2217124027310864,0.8669455589545052,20.43000030517578,0.8294707137787534,1.290615771262416,19.299999237060547
2020-08-26,0.0505678592222556,0.6342661695297218,19.31999969482422,0.8306412509926262,0.7856021036631826,19.229999542236328,0.5237178104313519,0.760426946636647,19.940000534057617,0.2022553472584474,0.8570324038487959,19.959999084472656,0.8060273569538122,1.2771990076850976,18.899999618530277
2020-08-27,0.6719694702452172,0.6769087348027258,19.299999237060547,0.0505678592222556,0.6342661695297218,19.31999969482422,0.8306412509926262,0.7856021036631826,19.229999542236328,-0.8468153807933501,0.9750683546863873,20.6200008392334,0.759093586006526,1.2757627038357715,18.350000381469727
2020-08-28,0.08352117348219679,0.3506566290798326,18.899999618530277,0.6719694702452172,0.6769087348027258,19.299999237060547,0.0505678592222556,0.6342661695297218,19.31999969482422,0.5237178104313519,0.760426946636647,19.940000534057617,0.7367790662285062,1.353069237328419,22.84000015258789
2020-08-31,0.7614134421611743,0.3809861550099152,18.350000381469727,0.08352117348219679,0.3506566290798326,18.899999618530277,0.6719694702452172,0.6769087348027258,19.299999237060547,0.8306412509926262,0.7856021036631826,19.229999542236328,0.6970733485873867,0.9660211949925159,21.799999237060547
2020-09-01,-2.25838540823065,1.2293960573241398,22.84000015258789,0.7614134421611743,0.3809861550099152,18.350000381469727,0.08352117348219679,0.3506566290798326,18.899999618530277,0.0505678592222556,0.6342661695297218,19.31999969482422,0.6832551585367536,0.862445415207448,21.11000061035156
2020-09-02,0.7240464307211334,1.290615771262416,21.799999237060547,-2.25838540823065,1.2293960573241398,22.84000015258789,0.7614134421611743,0.3809861550099152,18.350000381469727,0.6719694702452172,0.6769087348027258,19.299999237060547,1.0052776127164271,0.728781386189526,20.5
2020-09-03,0.5629164732428894,1.2771990076850976,21.11000061035156,0.7240464307211334,1.290615771262416,21.799999237060547,-2.25838540823065,1.2293960573241398,22.84000015258789,0.08352117348219679,0.3506566290798326,18.899999618530277,0.961540670855203,1.1526114087571078,22.149999618530277
2020-09-04,-0.06547270470620276,1.2757627038357715,20.5,0.5629164732428894,1.2771990076850976,21.11000061035156,0.7240464307211334,1.290615771262416,21.799999237060547,0.7614134421611743,0.3809861550099152,18.350000381469727,0.9167669350660864,0.7571398050604617,22.01000022888184
2020-09-07,-1.693737589976223,1.353069237328419,22.149999618530277,-0.06547270470620276,1.2757627038357715,20.5,0.5629164732428894,1.2771990076850976,21.11000061035156,-2.25838540823065,1.2293960573241398,22.84000015258789,0.871176213022464,0.7833919370640201,22.71999931335449
2020-09-08,0.1868773014980915,0.9660211949925159,22.01000022888184,-1.693737589976223,1.353069237328419,22.149999618530277,-0.06547270470620276,1.2757627038357715,20.5,0.7240464307211334,1.290615771262416,21.799999237060547,1.0614149448983896,0.7618014327426126,22.229999542236328
2020-09-09,-0.3325649779789579,0.862445415207448,22.71999931335449,0.1868773014980915,0.9660211949925159,22.01000022888184,-1.693737589976223,1.353069237328419,22.149999618530277,0.5629164732428894,1.2771990076850976,21.11000061035156,0.9946982648580174,0.6564776457303904,21.26000022888184
2020-09-10,-0.3482986529093653,0.728781386189526,22.229999542236328,-0.3325649779789579,0.862445415207448,22.71999931335449,0.1868773014980915,0.9660211949925159,22.01000022888184,-0.06547270470620276,1.2757627038357715,20.5,0.9755225119989516,0.6324120345872464,20.709999084472656
2020-09-11,1.507030028649042,1.1526114087571078,21.26000022888184,-0.3482986529093653,0.728781386189526,22.229999542236328,-0.3325649779789579,0.862445415207448,22.71999931335449,-1.693737589976223,1.353069237328419,22.149999618530277,0.96028205888968,0.6392329850101327,21.190000534057617
2020-09-14,0.13267344350831917,0.7571398050604617,20.709999084472656,1.507030028649042,1.1526114087571078,21.26000022888184,-0.3482986529093653,0.728781386189526,22.229999542236328,0.1868773014980915,0.9660211949925159,22.01000022888184,0.9470731399352884,1.230428887583264,20.600000381469727
2020-09-15,-0.2130620607789219,0.7833919370640201,21.190000534057617,0.13267344350831917,0.7571398050604617,20.709999084472656,1.507030028649042,1.1526114087571078,21.26000022888184,-0.3325649779789579,0.862445415207448,22.71999931335449,0.8897003718132948,1.0892578297684776,19.65999984741211
2020-09-16,0.7120536611649033,0.7618014327426126,20.600000381469727,-0.2130620607789219,0.7833919370640201,21.190000534057617,0.13267344350831917,0.7571398050604617,20.709999084472656,-0.3482986529093653,0.728781386189526,22.229999542236328,0.8653559993869382,0.8547305878018083,20.100000381469727
2020-09-17,0.7156369643982706,0.6564776457303904,19.65999984741211,0.7120536611649033,0.7618014327426126,20.600000381469727,-0.2130620607789219,0.7833919370640201,21.190000534057617,1.507030028649042,1.1526114087571078,21.26000022888184,0.8346279138747073,1.2781662420671043,20.049999237060547
2020-09-18,-0.7651223391398827,0.6324120345872464,20.100000381469727,0.7156369643982706,0.6564776457303904,19.65999984741211,0.7120536611649033,0.7618014327426126,20.600000381469727,0.13267344350831917,0.7571398050604617,20.709999084472656,0.8068788231719562,2.0248298813182504,22.190000534057617
2020-09-21,-0.09686278452831663,0.6392329850101327,20.049999237060547,-0.7651223391398827,0.6324120345872464,20.100000381469727,0.7156369643982706,0.6564776457303904,19.65999984741211,-0.2130620607789219,0.7833919370640201,21.190000534057617,0.8647935636517876,2.0722736216862603,21.40999984741211
2020-09-22,-2.2360395533691877,1.230428887583264,22.190000534057617,-0.09686278452831663,0.6392329850101327,20.049999237060547,-0.7651223391398827,0.6324120345872464,20.100000381469727,0.7120536611649033,0.7618014327426126,20.600000381469727,0.828026313127485,2.022620634384883,20.989999771118164
2020-09-23,-0.8650165364363743,1.0892578297684776,21.40999984741211,-2.2360395533691877,1.230428887583264,22.190000534057617,-0.09686278452831663,0.6392329850101327,20.049999237060547,0.7156369643982706,0.6564776457303904,19.65999984741211,1.1166353745365327,2.0147889447371075,23.51000022888184
2020-09-24,-0.19564998051874197,0.8547305878018083,20.989999771118164,-0.8650165364363743,1.0892578297684776,21.40999984741211,-2.2360395533691877,1.230428887583264,22.190000534057617,-0.7651223391398827,0.6324120345872464,20.100000381469727,1.1554847290251131,0.9716558072192583,20.68000030517578
2020-09-25,-2.975046086629724,1.2781662420671043,23.51000022888184,-0.19564998051874197,0.8547305878018083,20.989999771118164,-0.8650165364363743,1.0892578297684776,21.40999984741211,-0.09686278452831663,0.6392329850101327,20.049999237060547,1.102688371720283,0.7347170330791939,19.56999969482422
2020-09-28,2.2393179194037978,2.0248298813182504,20.68000030517578,-2.975046086629724,1.2781662420671043,23.51000022888184,-0.19564998051874197,0.8547305878018083,20.989999771118164,-2.2360395533691877,1.230428887583264,22.190000534057617,1.4705809746062315,0.6806177539876431,19.770000457763672
2020-09-29,1.5917509782938704,2.0722736216862603,19.56999969482422,2.2393179194037978,2.0248298813182504,20.68000030517578,-2.975046086629724,1.2781662420671043,23.51000022888184,-0.8650165364363743,1.0892578297684776,21.40999984741211,1.4282357741560638,0.5284694575553701,19.530000686645508
2020-09-30,-0.04587461538228373,2.022620634384883,19.770000457763672,1.5917509782938704,2.0722736216862603,19.56999969482422,2.2393179194037978,2.0248298813182504,20.68000030517578,-0.19564998051874197,0.8547305878018083,20.989999771118164,1.369095901643941,0.38682704605045043,18.350000381469727
2020-10-01,0.22384940193966077,2.0147889447371075,19.530000686645508,-0.04587461538228373,2.022620634384883,19.770000457763672,1.5917509782938704,2.0722736216862603,19.56999969482422,-2.975046086629724,1.2781662420671043,23.51000022888184,1.275434030152454,0.2980179585795186,19.700000762939453
2020-10-05,1.4948800566928164,0.9716558072192583,18.350000381469727,0.22384940193966077,2.0147889447371075,19.530000686645508,-0.04587461538228373,2.022620634384883,19.770000457763672,2.2393179194037978,2.0248298813182504,20.68000030517578,1.1881747784377106,0.44085395565892815,19.63999938964844
2020-10-06,0.753915298099438,0.7347170330791939,19.700000762939453,1.4948800566928164,0.9716558072192583,18.350000381469727,0.22384940193966077,2.0147889447371075,19.530000686645508,1.5917509782938704,2.0722736216862603,19.56999969482422,1.1514501760614364,0.35106900543036285,20.059999465942383
2020-10-07,1.3731761801546098,0.6806177539876431,19.63999938964844,0.753915298099438,0.7347170330791939,19.700000762939453,1.4948800566928164,0.9716558072192583,18.350000381469727,-0.04587461538228373,2.022620634384883,19.770000457763672,1.0940847918169818,0.3376761092318879,20.3799991607666
2020-10-08,0.6533795478530655,0.5284694575553701,20.059999465942383,1.3731761801546098,0.6806177539876431,19.63999938964844,0.753915298099438,0.7347170330791939,19.700000762939453,0.22384940193966077,2.0147889447371075,19.530000686645508,1.0629836412195957,1.2512647650548223,20.3799991607666
2020-10-09,0.8123590712403974,0.38682704605045043,20.3799991607666,0.6533795478530655,0.5284694575553701,20.059999465942383,1.3731761801546098,0.6806177539876431,19.63999938964844,1.4948800566928164,0.9716558072192583,18.350000381469727,1.0112388974492372,1.2569298027047489,21.1299991607666
2020-10-12,0.670357110102055,0.2980179585795186,20.3799991607666,0.8123590712403974,0.38682704605045043,20.3799991607666,0.6533795478530655,0.5284694575553701,20.059999465942383,0.753915298099438,0.7347170330791939,19.700000762939453,0.9698221287960253,1.3653697396392872,20.71999931335449
2020-10-13,0.140489805940535,0.44085395565892815,21.1299991607666,0.670357110102055,0.2980179585795186,20.3799991607666,0.8123590712403974,0.38682704605045043,20.3799991607666,1.3731761801546098,0.6806177539876431,19.63999938964844,0.9277727479256336,1.3714315082301536,20.209999084472656
2020-10-14,0.02974848313881938,0.35106900543036285,20.71999931335449,0.140489805940535,0.44085395565892815,21.1299991607666,0.670357110102055,0.2980179585795186,20.3799991607666,0.6533795478530655,0.5284694575553701,20.059999465942383,0.8724843359125075,1.3740182214747374,22.059999465942383
2020-10-15,0.3057853382660203,0.3376761092318879,20.209999084472656,0.02974848313881938,0.35106900543036285,20.71999931335449,0.140489805940535,0.44085395565892815,21.1299991607666,0.8123590712403974,0.38682704605045043,20.3799991607666,0.8191965927667157,0.49277684388858917,21.649999618530277
2020-10-16,-2.458330944399024,1.2512647650548223,22.059999465942383,0.3057853382660203,0.3376761092318879,20.209999084472656,0.02974848313881938,0.35106900543036285,20.71999931335449,0.670357110102055,0.2980179585795186,20.3799991607666,0.7793650847383381,0.4560825308443548,21.81999969482422
2020-10-19,0.7004361448563385,1.2569298027047489,21.649999618530277,-2.458330944399024,1.2512647650548223,22.059999465942383,0.3057853382660203,0.3376761092318879,20.209999084472656,0.140489805940535,0.44085395565892815,21.1299991607666,1.118337445799932,0.7215199895993175,22.690000534057617
2020-10-20,0.9358838750109354,1.3653697396392872,21.81999969482422,0.7004361448563385,1.2569298027047489,21.649999618530277,-2.458330944399024,1.2512647650548223,22.059999465942383,0.02974848313881938,0.35106900543036285,20.71999931335449,1.0625844602230317,0.9025093996557114,22.920000076293945
2020-10-21,0.19983305148122574,1.3714315082301536,22.690000534057617,0.9358838750109354,1.3653697396392872,21.81999969482422,0.7004361448563385,1.2569298027047489,21.649999618530277,0.3057853382660203,0.3376761092318879,20.209999084472656,1.0201515243865666,1.0433371748248765,22.63999938964844
2020-10-22,0.3427863919924764,1.3740182214747374,22.920000076293945,0.19983305148122574,1.3714315082301536,22.690000534057617,0.9358838750109354,1.3653697396392872,21.81999969482422,-2.458330944399024,1.2512647650548223,22.059999465942383,0.9579008106430112,1.0454702837459313,21.82999992370605
2020-10-23,-0.34572511936285333,0.49277684388858917,22.63999938964844,0.3427863919924764,1.3740182214747374,22.920000076293945,0.19983305148122574,1.3714315082301536,22.690000534057617,0.7004361448563385,1.2569298027047489,21.649999618530277,0.9062965930635528,0.9861588382152943,22.82999992370605
2020-10-26,0.2845488039808009,0.4560825308443548,21.82999992370605,-0.34572511936285333,0.49277684388858917,22.63999938964844,0.3427863919924764,1.3740182214747374,22.920000076293945,0.9358838750109354,1.3653697396392872,21.81999969482422,0.8975034953361211,0.8820141520796942,22.200000762939453
2020-10-27,-1.372280171939824,0.7215199895993175,22.82999992370605,0.2845488039808009,0.4560825308443548,21.82999992370605,-0.34572511936285333,0.49277684388858917,22.63999938964844,0.19983305148122574,1.3714315082301536,22.690000534057617,0.8497353320019728,0.9519900768660391,23.280000686645508
2020-10-28,1.0284540688903392,0.9025093996557114,22.200000762939453,-1.372280171939824,0.7215199895993175,22.82999992370605,0.2845488039808009,0.4560825308443548,21.82999992370605,0.3427863919924764,1.3740182214747374,22.920000076293945,0.9923136103643946,0.7175227121785932,24.020000457763672
2020-10-29,-1.3531751526031222,1.0433371748248765,23.280000686645508,1.0284540688903392,0.9025093996557114,22.200000762939453,-1.372280171939824,0.7215199895993175,22.82999992370605,-0.34572511936285333,0.49277684388858917,22.63999938964844,0.9599031568613424,0.7931790309289003,24.75
2020-10-30,-0.5025549128602216,1.0454702837459313,24.020000457763672,-1.3531751526031222,1.0433371748248765,23.280000686645508,1.0284540688903392,0.9025093996557114,22.200000762939453,0.2845488039808009,0.4560825308443548,21.82999992370605,1.086042066225091,0.568062873302663,25.209999084472656
2020-11-02,-0.24363388871728975,0.9861588382152943,24.75,-0.5025549128602216,1.0454702837459313,24.020000457763672,-1.3531751526031222,1.0433371748248765,23.280000686645508,-1.372280171939824,0.7215199895993175,22.82999992370605,1.0797184165054594,0.3780489405507958,24.239999771118164
2020-11-03,0.229500061940095,0.8820141520796942,25.209999084472656,-0.24363388871728975,0.9861588382152943,24.75,-0.5025549128602216,1.0454702837459313,24.020000457763672,1.0284540688903392,0.9025093996557114,22.200000762939453,1.0406650873180137,0.37525959449148,23.200000762939453
2020-11-04,1.229430453308261,0.9519900768660391,24.239999771118164,0.229500061940095,0.8820141520796942,25.209999084472656,-0.24363388871728975,0.9861588382152943,24.75,-1.3531751526031222,1.0433371748248765,23.280000686645508,0.9773640047510528,0.33077961759105534,20.96999931335449
2020-11-05,0.8009485529747544,0.7175227121785932,23.200000762939453,1.229430453308261,0.9519900768660391,24.239999771118164,0.229500061940095,0.8820141520796942,25.209999084472656,-0.5025549128602216,1.0454702837459313,24.020000457763672,0.9531251508571305,0.8085171285661636,20.5
2020-11-06,1.7629285844443805,0.7931790309289003,20.96999931335449,0.8009485529747544,0.7175227121785932,23.200000762939453,1.229430453308261,0.9519900768660391,24.239999771118164,-0.24363388871728975,0.9861588382152943,24.75,0.916992113948601,0.8437558886064731,20.11000061035156
2020-11-09,1.1749715515175936,0.568062873302663,20.5,1.7629285844443805,0.7931790309289003,20.96999931335449,0.8009485529747544,0.7175227121785932,23.200000762939453,0.229500061940095,0.8820141520796942,25.209999084472656,0.9167685924826432,0.7567595597789873,21.57999992370605
2020-11-10,1.5976331587139476,0.3780489405507958,20.11000061035156,1.1749715515175936,0.568062873302663,20.5,1.7629285844443805,0.7931790309289003,20.96999931335449,1.229430453308261,0.9519900768660391,24.239999771118164,0.8966001317584527,0.6467538997917082,22.030000686645508
2020-11-11,1.3554232066476923,0.37525959449148,21.57999992370605,1.5976331587139476,0.3780489405507958,20.11000061035156,1.1749715515175936,0.568062873302663,20.5,0.8009485529747544,0.7175227121785932,23.200000762939453,0.8927052944074513,0.9532403994919839,20.6200008392334
2020-11-12,0.9302637490367565,0.33077961759105534,22.030000686645508,1.3554232066476923,0.37525959449148,21.57999992370605,1.5976331587139476,0.3780489405507958,20.11000061035156,1.7629285844443805,0.7931790309289003,20.96999931335449,0.8809416870195218,0.9418248339831822,19.700000762939453
2020-11-13,-0.45873272404132776,0.8085171285661636,20.6200008392334,0.9302637490367565,0.33077961759105534,22.030000686645508,1.3554232066476923,0.37525959449148,21.57999992370605,1.1749715515175936,0.568062873302663,20.5,0.8560018598851838,0.9482936323079204,19.799999237060547
2020-11-17,0.22943363271255196,0.8437558886064731,19.700000762939453,-0.45873272404132776,0.8085171285661636,20.6200008392334,0.9302637490367565,0.33077961759105534,22.030000686645508,1.5976331587139476,0.3780489405507958,20.11000061035156,0.8669922810381094,0.90203887339137,19.1200008392334
2020-11-18,1.2053681426341885,0.7567595597789873,19.799999237060547,0.22943363271255196,0.8437558886064731,19.700000762939453,-0.45873272404132776,0.8085171285661636,20.6200008392334,1.3554232066476923,0.37525959449148,21.57999992370605,0.8202787140379243,1.1861009489807246,19.56999969482422
2020-11-19,0.49627164920273814,0.6467538997917082,19.1200008392334,1.2053681426341885,0.7567595597789873,19.799999237060547,0.22943363271255196,0.8437558886064731,19.700000762939453,0.9302637490367565,0.33077961759105534,22.030000686645508,0.8102992457403274,1.0555520397053608,19.6200008392334
2020-11-20,-1.2956239372488105,0.9532403994919839,19.56999969482422,0.49627164920273814,0.6467538997917082,19.1200008392334,1.2053681426341885,0.7567595597789873,19.799999237060547,-0.45873272404132776,0.8085171285661636,20.6200008392334,0.777529315626082,1.0518547330184154,20.799999237060547
2020-11-23,0.6816027431926411,0.9418248339831822,19.6200008392334,-1.2956239372488105,0.9532403994919839,19.56999969482422,0.49627164920273814,0.6467538997917082,19.1200008392334,0.22943363271255196,0.8437558886064731,19.700000762939453,0.91728467334748,1.1245130402262824,21.059999465942383
2020-11-24,0.5227786479061853,0.9482936323079204,20.799999237060547,0.6816027431926411,0.9418248339831822,19.6200008392334,-1.2956239372488105,0.9532403994919839,19.56999969482422,1.2053681426341885,0.7567595597789873,19.799999237060547,0.880648409844908,1.0525332770297926,23.1299991607666
2020-11-25,0.9907106958531581,0.90203887339137,21.059999465942383,0.5227786479061853,0.9482936323079204,20.799999237060547,0.6816027431926411,0.9418248339831822,19.6200008392334,0.49627164920273814,0.6467538997917082,19.1200008392334,0.8422455332104384,0.5679359486336457,20.020000457763672
2020-11-26,-1.5185397205090294,1.1861009489807246,23.1299991607666,0.9907106958531581,0.90203887339137,21.059999465942383,0.5227786479061853,0.9482936323079204,20.799999237060547,-1.2956239372488105,0.9532403994919839,19.56999969482422,0.8229693257699452,0.5555383086372779,19.81999969482422
2020-11-27,0.9951532476185487,1.0555520397053608,20.020000457763672,-1.5185397205090294,1.1861009489807246,23.1299991607666,0.9907106958531581,0.90203887339137,21.059999465942383,0.6816027431926411,0.9418248339831822,19.6200008392334,0.9918538798290836,0.46843663392388374,20.18000030517578
2020-12-01,-0.13908030691388337,1.0518547330184154,19.81999969482422,0.9951532476185487,1.0555520397053608,20.020000457763672,-1.5185397205090294,1.1861009489807246,23.1299991607666,0.5227786479061853,0.9482936323079204,20.799999237060547,0.9583828686631688,0.390480962584847,19.90999984741211
2020-12-02,1.074476242399418,1.1245130402262824,20.18000030517578,-0.13908030691388337,1.0518547330184154,19.81999969482422,0.9951532476185487,1.0555520397053608,20.020000457763672,0.9907106958531581,0.90203887339137,21.059999465942383,0.918062562875169,0.3889621362817412,19.0
2020-12-03,0.03584815807498976,1.0525332770297926,19.90999984741211,1.074476242399418,1.1245130402262824,20.18000030517578,-0.13908030691388337,1.0518547330184154,19.81999969482422,-1.5185397205090294,1.1861009489807246,23.1299991607666,0.8944007172645502,0.5761304440226026,18.030000686645508
2020-12-04,0.1535405591264683,0.5679359486336457,19.0,0.03584815807498976,1.0525332770297926,19.90999984741211,1.074476242399418,1.1245130402262824,20.18000030517578,0.9951532476185487,1.0555520397053608,20.020000457763672,0.8388743596051986,0.5285148011173184,18.020000457763672
2020-12-07,0.9445908959648398,0.5555383086372779,18.030000686645508,0.1535405591264683,0.5679359486336457,19.0,0.03584815807498976,1.0525332770297926,19.90999984741211,-0.13908030691388337,1.0518547330184154,19.81999969482422,0.7922885969928686,0.4914123242255492,18.6200008392334
2020-12-08,0.7304391112653886,0.46843663392388374,18.020000457763672,0.9445908959648398,0.5555383086372779,18.030000686645508,0.1535405591264683,0.5679359486336457,19.0,1.074476242399418,1.1245130402262824,20.18000030517578,0.776091628009907,0.5023623176842766,18.920000076293945
2020-12-09,0.2781459960611745,0.390480962584847,18.6200008392334,0.7304391112653886,0.46843663392388374,18.020000457763672,0.9445908959648398,0.5555383086372779,18.030000686645508,0.03584815807498976,1.0525332770297926,19.90999984741211,0.7541949938817469,0.4412366802913607,18.709999084472656
2020-12-10,1.0114428562528128,0.3889621362817412,18.920000076293945,0.2781459960611745,0.390480962584847,18.6200008392334,0.7304391112653886,0.46843663392388374,18.020000457763672,0.1535405591264683,0.5679359486336457,19.0,0.7193040426517783,0.28615132851328506,18.790000915527344
2020-12-11,-0.3761921969516158,0.5761304440226026,18.709999084472656,1.0114428562528128,0.3889621362817412,18.920000076293945,0.2781459960611745,0.390480962584847,18.6200008392334,0.9445908959648398,0.5555383086372779,18.030000686645508,0.711977027598719,0.3033028162542341,19.399999618530277
2020-12-14,0.26340862816878063,0.5285148011173184,18.790000915527344,-0.3761921969516158,0.5761304440226026,18.709999084472656,1.0114428562528128,0.3889621362817412,18.920000076293945,0.7304391112653886,0.46843663392388374,18.020000457763672,0.7255580283668032,1.6211759976250397,19.350000381469727
2020-12-15,0.32728147749187797,0.4914123242255492,19.399999618530277,0.26340862816878063,0.5285148011173184,18.790000915527344,-0.3761921969516158,0.5761304440226026,18.709999084472656,0.2781459960611745,0.390480962584847,18.6200008392334,0.692705727235718,1.734828647273416,19.200000762939453
2020-12-16,0.07151234360649028,0.5023623176842766,19.350000381469727,0.32728147749187797,0.4914123242255492,19.399999618530277,0.26340862816878063,0.5285148011173184,18.790000915527344,1.0114428562528128,0.3889621362817412,18.920000076293945,0.6648059481854434,1.757939866524862,19.15999984741211
2020-12-17,0.8429280641864135,0.4412366802913607,19.200000762939453,0.07151234360649028,0.5023623176842766,19.350000381469727,0.32728147749187797,0.4914123242255492,19.399999618530277,-0.3761921969516158,0.5761304440226026,18.709999084472656,0.630903423461201,1.8321398741179915,18.6200008392334
2020-12-18,0.4229970438016461,0.28615132851328506,19.15999984741211,0.8429280641864135,0.4412366802913607,19.200000762939453,0.07151234360649028,0.5023623176842766,19.350000381469727,0.26340862816878063,0.5285148011173184,18.790000915527344,0.6255620618960435,1.8761249348233497,23.190000534057617
2020-12-21,0.14435425896574644,0.3033028162542341,18.6200008392334,0.4229970438016461,0.28615132851328506,19.15999984741211,0.8429280641864135,0.4412366802913607,19.200000762939453,0.32728147749187797,0.4914123242255492,19.399999618530277,0.6065298244703375,0.2656051100098818,21.989999771118164
2020-12-22,-3.1908662156302663,1.6211759976250397,23.190000534057617,0.14435425896574644,0.3033028162542341,18.6200008392334,0.4229970438016461,0.28615132851328506,19.15999984741211,0.07151234360649028,0.5023623176842766,19.350000381469727,0.5798561874082723,0.3371635757344286,20.5
2020-12-23,1.0293127415086656,1.734828647273416,21.989999771118164,-3.1908662156302663,1.6211759976250397,23.190000534057617,0.14435425896574644,0.3033028162542341,18.6200008392334,0.8429280641864135,0.4412366802913607,19.200000762939453,1.1469230819652854,0.43672452772739395,19.96999931335449
2020-12-24,0.9960389402299756,1.757939866524862,20.5,1.0293127415086656,1.734828647273416,21.989999771118164,-3.1908662156302663,1.6211759976250397,23.190000534057617,0.4229970438016461,0.28615132851328506,19.15999984741211,1.0990443553450122,0.43426597052274496,20.43000030517578
2020-12-28,1.083363406633502,1.8321398741179915,19.96999931335449,0.9960389402299756,1.757939866524862,20.5,1.0293127415086656,1.734828647273416,21.989999771118164,0.14435425896574644,0.3033028162542341,18.6200008392334,1.05493331344759,0.3885334671345513,20.790000915527344
2020-12-29,0.8974658395164679,1.8761249348233497,20.43000030517578,1.083363406633502,1.8321398741179915,19.96999931335449,0.9960389402299756,1.757939866524862,20.5,-3.1908662156302663,1.6211759976250397,23.190000534057617,1.0181403159760831,0.5431837621754797,21.11000061035156
2020-12-30,0.4272454296258275,0.2656051100098818,20.790000915527344,0.8974658395164679,1.8761249348233497,20.43000030517578,1.083363406633502,1.8321398741179915,19.96999931335449,1.0293127415086656,1.734828647273416,21.989999771118164,0.9788508456366166,0.5652396666034352,21.100000381469727
2020-12-31,0.35358361641822766,0.3371635757344286,21.11000061035156,0.4272454296258275,0.2656051100098818,20.790000915527344,0.8974658395164679,1.8761249348233497,20.43000030517578,0.9960389402299756,1.757939866524862,20.5,0.9279774867489426,0.7685365574447368,20.030000686645508
2021-01-04,-0.0014318227638304823,0.43672452772739395,21.100000381469727,0.35358361641822766,0.3371635757344286,21.11000061035156,0.4272454296258275,0.2656051100098818,20.790000915527344,1.083363406633502,1.8321398741179915,19.96999931335449,0.8795789611512342,0.7480946226845199,20.459999084472656
2021-01-05,1.0752532563468995,0.43426597052274496,20.030000686645508,-0.0014318227638304823,0.43672452772739395,21.100000381469727,0.35358361641822766,0.3371635757344286,21.11000061035156,0.8974658395164679,1.8761249348233497,20.43000030517578,0.829495710603594,0.7482625039465001,21.0
2021-01-06,0.470131235786493,0.3885334671345513,20.459999084472656,1.0752532563468995,0.43426597052274496,20.030000686645508,-0.0014318227638304823,0.43672452772739395,21.100000381469727,0.4272454296258275,0.2656051100098818,20.790000915527344,0.8142547088643828,0.6478314764481025,20.6200008392334
2021-01-07,-0.37571814216639365,0.5431837621754797,21.0,0.470131235786493,0.3885334671345513,20.459999084472656,1.0752532563468995,0.43426597052274496,20.030000686645508,0.35358361641822766,0.3371635757344286,21.11000061035156,0.7802629993739774,0.5883964493432201,20.63999938964844
2021-01-08,-0.06293676223474676,0.5652396666034352,20.6200008392334,-0.37571814216639365,0.5431837621754797,21.0,0.470131235786493,0.3885334671345513,20.459999084472656,-0.0014318227638304823,0.43672452772739395,21.100000381469727,0.7874429257381835,0.7778086949194475,22.3799991607666
2021-01-11,1.4738082534464192,0.7685365574447368,20.63999938964844,-0.06293676223474676,0.5652396666034352,20.6200008392334,-0.37571814216639365,0.5431837621754797,21.0,1.0752532563468995,0.43426597052274496,20.030000686645508,0.7534921077297397,0.7597577033589039,22.850000381469727
2021-01-12,0.9538085628550319,0.7480946226845199,22.3799991607666,1.4738082534464192,0.7685365574447368,20.63999938964844,-0.06293676223474676,0.5652396666034352,20.6200008392334,0.470131235786493,0.3885334671345513,20.459999084472656,0.7589145157261951,1.1371624116204926,23.290000915527344
2021-01-13,0.5418606822103615,0.7482625039465001,22.850000381469727,0.9538085628550319,0.7480946226845199,22.3799991607666,1.4738082534464192,0.7685365574447368,20.63999938964844,-0.37571814216639365,0.5431837621754797,21.0,0.7460709587827312,1.2090689710074616,23.030000686645508
2021-01-14,0.009608621670051522,0.6478314764481025,23.290000915527344,0.5418606822103615,0.7482625039465001,22.850000381469727,0.9538085628550319,0.7480946226845199,22.3799991607666,-0.06293676223474676,0.5652396666034352,20.6200008392334,0.7205933534484106,1.2248150198104744,24.01000022888184
2021-01-15,0.2109021789565324,0.5883964493432201,23.030000686645508,0.009608621670051522,0.6478314764481025,23.290000915527344,0.5418606822103615,0.7482625039465001,22.850000381469727,1.4738082534464192,0.7685365574447368,20.63999938964844,0.683463481802732,1.6072194211367223,24.399999618530277
2021-01-18,-1.115432296065278,0.7778086949194475,24.01000022888184,0.2109021789565324,0.5883964493432201,23.030000686645508,0.009608621670051522,0.6478314764481025,23.290000915527344,0.9538085628550319,0.7480946226845199,22.3799991607666,0.6525315983237723,1.752954164167177,22.899999618530277
2021-01-19,-1.0614788200058034,0.7597577033589039,24.399999618530277,-1.115432296065278,0.7778086949194475,24.01000022888184,0.2109021789565324,0.5883964493432201,23.030000686645508,0.5418606822103615,0.7482625039465001,22.850000381469727,0.7795358884439194,1.2977043783146751,21.549999237060547
2021-01-20,1.665525875641371,1.1371624116204926,22.899999618530277,-1.0614788200058034,0.7597577033589039,24.399999618530277,-1.115432296065278,0.7778086949194475,24.01000022888184,0.009608621670051522,0.6478314764481025,23.290000915527344,0.8834037913196962,0.7926529369579226,22.18000030517578
2021-01-21,0.8472274336760961,1.2090689710074616,21.549999237060547,1.665525875641371,1.1371624116204926,22.899999618530277,-1.0614788200058034,0.7597577033589039,24.399999618530277,0.2109021789565324,0.5883964493432201,23.030000686645508,0.8831162164636128,2.8783993054895594,23.25
2021-01-25,-0.3718184091801354,1.2248150198104744,22.18000030517578,0.8472274336760961,1.2090689710074616,21.549999237060547,1.665525875641371,1.1371624116204926,22.899999618530277,-1.115432296065278,0.7778086949194475,24.01000022888184,0.8552045237009274,2.869465640190344,24.38999938964844
2021-01-27,-2.438264126496335,1.6072194211367223,23.25,-0.3718184091801354,1.2248150198104744,22.18000030517578,0.8472274336760961,1.2090689710074616,21.549999237060547,-1.0614788200058034,0.7597577033589039,24.399999618530277,0.8547578358268417,2.510997328651405,24.290000915527344
2021-01-28,-1.9244480891583438,1.752954164167177,24.38999938964844,-2.438264126496335,1.6072194211367223,23.25,-0.3718184091801354,1.2248150198104744,22.18000030517578,1.665525875641371,1.1371624116204926,22.899999618530277,1.1745764954954874,2.2260175527138206,25.34000015258789
2021-01-29,-1.0793693167934582,1.2977043783146751,24.290000915527344,-1.9244480891583438,1.752954164167177,24.38999938964844,-2.438264126496335,1.6072194211367223,23.25,0.8472274336760961,1.2090689710074616,21.549999237060547,1.3592959103956497,1.805122240212667,23.31999969482422
2021-02-01,-1.3328858232496075,0.7926529369579226,25.34000015258789,-1.0793693167934582,1.2977043783146751,24.290000915527344,-1.9244480891583438,1.752954164167177,24.38999938964844,-0.3718184091801354,1.2248150198104744,22.18000030517578,1.400045715949776,0.8770288739149291,23.350000381469727
2021-02-02,4.633334971971787,2.8783993054895594,23.31999969482422,-1.3328858232496075,0.7926529369579226,25.34000015258789,-1.0793693167934582,1.2977043783146751,24.290000915527344,-2.438264126496335,1.6072194211367223,23.25,1.4707448020469331,0.5431793946193139,23.75
2021-02-03,2.5349539675742867,2.869465640190344,23.350000381469727,4.633334971971787,2.8783993054895594,23.31999969482422,-1.3328858232496075,0.7926529369579226,25.34000015258789,-1.9244480891583438,1.752954164167177,24.38999938964844,1.5105042672736964,0.5647118622177667,23.1200008392334
2021-02-04,0.9654368913945022,2.510997328651405,23.75,2.5349539675742867,2.869465640190344,23.350000381469727,4.633334971971787,2.8783993054895594,23.31999969482422,-1.0793693167934582,1.2977043783146751,24.290000915527344,1.4735801111900229,0.5426663293822916,23.420000076293945
2021-02-05,0.7121340982025425,2.2260175527138206,23.1200008392334,0.9654368913945022,2.510997328651405,23.75,2.5349539675742867,2.869465640190344,23.350000381469727,-1.3328858232496075,0.7926529369579226,25.34000015258789,1.3890444742121744,0.5750247610425635,23.959999084472656
2021-02-08,0.191815651758026,1.805122240212667,23.420000076293945,0.7121340982025425,2.2260175527138206,23.1200008392334,0.9654368913945022,2.510997328651405,23.75,4.633334971971787,2.8783993054895594,23.31999969482422,1.3054684691732432,0.45678191495783144,24.270000457763672
2021-02-09,1.2753134705385865,0.8770288739149291,23.959999084472656,0.191815651758026,1.805122240212667,23.420000076293945,0.7121340982025425,2.2260175527138206,23.1200008392334,2.5349539675742867,2.869465640190344,23.350000381469727,1.2140461322358425,0.8371700997004432,23.950000762939453
2021-02-10,-0.043010611605642915,0.5431793946193139,24.270000457763672,1.2753134705385865,0.8770288739149291,23.959999084472656,0.191815651758026,1.805122240212667,23.420000076293945,0.9654368913945022,2.510997328651405,23.75,1.1673481013864833,0.9350671780938955,23.049999237060547
2021-02-11,-0.018532057490518592,0.5647118622177667,23.950000762939453,-0.043010611605642915,0.5431793946193139,24.270000457763672,1.2753134705385865,0.8770288739149291,23.959999084472656,0.7121340982025425,2.2260175527138206,23.1200008392334,1.0943338253178798,1.1701025749407712,22.040000915527344
2021-02-12,0.4412176664707947,0.5426663293822916,23.049999237060547,-0.018532057490518592,0.5647118622177667,23.950000762939453,-0.043010611605642915,0.5431793946193139,24.270000457763672,0.191815651758026,1.805122240212667,23.420000076293945,1.025648884999303,1.2127566890471793,21.780000686645508
2021-02-16,-0.06592696934370658,0.5750247610425635,22.040000915527344,0.4412176664707947,0.5426663293822916,23.049999237060547,-0.018532057490518592,0.5647118622177667,23.950000762939453,1.2753134705385865,0.8770288739149291,23.959999084472656,0.9706754377020106,1.5188013402810174,21.540000915527344
2021-02-18,0.9853518205688275,0.45678191495783144,21.780000686645508,-0.06592696934370658,0.5750247610425635,22.040000915527344,0.4412176664707947,0.5426663293822916,23.049999237060547,-0.043010611605642915,0.5431793946193139,24.270000457763672,0.9199925917061946,1.5111988841723603,22.25
2021-02-19,-1.278260313717531,0.8371700997004432,21.540000915527344,0.9853518205688275,0.45678191495783144,21.780000686645508,-0.06592696934370658,0.5750247610425635,22.040000915527344,-0.018532057490518592,0.5647118622177667,23.950000762939453,0.8931686598884001,2.299049457041892,25.46999931335449
2021-02-22,-0.9116143118184505,0.9350671780938955,22.25,-1.278260313717531,0.8371700997004432,21.540000915527344,0.9853518205688275,0.45678191495783144,21.780000686645508,0.4412176664707947,0.5426663293822916,23.049999237060547,1.0161630100013137,2.302970540066644,25.229999542236328
2021-02-23,-2.063971564030592,1.1701025749407712,25.46999931335449,-0.9116143118184505,0.9350671780938955,22.25,-1.278260313717531,0.8371700997004432,21.540000915527344,-0.06592696934370658,0.5750247610425635,22.040000915527344,1.07236569435268,2.342815831696206,24.170000076293945
2021-02-24,0.2184873969705697,1.2127566890471793,25.229999542236328,-2.063971564030592,1.1701025749407712,25.46999931335449,-0.9116143118184505,0.9350671780938955,22.25,0.9853518205688275,0.45678191495783144,21.780000686645508,1.293032597708214,2.3993932044429824,22.88999938964844
2021-02-25,1.847152850052029,1.5188013402810174,24.170000076293945,0.2184873969705697,1.2127566890471793,25.229999542236328,-2.063971564030592,1.1701025749407712,25.46999931335449,-1.278260313717531,0.8371700997004432,21.540000915527344,1.2037647884374458,2.4611000739976703,28.13999938964844
2021-02-26,0.7669725331353618,1.5111988841723603,22.88999938964844,1.847152850052029,1.5188013402810174,24.170000076293945,0.2184873969705697,1.2127566890471793,25.229999542236328,-0.9116143118184505,0.9350671780938955,22.25,1.177186350334493,1.489644539948986,25.6299991607666
2021-03-01,-3.8362202756303643,2.299049457041892,28.13999938964844,0.7669725331353618,1.5111988841723603,22.88999938964844,1.847152850052029,1.5188013402810174,24.170000076293945,-2.063971564030592,1.1701025749407712,25.46999931335449,1.11761704841794,1.3757197299771236,23.61000061035156
2021-03-02,1.586881087701919,2.302970540066644,25.6299991607666,-3.8362202756303643,2.299049457041892,28.13999938964844,0.7669725331353618,1.5111988841723603,22.88999938964844,0.2184873969705697,1.2127566890471793,25.229999542236328,1.6410190346262583,1.3598324012709495,22.09000015258789
2021-03-03,1.0616431079728932,2.342815831696206,23.61000061035156,1.586881087701919,2.302970540066644,25.6299991607666,-3.8362202756303643,2.299049457041892,28.13999938964844,1.847152850052029,1.5188013402810174,24.170000076293945,1.5580695499082309,0.8953759646659961,24.149999618530277
2021-03-04,2.1648666152392937,2.3993932044429824,22.09000015258789,1.0616431079728932,2.342815831696206,23.61000061035156,1.586881087701919,2.302970540066644,25.6299991607666,0.7669725331353618,1.5111988841723603,22.88999938964844,1.4673481504045098,0.85928524837107,25.559999465942383
2021-03-05,-1.0871815118793142,2.4611000739976703,24.149999618530277,2.1648666152392937,2.3993932044429824,22.09000015258789,1.0616431079728932,2.342815831696206,23.61000061035156,-3.8362202756303643,2.299049457041892,28.13999938964844,1.4228806039139512,0.7953079867028263,24.68000030517578
2021-03-08,-0.9504125991607463,1.489644539948986,25.559999465942383,-1.0871815118793142,2.4611000739976703,24.149999618530277,2.1648666152392937,2.3993932044429824,22.09000015258789,1.586881087701919,2.302970540066644,25.6299991607666,1.4573398430373472,0.7927150260446998,22.5
2021-03-09,0.12109725444472019,1.3757197299771236,24.68000030517578,-0.9504125991607463,1.489644539948986,25.559999465942383,-1.0871815118793142,2.4611000739976703,24.149999618530277,1.0616431079728932,2.342815831696206,23.61000061035156,1.4695267438236923,0.704863705189761,20.75
2021-03-10,0.9462861169810146,1.3598324012709495,22.5,0.12109725444472019,1.3757197299771236,24.68000030517578,-0.9504125991607463,1.489644539948986,25.559999465942383,2.1648666152392937,2.3993932044429824,22.09000015258789,1.3583639535584724,0.45089102772657813,21.709999084472656
2021-03-12,0.5047340602462587,0.8953759646659961,20.75,0.9462861169810146,1.3598324012709495,22.5,0.12109725444472019,1.3757197299771236,24.68000030517578,-1.0871815118793142,2.4611000739976703,24.149999618530277,1.2856557134883466,1.0274724021953503,21.229999542236328
2021-03-15,-0.9524722735275023,0.85928524837107,21.709999084472656,0.5047340602462587,0.8953759646659961,20.75,0.9462861169810146,1.3598324012709495,22.5,-0.9504125991607463,1.489644539948986,25.559999465942383,1.2063477073999196,1.0211416824480088,20.190000534057617
2021-03-16,-0.6772300308835675,0.7953079867028263,21.229999542236328,-0.9524722735275023,0.85928524837107,21.709999084472656,0.5047340602462587,0.8953759646659961,20.75,0.12109725444472019,1.3757197299771236,24.68000030517578,1.247205544961607,1.0830327932592507,20.15999984741211
2021-03-17,-0.12767988653300597,0.7927150260446998,20.190000534057617,-0.6772300308835675,0.7953079867028263,21.229999542236328,-0.9524722735275023,0.85928524837107,21.709999084472656,0.9462861169810146,1.3598324012709495,22.5,1.2467347718530506,1.2384894772963784,20.07999992370605
2021-03-18,-1.2766911155539131,0.704863705189761,20.15999984741211,-0.12767988653300597,0.7927150260446998,20.190000534057617,-0.6772300308835675,0.7953079867028263,21.229999542236328,0.5047340602462587,0.8953759646659961,20.75,1.1760404320443287,1.3287689897781794,19.989999771118164
2021-03-19,-1.1165071153974404,0.45089102772657813,20.07999992370605,-1.2766911155539131,0.704863705189761,20.15999984741211,-0.12767988653300597,0.7927150260446998,20.190000534057617,-0.9524722735275023,0.85928524837107,21.709999084472656,1.2653845650012872,1.3271745319649693,20.489999771118164
2021-03-22,1.2705880170274957,1.0274724021953503,19.989999771118164,-1.1165071153974404,0.45089102772657813,20.07999992370605,-1.2766911155539131,0.704863705189761,20.15999984741211,-0.6772300308835675,0.7953079867028263,21.229999542236328,1.3220053095522268,1.785845043351166,20.670000076293945
2021-03-23,-0.05155703072306843,1.0211416824480088,20.489999771118164,1.2705880170274957,1.0274724021953503,19.989999771118164,-1.1165071153974404,0.45089102772657813,20.07999992370605,-0.12767988653300597,0.7927150260446998,20.190000534057617,1.2637704141670671,1.8395313776253102,22.459999084472656
2021-03-24,0.5302656033791128,1.0830327932592507,20.670000076293945,-0.05155703072306843,1.0211416824480088,20.489999771118164,1.2705880170274957,1.0274724021953503,19.989999771118164,-1.2766911155539131,0.704863705189761,20.15999984741211,1.181890271948714,1.6510940362159348,22.700000762939453
2021-03-25,-1.8073523592070435,1.2384894772963784,22.459999084472656,0.5302656033791128,1.0830327932592507,20.670000076293945,-0.05155703072306843,1.0211416824480088,20.489999771118164,-1.1165071153974404,0.45089102772657813,20.07999992370605,1.1141488600076632,1.6513896644308868,20.649999618530277
2021-03-26,-1.5550473459416194,1.3287689897781794,22.700000762939453,-1.8073523592070435,1.2384894772963784,22.459999084472656,0.5302656033791128,1.0830327932592507,20.670000076293945,1.2705880170274957,1.0274724021953503,19.989999771118164,1.2891255595797235,1.584845429357756,20.489999771118164
2021-03-30,1.265264850918062,1.3271745319649693,20.649999618530277,-1.5550473459416194,1.3287689897781794,22.700000762939453,-1.8073523592070435,1.2384894772963784,22.459999084472656,-0.05155703072306843,1.0211416824480088,20.489999771118164,1.404539914863273,1.2122740544678614,20.649999618530277
2021-03-31,2.3017860602701368,1.785845043351166,20.489999771118164,1.265264850918062,1.3271745319649693,20.649999618530277,-1.5550473459416194,1.3287689897781794,22.700000762939453,0.5302656033791128,1.0830327932592507,20.670000076293945,1.3372646011669662,1.074783447601367,19.989999771118164
2021-04-01,-1.0455164345430579,1.8395313776253102,20.649999618530277,2.3017860602701368,1.785845043351166,20.489999771118164,1.265264850918062,1.3271745319649693,20.649999618530277,-1.8073523592070435,1.2384894772963784,22.459999084472656,1.311681690343566,0.9431284893020271,21.21999931335449
2021-04-05,1.1952853344086898,1.6510940362159348,19.989999771118164,-1.0455164345430579,1.8395313776253102,20.649999618530277,2.3017860602701368,1.785845043351166,20.489999771118164,-1.5550473459416194,1.3287689897781794,22.700000762939453,1.353297198805561,1.8069311492670654,20.84000015258789
2021-04-06,-1.5560296479187625,1.6513896644308868,21.21999931335449,1.1952853344086898,1.6510940362159348,19.989999771118164,-1.0455164345430579,1.8395313776253102,20.649999618530277,1.265264850918062,1.3271745319649693,20.649999618530277,1.289251040761306,1.9683064726140287,20.25
2021-04-07,0.31172037135109876,1.584845429357756,20.84000015258789,-1.5560296479187625,1.6513896644308868,21.21999931335449,1.1952853344086898,1.6510940362159348,19.989999771118164,2.3017860602701368,1.785845043351166,20.489999771118164,1.4047908419384842,1.917529787803643,20.309999465942383
2021-04-08,0.91890876818974,1.2122740544678614,20.25,0.31172037135109876,1.584845429357756,20.84000015258789,-1.5560296479187625,1.6513896644308868,21.21999931335449,-1.0455164345430579,1.8395313776253102,20.649999618530277,1.30667055422767,1.9074693338107436,19.790000915527344
2021-04-09,0.3687760707936765,1.074783447601367,20.309999465942383,0.91890876818974,1.2122740544678614,20.25,0.31172037135109876,1.584845429357756,20.84000015258789,1.1952853344086898,1.6510940362159348,19.989999771118164,1.2385663311657342,2.0091525910698182,23.0
2021-04-12,-0.2622146640661241,0.9431284893020271,19.790000915527344,0.3687760707936765,1.074783447601367,20.309999465942383,0.91890876818974,1.2122740544678614,20.25,-1.5560296479187625,1.6513896644308868,21.21999931335449,1.159783510807053,1.175325915061085,20.459999084472656
2021-04-13,-3.5964632817239215,1.8069311492670654,23.0,-0.2622146640661241,0.9431284893020271,19.790000915527344,0.3687760707936765,1.074783447601367,20.309999465942383,0.31172037135109876,1.584845429357756,20.84000015258789,1.114941382177841,1.0254489259389277,20.88999938964844
2021-04-15,1.3465132344700306,1.9683064726140287,20.459999084472656,-3.5964632817239215,1.8069311492670654,23.0,-0.2622146640661241,0.9431284893020271,19.790000915527344,0.91890876818974,1.2122740544678614,20.25,1.5932565049243934,0.9583120758254144,20.399999618530277
2021-04-16,0.5270570669209097,1.917529787803643,20.88999938964844,1.3465132344700306,1.9683064726140287,20.459999084472656,-3.5964632817239215,1.8069311492670654,23.0,0.3687760707936765,1.074783447601367,20.309999465942383,1.507852133438872,1.116833543514488,22.489999771118164
2021-04-19,0.24931716281266103,1.9074693338107436,20.399999618530277,0.5270570669209097,1.917529787803643,20.88999938964844,1.3465132344700306,1.9683064726140287,20.459999084472656,-0.2622146640661241,0.9431284893020271,19.790000915527344,1.4054595880194658,0.7883952406361282,22.43000030517578
2021-04-20,-1.7835082308829993,2.0091525910698182,22.489999771118164,0.24931716281266103,1.9074693338107436,20.399999618530277,0.5270570669209097,1.917529787803643,20.88999938964844,-3.5964632817239215,1.8069311492670654,23.0,1.3052758099254356,0.7294010263114624,23.030000686645508
2021-04-22,-0.44004910090830246,1.175325915061085,22.43000030517578,-1.7835082308829993,2.0091525910698182,22.489999771118164,0.24931716281266103,1.9074693338107436,20.399999618530277,1.3465132344700306,1.9683064726140287,20.459999084472656,1.4517733633283498,0.7739740397611772,22.690000534057617
2021-04-23,0.7647441212800463,1.0254489259389277,23.030000686645508,-0.44004910090830246,1.175325915061085,22.43000030517578,-1.7835082308829993,2.0091525910698182,22.489999771118164,0.5270570669209097,1.917529787803643,20.88999938964844,1.3983514341021457,1.3050068759205329,23.5
2021-04-26,-0.45082800942043294,0.9583120758254144,22.690000534057617,0.7647441212800463,1.0254489259389277,23.030000686645508,-0.44004910090830246,1.175325915061085,22.43000030517578,0.24931716281266103,1.9074693338107436,20.399999618530277,1.3154753645178112,1.2658558223162062,23.07999992370605
2021-04-27,0.9966685459202935,1.116833543514488,23.5,-0.45082800942043294,0.9583120758254144,22.690000534057617,0.7647441212800463,1.0254489259389277,23.030000686645508,-1.7835082308829993,2.0091525910698182,22.489999771118164,1.2782613596114425,1.2197660151428542,22.57999992370605
2021-04-28,1.1534860370141113,0.7883952406361282,23.07999992370605,0.9966685459202935,1.116833543514488,23.5,-0.45082800942043294,0.9583120758254144,22.690000534057617,-0.44004910090830246,1.175325915061085,22.43000030517578,1.215688704952279,1.2640818770810835,23.309999465942383
2021-04-29,1.4330678808834763,0.7294010263114624,22.57999992370605,1.1534860370141113,0.7883952406361282,23.07999992370605,0.9966685459202935,1.116833543514488,23.5,0.7647441212800463,1.0254489259389277,23.030000686645508,1.164803761229842,1.4713289158438467,23.030000686645508
2021-04-30,0.2039728305535653,0.7739740397611772,23.309999465942383,1.4330678808834763,0.7294010263114624,22.57999992370605,1.1534860370141113,0.7883952406361282,23.07999992370605,-0.45082800942043294,0.9583120758254144,22.690000534057617,1.128447244195735,1.4316762449614648,23.690000534057617
2021-05-03,-1.78695252286075,1.3050068759205329,23.030000686645508,0.2039728305535653,0.7739740397611772,23.309999465942383,1.4330678808834763,0.7294010263114624,22.57999992370605,0.9966685459202935,1.116833543514488,23.5,1.0556021774036504,1.4349744802538789,23.01000022888184
2021-05-04,0.02084917272909865,1.2658558223162062,23.690000534057617,-1.78695252286075,1.3050068759205329,23.030000686645508,0.2039728305535653,0.7739740397611772,23.309999465942383,1.1534860370141113,0.7883952406361282,23.07999992370605,1.2352735726948385,1.451431782076755,22.040000915527344
2021-05-06,-0.9450624224999165,1.2197660151428542,23.01000022888184,0.02084917272909865,1.2658558223162062,23.690000534057617,-1.78695252286075,1.3050068759205329,23.030000686645508,1.4330678808834763,0.7294010263114624,22.57999992370605,1.1474588312140954,1.4021479560838919,20.229999542236328
2021-05-10,1.5625892858758945,1.2640818770810835,22.040000915527344,-0.9450624224999165,1.2197660151428542,23.01000022888184,0.02084917272909865,1.2658558223162062,23.690000534057617,0.2039728305535653,0.7739740397611772,23.309999465942383,1.1938547973473683,1.344689411697576,20.07999992370605
2021-05-12,1.466630320463468,1.4713289158438467,20.229999542236328,1.5625892858758945,1.2640818770810835,22.040000915527344,-0.9450624224999165,1.2197660151428542,23.01000022888184,-1.78695252286075,1.3050068759205329,23.030000686645508,1.1587934365945176,0.9242760469458378,20.270000457763672
2021-05-14,-1.6590066845478906,1.4316762449614648,20.07999992370605,1.466630320463468,1.4713289158438467,20.229999542236328,1.5625892858758945,1.2640818770810835,22.040000915527344,0.02084917272909865,1.2658558223162062,23.690000534057617,1.1241757655352578,0.8739495618623724,19.61000061035156
2021-05-17,-0.12732353086285958,1.4349744802538789,20.270000457763672,-1.6590066845478906,1.4316762449614648,20.07999992370605,1.466630320463468,1.4713289158438467,20.229999542236328,-0.9450624224999165,1.2197660151428542,23.01000022888184,1.275466186289652,0.6963587452389985,19.239999771118164
2021-05-18,1.6577589783995916,1.451431782076755,19.61000061035156,-0.12732353086285958,1.4349744802538789,20.270000457763672,-1.6590066845478906,1.4316762449614648,20.07999992370605,1.5625892858758945,1.2640818770810835,22.040000915527344,1.201730159451173,0.5649735545474448,19.31999969482422
2021-05-19,1.2317273309973076,1.4021479560838919,19.239999771118164,1.6577589783995916,1.451431782076755,19.61000061035156,-0.12732353086285958,1.4349744802538789,20.270000457763672,1.466630320463468,1.4713289158438467,20.229999542236328,1.1690213420119426,0.3359206057999188,19.07999992370605
2021-05-21,-0.517278823833418,1.344689411697576,19.31999969482422,1.2317273309973076,1.4021479560838919,19.239999771118164,1.6577589783995916,1.451431782076755,19.61000061035156,-1.6590066845478906,1.4316762449614648,20.07999992370605,1.1255512215143826,0.3163415241442419,19.1299991607666
2021-05-24,0.96108834927949,0.9242760469458378,19.07999992370605,-0.517278823833418,1.344689411697576,19.31999969482422,1.2317273309973076,1.4021479560838919,19.239999771118164,-0.12732353086285958,1.4349744802538789,20.270000457763672,1.1170504918210509,0.3602327531030916,20.8700008392334
2021-05-26,0.14750202275935761,0.8739495618623724,19.1299991607666,0.96108834927949,0.9242760469458378,19.07999992370605,-0.517278823833418,1.344689411697576,19.31999969482422,1.6577589783995916,1.451431782076755,19.61000061035156,1.069967318148746,0.36736386163286416,19.90999984741211
2021-05-27,0.6803494449203394,0.6963587452389985,20.8700008392334,0.14750202275935761,0.8739495618623724,19.1299991607666,0.96108834927949,0.9242760469458378,19.07999992370605,1.2317273309973076,1.4021479560838919,19.239999771118164,1.0011394733121557,0.45832949604040973,17.399999618530273
2021-05-28,0.23759962804964516,0.5649735545474448,19.90999984741211,0.6803494449203394,0.6963587452389985,20.8700008392334,0.14750202275935761,0.8739495618623724,19.1299991607666,-0.517278823833418,1.344689411697576,19.31999969482422,0.9563727885591128,0.4479695652062236,17.389999389648438
2021-06-01,0.6356190262519319,0.3359206057999188,17.399999618530273,0.23759962804964516,0.5649735545474448,19.90999984741211,0.6803494449203394,0.6963587452389985,20.8700008392334,0.96108834927949,0.9242760469458378,19.07999992370605,0.9015034160227068,0.3875245013082474,17.209999084472656
2021-06-02,0.8977614270983622,0.3163415241442419,17.389999389648438,0.6356190262519319,0.3359206057999188,17.399999618530273,0.23759962804964516,0.5649735545474448,19.90999984741211,0.14750202275935761,0.8739495618623724,19.1299991607666,0.8648491501864601,0.5568948386865277,15.75
2021-06-03,0.00867120656808025,0.3602327531030916,17.209999084472656,0.8977614270983622,0.3163415241442419,17.389999389648438,0.6356190262519319,0.3359206057999188,17.399999618530273,0.6803494449203394,0.6963587452389985,20.8700008392334,0.8403426913898921,0.5348009463388733,15.9399995803833
2021-06-04,0.7301728008600276,0.36736386163286416,15.75,0.00867120656808025,0.3602327531030916,17.209999084472656,0.8977614270983622,0.3163415241442419,17.389999389648438,0.23759962804964516,0.5649735545474448,19.90999984741211,0.7926279951621207,0.5393943863378824,15.56999969482422
2021-06-07,-0.12818385093088214,0.45832949604040973,15.9399995803833,0.7301728008600276,0.36736386163286416,15.75,0.00867120656808025,0.3602327531030916,17.209999084472656,0.6356190262519319,0.3359206057999188,17.399999618530273,0.7692203529059619,0.5017802742810351,15.229999542236328
2021-06-08,0.5181136195253616,0.4479695652062236,15.56999969482422,-0.12818385093088214,0.45832949604040973,15.9399995803833,0.7301728008600276,0.36736386163286416,15.75,0.8977614270983622,0.3163415241442419,17.389999389648438,0.7451823755641995,0.5071013968905557,14.75
2021-06-09,-0.0733575096206903,0.3875245013082474,15.229999542236328,0.5181136195253616,0.4479695652062236,15.56999969482422,-0.12818385093088214,0.45832949604040973,15.9399995803833,0.00867120656808025,0.3602327531030916,17.209999084472656,0.7189964473273217,0.49696072904603045,15.0
2021-06-10,-0.6677220043073856,0.5568948386865277,14.75,-0.0733575096206903,0.3875245013082474,15.229999542236328,0.5181136195253616,0.4479695652062236,15.56999969482422,0.7301728008600276,0.36736386163286416,15.75,0.6924464919900385,0.4797123889770623,14.100000381469728
2021-06-11,0.6527933518834105,0.5348009463388733,15.0,-0.6677220043073856,0.5568948386865277,14.75,-0.0733575096206903,0.3875245013082474,15.229999542236328,-0.12818385093088214,0.45832949604040973,15.9399995803833,0.7481590688220608,0.41210213510945554,14.720000267028809
2021-06-14,0.39064903542531454,0.5393943863378824,14.100000381469728,0.6527933518834105,0.5348009463388733,15.0,-0.6677220043073856,0.5568948386865277,14.75,0.5181136195253616,0.4479695652062236,15.56999969482422,0.7261841565967291,0.47666720886599423,14.609999656677246
2021-06-15,0.07908589968395645,0.5017802742810351,14.720000267028809,0.39064903542531454,0.5393943863378824,14.100000381469728,0.6527933518834105,0.5348009463388733,15.0,-0.0733575096206903,0.3875245013082474,15.229999542236328,0.697461428290594,0.43737256318091916,14.869999885559082
2021-06-16,0.3623640223476974,0.5071013968905557,14.609999656677246,0.07908589968395645,0.5017802742810351,14.720000267028809,0.39064903542531454,0.5393943863378824,14.100000381469728,-0.6677220043073856,0.5568948386865277,14.75,0.6610231965834528,0.409643731008753,15.289999961853027
2021-06-17,-0.6429256198967984,0.49696072904603045,14.869999885559082,0.3623640223476974,0.5071013968905557,14.609999656677246,0.07908589968395645,0.5017802742810351,14.720000267028809,0.6527933518834105,0.5348009463388733,15.0,0.636993009843736,0.45898154439631766,14.800000190734863
2021-06-18,-0.4841201776747716,0.4797123889770623,15.289999961853027,-0.6429256198967984,0.49696072904603045,14.869999885559082,0.3623640223476974,0.5071013968905557,14.609999656677246,0.39064903542531454,0.5393943863378824,14.100000381469728,0.694630587333211,0.4643303000750448,15.0600004196167
2021-06-21,-0.051320131167244376,0.41210213510945554,14.800000190734863,-0.4841201776747716,0.4797123889770623,15.289999961853027,-0.6429256198967984,0.49696072904603045,14.869999885559082,0.07908589968395645,0.5017802742810351,14.720000267028809,0.7244695702582511,0.4996365468256315,14.739999771118164
2021-06-22,0.4018503199420547,0.47666720886599423,15.0600004196167,-0.051320131167244376,0.41210213510945554,14.800000190734863,-0.4841201776747716,0.4797123889770623,15.289999961853027,0.3623640223476974,0.5071013968905557,14.609999656677246,0.6946519426096202,0.5430541059868267,15.369999885559082
2021-06-23,0.16656491552922154,0.43737256318091916,14.739999771118164,0.4018503199420547,0.47666720886599423,15.0600004196167,-0.051320131167244376,0.41210213510945554,14.800000190734863,-0.6429256198967984,0.49696072904603045,14.869999885559082,0.6690462492539007,0.47605515337987314,15.100000381469728
2021-06-24,-0.5454598542621072,0.409643731008753,15.369999885559082,0.16656491552922154,0.43737256318091916,14.739999771118164,0.4018503199420547,0.47666720886599423,15.0600004196167,-0.4841201776747716,0.4797123889770623,15.289999961853027,0.6378899285090162,0.3372894660626334,13.369999885559082
2021-06-25,0.6576170313444658,0.45898154439631766,15.100000381469728,-0.5454598542621072,0.409643731008753,15.369999885559082,0.16656491552922154,0.43737256318091916,14.739999771118164,-0.051320131167244376,0.41210213510945554,14.800000190734863,0.6815885514366238,0.2634730030175472,13.399999618530272
2021-06-28,0.4416920149496724,0.4643303000750448,13.369999885559082,0.6576170313444658,0.45898154439631766,15.100000381469728,-0.5454598542621072,0.409643731008753,15.369999885559082,0.4018503199420547,0.47666720886599423,15.0600004196167,0.6656319022479743,0.42382733416511426,13.0
2021-06-29,-0.2882359835175041,0.4996365468256315,13.399999618530272,0.4416920149496724,0.4643303000750448,13.369999885559082,0.6576170313444658,0.45898154439631766,15.100000381469728,0.16656491552922154,0.43737256318091916,14.739999771118164,0.6438396760431876,0.37242979918449237,13.050000190734863
2021-06-30,-0.4197939462444536,0.5430541059868267,13.0,-0.2882359835175041,0.4996365468256315,13.399999618530272,0.4416920149496724,0.4643303000750448,13.369999885559082,-0.5454598542621072,0.409643731008753,15.369999885559082,0.6517729401290917,0.6294514585866203,12.84000015258789
2021-07-01,-0.17127578361914225,0.47605515337987314,13.050000190734863,-0.4197939462444536,0.5430541059868267,13.0,-0.2882359835175041,0.4996365468256315,13.399999618530272,0.6576170313444658,0.45898154439631766,15.100000381469728,0.6767584818161606,0.6271661530957984,12.09000015258789
2021-07-02,-0.26431873739428874,0.3372894660626334,12.84000015258789,-0.17127578361914225,0.47605515337987314,13.050000190734863,-0.4197939462444536,0.5430541059868267,13.0,0.4416920149496724,0.4643303000750448,13.369999885559082,0.6664463350758087,0.6113729160187517,12.279999732971191
2021-07-06,0.26877238189711516,0.2634730030175472,12.09000015258789,-0.26431873739428874,0.3372894660626334,12.84000015258789,-0.17127578361914225,0.47605515337987314,13.050000190734863,-0.2882359835175041,0.4996365468256315,13.399999618530272,0.6692182364636262,0.653621531302524,12.210000038146973
2021-07-07,0.6090598010463592,0.42382733416511426,12.279999732971191,0.26877238189711516,0.2634730030175472,12.09000015258789,-0.26431873739428874,0.3372894660626334,12.84000015258789,-0.4197939462444536,0.5430541059868267,13.0,0.6414027056377043,0.6369582336209983,13.5600004196167
2021-07-08,0.3874103121228537,0.37242979918449237,12.210000038146973,0.6090598010463592,0.42382733416511426,12.279999732971191,0.26877238189711516,0.2634730030175472,12.09000015258789,-0.17127578361914225,0.47605515337987314,13.050000190734863,0.6272607192444323,0.38531080311006916,12.9399995803833
2021-07-09,-0.9602209739377547,0.6294514585866203,13.5600004196167,0.3874103121228537,0.37242979918449237,12.210000038146973,0.6090598010463592,0.42382733416511426,12.279999732971191,-0.26431873739428874,0.3372894660626334,12.84000015258789,0.6069030282192995,0.3185622781170832,12.989999771118164
2021-07-12,-0.24254228908178566,0.6271661530957984,12.9399995803833,-0.9602209739377547,0.6294514585866203,13.5600004196167,0.3874103121228537,0.37242979918449237,12.210000038146973,0.26877238189711516,0.2634730030175472,12.09000015258789,0.7150525825633335,0.7034309018343021,12.619999885559082
2021-07-13,0.017843152513541637,0.6113729160187517,12.989999771118164,-0.24254228908178566,0.6271661530957984,12.9399995803833,-0.9602209739377547,0.6294514585866203,13.5600004196167,0.6090598010463592,0.42382733416511426,12.279999732971191,0.7106452624931795,0.6624055917696551,12.59000015258789
2021-07-14,0.760201680508008,0.653621531302524,12.619999885559082,0.017843152513541637,0.6113729160187517,12.989999771118164,-0.24254228908178566,0.6271661530957984,12.9399995803833,0.3874103121228537,0.37242979918449237,12.210000038146973,0.6733505462229614,0.9261928746299661,12.270000457763672
2021-07-15,0.262743737830436,0.6369582336209983,12.59000015258789,0.760201680508008,0.653621531302524,12.619999885559082,0.017843152513541637,0.6113729160187517,12.989999771118164,-0.9602209739377547,0.6294514585866203,13.5600004196167,0.6615585469250898,0.9009725463067118,11.710000038146973
2021-07-16,0.44212840314639246,0.38531080311006916,12.270000457763672,0.262743737830436,0.6369582336209983,12.59000015258789,0.760201680508008,0.653621531302524,12.619999885559082,-0.24254228908178566,0.6271661530957984,12.9399995803833,0.6341946825770907,0.9008123896682866,12.68000030517578
2021-07-19,-0.005022699813825734,0.3185622781170832,11.710000038146973,0.44212840314639246,0.38531080311006916,12.270000457763672,0.262743737830436,0.6369582336209983,12.59000015258789,0.017843152513541637,0.6113729160187517,12.989999771118164,0.6150772007382663,0.7748695710427989,13.210000038146973
2021-07-20,-1.0796990571541962,0.7034309018343021,12.68000030517578,-0.005022699813825734,0.3185622781170832,11.710000038146973,0.44212840314639246,0.38531080311006916,12.270000457763672,0.760201680508008,0.653621531302524,12.619999885559082,0.5887208257813487,0.6747375529170827,11.890000343322754
2021-07-22,-0.7666291987629491,0.6624055917696551,13.210000038146973,-1.0796990571541962,0.7034309018343021,12.68000030517578,-0.005022699813825734,0.3185622781170832,11.710000038146973,0.262743737830436,0.6369582336209983,12.59000015258789,0.7178938773214294,0.372813237843206,11.760000228881836
2021-07-23,1.2204454864528007,0.9261928746299661,11.890000343322754,-0.7666291987629491,0.6624055917696551,13.210000038146973,-1.0796990571541962,0.7034309018343021,12.68000030517578,0.44212840314639246,0.38531080311006916,12.270000457763672,0.7851924502933576,0.34355866452780537,12.449999809265137
2021-07-26,0.20201963552988086,0.9009725463067118,11.760000228881836,1.2204454864528007,0.9261928746299661,11.890000343322754,-0.7666291987629491,0.6624055917696551,13.210000038146973,-0.005022699813825734,0.3185622781170832,11.710000038146973,0.7789878755896628,0.5166280143685624,13.229999542236328
2021-07-27,-0.19948940107945673,0.9008123896682866,12.449999809265137,0.20201963552988086,0.9009725463067118,11.760000228881836,1.2204454864528007,0.9261928746299661,11.890000343322754,-1.0796990571541962,0.7034309018343021,12.68000030517578,0.7394015089069977,0.7148291423632962,13.6899995803833
2021-07-28,-0.49412691902835726,0.7748695710427989,13.229999542236328,-0.19948940107945673,0.9008123896682866,12.449999809265137,0.20201963552988086,0.9009725463067118,11.760000228881836,-0.7666291987629491,0.6624055917696551,13.210000038146973,0.7272077599632283,0.5943817467311651,12.949999809265137
2021-07-29,-0.23556712745251399,0.6747375529170827,13.6899995803833,-0.49412691902835726,0.7748695710427989,13.229999542236328,-0.19948940107945673,0.9008123896682866,12.449999809265137,1.2204454864528007,0.9261928746299661,11.890000343322754,0.7553453348477073,0.6245489005752639,12.800000190734863
2021-07-30,0.4385813200056364,0.372813237843206,12.949999809265137,-0.23556712745251399,0.6747375529170827,13.6899995803833,-0.49412691902835726,0.7748695710427989,13.229999542236328,0.20201963552988086,0.9009725463067118,11.760000228881836,0.7463947910089352,0.7034222068367978,12.8100004196167
2021-08-02,-0.0976516135808173,0.34355866452780537,12.800000190734863,0.4385813200056364,0.372813237843206,12.949999809265137,-0.23556712745251399,0.6747375529170827,13.6899995803833,-0.19948940107945673,0.9008123896682866,12.449999809265137,0.717470832286551,0.7219833666138967,13.75
2021-08-03,0.7716153904229495,0.5166280143685624,12.8100004196167,-0.0976516135808173,0.34355866452780537,12.800000190734863,0.4385813200056364,0.372813237843206,12.949999809265137,-0.49412691902835726,0.7748695710427989,13.229999542236328,0.694142285329836,0.4053315894824357,13.210000038146973
2021-08-04,1.5342653128218076,0.7148291423632962,13.75,0.7716153904229495,0.5166280143685624,12.8100004196167,-0.0976516135808173,0.34355866452780537,12.800000190734863,-0.23556712745251399,0.6747375529170827,13.6899995803833,0.6809243300700336,0.2224166408754008,12.869999885559082
2021-08-05,0.7906900379200191,0.5943817467311651,13.210000038146973,1.5342653128218076,0.7148291423632962,13.75,0.7716153904229495,0.5166280143685624,12.8100004196167,0.4385813200056364,0.372813237843206,12.949999809265137,0.6950884493981803,0.3042999432128707,12.609999656677246
2021-08-06,0.2199451962862978,0.6245489005752639,12.869999885559082,0.7906900379200191,0.5943817467311651,13.210000038146973,1.5342653128218076,0.7148291423632962,13.75,-0.0976516135808173,0.34355866452780537,12.800000190734863,0.6824305003078667,0.40589702450483384,12.609999656677246
2021-08-09,-0.34672374282357826,0.7034222068367978,12.609999656677246,0.2199451962862978,0.6245489005752639,12.869999885559082,0.7906900379200191,0.5943817467311651,13.210000038146973,0.7716153904229495,0.5166280143685624,12.8100004196167,0.6518835704558233,0.3957444212763701,12.710000038146973
2021-08-10,0.12339690711517842,0.7219833666138967,12.609999656677246,-0.34672374282357826,0.7034222068367978,12.609999656677246,0.2199451962862978,0.6245489005752639,12.869999885559082,1.5342653128218076,0.7148291423632962,13.75,0.666942804677935,0.3767172924279665,12.710000038146973
2021-08-11,0.13430068163520584,0.4053315894824357,12.710000038146973,0.12339690711517842,0.7219833666138967,12.609999656677246,-0.34672374282357826,0.7034222068367978,12.609999656677246,0.7906900379200191,0.5943817467311651,13.210000038146973,0.6345527462614335,0.4641907613411426,12.369999885559082
2021-08-12,0.013207834532344713,0.2224166408754008,12.710000038146973,0.13430068163520584,0.4053315894824357,12.710000038146973,0.12339690711517842,0.7219833666138967,12.609999656677246,0.2199451962862978,0.6245489005752639,12.869999885559082,0.6052375079468082,0.6473674820828317,12.989999771118164
2021-08-13,0.5032710127087299,0.3042999432128707,12.369999885559082,0.013207834532344713,0.2224166408754008,12.710000038146973,0.13430068163520584,0.4053315894824357,12.710000038146973,-0.34672374282357826,0.7034222068367978,12.609999656677246,0.5773941815504829,0.44681056232774313,13.460000038146973
2021-08-16,1.0014172717061967,0.40589702450483384,12.989999771118164,0.5032710127087299,0.3042999432128707,12.369999885559082,0.013207834532344713,0.2224166408754008,12.710000038146973,0.12339690711517842,0.7219833666138967,12.609999656677246,0.5650170498655981,0.5778361497497414,13.40999984741211
2021-08-17,0.20519176533692787,0.3957444212763701,13.460000038146973,1.0014172717061967,0.40589702450483384,12.989999771118164,0.5032710127087299,0.3042999432128707,12.369999885559082,0.13430068163520584,0.4053315894824357,12.710000038146973,0.5706629542909839,0.5628666295842124,12.90999984741211
2021-08-18,0.31074454639570137,0.3767172924279665,13.40999984741211,0.20519176533692787,0.3957444212763701,13.460000038146973,1.0014172717061967,0.40589702450483384,12.989999771118164,0.013207834532344713,0.2224166408754008,12.710000038146973,0.548897201935939,0.5386872193265387,14.020000457763672
2021-08-20,-0.2757400455017452,0.4641907613411426,12.90999984741211,0.31074454639570137,0.3767172924279665,13.40999984741211,0.20519176533692787,0.3957444212763701,13.460000038146973,0.5032710127087299,0.3042999432128707,12.369999885559082,0.5323669079896459,0.3066700823918608,13.6899995803833
2021-08-23,-0.7168531033199722,0.6473674820828317,14.020000457763672,-0.2757400455017452,0.4641907613411426,12.90999984741211,0.31074454639570137,0.3767172924279665,13.40999984741211,1.0014172717061967,0.40589702450483384,12.989999771118164,0.5481417651472252,0.5526122673491963,13.1899995803833
2021-08-24,0.27892869980642737,0.44681056232774313,13.6899995803833,-0.7168531033199722,0.6473674820828317,14.020000457763672,-0.2757400455017452,0.4641907613411426,12.90999984741211,0.20519176533692787,0.3957444212763701,13.460000038146973,0.6254869399011889,0.6246671880853547,13.5
2021-08-25,0.7738343720985011,0.5778361497497414,13.1899995803833,0.27892869980642737,0.44681056232774313,13.6899995803833,-0.7168531033199722,0.6473674820828317,14.020000457763672,0.31074454639570137,0.3767172924279665,13.40999984741211,0.6016826952042464,0.7246347129618982,13.539999961853027
2021-08-26,0.06043901504665573,0.5628666295842124,13.5,0.7738343720985011,0.5778361497497414,13.1899995803833,0.27892869980642737,0.44681056232774313,13.6899995803833,-0.2757400455017452,0.4641907613411426,12.90999984741211,0.5964548781911776,0.6768368334264088,13.40999984741211
2021-08-27,0.013525068417903375,0.5386872193265387,13.539999961853027,0.06043901504665573,0.5628666295842124,13.5,0.7738343720985011,0.5778361497497414,13.1899995803833,-0.7168531033199722,0.6473674820828317,14.020000457763672,0.5678527266135708,0.6666881691156001,13.31999969482422
2021-08-30,0.4096857993577663,0.3066700823918608,13.40999984741211,0.013525068417903375,0.5386872193265387,13.539999961853027,0.06043901504665573,0.5628666295842124,13.5,0.27892869980642737,0.44681056232774313,13.6899995803833,0.5429870730300022,0.5826701278286213,14.520000457763672
2021-08-31,1.3429259014094868,0.5526122673491963,13.31999969482422,0.4096857993577663,0.3066700823918608,13.40999984741211,0.013525068417903375,0.5386872193265387,13.539999961853027,0.7738343720985011,0.5778361497497414,13.1899995803833,0.5302319501264804,0.4930932236246723,14.1899995803833
2021-09-01,1.1810427696351353,0.6246671880853547,14.520000457763672,1.3429259014094868,0.5526122673491963,13.31999969482422,0.4096857993577663,0.3066700823918608,13.40999984741211,0.06043901504665573,0.5628666295842124,13.5,0.5507897627341861,0.4197062049131881,14.239999771118164
2021-09-02,-0.3271078924395011,0.7246347129618982,14.1899995803833,1.1810427696351353,0.6246671880853547,14.520000457763672,1.3429259014094868,0.5526122673491963,13.31999969482422,0.013525068417903375,0.5386872193265387,13.539999961853027,0.5638934318678483,0.25616819999383217,14.539999961853027
2021-09-03,0.9204293951085802,0.6768368334264088,14.239999771118164,-0.3271078924395011,0.7246347129618982,14.1899995803833,1.1810427696351353,0.6246671880853547,14.520000457763672,0.4096857993577663,0.3066700823918608,13.40999984741211,0.5839928780751381,0.17044807494848363,15.109999656677246
2021-09-06,0.5176808010644206,0.6666881691156001,14.539999961853027,0.9204293951085802,0.6768368334264088,14.239999771118164,-0.3271078924395011,0.7246347129618982,14.1899995803833,1.3429259014094868,0.5526122673491963,13.31999969482422,0.585260452590909,0.10665702315880796,14.899999618530272
2021-09-07,0.3123863322045117,0.5826701278286213,15.109999656677246,0.5176808010644206,0.6666881691156001,14.539999961853027,0.9204293951085802,0.6768368334264088,14.239999771118164,1.1810427696351353,0.6246671880853547,14.520000457763672,0.5727257170131965,0.3581955663990801,14.40999984741211
2021-09-08,-0.09039273439216094,0.4930932236246723,14.899999618530272,0.3123863322045117,0.5826701278286213,15.109999656677246,0.5176808010644206,0.6666881691156001,14.539999961853027,-0.3271078924395011,0.7246347129618982,14.1899995803833,0.5543463663021879,0.376729145303151,13.9399995803833
2021-09-09,-0.04954320044973781,0.4197062049131881,14.40999984741211,-0.09039273439216094,0.4930932236246723,14.899999618530272,0.3123863322045117,0.5826701278286213,15.109999656677246,0.9204293951085802,0.6768368334264088,14.239999771118164,0.5438110029679948,0.451575108875162,14.029999732971191
2021-09-13,0.09071862729865193,0.25616819999383217,13.9399995803833,-0.04954320044973781,0.4197062049131881,14.40999984741211,-0.09039273439216094,0.4930932236246723,14.899999618530272,0.5176808010644206,0.6666881691156001,14.539999961853027,0.5288610251694406,0.7518888674380805,13.579999923706056
2021-09-14,-0.08034211637875494,0.17044807494848363,14.029999732971191,0.09071862729865193,0.25616819999383217,13.9399995803833,-0.04954320044973781,0.4197062049131881,14.40999984741211,0.3123863322045117,0.5826701278286213,15.109999656677246,0.5066171964968571,0.8555266961036754,13.729999542236328
2021-09-15,0.14221395731308123,0.10665702315880796,13.579999923706056,-0.08034211637875494,0.17044807494848363,14.029999732971191,0.09071862729865193,0.25616819999383217,13.9399995803833,-0.09039273439216094,0.4930932236246723,14.899999618530272,0.498544957792525,0.7919806221316175,14.40999984741211
2021-09-16,0.7991527890878581,0.3581955663990801,13.729999542236328,0.14221395731308123,0.10665702315880796,13.579999923706056,-0.08034211637875494,0.17044807494848363,14.029999732971191,-0.04954320044973781,0.4197062049131881,14.40999984741211,0.4803255128814574,1.0397675526316912,15.229999542236328
2021-09-17,0.6261987530756848,0.376729145303151,14.40999984741211,0.7991527890878581,0.3581955663990801,13.729999542236328,0.14221395731308123,0.10665702315880796,13.579999923706056,0.09071862729865193,0.25616819999383217,13.9399995803833,0.4857671476801655,1.0087457380330036,17.489999771118164
2021-09-20,-0.2518817158814708,0.451575108875162,15.229999542236328,0.6261987530756848,0.376729145303151,14.40999984741211,0.7991527890878581,0.3581955663990801,13.729999542236328,-0.08034211637875494,0.17044807494848363,14.029999732971191,0.484820438336566,0.7102853966856192,16.520000457763672
2021-09-21,-1.076276621795277,0.7518888674380805,17.489999771118164,-0.2518817158814708,0.451575108875162,15.229999542236328,0.6261987530756848,0.376729145303151,14.40999984741211,0.14221395731308123,0.10665702315880796,13.579999923706056,0.5012381781086959,0.8080926198675602,16.489999771118164
2021-09-22,0.9445425055689747,0.8555266961036754,16.520000457763672,-1.076276621795277,0.7518888674380805,17.489999771118164,-0.2518817158814708,0.451575108875162,15.229999542236328,0.7991527890878581,0.3581955663990801,13.729999542236328,0.6411769442353886,0.8212207291041832,16.600000381469727
2021-09-23,-0.08744061752431491,0.7919806221316175,16.489999771118164,0.9445425055689747,0.8555266961036754,16.520000457763672,-1.076276621795277,0.7518888674380805,17.489999771118164,0.6261987530756848,0.376729145303151,14.40999984741211,0.638423546159142,0.33240297119315987,16.920000076293945
2021-09-24,1.562383807742847,1.0397675526316912,16.600000381469727,-0.08744061752431491,0.7919806221316175,16.489999771118164,0.9445425055689747,0.8555266961036754,16.520000457763672,-0.2518817158814708,0.451575108875162,15.229999542236328,0.6205917992867608,0.2556145783647717,18.049999237060547
2021-09-27,0.16958112674268216,1.0087457380330036,16.920000076293945,1.562383807742847,1.0397675526316912,16.600000381469727,-0.08744061752431491,0.7919806221316175,16.489999771118164,-1.076276621795277,0.7518888674380805,17.489999771118164,0.6411516200000734,0.6259750251956857,18.540000915527344
2021-09-28,0.010643971788971012,0.7102853966856192,18.049999237060547,0.16958112674268216,1.0087457380330036,16.920000076293945,1.562383807742847,1.0397675526316912,16.600000381469727,0.9445425055689747,0.8555266961036754,16.520000457763672,0.6124428067148485,0.6873506186197172,18.84000015258789
2021-09-29,-0.5982542262753364,0.8080926198675602,18.540000915527344,0.010643971788971012,0.7102853966856192,18.049999237060547,0.16958112674268216,1.0087457380330036,16.920000076293945,-0.08744061752431491,0.7919806221316175,16.489999771118164,0.5843316741771045,0.8427510028867258,18.399999618530277
2021-09-30,-0.2103719495544819,0.8212207291041832,18.84000015258789,-0.5982542262753364,0.8080926198675602,18.540000915527344,0.010643971788971012,0.7102853966856192,18.049999237060547,1.562383807742847,1.0397675526316912,16.600000381469727,0.6406421624715043,0.8753089116614187,17.209999084472656
2021-10-01,-0.5273255224157625,0.33240297119315987,18.399999618530277,-0.2103719495544819,0.8212207291041832,18.84000015258789,-0.5982542262753364,0.8080926198675602,18.540000915527344,0.16958112674268216,1.0087457380330036,16.920000076293945,0.6385546364294175,0.7934952192505855,16.739999771118164
2021-10-04,-0.4898963801205104,0.2556145783647717,17.209999084472656,-0.5273255224157625,0.33240297119315987,18.399999618530277,-0.2103719495544819,0.8212207291041832,18.84000015258789,0.010643971788971012,0.7102853966856192,18.049999237060547,0.6796443747113339,0.7439103317400877,16.399999618530273
2021-10-05,0.9039488024266832,0.6259750251956857,16.739999771118164,-0.4898963801205104,0.2556145783647717,17.209999084472656,-0.5273255224157625,0.33240297119315987,18.399999618530277,-0.5982542262753364,0.8080926198675602,18.540000915527344,0.7116823642777507,0.7006409511762599,17.329999923706055
2021-10-06,0.7380358946066972,0.6873506186197172,16.399999618530273,0.9039488024266832,0.6259750251956857,16.739999771118164,-0.4898963801205104,0.2556145783647717,17.209999084472656,-0.2103719495544819,0.8212207291041832,18.84000015258789,0.701387663447357,0.3071085760011955,16.15999984741211
2021-10-07,-0.9941397212065624,0.8427510028867258,17.329999923706055,0.7380358946066972,0.6873506186197172,16.399999618530273,0.9039488024266832,0.6259750251956857,16.739999771118164,-0.5273255224157625,0.33240297119315987,18.399999618530277,0.6864049583539203,0.34269244309920494,15.649999618530272
2021-10-08,0.8147024701314761,0.8753089116614187,16.15999984741211,-0.9941397212065624,0.8427510028867258,17.329999923706055,0.7380358946066972,0.6873506186197172,16.399999618530273,-0.4898963801205104,0.2556145783647717,17.209999084472656,0.7907085600202809,0.3482434256455403,16.09000015258789
2021-10-11,0.5876323303578523,0.7934952192505855,15.649999618530272,0.8147024701314761,0.8753089116614187,16.15999984741211,-0.9941397212065624,0.8427510028867258,17.329999923706055,0.9039488024266832,0.6259750251956857,16.739999771118164,0.7702986405107669,0.547697487874912,15.850000381469728
2021-10-12,0.2831942397492044,0.7439103317400877,16.09000015258789,0.5876323303578523,0.7934952192505855,15.649999618530272,0.8147024701314761,0.8753089116614187,16.15999984741211,0.7380358946066972,0.6873506186197172,16.399999618530273,0.7441727336408833,0.8239953201418211,16.100000381469727
2021-10-13,0.2559973015762186,0.7006409511762599,15.850000381469728,0.2831942397492044,0.7439103317400877,16.09000015258789,0.5876323303578523,0.7934952192505855,15.649999618530272,-0.9941397212065624,0.8427510028867258,17.329999923706055,0.7103336518126645,0.7947978037320079,15.770000457763672
2021-10-14,0.9393341950983449,0.3071085760011955,16.100000381469727,0.2559973015762186,0.7006409511762599,15.850000381469728,0.2831942397492044,0.7439103317400877,16.09000015258789,0.8147024701314761,0.8753089116614187,16.15999984741211,0.6785648545954579,0.5937326668230858,17.18000030517578
2021-10-18,0.9687709975996202,0.34269244309920494,15.770000457763672,0.9393341950983449,0.3071085760011955,16.100000381469727,0.2559973015762186,0.7006409511762599,15.850000381469728,0.5876323303578523,0.7934952192505855,15.649999618530272,0.6723888519293889,0.320161462842175,17.3799991607666
2021-10-19,0.7524019573498294,0.3482434256455403,17.18000030517578,0.9687709975996202,0.34269244309920494,15.770000457763672,0.9393341950983449,0.3071085760011955,16.100000381469727,0.2831942397492044,0.7439103317400877,16.09000015258789,0.6677558873386744,0.6188270384628569,18.309999465942383
2021-10-20,-0.31602962146704855,0.547697487874912,17.3799991607666,0.7524019573498294,0.3482434256455403,17.18000030517578,0.9687709975996202,0.34269244309920494,15.770000457763672,0.2559973015762186,0.7006409511762599,15.850000381469728,0.6561847200818722,0.5144611492110401,18.040000915527344
2021-10-21,-0.8294933244362599,0.8239953201418211,18.309999465942383,-0.31602962146704855,0.547697487874912,17.3799991607666,0.7524019573498294,0.3482434256455403,17.18000030517578,0.9393341950983449,0.3071085760011955,16.100000381469727,0.6667407443185007,1.0067331642185473,17.549999237060547
2021-10-22,-0.48566829115848476,0.7947978037320079,18.040000915527344,-0.8294933244362599,0.8239953201418211,18.309999465942383,-0.31602962146704855,0.547697487874912,17.3799991607666,0.9687709975996202,0.34269244309920494,15.770000457763672,0.7485378756263685,1.0525172270416991,17.610000610351562
2021-10-25,-0.3482725739431398,0.5937326668230858,17.549999237060547,-0.48566829115848476,0.7947978037320079,18.040000915527344,-0.8294933244362599,0.8239953201418211,18.309999465942383,0.7524019573498294,0.3482434256455403,17.18000030517578,0.7734954351920629,1.3711497429974957,16.75
2021-10-26,0.057946540549897285,0.320161462842175,17.610000610351562,-0.3482725739431398,0.5937326668230858,17.549999237060547,-0.48566829115848476,0.7947978037320079,18.040000915527344,-0.31602962146704855,0.547697487874912,17.3799991607666,0.7776679903600955,1.2558835899944676,16.829999923706055
2021-10-27,0.7858521663552329,0.6188270384628569,16.75,0.057946540549897285,0.320161462842175,17.610000610351562,-0.3482725739431398,0.5937326668230858,17.549999237060547,-0.8294933244362599,0.8239953201418211,18.309999465942383,0.7335178453086927,1.2555054483702541,17.90999984741211
2021-10-28,-0.31497940609639213,0.5144611492110401,16.829999923706055,0.7858521663552329,0.6188270384628569,16.75,0.057946540549897285,0.320161462842175,17.610000610351562,-0.48566829115848476,0.7947978037320079,18.040000915527344,0.7173006999415457,0.9452544205275789,17.43000030517578
2021-10-29,-1.9613430387588484,1.0067331642185473,17.90999984741211,-0.31497940609639213,0.5144611492110401,16.829999923706055,0.7858521663552329,0.6188270384628569,16.75,-0.3482725739431398,0.5937326668230858,17.549999237060547,0.7222317265080679,0.7465349853639766,17.239999771118164
2021-11-01,-1.0447905544470224,1.0525172270416991,17.43000030517578,-1.9613430387588484,1.0067331642185473,17.90999984741211,-0.31497940609639213,0.5144611492110401,16.829999923706055,0.057946540549897285,0.320161462842175,17.610000610351562,0.9811027699281716,0.5128521187011188,17.059999465942383
2021-11-02,1.4494106171593095,1.3711497429974957,17.239999771118164,-1.0447905544470224,1.0525172270416991,17.43000030517578,-1.9613430387588484,1.0067331642185473,17.90999984741211,0.7858521663552329,0.6188270384628569,16.75,1.0598907528876933,0.5005126303177283,16.1299991607666
2021-11-03,-0.2272628736845954,1.2558835899944676,17.059999465942383,1.4494106171593095,1.3711497429974957,17.239999771118164,-1.0447905544470224,1.0525172270416991,17.43000030517578,-0.31497940609639213,0.5144611492110401,16.829999923706055,1.034802773450819,0.6364237929176473,15.75
2021-11-04,-0.3345641269055336,1.2555054483702541,16.1299991607666,-0.2272628736845954,1.2558835899944676,17.059999465942383,1.4494106171593095,1.3711497429974957,17.239999771118164,-1.9613430387588484,1.0067331642185473,17.90999984741211,0.998162117933872,0.8369471296618531,16.34000015258789
2021-11-08,0.49013449265533066,0.9452544205275789,15.75,-0.3345641269055336,1.2555054483702541,16.1299991607666,-0.2272628736845954,1.2558835899944676,17.059999465942383,-1.0447905544470224,1.0525172270416991,17.43000030517578,0.9789005553289248,0.7574543505771854,16.0
2021-11-09,0.8434037348294714,0.7465349853639766,16.34000015258789,0.49013449265533066,0.9452544205275789,15.75,-0.3345641269055336,1.2555054483702541,16.1299991607666,1.4494106171593095,1.3711497429974957,17.239999771118164,0.9300721806210154,0.8135517815872977,16.309999465942383
2021-11-10,-0.13458266538282126,0.5128521187011188,16.0,0.8434037348294714,0.7465349853639766,16.34000015258789,0.49013449265533066,0.9452544205275789,15.75,-0.2272628736845954,1.2558835899944676,17.059999465942383,0.8975625735925761,0.8461849302077307,16.350000381469727
2021-11-11,-0.15002606334366786,0.5005126303177283,16.309999465942383,-0.13458266538282126,0.5128521187011188,16.0,0.8434037348294714,0.7465349853639766,16.34000015258789,-0.3345641269055336,1.2555054483702541,16.1299991607666,0.8624835217359533,0.8366344879522882,15.220000267028809
2021-11-12,-0.8002071858204449,0.6364237929176473,16.350000381469727,-0.15002606334366786,0.5005126303177283,16.309999465942383,-0.13458266538282126,0.5128521187011188,16.0,0.49013449265533066,0.9452544205275789,15.75,0.8326619188560059,0.7390234584785149,15.470000267028809
2021-11-15,1.2739118453093434,0.8369471296618531,15.220000267028809,-0.8002071858204449,0.6364237929176473,16.350000381469727,-0.15002606334366786,0.5005126303177283,16.309999465942383,0.8434037348294714,0.7465349853639766,16.34000015258789,0.892849609616535,0.8802391205785324,15.199999809265137
2021-11-16,0.03699978996557182,0.7574543505771854,15.470000267028809,1.2739118453093434,0.8369471296618531,15.220000267028809,-0.8002071858204449,0.6364237929176473,16.350000381469727,-0.13458266538282126,0.5128521187011188,16.0,0.8783140474882896,0.883574194975749,14.979999542236328
2021-11-17,-0.6106589273008451,0.8135517815872977,15.199999809265137,0.03699978996557182,0.7574543505771854,15.470000267028809,1.2739118453093434,0.8369471296618531,15.220000267028809,-0.15002606334366786,0.5005126303177283,16.309999465942383,0.8243227082740864,1.0758905799165834,14.859999656677246
2021-11-18,-0.5601956226916921,0.8461849302077307,14.979999542236328,-0.6106589273008451,0.8135517815872977,15.199999809265137,0.03699978996557182,0.7574543505771854,15.470000267028809,-0.8002071858204449,0.6364237929176473,16.350000381469727,0.8589774305562543,1.5813883409671703,17.520000457763672
2021-11-22,-0.7506297537132803,0.8366344879522882,14.859999656677246,-0.5601956226916921,0.8461849302077307,14.979999542236328,-0.6106589273008451,0.8135517815872977,15.199999809265137,1.2739118453093434,0.8369471296618531,15.220000267028809,0.8833096815801503,1.4856359991210415,18.020000457763672
2021-11-23,-1.979806684873854,0.7390234584785149,17.520000457763672,-0.7506297537132803,0.8366344879522882,14.859999656677246,-0.5601956226916921,0.8461849302077307,14.979999542236328,0.03699978996557182,0.7574543505771854,15.470000267028809,0.9312848850785772,1.3981464704299158,17.100000381469727
2021-11-24,0.4971320417088634,0.8802391205785324,18.020000457763672,-1.979806684873854,0.7390234584785149,17.520000457763672,-0.7506297537132803,0.8366344879522882,14.859999656677246,-0.6106589273008451,0.8135517815872977,15.199999809265137,1.1591810923761734,1.5913186524710554,16.65999984741211
2021-11-25,-0.505744910102147,0.883574194975749,17.100000381469727,0.4971320417088634,0.8802391205785324,18.020000457763672,-1.979806684873854,0.7390234584785149,17.520000457763672,-0.5601956226916921,0.8461849302077307,14.979999542236328,1.0926830894439052,1.7165429570635862,20.799999237060547
2021-11-26,0.6935347288237329,1.0758905799165834,16.65999984741211,-0.505744910102147,0.883574194975749,17.100000381469727,0.4971320417088634,0.8802391205785324,18.020000457763672,-0.7506297537132803,0.8366344879522882,14.859999656677246,1.0860901173906132,1.0496059740103354,20.82999992370605
2021-11-29,-2.9502195657113863,1.5813883409671703,20.799999237060547,0.6935347288237329,1.0758905799165834,16.65999984741211,-0.505744910102147,0.883574194975749,17.100000381469727,-1.979806684873854,0.7390234584785149,17.520000457763672,1.0333528451870624,1.3436306280707488,21.170000076293945
2021-11-30,0.16138312478338215,1.4856359991210415,20.82999992370605,-2.9502195657113863,1.5813883409671703,20.799999237060547,0.6935347288237329,1.0758905799165834,16.65999984741211,0.4971320417088634,0.8802391205785324,18.020000457763672,1.4103034028092778,1.5279399942562262,19.450000762939453
2021-12-01,-0.41572285072535703,1.3981464704299158,21.170000076293945,0.16138312478338215,1.4856359991210415,20.82999992370605,-2.9502195657113863,1.5813883409671703,20.799999237060547,-0.505744910102147,0.883574194975749,17.100000381469727,1.3067994554730535,1.6346149349877948,18.09000015258789
2021-12-02,1.075855976245021,1.5913186524710554,19.450000762939453,-0.41572285072535703,1.3981464704299158,21.170000076293945,0.16138312478338215,1.4856359991210415,20.82999992370605,0.6935347288237329,1.0758905799165834,16.65999984741211,1.2660320974503827,1.5362484066380617,18.450000762939453
2021-12-03,1.3581917861660866,1.7165429570635862,18.09000015258789,1.075855976245021,1.5913186524710554,19.450000762939453,-0.41572285072535703,1.3981464704299158,21.170000076293945,-2.9502195657113863,1.5813883409671703,20.799999237060547,1.2073350178029258,1.366321637141227,20.07999992370605
2021-12-06,-1.1847592241934006,1.0496059740103354,18.450000762939453,1.3581917861660866,1.7165429570635862,18.09000015258789,1.075855976245021,1.5913186524710554,19.450000762939453,0.16138312478338215,1.4856359991210415,20.82999992370605,1.1640770740625277,1.0723566386453807,18.459999084472656
2021-12-07,-1.6679248094838026,1.3436306280707488,20.07999992370605,-1.1847592241934006,1.0496059740103354,18.450000762939453,1.3581917861660866,1.7165429570635862,18.09000015258789,-0.41572285072535703,1.3981464704299158,21.170000076293945,1.2418461246874477,0.9384864746763216,17.270000457763672
2021-12-08,1.5515557382479443,1.5279399942562262,18.459999084472656,-1.6679248094838026,1.3436306280707488,20.07999992370605,-1.1847592241934006,1.0496059740103354,18.450000762939453,1.075855976245021,1.5913186524710554,19.450000762939453,1.379508349615089,0.43525931817879115,16.600000381469727
2021-12-09,1.6917044993306307,1.6346149349877948,17.270000457763672,1.5515557382479443,1.5279399942562262,18.459999084472656,-1.6679248094838026,1.3436306280707488,20.07999992370605,1.3581917861660866,1.7165429570635862,18.09000015258789,1.3243417397529444,0.40088580940813956,16.059999465942383
2021-12-10,0.2692438725331353,1.5362484066380617,16.600000381469727,1.6917044993306307,1.6346149349877948,17.270000457763672,1.5515557382479443,1.5279399942562262,18.459999084472656,-1.1847592241934006,1.0496059740103354,18.450000762939453,1.2797571474620213,0.6368680079042143,16.56999969482422
2021-12-13,-0.031682107730694166,1.366321637141227,16.059999465942383,0.2692438725331353,1.5362484066380617,16.600000381469727,1.6917044993306307,1.6346149349877948,17.270000457763672,-1.6679248094838026,1.3436306280707488,20.07999992370605,1.193500275963903,0.967939562935147,16.950000762939453
2021-12-14,-0.82026046847206,1.0723566386453807,16.56999969482422,-0.031682107730694166,1.366321637141227,16.059999465942383,0.2692438725331353,1.5362484066380617,16.600000381469727,1.5515557382479443,1.5279399942562262,18.459999084472656,1.116422354495788,1.2642482000528865,17.219999313354492
2021-12-15,-0.24990311601760176,0.9384864746763216,16.950000762939453,-0.82026046847206,1.0723566386453807,16.56999969482422,-0.031682107730694166,1.366321637141227,16.059999465942383,1.6917044993306307,1.6346149349877948,17.270000457763672,1.1492128984047971,1.488372941089137,15.899999618530272
2021-12-16,-0.5991976410169169,0.43525931817879115,17.219999313354492,-0.24990311601760176,0.9384864746763216,16.950000762939453,-0.82026046847206,1.0723566386453807,16.56999969482422,0.2692438725331353,1.5362484066380617,16.600000381469727,1.103897474691661,1.5479927584987363,16.34000015258789
2021-12-17,0.15665890089298407,0.40088580940813956,15.899999618530272,-0.5991976410169169,0.43525931817879115,17.219999313354492,-0.24990311601760176,0.9384864746763216,16.950000762939453,-0.031682107730694166,1.366321637141227,16.059999465942383,1.1084289014136797,1.3776239351508561,18.96999931335449
2021-12-20,-1.5377077556357828,0.6368680079042143,16.34000015258789,0.15665890089298407,0.40088580940813956,15.899999618530272,-0.5991976410169169,0.43525931817879115,17.219999313354492,-0.82026046847206,1.0723566386453807,16.56999969482422,1.0360711527578923,0.5875596322844026,17.540000915527344
2021-12-21,-2.2084626281366435,0.967939562935147,18.96999931335449,-1.5377077556357828,0.6368680079042143,16.34000015258789,0.15665890089298407,0.40088580940813956,15.899999618530272,-0.24990311601760176,0.9384864746763216,16.950000762939453,1.180384694889139,0.5754132602790266,16.579999923706055
2021-12-22,0.9384532645495393,1.2642482000528865,17.540000915527344,-2.2084626281366435,0.967939562935147,18.96999931335449,-1.5377077556357828,0.6368680079042143,16.34000015258789,-0.5991976410169169,0.43525931817879115,17.219999313354492,1.4082349718486318,0.5389569276565079,15.829999923706056
2021-12-23,1.0947032985081793,1.488372941089137,16.579999923706055,0.9384532645495393,1.2642482000528865,17.540000915527344,-2.2084626281366435,0.967939562935147,18.96999931335449,0.15665890089298407,0.40088580940813956,15.899999618530272,1.3299177702145293,0.5074717408777696,16.149999618530273
2021-12-24,0.6885546336514033,1.5479927584987363,15.829999923706056,1.0947032985081793,1.488372941089137,16.579999923706055,0.9384532645495393,1.2642482000528865,17.540000915527344,-1.5377077556357828,0.6368680079042143,16.34000015258789,1.2650799884914594,0.4762525930469569,17.1200008392334
2021-12-27,-0.40409083631890874,1.3776239351508561,16.149999618530273,0.6885546336514033,1.5479927584987363,15.829999923706056,1.0947032985081793,1.488372941089137,16.579999923706055,-2.2084626281366435,0.967939562935147,18.96999931335449,1.1938644837537429,0.7043954513060987,16.479999542236328
2021-12-28,0.48401385192229907,0.5875596322844026,17.1200008392334,-0.40409083631890874,1.3776239351508561,16.149999618530273,0.6885546336514033,1.5479927584987363,15.829999923706056,0.9384532645495393,1.2642482000528865,17.540000915527344,1.1635712088189398,0.7207814230241782,16.239999771118164
2021-12-29,0.8566610759914585,0.5754132602790266,16.479999542236328,0.48401385192229907,0.5875596322844026,17.1200008392334,-0.40409083631890874,1.3776239351508561,16.149999618530273,1.0947032985081793,1.488372941089137,16.579999923706055,1.0962020568307702,0.5844755467342303,16.56999969482422
2021-12-30,-0.114091088034896,0.5389569276565079,16.239999771118164,0.8566610759914585,0.5754132602790266,16.479999542236328,0.48401385192229907,0.5875596322844026,17.1200008392334,0.6885546336514033,1.5479927584987363,15.829999923706056,1.0477926017395955,0.9660201565021168,16.219999313354492
2021-12-31,-0.05607831589689821,0.5074717408777696,16.56999969482422,-0.114091088034896,0.5389569276565079,16.239999771118164,0.8566610759914585,0.5754132602790266,16.479999542236328,-0.40409083631890874,1.3776239351508561,16.149999618530273,0.9955994572008696,0.9594666374331035,16.450000762939453
2022-01-03,0.8686990360265219,0.4762525930469569,16.219999313354492,-0.05607831589689821,0.5074717408777696,16.56999969482422,-0.114091088034896,0.5389569276565079,16.239999771118164,0.48401385192229907,0.5875596322844026,17.1200008392334,0.9412791293436822,0.846312912846404,16.1200008392334
2022-01-04,1.5532066331647876,0.7043954513060987,16.450000762939453,0.8686990360265219,0.4762525930469569,16.219999313354492,-0.05607831589689821,0.5074717408777696,16.56999969482422,0.8566610759914585,0.5754132602790266,16.479999542236328,0.9085305764243192,0.7795229471233587,17.229999542236328
2022-01-05,1.013533773365083,0.7207814230241782,16.1200008392334,1.5532066331647876,0.7043954513060987,16.450000762939453,0.8686990360265219,0.4762525930469569,16.219999313354492,-0.114091088034896,0.5389569276565079,16.239999771118164,0.901958949286238,0.8078697449195096,17.979999542236328
2022-01-06,0.6716975758933995,0.5844755467342303,17.229999542236328,1.013533773365083,0.7207814230241782,16.1200008392334,1.5532066331647876,0.7043954513060987,16.450000762939453,-0.05607831589689821,0.5074717408777696,16.56999969482422,0.8778021629333099,0.3704984755307645,17.600000381469727
2022-01-07,-1.005580805311726,0.9660201565021168,17.979999542236328,0.6716975758933995,0.5844755467342303,17.229999542236328,1.013533773365083,0.7207814230241782,16.1200008392334,0.8686990360265219,0.4762525930469569,16.219999313354492,0.8445721898154646,0.452286956500921,17.68000030517578
2022-01-10,0.37571168401497185,0.9594666374331035,17.600000381469727,-1.005580805311726,0.9660201565021168,17.979999542236328,0.6716975758933995,0.5844755467342303,17.229999542236328,1.5532066331647876,0.7043954513060987,16.450000762939453,0.9329108277504756,0.32051787620113054,17.760000228881836
2022-01-11,1.0643475643964555,0.846312912846404,17.68000030517578,0.37571168401497185,0.9594666374331035,17.600000381469727,-1.005580805311726,0.9660201565021168,17.979999542236328,1.013533773365083,0.7207814230241782,16.1200008392334,0.8847640081982467,0.7101314836393234,17.18000030517578
2022-01-12,0.2909075785536925,0.7795229471233587,17.760000228881836,1.0643475643964555,0.846312912846404,17.68000030517578,0.37571168401497185,0.9594666374331035,17.600000381469727,0.6716975758933995,0.5844755467342303,17.229999542236328,0.8639470407275865,0.6653607215212606,16.700000762939453
2022-01-13,0.8635720331115329,0.8078697449195096,17.18000030517578,0.2909075785536925,0.7795229471233587,17.760000228881836,1.0643475643964555,0.846312912846404,17.68000030517578,-1.005580805311726,0.9660201565021168,17.979999542236328,0.8195158246875909,0.6430545883168443,16.559999465942383
2022-01-14,0.2492514833041471,0.3704984755307645,16.700000762939453,0.8635720331115329,0.8078697449195096,17.18000030517578,0.2909075785536925,0.7795229471233587,17.760000228881836,0.37571168401497185,0.9594666374331035,17.600000381469727,0.7980940564915372,0.5679967465473691,16.770000457763672
2022-01-17,-0.0112329872514589,0.452286956500921,16.559999465942383,0.2492514833041471,0.3704984755307645,16.700000762939453,0.8635720331115329,0.8078697449195096,17.18000030517578,1.0643475643964555,0.846312912846404,17.68000030517578,0.7583309574431372,0.7812190285954046,17.780000686645508
2022-01-18,0.2863464635371348,0.32051787620113054,16.770000457763672,-0.0112329872514589,0.452286956500921,16.559999465942383,0.2492514833041471,0.3704984755307645,16.700000762939453,0.2909075785536925,0.7795229471233587,17.760000228881836,0.7204916442867779,1.2198444812315492,17.81999969482422
2022-01-19,-1.071084744621687,0.7101314836393234,17.780000686645508,0.2863464635371348,0.32051787620113054,16.770000457763672,-0.0112329872514589,0.452286956500921,16.559999465942383,0.8635720331115329,0.8078697449195096,17.18000030517578,0.6888346335543141,1.219884283352954,17.790000915527344
2022-01-20,-0.9689027834056424,0.6653607215212606,17.81999969482422,-1.071084744621687,0.7101314836393234,17.780000686645508,0.2863464635371348,0.32051787620113054,16.770000457763672,0.2492514833041471,0.3704984755307645,16.700000762939453,0.804610799253351,1.2811472468859608,18.88999938964844
2022-01-21,-1.0163883876396833,0.6430545883168443,17.790000915527344,-0.9689027834056424,0.6653607215212606,17.81999969482422,-1.071084744621687,0.7101314836393234,17.780000686645508,-0.0112329872514589,0.452286956500921,16.559999465942383,0.8920153151164918,1.5945881599789928,22.82999992370605
2022-01-24,-0.7906922791909891,0.5679967465473691,18.88999938964844,-1.0163883876396833,0.6430545883168443,17.790000915527344,-0.9689027834056424,0.6653607215212606,17.81999969482422,0.2863464635371348,0.32051787620113054,16.770000457763672,0.9766570237614488,1.0065382315383817,21.36000061035156
2022-01-25,-2.692721026213864,0.7812190285954046,22.82999992370605,-0.7906922791909891,0.5679967465473691,18.88999938964844,-1.0163883876396833,0.6430545883168443,17.790000915527344,-1.071084744621687,0.7101314836393234,17.780000686645508,1.0203818657631456,1.0471181841125288,21.06999969482422
2022-01-27,0.7485405539808743,1.2198444812315492,21.36000061035156,-2.692721026213864,0.7812190285954046,22.82999992370605,-0.7906922791909891,0.5679967465473691,18.88999938964844,-0.9689027834056424,0.6653607215212606,17.81999969482422,1.3541809463393364,1.1482015560812764,20.700000762939453
2022-01-28,-0.9759199363728934,1.219884283352954,21.06999969482422,0.7485405539808743,1.2198444812315492,21.36000061035156,-2.692721026213864,0.7812190285954046,22.82999992370605,-1.0163883876396833,0.6430545883168443,17.790000915527344,1.2755068729091414,1.1764122474517809,21.950000762939453
2022-01-31,-0.04794310858279706,1.2811472468859608,20.700000762939453,-0.9759199363728934,1.219884283352954,21.06999969482422,0.7485405539808743,1.2198444812315492,21.36000061035156,-0.7906922791909891,0.5679967465473691,18.88999938964844,1.311788331190432,1.3879377676227613,19.979999542236328
2022-02-01,1.3814851855459431,1.5945881599789928,21.950000762939453,-0.04794310858279706,1.2811472468859608,20.700000762939453,-0.9759199363728934,1.219884283352954,21.06999969482422,-2.692721026213864,0.7812190285954046,22.82999992370605,1.2244413043063374,1.1651978158068117,18.649999618530277
2022-02-02,1.3575374822651254,1.0065382315383817,19.979999542236328,1.3814851855459431,1.5945881599789928,21.950000762939453,-0.04794310858279706,1.2811472468859608,20.700000762939453,0.7485405539808743,1.2198444812315492,21.36000061035156,1.180167654128745,1.1605550006413117,19.15999984741211
2022-02-03,1.149155699474709,1.0471181841125288,18.649999618530277,1.3575374822651254,1.0065382315383817,19.979999542236328,1.3814851855459431,1.5945881599789928,21.950000762939453,-0.9759199363728934,1.219884283352954,21.06999969482422,1.1397116421767102,1.1321381001246298,18.899999618530277
2022-02-04,-1.243929691182117,1.1482015560812764,19.15999984741211,1.149155699474709,1.0471181841125288,18.649999618530277,1.3575374822651254,1.0065382315383817,19.979999542236328,-0.04794310858279706,1.2811472468859608,20.700000762939453,1.096521955694158,1.2934444980546793,20.440000534057617
2022-02-07,-0.2503012582150695,1.1764122474517809,18.899999618530277,-1.243929691182117,1.1482015560812764,19.15999984741211,1.149155699474709,1.0471181841125288,18.649999618530277,1.3814851855459431,1.5945881599789928,21.950000762939453,1.1905164366476062,1.768136783401621,19.68000030517578
2022-02-08,-1.7432174227495423,1.3879377676227613,20.440000534057617,-0.2503012582150695,1.1764122474517809,18.899999618530277,-1.243929691182117,1.1482015560812764,19.15999984741211,1.3575374822651254,1.0065382315383817,19.979999542236328,1.1410005974510649,2.355639872114401,18.559999465942383
2022-02-09,0.3082940476216172,1.1651978158068117,19.68000030517578,-1.7432174227495423,1.3879377676227613,20.440000534057617,-0.2503012582150695,1.1764122474517809,18.899999618530277,1.149155699474709,1.0471181841125288,18.649999618530277,1.3027404351134744,2.2833855346428065,17.709999084472656
2022-02-10,1.1347524946857301,1.1605550006413117,18.559999465942383,0.3082940476216172,1.1651978158068117,19.68000030517578,-1.7432174227495423,1.3879377676227613,20.440000534057617,-1.243929691182117,1.1482015560812764,19.15999984741211,1.2153300951260924,2.221840175125004,18.68000030517578
2022-02-11,0.8100999205040029,1.1321381001246298,17.709999084472656,1.1347524946857301,1.1605550006413117,18.559999465942383,0.3082940476216172,1.1651978158068117,19.68000030517578,-0.2503012582150695,1.1764122474517809,18.899999618530277,1.1638661842870397,2.153970331519248,22.979999542236328
2022-02-14,-1.3213208134273142,1.2934444980546793,18.68000030517578,0.8100999205040029,1.1321381001246298,17.709999084472656,1.1347524946857301,1.1605550006413117,18.559999465942383,-1.7432174227495423,1.3879377676227613,20.440000534057617,1.1070680976064902,1.4321090101456384,20.61000061035156
2022-02-15,-3.1094690696753635,1.768136783401621,22.979999542236328,-1.3213208134273142,1.2934444980546793,18.68000030517578,0.8100999205040029,1.1321381001246298,17.709999084472656,0.3082940476216172,1.1651978158068117,19.68000030517578,1.2109261013030286,0.23421978381300665,20.59000015258789
2022-02-16,2.981034961442144,2.355639872114401,20.61000061035156,-3.1094690696753635,1.768136783401621,22.979999542236328,-1.3213208134273142,1.2934444980546793,18.68000030517578,1.1347524946857301,1.1605550006413117,18.559999465942383,1.5820131243582531,0.23490625752201838,22.01000022888184
2022-02-17,-0.1744791023833279,2.2833855346428065,20.59000015258789,2.981034961442144,2.355639872114401,20.61000061035156,-3.1094690696753635,1.768136783401621,22.979999542236328,0.8100999205040029,1.1321381001246298,17.709999084472656,1.5519677657848063,2.0430236005994873,22.170000076293945
2022-02-18,-0.10165312120177579,2.221840175125004,22.01000022888184,-0.1744791023833279,2.2833855346428065,20.59000015258789,2.981034961442144,2.355639872114401,20.61000061035156,-1.3213208134273142,1.2934444980546793,18.68000030517578,1.4542888508024925,2.6542123050803372,22.899999618530277
2022-02-21,-0.1636674240540245,2.153970331519248,22.170000076293945,-0.10165312120177579,2.221840175125004,22.01000022888184,-0.1744791023833279,2.2833855346428065,20.59000015258789,-3.1094690696753635,1.768136783401621,22.979999542236328,1.3583300129059577,2.745286465032299,26.65999984741211
2022-02-22,-0.40397055923562175,1.4321090101456384,22.899999618530277,-0.1636674240540245,2.153970331519248,22.170000076293945,-0.10165312120177579,2.221840175125004,22.01000022888184,2.981034961442144,2.355639872114401,20.61000061035156,1.280348146060906,2.7604714813946103,24.540000915527344
2022-02-23,-0.667378632095619,0.23421978381300665,26.65999984741211,-0.40397055923562175,1.4321090101456384,22.899999618530277,-0.1636674240540245,2.153970331519248,22.170000076293945,-0.1744791023833279,2.2833855346428065,20.59000015258789,1.2409068662712457,2.75107358015423,31.979999542236328
2022-02-24,-0.16951453630000418,0.23490625752201838,24.540000915527344,-0.667378632095619,0.23421978381300665,26.65999984741211,-0.40397055923562175,1.4321090101456384,22.899999618530277,-0.10165312120177579,2.221840175125004,22.01000022888184,1.239822386763487,1.654870428927018,26.739999771118164
2022-02-25,-4.896026903082192,2.0430236005994873,31.979999542236328,-0.16951453630000418,0.23490625752201838,24.540000915527344,-0.667378632095619,0.23421978381300665,26.65999984741211,-0.1636674240540245,2.153970331519248,22.170000076293945,1.1750552984927345,1.184600342273417,28.56999969482422
2022-02-28,2.494785816820296,2.6542123050803372,26.739999771118164,-4.896026903082192,2.0430236005994873,31.979999542236328,-0.16951453630000418,0.23490625752201838,24.540000915527344,-0.40397055923562175,1.4321090101456384,22.899999618530277,1.896943536956765,1.2351742511889992,29.229999542236328
2022-03-02,0.8101131335537446,2.745286465032299,28.56999969482422,2.494785816820296,2.6542123050803372,26.739999771118164,-4.896026903082192,2.0430236005994873,31.979999542236328,-0.667378632095619,0.23421978381300665,26.65999984741211,1.814126908604004,1.8078268354379985,28.15999984741211
2022-03-03,-1.1254730666993662,2.7604714813946103,29.229999542236328,0.8101131335537446,2.745286465032299,28.56999969482422,2.494785816820296,2.6542123050803372,26.739999771118164,-0.16951453630000418,0.23490625752201838,24.540000915527344,1.686392571505032,1.9605939218107264,27.959999084472656
2022-03-04,-0.6518778370608893,2.75107358015423,28.15999984741211,-1.1254730666993662,2.7604714813946103,29.229999542236328,0.8101131335537446,2.745286465032299,28.56999969482422,-4.896026903082192,2.0430236005994873,31.979999542236328,1.694988266227071,1.7327479813541569,29.32999992370605
2022-03-07,-1.5435549523985674,1.654870428927018,27.959999084472656,-0.6518778370608893,2.75107358015423,28.15999984741211,-1.1254730666993662,2.7604714813946103,29.229999542236328,2.494785816820296,2.6542123050803372,26.739999771118164,1.6410616537578655,0.6917249208893984,28.59000015258789
2022-03-08,-2.3807855961420166,1.184600342273417,29.32999992370605,-1.5435549523985674,1.654870428927018,27.959999084472656,-0.6518778370608893,2.75107358015423,28.15999984741211,0.8101131335537446,2.745286465032299,28.56999969482422,1.711507063015223,1.3227727985615552,27.46999931335449
2022-03-09,0.9430172336242727,1.2351742511889992,28.59000015258789,-2.3807855961420166,1.184600342273417,29.32999992370605,-1.5435549523985674,1.654870428927018,27.959999084472656,-1.1254730666993662,2.7604714813946103,29.229999542236328,1.8912025821975735,1.278767431407908,25.57999992370605
2022-03-10,2.0514423015661167,1.8078268354379985,27.46999931335449,0.9430172336242727,1.2351742511889992,28.59000015258789,-2.3807855961420166,1.184600342273417,29.32999992370605,-0.6518778370608893,2.75107358015423,28.15999984741211,1.7587978160708102,1.3301287565470934,25.350000381469727
2022-03-11,1.5152013456311013,1.9605939218107264,25.57999992370605,2.0514423015661167,1.8078268354379985,27.46999931335449,0.9430172336242727,1.2351742511889992,28.59000015258789,-1.5435549523985674,1.654870428927018,27.959999084472656,1.6775747946026365,1.555136517652544,25.68000030517578
2022-03-14,0.21398626113986924,1.7327479813541569,25.350000381469727,1.5152013456311013,1.9605939218107264,25.57999992370605,2.0514423015661167,1.8078268354379985,27.46999931335449,-2.3807855961420166,1.184600342273417,29.32999992370605,1.5881513413803394,1.520202848040845,26.729999542236328
2022-03-15,1.4378694372337426,0.6917249208893984,25.68000030517578,0.21398626113986924,1.7327479813541569,25.350000381469727,1.5152013456311013,1.9605939218107264,25.57999992370605,0.9430172336242727,1.2351742511889992,28.59000015258789,1.4669485635534112,1.3088478890721575,24.1200008392334
2022-03-16,-1.2423307208470635,1.3227727985615552,26.729999542236328,1.4378694372337426,0.6917249208893984,25.68000030517578,0.21398626113986924,1.7327479813541569,25.350000381469727,2.0514423015661167,1.8078268354379985,27.46999931335449,1.398519228419386,1.1580962102293773,22.61000061035156
2022-03-17,1.8571576221107082,1.278767431407908,24.1200008392334,-1.2423307208470635,1.3227727985615552,26.729999542236328,1.4378694372337426,0.6917249208893984,25.68000030517578,1.5152013456311013,1.9605939218107264,25.57999992370605,1.4569261712203627,0.7931244963859719,24.6200008392334
2022-03-21,1.819544269851146,1.3301287565470934,22.61000061035156,1.8571576221107082,1.278767431407908,24.1200008392334,-1.2423307208470635,1.3227727985615552,26.729999542236328,0.21398626113986924,1.7327479813541569,25.350000381469727,1.4033975572960204,0.6622448322787062,24.06999969482422
2022-03-22,-0.9850560325581039,1.555136517652544,24.6200008392334,1.819544269851146,1.3301287565470934,22.61000061035156,1.8571576221107082,1.278767431407908,24.1200008392334,1.4378694372337426,0.6917249208893984,25.68000030517578,1.354493993272758,0.46472718119470463,24.75
2022-03-23,1.1494902983443505,1.520202848040845,24.06999969482422,-0.9850560325581039,1.555136517652544,24.6200008392334,1.819544269851146,1.3301287565470934,22.61000061035156,-1.2423307208470635,1.3227727985615552,26.729999542236328,1.383058507970635,0.5623395399895513,23.93000030517578
2022-03-24,-0.4042093720190609,1.3088478890721575,24.75,1.1494902983443505,1.520202848040845,24.06999969482422,-0.9850560325581039,1.555136517652544,24.6200008392334,1.8571576221107082,1.278767431407908,24.1200008392334,1.3143201336490422,0.5739015466239384,23.43000030517578
2022-03-25,-0.13287761390126268,1.1580962102293773,23.93000030517578,-0.4042093720190609,1.3088478890721575,24.75,1.1494902983443505,1.520202848040845,24.06999969482422,1.819544269851146,1.3301287565470934,22.61000061035156,1.271279347464115,0.5353909138291115,22.61000061035156
2022-03-28,-0.4058098847076208,0.7931244963859719,23.43000030517578,-0.13287761390126268,1.1580962102293773,23.93000030517578,-0.4042093720190609,1.3088478890721575,24.75,-0.9850560325581039,1.555136517652544,24.6200008392334,1.1986706215410732,0.8519614387518047,21.299999237060547
2022-03-29,0.40145508462854407,0.6622448322787062,22.61000061035156,-0.4058098847076208,0.7931244963859719,23.43000030517578,-0.13287761390126268,1.1580962102293773,23.93000030517578,1.1494902983443505,1.520202848040845,24.06999969482422,1.1680945497917303,1.084821741089847,20.61000061035156
2022-03-30,0.5980269762402161,0.46472718119470463,21.299999237060547,0.40145508462854407,0.6622448322787062,22.61000061035156,-0.4058098847076208,0.7931244963859719,23.43000030517578,-0.4042093720190609,1.3088478890721575,24.75,1.097597365756898,1.2625147833580335,20.559999465942383
2022-03-31,0.9932969892759297,0.5623395399895513,20.61000061035156,0.5980269762402161,0.46472718119470463,21.299999237060547,0.40145508462854407,0.6622448322787062,22.61000061035156,-0.13287761390126268,1.1580962102293773,23.93000030517578,1.040592435412281,1.383353832972462,18.43000030517578
2022-04-01,-0.1916312115762529,0.5739015466239384,20.559999465942383,0.9932969892759297,0.5623395399895513,20.61000061035156,0.5980269762402161,0.46472718119470463,21.299999237060547,-0.4058098847076208,0.7931244963859719,23.43000030517578,1.002246977854676,1.3292645997753432,17.90999984741211
2022-04-04,1.170914487476482,0.5353909138291115,18.43000030517578,-0.1916312115762529,0.5739015466239384,20.559999465942383,0.9932969892759297,0.5623395399895513,20.61000061035156,0.40145508462854407,0.6622448322787062,22.61000061035156,0.9643011499967152,0.7135367821909122,18.489999771118164
2022-04-05,2.14403456403388,0.8519614387518047,17.90999984741211,1.170914487476482,0.5353909138291115,18.43000030517578,-0.1916312115762529,0.5739015466239384,20.559999465942383,0.5980269762402161,0.46472718119470463,21.299999237060547,0.9393835019771424,0.7359234711235788,19.020000457763672
2022-04-06,-0.5331746328175393,1.084821741089847,18.489999771118164,2.14403456403388,0.8519614387518047,17.90999984741211,1.170914487476482,0.5353909138291115,18.43000030517578,0.9932969892759297,0.5623395399895513,20.61000061035156,0.9500987504826856,0.7094137699695436,19.0
2022-04-07,-0.8374145812508964,1.2625147833580335,19.020000457763672,-0.5331746328175393,1.084821741089847,18.489999771118164,2.14403456403388,0.8519614387518047,17.90999984741211,-0.1916312115762529,0.5739015466239384,20.559999465942383,0.961690652276114,0.9257040765498161,17.690000534057617
2022-04-08,-0.9484577848941177,1.383353832972462,19.0,-0.8374145812508964,1.2625147833580335,19.020000457763672,-0.5331746328175393,1.084821741089847,18.489999771118164,1.170914487476482,0.5353909138291115,18.43000030517578,1.0134608998546115,0.5610792899650356,18.270000457763672
2022-04-11,0.8175250776633796,1.3292645997753432,17.690000534057617,-0.9484577848941177,1.383353832972462,19.0,-0.8374145812508964,1.2625147833580335,19.020000457763672,2.14403456403388,0.8519614387518047,17.90999984741211,1.0750914528497328,1.0693281581445997,18.15999984741211
2022-04-12,-0.6170496392137639,0.7135367821909122,18.270000457763672,0.8175250776633796,1.3292645997753432,17.690000534057617,-0.9484577848941177,1.383353832972462,19.0,-0.5331746328175393,1.084821741089847,18.489999771118164,1.0275149595994015,1.4042561090106809,17.790000915527344
2022-04-13,-0.8217481851263663,0.7359234711235788,18.15999984741211,-0.6170496392137639,0.7135367821909122,18.270000457763672,0.8175250776633796,1.3292645997753432,17.690000534057617,-0.8374145812508964,1.2625147833580335,19.020000457763672,1.0423835804728196,1.4941599006069797,19.34000015258789
2022-04-18,-0.31223510971550206,0.7094137699695436,17.790000915527344,-0.8217481851263663,0.7359234711235788,18.15999984741211,-0.6170496392137639,0.7135367821909122,18.270000457763672,-0.9484577848941177,1.383353832972462,19.0,1.083361414882296,1.3970256978691902,19.770000457763672
2022-04-19,-1.7432250630348713,0.9257040765498161,19.34000015258789,-0.31223510971550206,0.7094137699695436,17.790000915527344,-0.8217481851263663,0.7359234711235788,18.15999984741211,0.8175250776633796,1.3292645997753432,17.690000534057617,1.0526815717967208,1.4351495070039044,18.670000076293945
2022-04-20,-1.2598203971631294,0.5610792899650356,19.770000457763672,-1.7432250630348713,0.9257040765498161,19.34000015258789,-0.31223510971550206,0.7094137699695436,17.790000915527344,-0.6170496392137639,0.7135367821909122,18.270000457763672,1.226021248639105,1.4478893349156718,17.850000381469727
2022-04-21,1.0435603778864928,1.0693281581445997,18.670000076293945,-1.2598203971631294,0.5610792899650356,19.770000457763672,-1.7432250630348713,0.9257040765498161,19.34000015258789,-0.8217481851263663,0.7359234711235788,18.15999984741211,1.3071213271802775,1.3747805024074635,18.350000381469727
2022-04-22,1.4831150992767859,1.4042561090106809,17.850000381469727,1.0435603778864928,1.0693281581445997,18.670000076293945,-1.2598203971631294,0.5610792899650356,19.770000457763672,-0.31223510971550206,0.7094137699695436,17.790000915527344,1.2430337738959734,1.297192417249996,21.26000022888184
2022-04-25,-1.2767612798961314,1.4941599006069797,18.350000381469727,1.4831150992767859,1.4042561090106809,17.850000381469727,1.0435603778864928,1.0693281581445997,18.670000076293945,-1.7432250630348713,0.9257040765498161,19.34000015258789,1.2001754087028946,1.1267165673801554,19.190000534057617
2022-04-26,-1.2776394201003338,1.3970256978691902,21.26000022888184,-1.2767612798961314,1.4941599006069797,18.350000381469727,1.4831150992767859,1.4042561090106809,17.850000381469727,-1.2598203971631294,0.5610792899650356,19.770000457763672,1.2866937062125514,1.2802057193383833,20.61000061035156
2022-04-27,1.445514084046437,1.4351495070039044,19.190000534057617,-1.2776394201003338,1.3970256978691902,21.26000022888184,-1.2767612798961314,1.4941599006069797,18.350000381469727,1.0435603778864928,1.0693281581445997,18.670000076293945,1.3631572580001825,1.2917616328474337,19.3799991607666
2022-04-28,-0.948629657994312,1.4478893349156718,20.61000061035156,1.445514084046437,1.4351495070039044,19.190000534057617,-1.2776394201003338,1.3970256978691902,21.26000022888184,1.4831150992767859,1.4042561090106809,17.850000381469727,1.3062629511858403,0.986152934706402,19.420000076293945
2022-04-29,1.2055547873445795,1.3747805024074635,19.3799991607666,-0.948629657994312,1.4478893349156718,20.61000061035156,1.445514084046437,1.4351495070039044,19.190000534057617,-1.2767612798961314,1.4941599006069797,18.350000381469727,1.3353918652223975,0.995319764533933,20.280000686645508
2022-05-02,-0.8297570200330234,1.297192417249996,19.420000076293945,1.2055547873445795,1.3747805024074635,19.3799991607666,-0.948629657994312,1.4478893349156718,20.61000061035156,-1.2776394201003338,1.3970256978691902,21.26000022888184,1.2735965420844844,0.962916383874551,21.8799991607666
2022-05-04,-0.19578324241160946,1.1267165673801554,20.280000686645508,-0.8297570200330234,1.297192417249996,19.420000076293945,1.2055547873445795,1.3747805024074635,19.3799991607666,1.445514084046437,1.4351495070039044,19.190000534057617,1.2904458070530551,0.6230170659584211,20.290000915527344
2022-05-05,-2.3203310190181763,1.2802057193383833,21.8799991607666,-0.19578324241160946,1.1267165673801554,20.280000686645508,-0.8297570200330234,1.297192417249996,19.420000076293945,-0.948629657994312,1.4478893349156718,20.61000061035156,1.2236571753064114,0.826104530278332,21.25
2022-05-06,0.03028023644061874,1.2917616328474337,20.290000915527344,-2.3203310190181763,1.2802057193383833,21.8799991607666,-0.19578324241160946,1.1267165673801554,20.280000686645508,1.2055547873445795,1.3747805024074635,19.3799991607666,1.462785161061194,0.8382886328131304,22.030000686645508
2022-05-09,-1.6402205362178026,0.986152934706402,21.25,0.03028023644061874,1.2917616328474337,20.290000915527344,-2.3203310190181763,1.2802057193383833,21.8799991607666,-0.8297570200330234,1.297192417249996,19.420000076293945,1.3497800370033748,0.9910309806358698,22.299999237060547
2022-05-10,-0.668850092324517,0.995319764533933,22.030000686645508,-1.6402205362178026,0.986152934706402,21.25,0.03028023644061874,1.2917616328474337,20.290000915527344,-0.19578324241160946,1.1267165673801554,20.280000686645508,1.4698818250448793,1.7440772137293652,22.799999237060547
2022-05-11,-0.37981728230063116,0.962916383874551,22.299999237060547,-0.668850092324517,0.995319764533933,22.030000686645508,-1.6402205362178026,0.986152934706402,21.25,-2.3203310190181763,1.2802057193383833,21.8799991607666,1.4437525954709345,1.7277292526876884,24.270000457763672
2022-05-12,-0.45021126418402274,0.6230170659584211,22.799999237060547,-0.37981728230063116,0.962916383874551,22.299999237060547,-0.668850092324517,0.995319764533933,22.030000686645508,0.03028023644061874,1.2917616328474337,20.290000915527344,1.3835919516795918,1.8819411248100968,23.489999771118164
2022-05-13,-2.2462147872579266,0.826104530278332,24.270000457763672,-0.45021126418402274,0.6230170659584211,22.799999237060547,-0.37981728230063116,0.962916383874551,22.299999237060547,-1.6402205362178026,0.986152934706402,21.25,1.3389265735389129,2.259819951039443,24.530000686645508
2022-05-16,-0.16365617019766784,0.8382886328131304,23.489999771118164,-2.2462147872579266,0.826104530278332,24.270000457763672,-0.45021126418402274,0.6230170659584211,22.799999237060547,-0.668850092324517,0.995319764533933,22.030000686645508,1.5500572893990825,2.2982599526416583,22.739999771118164
2022-05-17,0.3803986233609079,0.9910309806358698,24.530000686645508,-0.16365617019766784,0.8382886328131304,23.489999771118164,-2.2462147872579266,0.826104530278332,24.270000457763672,-0.37981728230063116,0.962916383874551,22.299999237060547,1.4512546858858462,1.9765341836294856,22.299999237060547
2022-05-18,2.5981475212963465,1.7440772137293652,22.739999771118164,0.3803986233609079,0.9910309806358698,24.530000686645508,-0.16365617019766784,0.8382886328131304,23.489999771118164,-0.45021126418402274,0.6230170659584211,22.799999237060547,1.350327636236536,1.9861239244897388,24.559999465942383
2022-05-19,-0.11692453072036017,1.7277292526876884,22.299999237060547,2.5981475212963465,1.7440772137293652,22.739999771118164,0.3803986233609079,0.9910309806358698,24.530000686645508,-2.2462147872579266,0.826104530278332,24.270000457763672,1.3333325371321365,1.4736849251045556,23.100000381469727
2022-05-20,-2.6891070897403773,1.8819411248100968,24.559999465942383,-0.11692453072036017,1.7277292526876884,22.299999237060547,2.5981475212963465,1.7440772137293652,22.739999771118164,-0.16365617019766784,0.8382886328131304,23.489999771118164,1.2522164525162398,0.8357512985244492,23.399999618530277
2022-05-23,2.848156086057151,2.259819951039443,23.100000381469727,-2.6891070897403773,1.8819411248100968,24.559999465942383,-0.11692453072036017,1.7277292526876884,22.299999237060547,0.3803986233609079,0.9910309806358698,24.530000686645508,1.545965926137591,1.0926662476516837,25.63999938964844
2022-05-24,-0.3168035160150404,2.2982599526416583,23.399999618530277,2.848156086057151,2.259819951039443,23.100000381469727,-2.6891070897403773,1.8819411248100968,24.559999465942383,2.5981475212963465,1.7440772137293652,22.739999771118164,1.5155543864056065,1.070230400361277,25.280000686645508
2022-05-25,-0.5538061057189644,1.9765341836294856,25.63999938964844,-0.3168035160150404,2.2982599526416583,23.399999618530277,2.848156086057151,2.259819951039443,23.100000381469727,-0.11692453072036017,1.7277292526876884,22.299999237060547,1.439578215539589,1.006487839588348,22.71999931335449
2022-05-26,-0.6180277818558741,1.9861239244897388,25.280000686645508,-0.5538061057189644,1.9765341836294856,25.63999938964844,-0.3168035160150404,2.2982599526416583,23.399999618530277,-2.6891070897403773,1.8819411248100968,24.559999465942383,1.402008952728525,0.9946350521321309,21.479999542236328
2022-05-27,0.8967062770830264,1.4736849251045556,22.71999931335449,-0.6180277818558741,1.9861239244897388,25.280000686645508,-0.5538061057189644,1.9765341836294856,25.63999938964844,2.848156086057151,2.259819951039443,23.100000381469727,1.3768647019101756,0.9915110344478827,19.979999542236328
2022-05-30,1.121077101503458,0.8357512985244492,21.479999542236328,0.8967062770830264,1.4736849251045556,22.71999931335449,-0.6180277818558741,1.9861239244897388,25.280000686645508,-0.3168035160150404,2.2982599526416583,23.399999618530277,1.30056658096263,0.4394200469634031,20.479999542236328
2022-05-31,1.8716945110386056,1.0926662476516837,19.979999542236328,1.121077101503458,0.8357512985244492,21.479999542236328,0.8967062770830264,1.4736849251045556,22.71999931335449,-0.5538061057189644,1.9765341836294856,25.63999938964844,1.2397077247999546,0.5645274132779873,20.850000381469727
2022-06-01,-0.4623104079880039,1.070230400361277,20.479999542236328,1.8716945110386056,1.0926662476516837,19.979999542236328,1.121077101503458,0.8357512985244492,21.479999542236328,-0.6180277818558741,1.9861239244897388,25.280000686645508,1.210156289917767,0.5640418857102008,20.31999969482422
2022-06-02,-0.3733367056413342,1.006487839588348,20.850000381469727,-0.4623104079880039,1.070230400361277,20.479999542236328,1.8716945110386056,1.0926662476516837,19.979999542236328,0.8967062770830264,1.4736849251045556,22.71999931335449,1.1856413688004768,0.6044405500047875,19.979999542236328
2022-06-03,0.6349802260260305,0.9946350521321309,20.31999969482422,-0.3733367056413342,1.006487839588348,20.850000381469727,-0.4623104079880039,1.070230400361277,20.479999542236328,1.121077101503458,0.8357512985244492,21.479999542236328,1.1522660659502997,0.9119525006653052,20.200000762939453
2022-06-06,-0.26315095876877825,0.9915110344478827,19.979999542236328,0.6349802260260305,0.9946350521321309,20.31999969482422,-0.3733367056413342,1.006487839588348,20.850000381469727,1.8716945110386056,1.0926662476516837,19.979999542236328,1.0909435316608784,1.2959262133074407,20.43000030517578
2022-06-07,-0.08897910968418908,0.4394200469634031,20.200000762939453,-0.26315095876877825,0.9915110344478827,19.979999542236328,0.6349802260260305,0.9946350521321309,20.31999969482422,-0.4623104079880039,1.070230400361277,20.479999542236328,1.0532369290745298,1.3359248704822388,19.84000015258789
2022-06-08,-0.9288955076891798,0.5645274132779873,20.43000030517578,-0.08897910968418908,0.4394200469634031,20.200000762939453,-0.26315095876877825,0.9915110344478827,19.979999542236328,-0.3733367056413342,1.006487839588348,20.850000381469727,0.9973690908420466,1.347032003851495,19.13999938964844
2022-06-09,-0.3667678332650513,0.5640418857102008,19.84000015258789,-0.9288955076891798,0.5645274132779873,20.43000030517578,-0.08897910968418908,0.4394200469634031,20.200000762939453,0.6349802260260305,0.9946350521321309,20.31999969482422,1.0580266909171854,1.1000012313509098,19.57999992370605
2022-06-10,0.7422115570615706,0.6044405500047875,19.13999938964844,-0.3667678332650513,0.5640418857102008,19.84000015258789,-0.9288955076891798,0.5645274132779873,20.43000030517578,-0.26315095876877825,0.9915110344478827,19.979999542236328,1.0369185195870896,1.159573354084143,22.3700008392334
2022-06-13,-1.690986774485526,0.9119525006653052,19.57999992370605,0.7422115570615706,0.6044405500047875,19.13999938964844,-0.3667678332650513,0.5640418857102008,19.84000015258789,-0.08897910968418908,0.4394200469634031,20.200000762939453,0.9906654470190572,0.940591832144138,21.88999938964844
2022-06-14,-2.6733937520215956,1.2959262133074407,22.3700008392334,-1.690986774485526,0.9119525006653052,19.57999992370605,0.7422115570615706,0.6044405500047875,19.13999938964844,-0.9288955076891798,0.5645274132779873,20.43000030517578,1.1641982773911816,1.4450958330214145,22.149999618530277
2022-06-15,-0.268521141142216,1.3359248704822388,21.88999938964844,-2.6733937520215956,1.2959262133074407,22.3700008392334,-1.690986774485526,0.9119525006653052,19.57999992370605,-0.3667678332650513,0.5640418857102008,19.84000015258789,1.4696819403774688,1.5673143665010065,22.8700008392334
2022-06-16,-0.25425739848417966,1.347032003851495,22.149999618530277,-0.268521141142216,1.3359248704822388,21.88999938964844,-2.6733937520215956,1.2959262133074407,22.3700008392334,0.7422115570615706,0.6044405500047875,19.13999938964844,1.3927184851857464,1.269239727358402,22.76000022888184
2022-06-17,-2.1354848179315096,1.1000012313509098,22.8700008392334,-0.25425739848417966,1.347032003851495,22.149999618530277,-0.268521141142216,1.3359248704822388,21.88999938964844,-1.690986774485526,0.9119525006653052,19.57999992370605,1.322333388631261,1.2283324637668507,22.40999984741211
2022-06-20,-0.4377862497838008,1.159573354084143,22.76000022888184,-2.1354848179315096,1.1000012313509098,22.8700008392334,-0.25425739848417966,1.347032003851495,22.149999618530277,-2.6733937520215956,1.2959262133074407,22.3700008392334,1.51895424186417,1.231701928110921,21.13999938964844
2022-06-21,0.3697369891618423,0.940591832144138,22.40999984741211,-0.4377862497838008,1.159573354084143,22.76000022888184,-2.1354848179315096,1.1000012313509098,22.8700008392334,-0.268521141142216,1.3359248704822388,21.88999938964844,1.4578106486048863,1.0199552976425954,21.299999237060547
2022-06-22,1.8629721921802747,1.4450958330214145,21.13999938964844,0.3697369891618423,0.940591832144138,22.40999984741211,-0.4377862497838008,1.159573354084143,22.76000022888184,-0.25425739848417966,1.347032003851495,22.149999618530277,1.355833635988601,0.5688102394376343,20.8799991607666
2022-06-23,-1.452423294963793,1.5673143665010065,21.299999237060547,1.8629721921802747,1.4450958330214145,21.13999938964844,0.3697369891618423,0.940591832144138,22.40999984741211,-2.1354848179315096,1.1000012313509098,22.8700008392334,1.3135439002384532,0.5626898979609445,20.549999237060547
2022-06-24,0.9257464658604654,1.269239727358402,20.8799991607666,-1.452423294963793,1.5673143665010065,21.299999237060547,1.8629721921802747,1.4450958330214145,21.13999938964844,-0.4377862497838008,1.159573354084143,22.76000022888184,1.4113545246712602,0.4611509617272524,21.01000022888184
2022-06-27,0.912471546173461,1.2283324637668507,20.549999237060547,0.9257464658604654,1.269239727358402,20.8799991607666,-1.452423294963793,1.5673143665010065,21.299999237060547,0.3697369891618423,0.940591832144138,22.40999984741211,1.3322886995373742,0.3323172824434344,21.450000762939453
2022-06-28,0.8423413606869335,1.231701928110921,21.01000022888184,0.912471546173461,1.2283324637668507,20.549999237060547,0.9257464658604654,1.269239727358402,20.8799991607666,1.8629721921802747,1.4450958330214145,21.13999938964844,1.2612598079071635,0.3317810184785102,21.899999618530277
2022-06-29,0.11457767431705532,1.0199552976425954,21.450000762939453,0.8423413606869335,1.231701928110921,21.01000022888184,0.912471546173461,1.2283324637668507,20.549999237060547,-1.452423294963793,1.5673143665010065,21.299999237060547,1.195438614274262,0.5760108693494532,21.84000015258789
2022-06-30,-0.3229179201912245,0.5688102394376343,21.899999618530277,0.11457767431705532,1.0199552976425954,21.450000762939453,0.8423413606869335,1.231701928110921,21.01000022888184,0.9257464658604654,1.269239727358402,20.8799991607666,1.1129387410548597,0.5953315023782936,21.25
2022-07-01,-0.11937935294284722,0.5626898979609445,21.84000015258789,-0.3229179201912245,0.5688102394376343,21.899999618530277,0.11457767431705532,1.0199552976425954,21.450000762939453,0.912471546173461,1.2283324637668507,20.549999237060547,1.0806166826129775,0.4843085655899672,20.96999931335449
2022-07-04,-0.1788654998560177,0.4611509617272524,21.25,-0.11937935294284722,0.5626898979609445,21.84000015258789,-0.3229179201912245,0.5688102394376343,21.899999618530277,0.8423413606869335,1.231701928110921,21.01000022888184,1.0258240172980104,0.5591742642092269,20.790000915527344
2022-07-05,0.5274254882250374,0.3323172824434344,20.96999931335449,-0.1788654998560177,0.4611509617272524,21.25,-0.11937935294284722,0.5626898979609445,21.84000015258789,0.11457767431705532,1.0199552976425954,21.450000762939453,0.9839428875666106,0.8408187641979077,20.270000457763672
2022-07-06,-0.15483695040555473,0.3317810184785102,20.790000915527344,0.5274254882250374,0.3323172824434344,20.96999931335449,-0.1788654998560177,0.4611509617272524,21.25,-0.3229179201912245,0.5688102394376343,21.899999618530277,0.935843693443477,0.7692481142783412,19.200000762939453
2022-07-07,1.125461822453212,0.5760108693494532,20.270000457763672,-0.15483695040555473,0.3317810184785102,20.790000915527344,0.5274254882250374,0.3323172824434344,20.96999931335449,-0.11937935294284722,0.5626898979609445,21.84000015258789,0.8996822625718042,0.573294976343375,18.399999618530277
2022-07-08,0.8909682667129231,0.5953315023782936,19.200000762939453,1.125461822453212,0.5760108693494532,20.270000457763672,-0.15483695040555473,0.3317810184785102,20.790000915527344,-0.1788654998560177,0.4611509617272524,21.25,0.8794924415627213,0.625760911836306,18.3700008392334
2022-07-11,0.5421325887187374,0.4843085655899672,18.399999618530277,0.8909682667129231,0.5953315023782936,19.200000762939453,1.125461822453212,0.5760108693494532,20.270000457763672,0.5274254882250374,0.3323172824434344,20.96999931335449,0.8533792667293842,0.9713503853642088,18.549999237060547
2022-07-12,-0.028360614005298525,0.5591742642092269,18.3700008392334,0.5421325887187374,0.4843085655899672,18.399999618530277,0.8909682667129231,0.5953315023782936,19.200000762939453,-0.15483695040555473,0.3317810184785102,20.790000915527344,0.8181558288049787,0.7723680634794725,18.520000457763672
2022-07-13,-0.9772571447684876,0.8408187641979077,18.549999237060547,-0.028360614005298525,0.5591742642092269,18.3700008392334,0.5421325887187374,0.4843085655899672,18.399999618530277,1.125461822453212,0.5760108693494532,20.270000457763672,0.7770824431018577,0.6207810349781138,18.34000015258789
2022-07-14,-0.5723641330078542,0.7692481142783412,18.520000457763672,-0.9772571447684876,0.8408187641979077,18.549999237060547,-0.028360614005298525,0.5591742642092269,18.3700008392334,0.8909682667129231,0.5953315023782936,19.200000762939453,0.8687433826966696,0.4305296045699437,17.600000381469727
2022-07-15,-0.1755194685691454,0.573294976343375,18.34000015258789,-0.5723641330078542,0.7692481142783412,18.520000457763672,-0.9772571447684876,0.8408187641979077,18.549999237060547,0.5421325887187374,0.4843085655899672,18.399999618530277,0.8937521759227536,0.4309710873181143,17.15999984741211
2022-07-18,0.6912014580365189,0.625760911836306,17.600000381469727,-0.1755194685691454,0.573294976343375,18.34000015258789,-0.5723641330078542,0.7692481142783412,18.520000457763672,-0.028360614005298525,0.5591742642092269,18.3700008392334,0.8642294786615157,0.6003658731122213,17.200000762939453
2022-07-19,1.4186202470718856,0.9713503853642088,17.15999984741211,0.6912014580365189,0.625760911836306,17.600000381469727,-0.1755194685691454,0.573294976343375,18.34000015258789,-0.9772571447684876,0.8408187641979077,18.549999237060547,0.8329163411537707,0.8444368713945347,16.81999969482422
2022-07-20,0.3804517906147779,0.7723680634794725,17.200000762939453,1.4186202470718856,0.9713503853642088,17.15999984741211,0.6912014580365189,0.625760911836306,17.600000381469727,-0.5723641330078542,0.7692481142783412,18.520000457763672,0.8290098495420185,0.8067901018379128,16.860000610351562
2022-07-21,1.0973459265845804,0.6207810349781138,16.81999969482422,0.3804517906147779,0.7723680634794725,17.200000762939453,1.4186202470718856,0.9713503853642088,17.15999984741211,-0.1755194685691454,0.573294976343375,18.34000015258789,0.7907241219404888,1.0772399845726952,16.649999618530273
2022-07-22,0.509571451216485,0.4305296045699437,16.860000610351562,1.0973459265845804,0.6207810349781138,16.81999969482422,0.3804517906147779,0.7723680634794725,17.200000762939453,0.6912014580365189,0.625760911836306,17.600000381469727,0.7798272390251264,1.159521410924114,17.68000030517578
2022-07-25,0.6853755230166663,0.4309710873181143,16.649999618530273,0.509571451216485,0.4305296045699437,16.860000610351562,1.0973459265845804,0.6207810349781138,16.81999969482422,1.4186202470718856,0.9713503853642088,17.15999984741211,0.7502589370046577,1.0079143006807516,18.170000076293945
2022-07-26,-0.5304241963650272,0.6003658731122213,17.68000030517578,0.6853755230166663,0.4309710873181143,16.649999618530273,0.509571451216485,0.4305296045699437,16.860000610351562,0.3804517906147779,0.7723680634794725,17.200000762939453,0.7291831761026617,0.6263529483151723,18.1299991607666
2022-07-27,-0.8887333683346772,0.8444368713945347,18.170000076293945,-0.5304241963650272,0.6003658731122213,17.68000030517578,0.6853755230166663,0.4309710873181143,16.649999618530273,1.0973459265845804,0.6207810349781138,16.81999969482422,0.7621120326614061,0.7180709823868302,17.010000228881836
2022-07-28,0.953655956008488,0.8067901018379128,18.1299991607666,-0.8887333683346772,0.8444368713945347,18.170000076293945,-0.5304241963650272,0.6003658731122213,17.68000030517578,0.509571451216485,0.4305296045699437,16.860000610351562,0.8424444042966965,0.6289663693252397,16.549999237060547
2022-07-29,1.7145896529526243,1.0772399845726952,17.010000228881836,0.953655956008488,0.8067901018379128,18.1299991607666,-0.8887333683346772,0.8444368713945347,18.170000076293945,0.6853755230166663,0.4309710873181143,16.649999618530273,0.8219071157738536,0.44665200002229016,17.489999771118164
2022-08-01,1.3415561413115864,1.159521410924114,16.549999237060547,1.7145896529526243,1.0772399845726952,17.010000228881836,0.953655956008488,0.8067901018379128,18.1299991607666,-0.5304241963650272,0.6003658731122213,17.68000030517578,0.8292328574521304,0.30792276385185463,18.530000686645508
2022-08-02,1.0539792401854702,1.0079143006807516,17.489999771118164,1.3415561413115864,1.159521410924114,16.549999237060547,1.7145896529526243,1.0772399845726952,17.010000228881836,-0.8887333683346772,0.8444368713945347,18.170000076293945,0.8230438347181727,0.3045714138142364,18.450000762939453
2022-08-03,0.03112792114048116,0.6263529483151723,18.530000686645508,1.0539792401854702,1.0079143006807516,17.489999771118164,1.3415561413115864,1.159521410924114,16.549999237060547,0.953655956008488,0.8067901018379128,18.1299991607666,0.8076874077557964,0.3764945469467818,19.26000022888184
2022-08-04,0.2458783072766921,0.7180709823868302,18.450000762939453,0.03112792114048116,0.6263529483151723,18.530000686645508,1.0539792401854702,1.0079143006807516,17.489999771118164,1.7145896529526243,1.0772399845726952,17.010000228881836,0.7601574689895605,0.33271607660983726,18.920000076293945
2022-08-05,-0.03537741781412895,0.6289663693252397,19.26000022888184,0.2458783072766921,0.7180709823868302,18.450000762939453,0.03112792114048116,0.6263529483151723,18.530000686645508,1.3415561413115864,1.159521410924114,16.549999237060547,0.7236815345383646,0.3227841150207464,19.299999237060547
2022-08-08,0.08913297215996853,0.44665200002229016,18.920000076293945,-0.03537741781412895,0.6289663693252397,19.26000022888184,0.2458783072766921,0.7180709823868302,18.450000762939453,1.0539792401854702,1.0079143006807516,17.489999771118164,0.6919229926907344,0.3115057333232218,19.59000015258789
2022-08-10,0.7307599012140524,0.30792276385185463,19.299999237060547,0.08913297215996853,0.44665200002229016,18.920000076293945,-0.03537741781412895,0.6289663693252397,19.26000022888184,0.03112792114048116,0.6263529483151723,18.530000686645508,0.6562872109240995,0.3071084197149878,18.36000061035156
2022-08-11,0.055050954161200635,0.3045714138142364,19.59000015258789,0.7307599012140524,0.30792276385185463,19.299999237060547,0.08913297215996853,0.44665200002229016,18.920000076293945,0.2458783072766921,0.7180709823868302,18.450000762939453,0.6449731802901333,0.7374715942229525,17.610000610351562
2022-08-12,0.7060942140366637,0.3764945469467818,18.36000061035156,0.055050954161200635,0.3045714138142364,19.59000015258789,0.7307599012140524,0.30792276385185463,19.299999237060547,-0.03537741781412895,0.6289663693252397,19.26000022888184,0.6121998988407112,1.027065517357559,17.68000030517578
2022-08-16,0.22145679837284518,0.33271607660983726,17.610000610351562,0.7060942140366637,0.3764945469467818,18.36000061035156,0.055050954161200635,0.3045714138142364,19.59000015258789,0.08913297215996853,0.44665200002229016,18.920000076293945,0.603791573659562,0.9796316451659867,17.68000030517578
2022-08-17,0.7155855032733008,0.3227841150207464,17.68000030517578,0.22145679837284518,0.33271607660983726,17.610000610351562,0.7060942140366637,0.3764945469467818,18.36000061035156,0.7307599012140524,0.30792276385185463,19.299999237060547,0.5798792742353227,0.8779666899946614,17.350000381469727
2022-08-18,0.6653737907021656,0.3115057333232218,17.68000030517578,0.7155855032733008,0.3227841150207464,17.68000030517578,0.22145679837284518,0.33271607660983726,17.610000610351562,0.055050954161200635,0.3045714138142364,19.59000015258789,0.5744780749788913,0.8412221675668096,18.290000915527344
2022-08-19,0.06824370229270742,0.3071084197149878,17.350000381469727,0.6653737907021656,0.3115057333232218,17.68000030517578,0.7155855032733008,0.3227841150207464,17.68000030517578,0.7060942140366637,0.3764945469467818,18.36000061035156,0.5678139280555196,0.8040286947436781,19.040000915527344
2022-08-22,-1.1090751389954998,0.7374715942229525,18.290000915527344,0.06824370229270742,0.3071084197149878,17.350000381469727,0.6653737907021656,0.3115057333232218,17.68000030517578,0.22145679837284518,0.33271607660983726,17.610000610351562,0.5417701457614171,0.760772757753803,19.049999237060547
2022-08-23,-1.5192148554208882,1.027065517357559,19.040000915527344,-1.1090751389954998,0.7374715942229525,18.290000915527344,0.06824370229270742,0.3071084197149878,17.350000381469727,0.7155855032733008,0.3227841150207464,17.68000030517578,0.6817520426735886,1.4618386435472337,18.43000030517578
2022-08-24,0.4950408657946044,0.9796316451659867,19.049999237060547,-1.5192148554208882,1.027065517357559,19.040000915527344,-1.1090751389954998,0.7374715942229525,18.290000915527344,0.6653737907021656,0.3115057333232218,17.68000030517578,0.8705333532967161,1.5980269623092276,19.56999969482422
2022-08-25,0.1560393032835227,0.8779666899946614,18.43000030517578,0.4950408657946044,0.9796316451659867,19.049999237060547,-1.5192148554208882,1.027065517357559,19.040000915527344,0.06824370229270742,0.3071084197149878,17.350000381469727,0.8321653695743307,1.582531275143357,18.21999931335449
2022-08-26,-0.46971967955087224,0.8412221675668096,19.56999969482422,0.1560393032835227,0.8779666899946614,18.43000030517578,0.4950408657946044,0.9796316451659867,19.049999237060547,-1.1090751389954998,0.7374715942229525,18.290000915527344,0.7862745292410506,1.6138367548857748,19.81999969482422
2022-08-29,0.2078094793881999,0.8040286947436781,18.21999931335449,-0.46971967955087224,0.8412221675668096,19.56999969482422,0.1560393032835227,0.8779666899946614,18.43000030517578,-1.5192148554208882,1.027065517357559,19.040000915527344,0.8054697204770346,1.390668438793822,18.700000762939453
2022-08-30,-1.410905518594369,0.760772757753803,19.81999969482422,0.2078094793881999,0.8040286947436781,18.21999931335449,-0.46971967955087224,0.8412221675668096,19.56999969482422,0.4950408657946044,0.9796316451659867,19.049999237060547,0.7636891497305643,0.696135484415807,19.8700008392334
2022-09-01,2.5457455427431688,1.4618386435472337,18.700000762939453,-1.410905518594369,0.760772757753803,19.81999969482422,0.2078094793881999,0.8040286947436781,18.21999931335449,0.1560393032835227,0.8779666899946614,18.43000030517578,0.9233472348232932,0.5243191034156213,19.549999237060547
2022-09-02,-1.2265712506503565,1.5980269623092276,19.8700008392334,2.5457455427431688,1.4618386435472337,18.700000762939453,-1.410905518594369,0.760772757753803,19.81999969482422,-0.46971967955087224,0.8412221675668096,19.56999969482422,0.9497528331071428,0.5010745893457134,19.65999984741211
2022-09-05,-0.01910688459375813,1.582531275143357,19.549999237060547,-1.2265712506503565,1.5980269623092276,19.8700008392334,2.5457455427431688,1.4618386435472337,18.700000762939453,0.2078094793881999,0.8040286947436781,18.21999931335449,1.058382893120595,0.4772378965073248,19.520000457763672
2022-09-06,0.717802628935595,1.6138367548857748,19.65999984741211,-0.01910688459375813,1.582531275143357,19.549999237060547,-1.2265712506503565,1.5980269623092276,19.8700008392334,-1.410905518594369,0.760772757753803,19.81999969482422,0.9933337480634192,0.45947729260462566,19.3700008392334
2022-09-07,-0.0577619915734608,1.390668438793822,19.520000457763672,0.717802628935595,1.6138367548857748,19.65999984741211,-0.01910688459375813,1.582531275143357,19.549999237060547,2.5457455427431688,1.4618386435472337,18.700000762939453,0.9505589132848388,0.528689011544076,18.309999465942383
2022-09-08,-0.17686636555011565,0.696135484415807,19.3700008392334,-0.0577619915734608,1.390668438793822,19.520000457763672,0.717802628935595,1.6138367548857748,19.65999984741211,-1.2265712506503565,1.5980269623092276,19.8700008392334,0.9007886900401436,0.6150522273159028,17.719999313354492
2022-09-09,0.9843902383512463,0.5243191034156213,18.309999465942383,-0.17686636555011565,0.696135484415807,19.3700008392334,-0.0577619915734608,1.390668438793822,19.520000457763672,-0.01910688459375813,1.582531275143357,19.549999237060547,0.8707697183446947,1.0909666795682786,17.940000534057617
2022-09-12,0.19420477956010657,0.5010745893457134,17.719999313354492,0.9843902383512463,0.5243191034156213,18.309999465942383,-0.17686636555011565,0.696135484415807,19.3700008392334,0.717802628935595,1.6138367548857748,19.65999984741211,0.8486003735951632,1.079433180721367,17.469999313354492
2022-09-13,0.5759080279283832,0.4772378965073248,17.940000534057617,0.19420477956010657,0.5010745893457134,17.719999313354492,0.9843902383512463,0.5243191034156213,18.309999465942383,-0.0577619915734608,1.390668438793822,19.520000457763672,0.8024413351364899,1.176008792545777,18.280000686645508
2022-09-14,0.7426556664034913,0.45947729260462566,17.469999313354492,0.5759080279283832,0.4772378965073248,17.940000534057617,0.19420477956010657,0.5010745893457134,17.719999313354492,-0.17686636555011565,0.696135484415807,19.3700008392334,0.7730171469471789,1.1821561125762676,18.38999938964844
2022-09-15,-0.36758453208641867,0.528689011544076,18.280000686645508,0.7426556664034913,0.45947729260462566,17.469999313354492,0.5759080279283832,0.4772378965073248,17.940000534057617,0.9843902383512463,0.5243191034156213,18.309999465942383,0.7518066262839765,1.1690425682089975,19.81999969482422
2022-09-16,-0.7042702379409719,0.6150522273159028,18.38999938964844,-0.36758453208641867,0.528689011544076,18.280000686645508,0.7426556664034913,0.45947729260462566,17.469999313354492,0.19420477956010657,0.5010745893457134,17.719999313354492,0.7605603971193455,1.0892185847854037,19.940000534057617
2022-09-19,-1.9575203370476821,1.0909666795682786,19.81999969482422,-0.7042702379409719,0.6150522273159028,18.38999938964844,-0.36758453208641867,0.528689011544076,18.280000686645508,0.5759080279283832,0.4772378965073248,17.940000534057617,0.8146249838676708,1.181150863117649,18.799999237060547
2022-09-20,0.5200144374609498,1.079433180721367,19.940000534057617,-1.9575203370476821,1.0909666795682786,19.81999969482422,-0.7042702379409719,0.6150522273159028,18.38999938964844,0.7426556664034913,0.45947729260462566,17.469999313354492,1.0570289767982652,0.7930393673561816,19.32999992370605
2022-09-21,1.0948654031257963,1.176008792545777,18.799999237060547,0.5200144374609498,1.079433180721367,19.940000534057617,-1.9575203370476821,1.0909666795682786,19.81999969482422,-0.36758453208641867,0.528689011544076,18.280000686645508,1.0015265434787877,0.76708054505024,18.81999969482422
2022-09-22,-0.5510158516157929,1.1821561125762676,19.32999992370605,1.0948654031257963,1.176008792545777,18.799999237060547,0.5200144374609498,1.079433180721367,19.940000534057617,-0.7042702379409719,0.6150522273159028,18.38999938964844,0.9704178981178,0.8162697531888113,20.59000015258789
2022-09-23,-0.5010107310831895,1.1690425682089975,18.81999969482422,-0.5510158516157929,1.1821561125762676,19.32999992370605,1.0948654031257963,1.176008792545777,18.799999237060547,-1.9575203370476821,1.0909666795682786,19.81999969482422,0.982332840405188,1.2651053621538135,21.88999938964844
2022-09-26,-1.7304540890907432,1.0892185847854037,20.59000015258789,-0.5010107310831895,1.1690425682089975,18.81999969482422,-0.5510158516157929,1.1821561125762676,19.32999992370605,0.5200144374609498,1.079433180721367,19.940000534057617,0.9864035016215328,1.1017919979794244,21.56999969482422
2022-09-27,-1.8114401349380975,1.181150863117649,21.88999938964844,-1.7304540890907432,1.0892185847854037,20.59000015258789,-0.5010107310831895,1.1690425682089975,18.81999969482422,1.0948654031257963,1.176008792545777,18.799999237060547,1.1666336853915695,1.5505142478866072,22.100000381469727
2022-09-28,-0.05231876910193474,0.7930393673561816,21.56999969482422,-1.8114401349380975,1.181150863117649,21.88999938964844,-1.7304540890907432,1.0892185847854037,20.59000015258789,-0.5510158516157929,1.1821561125762676,19.32999992370605,1.335287092436905,1.4059613170464604,21.299999237060547
2022-09-29,-0.8787677246935571,0.76708054505024,22.100000381469727,-0.05231876910193474,0.7930393673561816,21.56999969482422,-1.8114401349380975,1.181150863117649,21.88999938964844,-0.5010107310831895,1.1690425682089975,18.81999969482422,1.2460009589884566,1.3872770561403112,19.96999931335449
2022-09-30,-0.24052250050792126,0.8162697531888113,21.299999237060547,-0.8787677246935571,0.76708054505024,22.100000381469727,-0.05231876910193474,0.7930393673561816,21.56999969482422,-1.7304540890907432,1.0892185847854037,20.59000015258789,1.2724741229611896,1.3012331238514458,21.3700008392334
2022-10-03,1.6292312526781774,1.2651053621538135,19.96999931335449,-0.24052250050792126,0.8162697531888113,21.299999237060547,-0.8787677246935571,0.76708054505024,22.100000381469727,-1.8114401349380975,1.181150863117649,21.88999938964844,1.21317834182202,1.381435511629468,19.56999969482422
2022-10-04,-1.2183178897324074,1.1017919979794244,21.3700008392334,1.6292312526781774,1.2651053621538135,19.96999931335449,-0.24052250050792126,0.8162697531888113,21.299999237060547,-0.05231876910193474,0.7930393673561816,21.56999969482422,1.1783170493860613,0.8783972724733029,19.31999969482422
2022-10-06,2.2655095268550496,1.5505142478866072,19.56999969482422,-1.2183178897324074,1.1017919979794244,21.3700008392334,1.6292312526781774,1.2651053621538135,19.96999931335449,-0.8787677246935571,0.76708054505024,22.100000381469727,1.2591537283370786,0.8449348218080927,18.809999465942383
2022-10-07,0.33231164632058174,1.4059613170464604,19.31999969482422,2.2655095268550496,1.5505142478866072,19.56999969482422,-1.2183178897324074,1.1017919979794244,21.3700008392334,-0.24052250050792126,0.8162697531888113,21.299999237060547,1.2407927634627145,1.0513873173966737,19.6200008392334
2022-10-10,-0.09900230150986376,1.3872770561403112,18.809999465942383,0.33231164632058174,1.4059613170464604,19.31999969482422,2.2655095268550496,1.5505142478866072,19.56999969482422,1.6292312526781774,1.2651053621538135,19.96999931335449,1.1606075632769643,1.1014314257328985,20.489999771118164
2022-10-11,-0.4262718329192525,1.3012331238514458,19.6200008392334,-0.09900230150986376,1.3872770561403112,18.809999465942383,0.33231164632058174,1.4059613170464604,19.31999969482422,-1.2183178897324074,1.1017919979794244,21.3700008392334,1.0952128851861167,0.6945523224388195,20.18000030517578
2022-10-12,-1.5044993668578568,1.381435511629468,20.489999771118164,-0.4262718329192525,1.3012331238514458,19.6200008392334,-0.09900230150986376,1.3872770561403112,18.809999465942383,2.2655095268550496,1.5505142478866072,19.56999969482422,1.0780089427493975,0.7026929716045106,20.290000915527344
2022-10-13,0.8212331644389038,0.8783972724733029,20.18000030517578,-1.5044993668578568,1.381435511629468,20.489999771118164,-0.4262718329192525,1.3012331238514458,19.6200008392334,0.33231164632058174,1.4059613170464604,19.31999969482422,1.2121350499562065,0.3994793596272923,18.26000022888184
2022-10-14,-0.6400523491751724,0.8449348218080927,20.290000915527344,0.8212331644389038,0.8783972724733029,20.18000030517578,-1.5044993668578568,1.381435511629468,20.489999771118164,-0.09900230150986376,1.3872770561403112,18.809999465942383,1.1507361012946644,0.4032385788200013,18.420000076293945
2022-10-17,1.0020514532698734,1.0513873173966737,18.26000022888184,-0.6400523491751724,0.8449348218080927,20.290000915527344,0.8212331644389038,0.8783972724733029,20.18000030517578,-0.4262718329192525,1.3012331238514458,19.6200008392334,1.1557226860665362,0.4324207876204429,17.450000762939453
2022-10-18,0.7310797834822186,1.1014314257328985,18.420000076293945,1.0020514532698734,1.0513873173966737,18.26000022888184,-0.6400523491751724,0.8449348218080927,20.290000915527344,-1.5044993668578568,1.381435511629468,20.489999771118164,1.1060472938865211,0.4661329470372033,17.489999771118164
2022-10-19,1.0066448739082916,0.6945523224388195,17.450000762939453,0.7310797834822186,1.1014314257328985,18.420000076293945,1.0020514532698734,1.0513873173966737,18.26000022888184,0.8212331644389038,0.8783972724733029,20.18000030517578,1.0525338121283414,0.47865550669216583,17.229999542236328
2022-10-20,0.14457922593648584,0.7026929716045106,17.489999771118164,1.0066448739082916,0.6945523224388195,17.450000762939453,0.7310797834822186,1.1014314257328985,18.420000076293945,-0.6400523491751724,0.8449348218080927,20.290000915527344,1.0134406040015784,0.4784036646678675,17.280000686645508
2022-10-21,0.2947825439411186,0.3994793596272923,17.229999542236328,0.14457922593648584,0.7026929716045106,17.489999771118164,1.0066448739082916,0.6945523224388195,17.450000762939453,1.0020514532698734,1.0513873173966737,18.26000022888184,0.9500631764140698,0.6352014811227604,17.420000076293945
2022-10-24,0.07029866326317706,0.4032385788200013,17.280000686645508,0.2947825439411186,0.3994793596272923,17.229999542236328,0.14457922593648584,0.7026929716045106,17.489999771118164,0.7310797834822186,1.1014314257328985,18.420000076293945,0.8976502906253335,0.6170197001304975,16.8799991607666
2022-10-25,0.8748972260095097,0.4324207876204429,17.420000076293945,0.07029866326317706,0.4032385788200013,17.280000686645508,0.2947825439411186,0.3994793596272923,17.229999542236328,1.0066448739082916,0.6945523224388195,17.450000762939453,0.8429305573246351,0.5904729328021281,16.600000381469727
2022-10-27,-0.4204950452158822,0.4661329470372033,16.8799991607666,0.8748972260095097,0.4324207876204429,17.420000076293945,0.07029866326317706,0.4032385788200013,17.280000686645508,0.14457922593648584,0.7026929716045106,17.489999771118164,0.8197133189795781,0.6579788396314726,15.920000076293944
2022-10-28,0.455452028328274,0.47865550669216583,16.600000381469727,-0.4204950452158822,0.4661329470372033,16.8799991607666,0.8748972260095097,0.4324207876204429,17.420000076293945,0.2947825439411186,0.3994793596272923,17.229999542236328,0.8291107472180989,0.6567708499788889,15.800000190734863
2022-10-31,0.280666287905275,0.4784036646678675,15.920000076293944,0.455452028328274,0.47865550669216583,16.600000381469727,-0.4204950452158822,0.4661329470372033,16.8799991607666,0.07029866326317706,0.4032385788200013,17.280000686645508,0.7932763373532236,0.4521600193747242,16.1299991607666
2022-11-01,1.2592609626880553,0.6352014811227604,15.800000190734863,0.280666287905275,0.4784036646678675,15.920000076293944,0.455452028328274,0.47865550669216583,16.600000381469727,0.8748972260095097,0.4324207876204429,17.420000076293945,0.7549738153635439,0.37389774089471717,16.65999984741211
2022-11-02,0.736784387700839,0.6170197001304975,16.1299991607666,1.2592609626880553,0.6352014811227604,15.800000190734863,0.280666287905275,0.4784036646678675,15.920000076293944,-0.4204950452158822,0.4661329470372033,16.8799991607666,0.752875564130956,0.48198850141009997,15.9399995803833
2022-11-03,-0.34531529072475453,0.5904729328021281,16.65999984741211,0.736784387700839,0.6170197001304975,16.1299991607666,1.2592609626880553,0.6352014811227604,15.800000190734863,0.455452028328274,0.47865550669216583,16.600000381469727,0.7332831695171045,0.9369625359323549,15.65999984741211
2022-11-04,-0.1668738878993079,0.6579788396314726,15.9399995803833,-0.34531529072475453,0.5904729328021281,16.65999984741211,0.736784387700839,0.6170197001304975,16.1299991607666,0.280666287905275,0.4784036646678675,15.920000076293944,0.7407832201724159,0.9564268475953361,15.59000015258789
2022-11-07,0.35638102334325084,0.6567708499788889,15.65999984741211,-0.1668738878993079,0.6579788396314726,15.9399995803833,-0.34531529072475453,0.5904729328021281,16.65999984741211,1.2592609626880553,0.6352014811227604,15.800000190734863,0.7242546039544923,0.9526858227398293,15.920000076293944
2022-11-09,0.47164462855731093,0.4521600193747242,15.59000015258789,0.35638102334325084,0.6567708499788889,15.65999984741211,-0.1668738878993079,0.6579788396314726,15.9399995803833,0.736784387700839,0.6170197001304975,16.1299991607666,0.6945715878086908,0.9255331290903962,15.56999969482422
2022-11-10,-0.25193100341803654,0.37389774089471717,15.920000076293944,0.47164462855731093,0.4521600193747242,15.59000015258789,0.35638102334325084,0.6567708499788889,15.65999984741211,-0.34531529072475453,0.5904729328021281,16.65999984741211,0.6712854169766319,0.8406606324400945,14.40999984741211
2022-11-11,-0.7119006002546902,0.48198850141009997,15.56999969482422,-0.25193100341803654,0.37389774089471717,15.920000076293944,0.47164462855731093,0.4521600193747242,15.59000015258789,-0.1668738878993079,0.6579788396314726,15.9399995803833,0.6719959554130891,0.2888598770170038,14.90999984741211
2022-11-14,1.767602773148285,0.9369625359323549,14.40999984741211,-0.7119006002546902,0.48198850141009997,15.56999969482422,-0.25193100341803654,0.37389774089471717,15.920000076293944,0.35638102334325084,0.6567708499788889,15.65999984741211,0.7360811754166621,0.4516319290076525,14.640000343322754
2022-11-15,-0.11204729970374992,0.9564268475953361,14.90999984741211,1.767602773148285,0.9369625359323549,14.40999984741211,-0.7119006002546902,0.48198850141009997,15.56999969482422,0.47164462855731093,0.4521600193747242,15.59000015258789,0.7533647445558231,0.4710983100859329,15.100000381469728
2022-11-16,0.40427413587009603,0.9526858227398293,14.640000343322754,-0.11204729970374992,0.9564268475953361,14.90999984741211,1.767602773148285,0.9369625359323549,14.40999984741211,-0.25193100341803654,0.37389774089471717,15.920000076293944,0.728692067674481,0.48293405239752696,14.880000114440918
2022-11-17,0.0339553496785159,0.9255331290903962,15.100000381469728,0.40427413587009603,0.9526858227398293,14.640000343322754,-0.11204729970374992,0.9564268475953361,14.90999984741211,-0.7119006002546902,0.48198850141009997,15.56999969482422,0.700198609975086,0.7419890691713855,14.390000343322754
2022-11-18,-0.35778894143715545,0.8406606324400945,14.880000114440918,0.0339553496785159,0.9255331290903962,15.100000381469728,0.40427413587009603,0.9526858227398293,14.640000343322754,1.767602773148285,0.9369625359323549,14.40999984741211,0.6620579019495343,0.7167218823113636,14.800000190734863
2022-11-21,-0.19780888419361492,0.2888598770170038,14.390000343322754,-0.35778894143715545,0.8406606324400945,14.880000114440918,0.0339553496785159,0.9255331290903962,15.100000381469728,-0.11204729970374992,0.9564268475953361,14.90999984741211,0.6776972689211471,0.43502496361615184,13.84000015258789
2022-11-22,-0.8100449774708418,0.4516319290076525,14.800000190734863,-0.19780888419361492,0.2888598770170038,14.390000343322754,-0.35778894143715545,0.8406606324400945,14.880000114440918,0.40427413587009603,0.9526858227398293,14.640000343322754,0.670752308770295,0.4390046198648409,14.039999961853027
2022-11-23,0.46286016308605993,0.4710983100859329,13.84000015258789,-0.8100449774708418,0.4516319290076525,14.800000190734863,-0.19780888419361492,0.2888598770170038,14.390000343322754,0.0339553496785159,0.9255331290903962,15.100000381469728,0.7492596206036332,0.4283369381192321,13.479999542236328
2022-11-24,0.12626606067816232,0.48293405239752696,14.039999961853027,0.46286016308605993,0.4710983100859329,13.84000015258789,-0.8100449774708418,0.4516319290076525,14.800000190734863,-0.35778894143715545,0.8406606324400945,14.880000114440918,0.7208832434448516,0.23002982751548298,13.329999923706056
2022-11-25,1.1801042862214368,0.7419890691713855,13.479999542236328,0.12626606067816232,0.48293405239752696,14.039999961853027,0.46286016308605993,0.4710983100859329,13.84000015258789,-0.19780888419361492,0.2888598770170038,14.390000343322754,0.6839561230397226,0.49972672183260713,13.56999969482422
2022-11-28,0.15488019469054912,0.7167218823113636,13.329999923706056,1.1801042862214368,0.7419890691713855,13.479999542236328,0.12626606067816232,0.48293405239752696,14.039999961853027,-0.8100449774708418,0.4516319290076525,14.800000190734863,0.6855456814550978,0.50272113882774,13.619999885559082
2022-11-29,0.26972005940332766,0.43502496361615184,13.56999969482422,0.15488019469054912,0.7167218823113636,13.329999923706056,1.1801042862214368,0.7419890691713855,13.479999542236328,0.46286016308605993,0.4710983100859329,13.84000015258789,0.6526014820016854,0.5307071343973645,13.8100004196167
2022-11-30,0.29746977400658825,0.4390046198648409,13.619999885559082,0.26972005940332766,0.43502496361615184,13.56999969482422,0.15488019469054912,0.7167218823113636,13.329999923706056,0.12626606067816232,0.48293405239752696,14.039999961853027,0.6262242883360558,0.36645552223285716,13.359999656677246
2022-12-01,0.7507383568474861,0.4283369381192321,13.8100004196167,0.29746977400658825,0.4390046198648409,13.619999885559082,0.26972005940332766,0.43502496361615184,13.56999969482422,1.1801042862214368,0.7419890691713855,13.479999542236328,0.6029715829500141,0.3578570229678836,13.449999809265137
2022-12-02,0.2882576714860245,0.23002982751548298,13.359999656677246,0.7507383568474861,0.4283369381192321,13.8100004196167,0.29746977400658825,0.4390046198648409,13.619999885559082,0.15488019469054912,0.7167218823113636,13.329999923706056,0.5968503355050186,0.35423761193394226,13.729999542236328
2022-12-05,-0.6206617442539312,0.49972672183260713,13.449999809265137,0.2882576714860245,0.23002982751548298,13.359999656677246,0.7507383568474861,0.4283369381192321,13.8100004196167,0.26972005940332766,0.43502496361615184,13.56999969482422,0.5757136796990991,0.3503746495777035,14.039999961853027
2022-12-06,0.026478872599709623,0.50272113882774,13.729999542236328,-0.6206617442539312,0.49972672183260713,13.449999809265137,0.2882576714860245,0.23002982751548298,13.359999656677246,0.29746977400658825,0.4390046198648409,13.619999885559082,0.6361015235713894,0.49597532532625865,14.079999923706056
2022-12-07,-0.31223832280691255,0.5307071343973645,14.039999961853027,0.026478872599709623,0.50272113882774,13.729999542236328,-0.6206617442539312,0.49972672183260713,13.449999809265137,0.7507383568474861,0.4283369381192321,13.8100004196167,0.6040522272418956,0.45185108671639873,13.399999618530272
2022-12-08,-0.44216639141222674,0.36645552223285716,14.079999923706056,-0.31223832280691255,0.5307071343973645,14.039999961853027,0.026478872599709623,0.50272113882774,13.729999542236328,0.2882576714860245,0.23002982751548298,13.359999656677246,0.6186731057592372,0.7643511981434521,13.479999542236328
2022-12-09,0.262845494467234,0.3578570229678836,13.399999618530272,-0.44216639141222674,0.36645552223285716,14.079999923706056,-0.31223832280691255,0.5307071343973645,14.039999961853027,-0.6206617442539312,0.49972672183260713,13.449999809265137,0.6497419420341795,0.7928466122688748,13.31999969482422
2022-12-12,-0.6077211303593385,0.35423761193394226,13.479999542236328,0.262845494467234,0.3578570229678836,13.399999618530272,-0.44216639141222674,0.36645552223285716,14.079999923706056,0.026478872599709623,0.50272113882774,13.729999542236328,0.6233790809082557,0.9311354961850232,12.880000114440918
2022-12-13,0.002977698935843848,0.3503746495777035,13.31999969482422,-0.6077211303593385,0.35423761193394226,13.479999542236328,0.262845494467234,0.3578570229678836,13.399999618530272,-0.31223832280691255,0.5307071343973645,14.039999961853027,0.6772948571144977,0.8503146865709021,12.890000343322754
2022-12-14,0.5974908495510217,0.49597532532625865,12.880000114440918,0.002977698935843848,0.3503746495777035,13.31999969482422,-0.6077211303593385,0.35423761193394226,13.479999542236328,-0.44216639141222674,0.36645552223285716,14.079999923706056,0.6447217827920313,0.8495387489607826,13.729999542236328
2022-12-15,0.2806718551028224,0.45185108671639873,12.890000343322754,0.5974908495510217,0.49597532532625865,12.880000114440918,0.002977698935843848,0.3503746495777035,13.31999969482422,0.262845494467234,0.3578570229678836,13.399999618530272,0.629909935838675,0.715480932209554,14.06999969482422
2022-12-16,-1.3238173588299011,0.7643511981434521,13.729999542236328,0.2806718551028224,0.45185108671639873,12.890000343322754,0.5974908495510217,0.49597532532625865,12.880000114440918,-0.6077211303593385,0.35423761193394226,13.479999542236328,0.6057954262658507,0.9721298630381457,13.550000190734863
2022-12-19,-0.7954506384605002,0.7928466122688748,14.06999969482422,-1.3238173588299011,0.7643511981434521,13.729999542236328,0.2806718551028224,0.45185108671639873,12.890000343322754,0.002977698935843848,0.3503746495777035,13.31999969482422,0.7727923221875299,1.341271965985916,13.779999732971191
2022-12-20,0.8255783729645224,0.9311354961850232,13.550000190734863,-0.7954506384605002,0.7928466122688748,14.06999969482422,-1.3238173588299011,0.7643511981434521,13.729999542236328,0.5974908495510217,0.49597532532625865,12.880000114440918,0.8385458583903481,1.3458353836990964,15.5600004196167
2022-12-21,-0.19099433205291774,0.8503146865709021,13.779999732971191,0.8255783729645224,0.9311354961850232,13.550000190734863,-0.7954506384605002,0.7928466122688748,14.06999969482422,0.2806718551028224,0.45185108671639873,12.890000343322754,0.8140911745618187,1.3005186869299163,15.1899995803833
2022-12-22,-1.017935391694218,0.8495387489607826,15.5600004196167,-0.19099433205291774,0.8503146865709021,13.779999732971191,0.8255783729645224,0.9311354961850232,13.550000190734863,-1.3238173588299011,0.7643511981434521,13.729999542236328,0.7940004206651565,1.3066917777131322,16.15999984741211
2022-12-23,-0.39502948868902,0.715480932209554,15.1899995803833,-1.017935391694218,0.8495387489607826,15.5600004196167,-0.19099433205291774,0.8503146865709021,13.779999732971191,-0.7954506384605002,0.7928466122688748,14.06999969482422,0.8897764507369486,0.8610241853121217,15.289999961853027
2022-12-27,-1.784137526808462,0.9721298630381457,16.15999984741211,-0.39502948868902,0.715480932209554,15.1899995803833,-1.017935391694218,0.8495387489607826,15.5600004196167,0.8255783729645224,0.9311354961850232,13.550000190734863,0.8890449511638389,0.3880438430434322,15.399999618530272
2022-12-28,1.8114470670408458,1.341271965985916,15.289999961853027,-1.784137526808462,0.9721298630381457,16.15999984741211,-0.39502948868902,0.715480932209554,15.1899995803833,-0.19099433205291774,0.8503146865709021,13.779999732971191,1.0913075898038762,0.6546451533657626,14.8100004196167
2022-12-29,-0.05406611691443354,1.3458353836990964,15.399999618530272,1.8114470670408458,1.341271965985916,15.289999961853027,-1.784137526808462,0.9721298630381457,16.15999984741211,-1.017935391694218,0.8495387489607826,15.5600004196167,1.0752162325624433,0.601765021243007,14.869999885559082
2022-12-30,0.3772706087183377,1.3005186869299163,14.8100004196167,-0.05406611691443354,1.3458353836990964,15.399999618530272,1.8114470670408458,1.341271965985916,15.289999961853027,-0.39502948868902,0.715480932209554,15.1899995803833,1.0128290095768169,0.6405632374348564,14.6899995803833
2023-01-02,-0.47222100411233103,1.3066917777131322,14.869999885559082,0.3772706087183377,1.3005186869299163,14.8100004196167,-0.05406611691443354,1.3458353836990964,15.399999618530272,-1.784137526808462,0.9721298630381457,16.15999984741211,0.95703236902187,0.9366110338314072,14.390000343322754
2023-01-03,0.5076675205536103,0.8610241853121217,14.6899995803833,-0.47222100411233103,1.3066917777131322,14.869999885559082,0.3772706087183377,1.3005186869299163,14.8100004196167,1.8114470670408458,1.341271965985916,15.289999961853027,0.9598420344646696,0.9982821070344667,15.199999809265137
2023-01-04,0.1927069632871597,0.3880438430434322,14.390000343322754,0.5076675205536103,0.8610241853121217,14.6899995803833,-0.47222100411233103,1.3066917777131322,14.869999885559082,-0.05406611691443354,1.3458353836990964,15.399999618530272,0.9134244516550156,0.9206769178783925,14.979999542236328
2023-01-05,-1.0453517612292944,0.6546451533657626,15.199999809265137,0.1927069632871597,0.3880438430434322,14.390000343322754,0.5076675205536103,0.8610241853121217,14.6899995803833,0.3772706087183377,1.3005186869299163,14.8100004196167,0.8611793639969341,0.918927504109288,15.029999732971191
2023-01-06,-0.28194100932680755,0.601765021243007,14.979999542236328,-1.0453517612292944,0.6546451533657626,15.199999809265137,0.1927069632871597,0.3880438430434322,14.390000343322754,-0.47222100411233103,1.3066917777131322,14.869999885559082,0.953457977856498,0.892253288896245,14.649999618530272
2023-01-09,-0.7402837214764996,0.6405632374348564,15.029999732971191,-0.28194100932680755,0.601765021243007,14.979999542236328,-1.0453517612292944,0.6546451533657626,15.199999809265137,0.5076675205536103,0.8610241853121217,14.6899995803833,0.931815421453338,0.5681730670097327,15.510000228881836
2023-01-10,1.344545509952314,0.9366110338314072,14.649999618530272,-0.7402837214764996,0.6405632374348564,15.029999732971191,-0.28194100932680755,0.601765021243007,14.979999542236328,0.1927069632871597,0.3880438430434322,14.390000343322754,0.9733173309702858,0.5321277379804255,15.4399995803833
2023-01-11,-1.0387266093937284,0.9982821070344667,15.510000228881836,1.344545509952314,0.9366110338314072,14.649999618530272,-0.7402837214764996,0.6405632374348564,15.029999732971191,-1.0453517612292944,0.6546451533657626,15.199999809265137,0.9533401575690856,0.5425089738571878,15.279999732971191
2023-01-12,-0.10305082936186097,0.9206769178783925,15.4399995803833,-1.0387266093937284,0.9982821070344667,15.510000228881836,1.344545509952314,0.9366110338314072,14.649999618530272,-0.28194100932680755,0.601765021243007,14.979999542236328,1.0343637931307412,0.5691321364988441,14.460000038146973
2023-01-13,-0.20976741216788597,0.918927504109288,15.279999732971191,-0.10305082936186097,0.9206769178783925,15.4399995803833,-1.0387266093937284,0.9982821070344667,15.510000228881836,-0.7402837214764996,0.6405632374348564,15.029999732971191,0.9821147362979789,0.6214907726183724,15.020000457763672
2023-01-16,0.5494970874730372,0.892253288896245,14.460000038146973,-0.20976741216788597,0.918927504109288,15.279999732971191,-0.10305082936186097,0.9206769178783925,15.4399995803833,1.344545509952314,0.9366110338314072,14.649999618530272,0.9484423593081892,0.5919916386630413,14.59000015258789
2023-01-17,-0.34447734977776495,0.5681730670097327,15.020000457763672,0.5494970874730372,0.892253288896245,14.460000038146973,-0.20976741216788597,0.918927504109288,15.279999732971191,-1.0387266093937284,0.9982821070344667,15.510000228881836,0.9044881255953504,0.4763187157166211,14.369999885559082
2023-01-18,0.8815596703469526,0.5321277379804255,14.59000015258789,-0.34447734977776495,0.5681730670097327,15.020000457763672,0.5494970874730372,0.892253288896245,14.460000038146973,-0.10305082936186097,0.9206769178783925,15.4399995803833,0.8957077043949728,0.6463409855012059,13.960000038146973
2023-01-19,0.618737497867869,0.5425089738571878,14.369999885559082,0.8815596703469526,0.5321277379804255,14.59000015258789,-0.34447734977776495,0.5681730670097327,15.020000457763672,-0.20976741216788597,0.918927504109288,15.279999732971191,0.8677452902090993,0.8755018742353152,13.789999961853027
2023-01-20,-0.31703874707042845,0.5691321364988441,13.960000038146973,0.618737497867869,0.5425089738571878,14.369999885559082,0.8815596703469526,0.5321277379804255,14.59000015258789,0.5494970874730372,0.892253288896245,14.460000038146973,0.8337087801044886,0.9515730128696648,13.619999885559082
2023-01-23,-0.4438812272184146,0.6214907726183724,13.789999961853027,-0.31703874707042845,0.5691321364988441,13.960000038146973,0.618737497867869,0.5425089738571878,14.369999885559082,-0.34447734977776495,0.5681730670097327,15.020000457763672,0.828122175777841,0.8623064751293524,13.65999984741211
2023-01-24,0.5029606393094338,0.5919916386630413,13.619999885559082,-0.4438812272184146,0.6214907726183724,13.789999961853027,-0.31703874707042845,0.5691321364988441,13.960000038146973,0.8815596703469526,0.5321277379804255,14.59000015258789,0.8398306833019326,0.831359253799058,14.65999984741211
2023-01-25,-0.001379810823647804,0.4763187157166211,13.65999984741211,0.5029606393094338,0.5919916386630413,13.619999885559082,-0.4438812272184146,0.6214907726183724,13.789999961853027,0.618737497867869,0.5425089738571878,14.369999885559082,0.8045717784837103,0.7518495528472358,17.31999969482422
2023-01-27,-1.2571672991636755,0.6463409855012059,14.65999984741211,-0.001379810823647804,0.4763187157166211,13.65999984741211,0.5029606393094338,0.5919916386630413,13.619999885559082,-0.31703874707042845,0.5691321364988441,13.960000038146973,0.7613626285726438,0.6382869223764558,17.709999084472656
2023-01-30,-1.6204838949638831,0.8755018742353152,17.31999969482422,-1.2571672991636755,0.6463409855012059,14.65999984741211,-0.001379810823647804,0.4763187157166211,13.65999984741211,-0.4438812272184146,0.6214907726183724,13.789999961853027,0.8971553426389592,0.7296093252760083,16.8799991607666
2023-01-31,0.2530238851503625,0.9515730128696648,17.709999084472656,-1.6204838949638831,0.8755018742353152,17.31999969482422,-1.2571672991636755,0.6463409855012059,14.65999984741211,0.5029606393094338,0.5919916386630413,13.619999885559082,1.072192931893603,0.7492572956207211,16.780000686645508
2023-02-01,0.07477066778470427,0.8623064751293524,16.8799991607666,0.2530238851503625,0.9515730128696648,17.709999084472656,-1.6204838949638831,0.8755018742353152,17.31999969482422,-0.001379810823647804,0.4763187157166211,13.65999984741211,1.006541196615013,0.7903218902000626,15.729999542236328
2023-02-02,-0.2599299780272256,0.831359253799058,16.780000686645508,0.07477066778470427,0.8623064751293524,16.8799991607666,0.2530238851503625,0.9515730128696648,17.709999084472656,-1.2571672991636755,0.6463409855012059,14.65999984741211,0.9415887593450428,0.7774925634852489,14.399999618530272
2023-02-03,-0.03349953577196926,0.7518495528472358,15.729999542236328,-0.2599299780272256,0.831359253799058,16.780000686645508,0.07477066778470427,0.8623064751293524,16.8799991607666,-1.6204838949638831,0.8755018742353152,17.31999969482422,0.9182718587979658,0.5198732803780951,14.6899995803833
2023-02-06,1.3740758205234282,0.6382869223764558,14.399999618530272,-0.03349953577196926,0.7518495528472358,15.729999542236328,-0.2599299780272256,0.831359253799058,16.780000686645508,0.2530238851503625,0.9515730128696648,17.709999084472656,0.8685476292092135,0.514657215616134,14.130000114440918
2023-02-07,-0.5022725956678951,0.7296093252760083,14.6899995803833,1.3740758205234282,0.6382869223764558,14.399999618530272,-0.03349953577196926,0.7518495528472358,15.729999542236328,0.07477066778470427,0.8623064751293524,16.8799991607666,0.8597335933445313,0.6165262742150096,13.600000381469728
2023-02-08,-0.24290993398515345,0.7492572956207211,14.130000114440918,-0.5022725956678951,0.7296093252760083,14.6899995803833,1.3740758205234282,0.6382869223764558,14.399999618530272,-0.2599299780272256,0.831359253799058,16.780000686645508,0.8761836943033752,0.5434230928968612,13.039999961853027
2023-02-09,0.843982073038998,0.7903218902000626,13.600000381469728,-0.24290993398515345,0.7492572956207211,14.130000114440918,-0.5022725956678951,0.7296093252760083,14.6899995803833,-0.03349953577196926,0.7518495528472358,15.729999542236328,0.8569558474666411,0.5436357618459313,12.75
2023-02-10,0.12162679944837883,0.7774925634852489,13.039999961853027,0.843982073038998,0.7903218902000626,13.600000381469728,-0.24290993398515345,0.7492572956207211,14.130000114440918,1.3740758205234282,0.6382869223764558,14.399999618530272,0.8313967991940563,0.6075837836778049,13.68000030517578
2023-02-13,-0.206709283308457,0.5198732803780951,12.75,0.12162679944837883,0.7774925634852489,13.039999961853027,0.843982073038998,0.7903218902000626,13.600000381469728,-0.5022725956678951,0.7296093252760083,14.6899995803833,0.7844602872777926,0.6263539219346248,13.449999809265137
2023-02-14,-0.48052775756446475,0.514657215616134,13.68000030517578,-0.206709283308457,0.5198732803780951,12.75,0.12162679944837883,0.7774925634852489,13.039999961853027,-0.24290993398515345,0.7492572956207211,14.130000114440918,0.7691159872954072,0.43419806261049765,12.859999656677246
2023-02-15,0.8904589905162997,0.6165262742150096,13.449999809265137,-0.48052775756446475,0.514657215616134,13.68000030517578,-0.206709283308457,0.5198732803780951,12.75,0.843982073038998,0.7903218902000626,13.600000381469728,0.7914134771501254,0.635550365364221,12.890000343322754
2023-02-16,0.47850043793272484,0.5434230928968612,12.859999656677246,0.8904589905162997,0.6165262742150096,13.449999809265137,-0.48052775756446475,0.514657215616134,13.68000030517578,0.12162679944837883,0.7774925634852489,13.039999961853027,0.7734777378758823,0.5630665900918437,13.09000015258789
2023-02-17,0.110951785824931,0.5436357618459313,12.890000343322754,0.47850043793272484,0.5434230928968612,12.859999656677246,0.8904589905162997,0.6165262742150096,13.449999809265137,-0.206709283308457,0.5198732803780951,12.75,0.7434545357104366,0.5827495918235202,13.380000114440918
2023-02-20,-0.5094522761127012,0.6075837836778049,13.09000015258789,0.110951785824931,0.5436357618459313,12.890000343322754,0.47850043793272484,0.5434230928968612,12.859999656677246,-0.48052775756446475,0.514657215616134,13.68000030517578,0.7040546929420424,0.5850236289926796,14.010000228881836
2023-02-21,-0.5565979846782634,0.6263539219346248,13.380000114440918,-0.5094522761127012,0.6075837836778049,13.09000015258789,0.110951785824931,0.5436357618459313,12.890000343322754,0.8904589905162997,0.6165262742150096,13.449999809265137,0.7364894170437579,0.5396566995315614,15.59000015258789
2023-02-22,-0.10036299610954842,0.43419806261049765,14.010000228881836,-0.5565979846782634,0.6263539219346248,13.380000114440918,-0.5094522761127012,0.6075837836778049,13.09000015258789,0.47850043793272484,0.5434230928968612,12.859999656677246,0.7723233761801993,0.55017600696496,15.079999923706056
2023-02-23,-1.5398310946496918,0.635550365364221,15.59000015258789,-0.10036299610954842,0.43419806261049765,14.010000228881836,-0.5565979846782634,0.6263539219346248,13.380000114440918,0.110951785824931,0.5436357618459313,12.890000343322754,0.7444663840290354,0.6193538067115572,14.1899995803833
2023-02-24,-0.24554471223785587,0.5630665900918437,15.079999923706056,-1.5398310946496918,0.635550365364221,15.59000015258789,-0.10036299610954842,0.43419806261049765,14.010000228881836,-0.5094522761127012,0.6075837836778049,13.09000015258789,0.9275868787987894,1.0038971672945791,13.880000114440918
2023-02-27,-0.2598803690668268,0.5827495918235202,14.1899995803833,-0.24554471223785587,0.5630665900918437,15.079999923706056,-1.5398310946496918,0.635550365364221,15.59000015258789,-0.5565979846782634,0.6263539219346248,13.380000114440918,0.9037784362136648,0.9673776093357992,14.020000457763672
2023-02-28,-0.4194194796816341,0.5850236289926796,13.880000114440918,-0.2598803690668268,0.5827495918235202,14.1899995803833,-0.24554471223785587,0.5630665900918437,15.079999923706056,-0.10036299610954842,0.43419806261049765,14.010000228881836,0.8841031801475873,0.8483833709161173,13.0
2023-03-01,-0.5115779048087727,0.5396566995315614,14.020000457763672,-0.4194194796816341,0.5850236289926796,13.880000114440918,-0.2598803690668268,0.5827495918235202,14.1899995803833,-1.5398310946496918,0.635550365364221,15.59000015258789,0.8871393491956475,1.0282338545007317,12.970000267028809
2023-03-02,0.8456491641293511,0.55017600696496,13.0,-0.5115779048087727,0.5396566995315614,14.020000457763672,-0.4194194796816341,0.5850236289926796,13.880000114440918,-0.24554471223785587,0.5630665900918437,15.079999923706056,0.9021349958654395,1.091829984744761,12.18000030517578
2023-03-03,-0.7419626196212838,0.6193538067115572,12.970000267028809,0.8456491641293511,0.55017600696496,13.0,-0.5115779048087727,0.5396566995315614,14.020000457763672,-0.2598803690668268,0.5827495918235202,14.1899995803833,0.8723681724892425,0.9142460696590197,12.270000457763672
2023-03-06,1.5606186138582536,1.0038971672945791,12.18000030517578,-0.7419626196212838,0.6193538067115572,12.970000267028809,0.8456491641293511,0.55017600696496,13.0,-0.4194194796816341,0.5850236289926796,13.880000114440918,0.9202734379398668,0.6423493514763456,12.449999809265137
2023-03-08,0.6633473404126093,0.9673776093357992,12.270000457763672,1.5606186138582536,1.0038971672945791,12.18000030517578,-0.7419626196212838,0.6193538067115572,12.970000267028809,-0.5115779048087727,0.5396566995315614,14.020000457763672,0.912809701220244,0.4072741964259129,12.729999542236328
2023-03-09,0.24221155475668,0.8483833709161173,12.449999809265137,0.6633473404126093,0.9673776093357992,12.270000457763672,1.5606186138582536,1.0038971672945791,12.18000030517578,0.8456491641293511,0.55017600696496,13.0,0.8759972406617933,0.595600567396913,13.40999984741211
2023-03-10,-0.9325598438082557,1.0282338545007317,12.729999542236328,0.24221155475668,0.8483833709161173,12.449999809265137,0.6633473404126093,0.9673776093357992,12.270000457763672,-0.7419626196212838,0.6193538067115572,12.970000267028809,0.8288624753089502,0.8116407976962837,16.219999313354492
2023-03-13,-1.0096462811863625,1.091829984744761,13.40999984741211,-0.9325598438082557,1.0282338545007317,12.729999542236328,0.24221155475668,0.8483833709161173,12.449999809265137,1.5606186138582536,1.0038971672945791,12.18000030517578,0.9083455378665638,0.5687522887156409,16.219999313354492
2023-03-14,-1.4962416687813755,0.9142460696590197,16.219999313354492,-1.0096462811863625,1.091829984744761,13.40999984741211,-0.9325598438082557,1.0282338545007317,12.729999542236328,0.6633473404126093,0.9673776093357992,12.270000457763672,0.9902068918584302,0.6166795112742599,16.299999237060547
2023-03-15,-0.6491706128142258,0.6423493514763456,16.219999313354492,-1.4962416687813755,0.9142460696590197,16.219999313354492,-1.0096462811863625,1.091829984744761,13.40999984741211,0.24221155475668,0.8483833709161173,12.449999809265137,1.1340506937154091,0.5521867204057057,16.219999313354492
2023-03-16,-0.4183422059139645,0.4072741964259129,16.299999237060547,-0.6491706128142258,0.6423493514763456,16.219999313354492,-1.4962416687813755,0.9142460696590197,16.219999313354492,-0.9325598438082557,1.0282338545007317,12.729999542236328,1.1420169899993098,0.6264811184429441,14.770000457763672
2023-03-17,0.07921148752918238,0.595600567396913,16.219999313354492,-0.4183422059139645,0.4072741964259129,16.299999237060547,-0.6491706128142258,0.6423493514763456,16.219999313354492,-1.0096462811863625,1.091829984744761,13.40999984741211,1.118958487604698,0.6346939596052377,16.010000228881836
2023-03-20,0.6715529889727186,0.8116407976962837,14.770000457763672,0.07921148752918238,0.595600567396913,16.219999313354492,-0.4183422059139645,0.4072741964259129,16.299999237060547,-1.4962416687813755,0.9142460696590197,16.219999313354492,1.0430644987777842,0.5927512687272961,15.079999923706056
2023-03-21,-0.6550651968001941,0.5687522887156409,16.010000228881836,0.6715529889727186,0.8116407976962837,14.770000457763672,0.07921148752918238,0.595600567396913,16.219999313354492,-0.6491706128142258,0.6423493514763456,16.219999313354492,0.9938886170826228,0.4444499000079742,14.8100004196167
2023-03-22,0.6986182644570191,0.6166795112742599,15.079999923706056,-0.6550651968001941,0.5687522887156409,16.010000228881836,0.6715529889727186,0.8116407976962837,14.770000457763672,-0.4183422059139645,0.4072741964259129,16.299999237060547,1.0173427168973272,0.5980125102065618,14.489999771118164
2023-03-23,0.2592013577443892,0.5521867204057057,14.8100004196167,0.6986182644570191,0.6166795112742599,15.079999923706056,-0.6550651968001941,0.5687522887156409,16.010000228881836,0.07921148752918238,0.595600567396913,16.219999313354492,0.971588111052097,0.9164315698119078,15.239999771118164
2023-03-24,-0.43822814890137707,0.6264811184429441,14.489999771118164,0.2592013577443892,0.5521867204057057,14.8100004196167,0.6986182644570191,0.6166795112742599,15.079999923706056,0.6715529889727186,0.8116407976962837,14.770000457763672,0.9159588478664548,0.6990829000535485,15.449999809265137
2023-03-27,-0.7750894050448838,0.6346939596052377,15.239999771118164,-0.43822814890137707,0.6264811184429441,14.489999771118164,0.2592013577443892,0.5521867204057057,14.8100004196167,-0.6550651968001941,0.5687522887156409,16.010000228881836,0.9183578869155504,0.6942753191876753,15.100000381469728
2023-03-28,0.2395965721106003,0.5927512687272961,15.449999809265137,-0.7750894050448838,0.6346939596052377,15.239999771118164,-0.43822814890137707,0.6264811184429441,14.489999771118164,0.6986182644570191,0.6166795112742599,15.079999923706056,0.9660697868782356,0.5754314696081712,13.630000114440918
2023-03-29,-0.20036899079230228,0.4444499000079742,15.100000381469728,0.2395965721106003,0.5927512687272961,15.449999809265137,-0.7750894050448838,0.6346939596052377,15.239999771118164,0.2592013577443892,0.5521867204057057,14.8100004196167,0.9103360087504524,0.6360683186746712,12.9399995803833
2023-03-31,0.7581047692737273,0.5980125102065618,13.630000114440918,-0.20036899079230228,0.4444499000079742,15.100000381469728,0.2395965721106003,0.5927512687272961,15.449999809265137,-0.43822814890137707,0.6264811184429441,14.489999771118164,0.8824029966489979,0.3194366581885729,12.59000015258789
2023-04-03,1.6205182818433634,0.9164315698119078,12.9399995803833,0.7581047692737273,0.5980125102065618,13.630000114440918,-0.20036899079230228,0.4444499000079742,15.100000381469728,-0.7750894050448838,0.6346939596052377,15.239999771118164,0.8515996864844729,0.30135134270941494,12.40999984741211
2023-04-05,0.2203867672376198,0.6990829000535485,12.59000015258789,1.6205182818433634,0.9164315698119078,12.9399995803833,0.7581047692737273,0.5980125102065618,13.630000114440918,0.2395965721106003,0.5927512687272961,15.449999809265137,0.8528348791106204,0.21339738364659702,11.800000190734863
2023-04-06,0.909744726853034,0.6942753191876753,12.40999984741211,0.2203867672376198,0.6990829000535485,12.59000015258789,1.6205182818433634,0.9164315698119078,12.9399995803833,-0.20036899079230228,0.4444499000079742,15.100000381469728,0.8071363850425131,0.4960782114441807,12.270000457763672
2023-04-10,0.2395004471214228,0.5754314696081712,11.800000190734863,0.909744726853034,0.6942753191876753,12.40999984741211,0.2203867672376198,0.6990829000535485,12.59000015258789,0.7581047692737273,0.5980125102065618,13.630000114440918,0.7884036813192599,0.5244504080601579,11.979999542236328
2023-04-11,0.1413863246074929,0.6360683186746712,12.270000457763672,0.2395004471214228,0.5754314696081712,11.800000190734863,0.909744726853034,0.6942753191876753,12.40999984741211,1.6205182818433634,0.9164315698119078,12.9399995803833,0.7491953521573469,0.4432590696359863,12.270000457763672
2023-04-12,0.5559286811614235,0.3194366581885729,11.979999542236328,0.1413863246074929,0.6360683186746712,12.270000457763672,0.2395004471214228,0.5754314696081712,11.800000190734863,0.2203867672376198,0.6990829000535485,12.59000015258789,0.7102803588209737,0.305545899929987,11.90999984741211
2023-04-13,0.5071088231309614,0.30135134270941494,12.270000457763672,0.5559286811614235,0.3194366581885729,11.979999542236328,0.1413863246074929,0.6360683186746712,12.270000457763672,0.909744726853034,0.6942753191876753,12.40999984741211,0.6884276968375058,0.28550809410767614,12.270000457763672
2023-04-17,0.0875389176339158,0.21339738364659702,11.90999984741211,0.5071088231309614,0.30135134270941494,12.270000457763672,0.5559286811614235,0.3194366581885729,11.979999542236328,0.2395004471214228,0.5754314696081712,11.800000190734863,0.6668518034806215,0.3784450104368084,12.079999923706056
2023-04-18,-0.6818706782851139,0.4960782114441807,12.270000457763672,0.0875389176339158,0.21339738364659702,11.90999984741211,0.5071088231309614,0.30135134270941494,12.270000457763672,0.1413863246074929,0.6360683186746712,12.270000457763672,0.6332988688587412,0.3380016306362738,12.149999618530272
2023-04-19,-0.26408372714739103,0.5244504080601579,12.079999923706056,-0.6818706782851139,0.4960782114441807,12.270000457763672,0.0875389176339158,0.21339738364659702,11.90999984741211,0.5559286811614235,0.3194366581885729,11.979999542236328,0.6969184447488249,0.27292767551345387,11.9399995803833
2023-04-20,-0.23470351496987077,0.4432590696359863,12.149999618530272,-0.26408372714739103,0.5244504080601579,12.079999923706056,-0.6818706782851139,0.4960782114441807,12.270000457763672,0.5071088231309614,0.30135134270941494,12.270000457763672,0.6969587211028734,0.2856765289290603,11.630000114440918
2023-04-21,0.03234223297552299,0.305545899929987,11.9399995803833,-0.23470351496987077,0.4432590696359863,12.149999618530272,-0.26408372714739103,0.5244504080601579,12.079999923706056,0.0875389176339158,0.21339738364659702,11.90999984741211,0.6931374925334836,0.28928803362755423,11.670000076293944
2023-04-24,-0.002260734499433094,0.28550809410767614,11.630000114440918,0.03234223297552299,0.305545899929987,11.9399995803833,-0.23470351496987077,0.4432590696359863,12.149999618530272,-0.6818706782851139,0.4960782114441807,12.270000457763672,0.6555504042830695,0.2711036757522062,11.520000457763672
2023-04-25,0.6749146939408538,0.3784450104368084,11.670000076293944,-0.002260734499433094,0.28550809410767614,11.630000114440918,0.03234223297552299,0.305545899929987,11.9399995803833,-0.26408372714739103,0.5244504080601579,12.079999923706056,0.6254761701465892,0.4330232701207946,11.649999618530272
2023-04-26,0.14557975062981768,0.3380016306362738,11.520000457763672,0.6749146939408538,0.3784450104368084,11.670000076293944,-0.002260734499433094,0.28550809410767614,11.630000114440918,-0.23470351496987077,0.4432590696359863,12.149999618530272,0.614897764637548,0.4895876972969762,11.43000030517578
2023-04-27,0.24927532688865447,0.27292767551345387,11.649999618530272,0.14557975062981768,0.3380016306362738,11.520000457763672,0.6749146939408538,0.3784450104368084,11.670000076293944,0.03234223297552299,0.305545899929987,11.9399995803833,0.5875779206320858,0.8291877856584929,10.949999809265137
2023-04-28,0.5678996739265909,0.2856765289290603,11.43000030517578,0.24927532688865447,0.27292767551345387,11.649999618530272,0.14557975062981768,0.3380016306362738,11.520000457763672,-0.002260734499433094,0.28550809410767614,11.630000114440918,0.565905657216043,0.8828657893155367,11.899999618530272
2023-05-02,0.8335179280697748,0.28928803362755423,10.949999809265137,0.5678996739265909,0.2856765289290603,11.43000030517578,0.24927532688865447,0.27292767551345387,11.649999618530272,0.6749146939408538,0.3784450104368084,11.670000076293944,0.5566390092514041,0.875512108375896,11.84000015258789
2023-05-03,0.4564732669242972,0.2711036757522062,11.899999618530272,0.8335179280697748,0.28928803362755423,10.949999809265137,0.5678996739265909,0.2856765289290603,11.43000030517578,0.14557975062981768,0.3380016306362738,11.520000457763672,0.557177655521514,0.8388519748699452,11.729999542236328
2023-05-04,-0.3190111363585117,0.4330232701207946,11.84000015258789,0.4564732669242972,0.2711036757522062,11.899999618530272,0.8335179280697748,0.28928803362755423,10.949999809265137,0.24927532688865447,0.27292767551345387,11.649999618530272,0.5448614479263635,0.7560856318570651,12.300000190734863
2023-05-05,0.9131894646700034,0.4895876972969762,11.729999542236328,-0.3190111363585117,0.4330232701207946,11.84000015258789,0.4564732669242972,0.2711036757522062,11.899999618530272,0.5678996739265909,0.2856765289290603,11.43000030517578,0.5654777825842204,0.4699226555246817,12.640000343322754
2023-05-08,-1.0285117822267789,0.8291877856584929,12.300000190734863,0.9131894646700034,0.4895876972969762,11.729999542236328,-0.3190111363585117,0.4330232701207946,11.84000015258789,0.8335179280697748,0.28928803362755423,10.949999809265137,0.5680335616962809,0.21998171960547316,12.68000030517578
2023-05-09,1.0756068652657527,0.8828657893155367,12.640000343322754,-1.0285117822267789,0.8291877856584929,12.300000190734863,0.9131894646700034,0.4895876972969762,11.729999542236328,0.4564732669242972,0.2711036757522062,11.899999618530272,0.6915473293413821,0.41040065191124675,13.079999923706056
2023-05-10,0.008479678637020548,0.875512108375896,12.68000030517578,1.0756068652657527,0.8828657893155367,12.640000343322754,-1.0285117822267789,0.8291877856584929,12.300000190734863,-0.3190111363585117,0.4330232701207946,11.84000015258789,0.6888778661064787,0.45476757209890845,13.220000267028809
2023-05-11,0.26872067245805376,0.8388519748699452,13.079999923706056,0.008479678637020548,0.875512108375896,12.68000030517578,1.0756068652657527,0.8828657893155367,12.640000343322754,0.9131894646700034,0.4895876972969762,11.729999542236328,0.6546266345416439,0.4575568736772297,12.850000381469728
2023-05-12,-0.09887229108728535,0.7560856318570651,13.220000267028809,0.26872067245805376,0.8388519748699452,13.079999923706056,0.008479678637020548,0.875512108375896,12.68000030517578,-1.0285117822267789,0.8291877856584929,12.300000190734863,0.6280456878987467,0.5208769307961262,13.170000076293944
2023-05-15,0.09724068345624824,0.4699226555246817,12.850000381469728,-0.09887229108728535,0.7560856318570651,13.220000267028809,0.26872067245805376,0.8388519748699452,13.079999923706056,1.0756068652657527,0.8828657893155367,12.640000343322754,0.6125520757630959,0.5650892968876705,13.289999961853027
2023-05-16,0.4578622613795238,0.21998171960547316,13.170000076293944,0.09724068345624824,0.4699226555246817,12.850000381469728,-0.09887229108728535,0.7560856318570651,13.220000267028809,0.008479678637020548,0.875512108375896,12.68000030517578,0.5838405756666456,0.4887533983930904,13.109999656677246
2023-05-17,-0.6125058739613254,0.41040065191124675,13.289999961853027,0.4578622613795238,0.21998171960547316,13.170000076293944,0.09724068345624824,0.4699226555246817,12.850000381469728,0.26872067245805376,0.8388519748699452,13.079999923706056,0.5694148611518416,0.41839490084377473,12.800000190734863
2023-05-18,-0.5744738948538705,0.45476757209890845,13.109999656677246,-0.6125058739613254,0.41040065191124675,13.289999961853027,0.4578622613795238,0.21998171960547316,13.170000076293944,-0.09887229108728535,0.7560856318570651,13.220000267028809,0.6292248637474085,0.3540743537656517,12.300000190734863
2023-05-19,-0.285311993125948,0.4575568736772297,12.800000190734863,-0.5744738948538705,0.45476757209890845,13.109999656677246,-0.6125058739613254,0.41040065191124675,13.289999961853027,0.09724068345624824,0.4699226555246817,12.850000381469728,0.6778440976464792,0.4936754167831676,12.56999969482422
2023-05-22,0.4043187469679982,0.5208769307961262,12.300000190734863,-0.285311993125948,0.4575568736772297,12.800000190734863,-0.5744738948538705,0.45476757209890845,13.109999656677246,0.4578622613795238,0.21998171960547316,13.170000076293944,0.6823868392769351,0.48416161878391784,12.609999656677246
2023-05-23,0.6079245709185509,0.5650892968876705,12.56999969482422,0.4043187469679982,0.5208769307961262,12.300000190734863,-0.285311993125948,0.4575568736772297,12.800000190734863,-0.6125058739613254,0.41040065191124675,13.289999961853027,0.657920269620914,0.4837957309737076,13.109999656677246
2023-05-24,0.18329197446846868,0.4887533983930904,12.609999656677246,0.6079245709185509,0.5650892968876705,12.56999969482422,0.4043187469679982,0.5208769307961262,12.300000190734863,-0.5744738948538705,0.45476757209890845,13.109999656677246,0.6423342274471573,0.5517906261135654,12.520000457763672
2023-05-25,-0.3417628155656871,0.41839490084377473,13.109999656677246,0.18329197446846868,0.4887533983930904,12.609999656677246,0.6079245709185509,0.5650892968876705,12.56999969482422,-0.285311993125948,0.4575568736772297,12.800000190734863,0.6139764852895238,0.6010923582671741,11.899999618530272
2023-05-26,0.19532029433287895,0.3540743537656517,12.520000457763672,-0.3417628155656871,0.41839490084377473,13.109999656677246,0.18329197446846868,0.4887533983930904,12.609999656677246,0.4043187469679982,0.5208769307961262,12.300000190734863,0.6317217120422428,0.42657704641878735,12.300000190734863
2023-05-29,0.9679423693686187,0.4936754167831676,11.899999618530272,0.19532029433287895,0.3540743537656517,12.520000457763672,-0.3417628155656871,0.41839490084377473,13.109999656677246,0.6079245709185509,0.5650892968876705,12.56999969482422,0.6046441688781679,0.37141047113531933,12.010000228881836
2023-05-30,0.5353443226476252,0.48416161878391784,12.300000190734863,0.9679423693686187,0.4936754167831676,11.899999618530272,0.19532029433287895,0.3540743537656517,12.520000457763672,0.18329197446846868,0.4887533983930904,12.609999656677246,0.6058109554121435,0.3570448752315194,11.970000267028809
2023-05-31,0.18907797884415814,0.4837957309737076,12.010000228881836,0.5353443226476252,0.48416161878391784,12.300000190734863,0.9679423693686187,0.4936754167831676,11.899999618530272,-0.3417628155656871,0.41839490084377473,13.109999656677246,0.5921772026233617,0.34790729749086946,11.600000381469728
2023-06-01,-0.5351312266430236,0.5517906261135654,11.970000267028809,0.18907797884415814,0.4837957309737076,12.010000228881836,0.5353443226476252,0.48416161878391784,12.300000190734863,0.19532029433287895,0.3540743537656517,12.520000457763672,0.5681444339106448,0.43293133271703105,11.130000114440918
2023-06-02,-0.2520135368843953,0.6010923582671741,11.600000381469728,-0.5351312266430236,0.5517906261135654,11.970000267028809,0.18907797884415814,0.4837957309737076,12.010000228881836,0.9679423693686187,0.4936754167831676,11.899999618530272,0.6169149201087757,0.48823248560685034,11.140000343322754
2023-06-05,0.25039069673706255,0.42657704641878735,11.130000114440918,-0.2520135368843953,0.6010923582671741,11.600000381469728,-0.5351312266430236,0.5517906261135654,11.970000267028809,0.5353443226476252,0.48416161878391784,12.300000190734863,0.6223655024946311,0.4734393900414194,11.380000114440918
2023-06-06,0.32186023111129003,0.37141047113531933,11.140000343322754,0.25039069673706255,0.42657704641878735,11.130000114440918,-0.2520135368843953,0.6010923582671741,11.600000381469728,0.18907797884415814,0.4837957309737076,12.010000228881836,0.5978780353968585,0.546547953545269,11.4399995803833
2023-06-07,0.027695595857881204,0.3570448752315194,11.380000114440918,0.32186023111129003,0.37141047113531933,11.140000343322754,0.25039069673706255,0.42657704641878735,11.130000114440918,-0.5351312266430236,0.5517906261135654,11.970000267028809,0.577771525647111,0.4603680804201391,11.260000228881836
2023-06-08,0.6826497990157328,0.34790729749086946,11.4399995803833,0.027695595857881204,0.3570448752315194,11.380000114440918,0.32186023111129003,0.37141047113531933,11.140000343322754,-0.2520135368843953,0.6010923582671741,11.600000381469728,0.5503323093523896,0.42592070429796874,11.119999885559082
2023-06-09,-0.4916887367083021,0.43293133271703105,11.260000228881836,0.6826497990157328,0.34790729749086946,11.4399995803833,0.027695595857881204,0.3570448752315194,11.380000114440918,0.25039069673706255,0.42657704641878735,11.130000114440918,0.5462190265560847,0.43059112097700164,11.25
2023-06-12,-0.3825505177262602,0.48823248560685034,11.119999885559082,-0.4916887367083021,0.43293133271703105,11.260000228881836,0.6826497990157328,0.34790729749086946,11.4399995803833,0.32186023111129003,0.37141047113531933,11.140000343322754,0.5908075009294116,0.5242457790214424,11.109999656677246
2023-06-13,0.20503013499982167,0.4734393900414194,11.25,-0.3825505177262602,0.48823248560685034,11.119999885559082,-0.4916887367083021,0.43293133271703105,11.260000228881836,0.027695595857881204,0.3570448752315194,11.380000114440918,0.6161540198502067,0.47605861602774047,11.15999984741211
2023-06-14,0.614458574708609,0.546547953545269,11.109999656677246,0.20503013499982167,0.4734393900414194,11.25,-0.3825505177262602,0.48823248560685034,11.119999885559082,0.6826497990157328,0.34790729749086946,11.4399995803833,0.5906848768517878,0.47611345452598836,11.079999923706056
2023-06-15,0.21215820368078678,0.4603680804201391,11.15999984741211,0.614458574708609,0.546547953545269,11.109999656677246,0.20503013499982167,0.4734393900414194,11.25,-0.4916887367083021,0.43293133271703105,11.260000228881836,0.580965346108501,0.5002000710991579,10.84000015258789
2023-06-16,-0.36214536561356997,0.42592070429796874,11.079999923706056,0.21215820368078678,0.4603680804201391,11.15999984741211,0.614458574708609,0.546547953545269,11.109999656677246,-0.3825505177262602,0.48823248560685034,11.119999885559082,0.5586013485194226,0.4099586208953101,11.229999542236328
2023-06-19,0.7351956368470602,0.43059112097700164,10.84000015258789,-0.36214536561356997,0.42592070429796874,11.079999923706056,0.21215820368078678,0.4603680804201391,11.15999984741211,0.20503013499982167,0.4734393900414194,11.25,0.5839566273425691,0.41027189715401907,11.130000114440918
2023-06-20,-0.3754557931873424,0.5242457790214424,11.229999542236328,0.7351956368470602,0.43059112097700164,10.84000015258789,-0.36214536561356997,0.42592070429796874,11.079999923706056,0.614458574708609,0.546547953545269,11.109999656677246,0.5788865561972077,0.5107253264861515,11.289999961853027
2023-06-21,0.32603966930515954,0.47605861602774047,11.130000114440918,-0.3754557931873424,0.5242457790214424,11.229999542236328,0.7351956368470602,0.43059112097700164,10.84000015258789,0.21215820368078678,0.4603680804201391,11.15999984741211,0.6043061738802825,0.6312729784169551,11.550000190734863
2023-06-22,0.21314905059401928,0.47611345452598836,11.289999961853027,0.32603966930515954,0.47605861602774047,11.130000114440918,-0.3754557931873424,0.5242457790214424,11.229999542236328,-0.36214536561356997,0.42592070429796874,11.079999923706056,0.5838113006365119,0.668010054069782,11.239999771118164
2023-06-23,-0.4549778379793411,0.5002000710991579,11.550000190734863,0.21314905059401928,0.47611345452598836,11.289999961853027,0.32603966930515954,0.47605861602774047,11.130000114440918,0.7351956368470602,0.43059112097700164,10.84000015258789,0.5612501984780673,0.3612000903107835,11.399999618530272
2023-06-26,-0.5649543898520234,0.4099586208953101,11.239999771118164,-0.4549778379793411,0.5002000710991579,11.550000190734863,0.21314905059401928,0.47611345452598836,11.289999961853027,-0.3754557931873424,0.5242457790214424,11.229999542236328,0.5992864108043543,0.28620255078459067,10.779999732971191
2023-06-27,0.13758829522746804,0.41027189715401907,11.399999618530272,-0.5649543898520234,0.4099586208953101,11.239999771118164,-0.4549778379793411,0.5002000710991579,11.550000190734863,0.32603966930515954,0.47605861602774047,11.130000114440918,0.6493943405499449,0.4225320157341202,10.890000343322754
2023-06-28,0.6729211402828641,0.5107253264861515,10.779999732971191,0.13758829522746804,0.41027189715401907,11.399999618530272,-0.5649543898520234,0.4099586208953101,11.239999771118164,0.21314905059401928,0.47611345452598836,11.289999961853027,0.6189471347392802,0.40637888548871426,10.800000190734863
2023-06-30,0.8187463868637099,0.6312729784169551,10.890000343322754,0.6729211402828641,0.5107253264861515,10.779999732971191,0.13758829522746804,0.41027189715401907,11.399999618530272,-0.4549778379793411,0.5002000710991579,11.550000190734863,0.6088506743667388,0.6074204541257698,11.539999961853027
2023-07-03,1.1370386219451867,0.668010054069782,10.800000190734863,0.8187463868637099,0.6312729784169551,10.890000343322754,0.6729211402828641,0.5107253264861515,10.779999732971191,-0.5649543898520234,0.4099586208953101,11.239999771118164,0.6045520391667006,0.5278756579162498,11.699999809265137
2023-07-04,0.6933003527425257,0.3612000903107835,11.539999961853027,1.1370386219451867,0.668010054069782,10.800000190734863,0.8187463868637099,0.6312729784169551,10.890000343322754,0.13758829522746804,0.41027189715401907,11.399999618530272,0.6115731639720581,0.5418767005721169,11.880000114440918
2023-07-05,0.3433046864417105,0.28620255078459067,11.699999809265137,0.6933003527425257,0.3612000903107835,11.539999961853027,1.1370386219451867,0.668010054069782,10.800000190734863,0.6729211402828641,0.5107253264861515,10.779999732971191,0.602784131682091,0.5623826152523584,11.84000015258789
2023-07-06,0.04898485434720244,0.4225320157341202,11.880000114440918,0.3433046864417105,0.28620255078459067,11.699999809265137,0.6933003527425257,0.3612000903107835,11.539999961853027,0.8187463868637099,0.6312729784169551,10.890000343322754,0.5829874178448946,0.49855704124391126,11.529999732971191
2023-07-07,0.5080291021865595,0.40637888548871426,11.84000015258789,0.04898485434720244,0.4225320157341202,11.880000114440918,0.3433046864417105,0.28620255078459067,11.699999809265137,1.1370386219451867,0.668010054069782,10.800000190734863,0.5550987075771698,0.3925627991870328,11.460000038146973
2023-07-10,-0.8524585713268293,0.6074204541257698,11.529999732971191,0.5080291021865595,0.40637888548871426,11.84000015258789,0.04898485434720244,0.4225320157341202,11.880000114440918,0.6933003527425257,0.3612000903107835,11.539999961853027,0.5446836511984852,0.44286831609676175,11.010000228881836
2023-07-11,0.12458539412885826,0.5278756579162498,11.460000038146973,-0.8524585713268293,0.6074204541257698,11.529999732971191,0.5080291021865595,0.40637888548871426,11.84000015258789,0.3433046864417105,0.28620255078459067,11.699999809265137,0.6431222099451669,0.4467795387112803,10.9399995803833
2023-07-12,0.4304651710725516,0.5418767005721169,11.010000228881836,0.12458539412885826,0.5278756579162498,11.460000038146973,-0.8524585713268293,0.6074204541257698,11.529999732971191,0.04898485434720244,0.4225320157341202,11.880000114440918,0.6127745285348599,0.2956810617890772,10.9399995803833
2023-07-13,-0.283845407345589,0.5623826152523584,10.9399995803833,0.4304651710725516,0.5418767005721169,11.010000228881836,0.12458539412885826,0.5278756579162498,11.460000038146973,0.5080291021865595,0.40637888548871426,11.84000015258789,0.5950545590210333,0.25708337412964194,10.68000030517578
2023-07-14,0.15180775225879406,0.49855704124391126,10.9399995803833,-0.283845407345589,0.5623826152523584,10.9399995803833,0.4304651710725516,0.5418767005721169,11.010000228881836,-0.8524585713268293,0.6074204541257698,11.529999732971191,0.6066314132962269,0.7961508714403752,11.31999969482422
2023-07-17,0.7735121594226722,0.3925627991870328,10.68000030517578,0.15180775225879406,0.49855704124391126,10.9399995803833,-0.283845407345589,0.5623826152523584,10.9399995803833,0.12458539412885826,0.5278756579162498,11.460000038146973,0.5801942299090671,0.7536832783723107,11.710000038146973
2023-07-18,0.7482946045497489,0.44286831609676175,11.31999969482422,0.7735121594226722,0.3925627991870328,10.68000030517578,0.15180775225879406,0.49855704124391126,10.9399995803833,0.4304651710725516,0.5418767005721169,11.010000228881836,0.5767412288314933,0.7451242270739329,11.600000381469728
2023-07-19,0.19158704007220428,0.4467795387112803,11.710000038146973,0.7482946045497489,0.44286831609676175,11.31999969482422,0.7735121594226722,0.3925627991870328,10.68000030517578,-0.283845407345589,0.5623826152523584,10.9399995803833,0.5727125548791827,0.7575067284035099,11.789999961853027
2023-07-20,0.423928389630214,0.2956810617890772,11.600000381469728,0.19158704007220428,0.4467795387112803,11.710000038146973,0.7482946045497489,0.44286831609676175,11.31999969482422,0.15180775225879406,0.49855704124391126,10.9399995803833,0.5503333243364512,0.6352636000426496,11.489999771118164
2023-07-21,0.7334449485705514,0.25708337412964194,11.789999961853027,0.423928389630214,0.2956810617890772,11.600000381469728,0.19158704007220428,0.4467795387112803,11.710000038146973,0.7735121594226722,0.3925627991870328,10.68000030517578,0.5374719838221169,0.41769577744855646,11.649999618530272
2023-07-24,-1.1788954585924887,0.7961508714403752,11.489999771118164,0.7334449485705514,0.25708337412964194,11.789999961853027,0.423928389630214,0.2956810617890772,11.600000381469728,0.7482946045497489,0.44286831609676175,11.31999969482422,0.5361302344331407,0.4683737310174933,10.239999771118164
2023-07-25,-0.36862180542648426,0.7536832783723107,11.649999618530272,-1.1788954585924887,0.7961508714403752,11.489999771118164,0.7334449485705514,0.25708337412964194,11.789999961853027,0.19158704007220428,0.4467795387112803,11.710000038146973,0.6885681565544546,0.4759103160048378,10.460000038146973
2023-07-26,0.041928243166748924,0.7451242270739329,10.239999771118164,-0.36862180542648426,0.7536832783723107,11.649999618530272,-1.1788954585924887,0.7961508714403752,11.489999771118164,0.423928389630214,0.2956810617890772,11.600000381469728,0.7032704692610462,0.6039387635893344,10.510000228881836
2023-07-27,0.4952057486000637,0.7575067284035099,10.460000038146973,0.041928243166748924,0.7451242270739329,10.239999771118164,-0.36862180542648426,0.7536832783723107,11.649999618530272,0.7334449485705514,0.25708337412964194,11.789999961853027,0.6651243526021176,0.6275073519874258,10.140000343322754
2023-07-28,-0.6004368496797154,0.6352636000426496,10.510000228881836,0.4952057486000637,0.7575067284035099,10.460000038146973,0.041928243166748924,0.7451242270739329,10.239999771118164,-1.1788954585924887,0.7961508714403752,11.489999771118164,0.6451555966219127,0.7703716748534871,10.40999984741211
2023-07-31,-0.07047080421790247,0.41769577744855646,10.140000343322754,-0.6004368496797154,0.6352636000426496,10.510000228881836,0.4952057486000637,0.7575067284035099,10.460000038146973,-0.36862180542648426,0.7536832783723107,11.649999618530272,0.6959323981672487,0.7422348196245429,10.279999732971191
2023-08-01,0.5469577389253641,0.4683737310174933,10.40999984741211,-0.07047080421790247,0.41769577744855646,10.140000343322754,-0.6004368496797154,0.6352636000426496,10.510000228881836,0.041928243166748924,0.7451242270739329,10.239999771118164,0.6710246674603123,0.7417582978925902,11.279999732971191
2023-08-02,-0.10256449710540406,0.4759103160048378,10.279999732971191,0.5469577389253641,0.4683737310174933,10.40999984741211,-0.07047080421790247,0.41769577744855646,10.140000343322754,0.4952057486000637,0.7575067284035099,10.460000038146973,0.6522763351339381,0.5626653390938913,11.1899995803833
2023-08-03,-1.0545154493387934,0.6039387635893344,11.279999732971191,-0.10256449710540406,0.4759103160048378,10.279999732971191,0.5469577389253641,0.4683737310174933,10.40999984741211,-0.6004368496797154,0.6352636000426496,10.510000228881836,0.6352094604793957,0.45856381818251785,10.56999969482422
2023-08-04,-0.7448355676119346,0.6275073519874258,11.1899995803833,-1.0545154493387934,0.6039387635893344,11.279999732971191,-0.10256449710540406,0.4759103160048378,10.279999732971191,-0.07047080421790247,0.41769577744855646,10.140000343322754,0.7547425539313215,0.4472291651830446,11.100000381469728
2023-08-07,0.6959118337332753,0.7703716748534871,10.56999969482422,-0.7448355676119346,0.6275073519874258,11.1899995803833,-1.0545154493387934,0.6039387635893344,11.279999732971191,0.5469577389253641,0.4683737310174933,10.40999984741211,0.8151433518256768,0.36568689344813626,11.329999923706056
2023-08-08,0.41059608614452353,0.7422348196245429,11.100000381469728,0.6959118337332753,0.7703716748534871,10.56999969482422,-0.7448355676119346,0.6275073519874258,11.1899995803833,-0.10256449710540406,0.4759103160048378,10.279999732971191,0.7885357555747953,0.3941580970578941,11.140000343322754
2023-08-09,-0.13506471779916257,0.7417582978925902,11.329999923706056,0.41059608614452353,0.7422348196245429,11.100000381469728,0.6959118337332753,0.7703716748534871,10.56999969482422,-1.0545154493387934,0.6039387635893344,11.279999732971191,0.7549200419533977,0.34252346216933427,11.399999618530272
2023-08-10,0.31477485221408874,0.5626653390938913,11.140000343322754,-0.13506471779916257,0.7417582978925902,11.329999923706056,0.41059608614452353,0.7422348196245429,11.100000381469728,-0.7448355676119346,0.6275073519874258,11.1899995803833,0.7330453620410923,0.3279491648296224,11.520000457763672
2023-08-11,-0.4566679886024027,0.45856381818251785,11.399999618530272,0.31477485221408874,0.5626653390938913,11.140000343322754,-0.13506471779916257,0.7417582978925902,11.329999923706056,0.6959118337332753,0.7703716748534871,10.56999969482422,0.7012225288815697,0.37089621906606296,12.0
2023-08-14,-0.5891456761763215,0.4472291651830446,11.520000457763672,-0.4566679886024027,0.45856381818251785,11.399999618530272,0.31477485221408874,0.5626653390938913,11.140000343322754,0.41059608614452353,0.7422348196245429,11.100000381469728,0.726687141576787,0.3701779634591696,12.130000114440918
2023-08-16,0.03216439248586792,0.36568689344813626,12.0,-0.5891456761763215,0.4472291651830446,11.520000457763672,-0.4566679886024027,0.45856381818251785,11.399999618530272,-0.13506471779916257,0.7417582978925902,11.329999923706056,0.7679827848842251,0.38371291370593047,12.239999771118164
2023-08-17,0.15655309306883672,0.3941580970578941,12.130000114440918,0.03216439248586792,0.36568689344813626,12.0,-0.5891456761763215,0.4472291651830446,11.520000457763672,0.31477485221408874,0.5626653390938913,11.140000343322754,0.7238799203653473,0.32092013001242065,12.140000343322754
2023-08-18,-0.5137758290060533,0.34252346216933427,12.239999771118164,0.15655309306883672,0.3941580970578941,12.130000114440918,0.03216439248586792,0.36568689344813626,12.0,-0.4566679886024027,0.45856381818251785,11.399999618530272,0.6876792839043517,0.422487841479315,11.960000038146973
2023-08-21,-0.2849338137250638,0.3279491648296224,12.140000343322754,-0.5137758290060533,0.34252346216933427,12.239999771118164,0.15655309306883672,0.3941580970578941,12.130000114440918,-0.5891456761763215,0.4472291651830446,11.520000457763672,0.7222591595311183,0.36783819708972004,11.75
2023-08-22,0.43122099570483996,0.37089621906606296,11.960000038146973,-0.2849338137250638,0.3279491648296224,12.140000343322754,-0.5137758290060533,0.34252346216933427,12.239999771118164,0.03216439248586792,0.36568689344813626,12.0,0.7227699602814809,0.3880685340775276,11.729999542236328
2023-08-23,0.014692476375842436,0.3701779634591696,11.75,0.43122099570483996,0.37089621906606296,11.960000038146973,-0.2849338137250638,0.3279491648296224,12.140000343322754,0.15655309306883672,0.3941580970578941,12.130000114440918,0.6956864579154513,0.3566933513377664,11.699999809265137
2023-08-24,0.24485198272942724,0.38371291370593047,11.729999542236328,0.014692476375842436,0.3701779634591696,11.75,0.43122099570483996,0.37089621906606296,11.960000038146973,-0.5137758290060533,0.34252346216933427,12.239999771118164,0.6600745618570011,0.3912073915824261,12.079999923706056
2023-08-25,-0.2951315531006464,0.32092013001242065,11.699999809265137,0.24485198272942724,0.38371291370593047,11.729999542236328,0.014692476375842436,0.3701779634591696,11.75,-0.2849338137250638,0.3279491648296224,12.140000343322754,0.6322475143820957,0.510474709475245,12.399999618530272
2023-08-28,-0.6255679801563102,0.422487841479315,12.079999923706056,-0.2951315531006464,0.32092013001242065,11.699999809265137,0.24485198272942724,0.38371291370593047,11.729999542236328,0.43122099570483996,0.37089621906606296,11.960000038146973,0.6421161895272836,0.5290009807733845,12.229999542236328
2023-08-29,0.20870149074536445,0.36783819708972004,12.399999618530272,-0.6255679801563102,0.422487841479315,12.079999923706056,-0.2951315531006464,0.32092013001242065,11.699999809265137,0.014692476375842436,0.3701779634591696,11.75,0.6967674333833356,0.5285297924162702,11.800000190734863
2023-08-30,0.18939637920959618,0.3880685340775276,12.229999542236328,0.20870149074536445,0.36783819708972004,12.399999618530272,-0.6255679801563102,0.422487841479315,12.079999923706056,0.24485198272942724,0.38371291370593047,11.729999542236328,0.664621276142884,0.5170726602747413,12.0600004196167
2023-08-31,0.024806491573087567,0.3566933513377664,11.800000190734863,0.18939637920959618,0.3880685340775276,12.229999542236328,0.20870149074536445,0.36783819708972004,12.399999618530272,-0.2951315531006464,0.32092013001242065,11.699999809265137,0.6345881138455456,0.3036630702557046,11.369999885559082
2023-09-01,-0.48521030396481435,0.3912073915824261,12.0600004196167,0.024806491573087567,0.3566933513377664,11.800000190734863,0.18939637920959618,0.3880685340775276,12.229999542236328,-0.6255679801563102,0.422487841479315,12.079999923706056,0.6028736735477053,0.1734600368335116,10.960000038146973
2023-09-04,0.9382556025202546,0.510474709475245,11.369999885559082,-0.48521030396481435,0.3912073915824261,12.0600004196167,0.024806491573087567,0.3566933513377664,11.800000190734863,0.20870149074536445,0.36783819708972004,12.399999618530272,0.641374090573919,0.28450685247624263,10.81999969482422
2023-09-05,0.4799298621963187,0.5290009807733845,10.960000038146973,0.9382556025202546,0.510474709475245,11.369999885559082,-0.48521030396481435,0.3912073915824261,12.0600004196167,0.18939637920959618,0.3880685340775276,12.229999542236328,0.6383887879017887,0.3513640477846346,10.68000030517578
2023-09-06,0.23578141889496507,0.5285297924162702,10.81999969482422,0.4799298621963187,0.5290009807733845,10.960000038146973,0.9382556025202546,0.510474709475245,11.369999885559082,0.024806491573087567,0.3566933513377664,11.800000190734863,0.6201788776564972,0.32812043440833505,10.869999885559082
2023-09-07,0.18450694598145603,0.5170726602747413,10.68000030517578,0.23578141889496507,0.5285297924162702,10.81999969482422,0.4799298621963187,0.5290009807733845,10.960000038146973,-0.48521030396481435,0.3912073915824261,12.0600004196167,0.5953905711722007,0.3417254442260063,10.779999732971191
2023-09-08,0.5897607236551244,0.3036630702557046,10.869999885559082,0.18450694598145603,0.5170726602747413,10.68000030517578,0.23578141889496507,0.5285297924162702,10.81999969482422,0.9382556025202546,0.510474709475245,11.369999885559082,0.5709460619602534,0.34012333550484486,11.350000381469728
2023-09-11,0.46981368182121824,0.1734600368335116,10.779999732971191,0.5897607236551244,0.3036630702557046,10.869999885559082,0.18450694598145603,0.5170726602747413,10.68000030517578,0.4799298621963187,0.5290009807733845,10.960000038146973,0.5620088189137632,0.3013387708984926,11.6899995803833
2023-09-12,0.8860770587058941,0.28450685247624263,11.350000381469728,0.46981368182121824,0.1734600368335116,10.779999732971191,0.5897607236551244,0.3036630702557046,10.869999885559082,0.23578141889496507,0.5285297924162702,10.81999969482422,0.5497526258303187,0.662558066570673,11.829999923706056
2023-09-13,-0.015756069892455076,0.3513640477846346,11.6899995803833,0.8860770587058941,0.28450685247624263,11.350000381469728,0.46981368182121824,0.1734600368335116,10.779999732971191,0.18450694598145603,0.5170726602747413,10.68000030517578,0.552664959164098,0.6620572645808813,11.31999969482422
2023-09-14,0.38339861431470507,0.32812043440833505,11.829999923706056,-0.015756069892455076,0.3513640477846346,11.6899995803833,0.8860770587058941,0.28450685247624263,11.350000381469728,0.5897607236551244,0.3036630702557046,10.869999885559082,0.532707292008931,0.6036217632540641,10.899999618530272
2023-09-15,0.16478497893743788,0.3417254442260063,11.31999969482422,0.38339861431470507,0.32812043440833505,11.829999923706056,-0.015756069892455076,0.3513640477846346,11.6899995803833,0.46981368182121824,0.1734600368335116,10.779999732971191,0.519882280234018,0.4586578306163863,10.84000015258789
2023-09-18,0.4429787863222843,0.34012333550484486,10.899999618530272,0.16478497893743788,0.3417254442260063,11.31999969482422,0.38339861431470507,0.32812043440833505,11.829999923706056,0.8860770587058941,0.28450685247624263,11.350000381469728,0.5007764686257542,0.4996729684693381,11.130000114440918
2023-09-20,-0.29286010148227576,0.3013387708984926,10.84000015258789,0.4429787863222843,0.34012333550484486,10.899999618530272,0.16478497893743788,0.3417254442260063,11.31999969482422,-0.015756069892455076,0.3513640477846346,11.6899995803833,0.4924406862662534,0.4063496715127745,10.81999969482422
2023-09-21,-1.1585098803333689,0.662558066570673,11.130000114440918,-0.29286010148227576,0.3013387708984926,10.84000015258789,0.4429787863222843,0.34012333550484486,10.899999618530272,0.38339861431470507,0.32812043440833505,11.829999923706056,0.5138445914463494,0.4767651126597687,10.65999984741211
2023-09-22,-0.802404589005525,0.6620572645808813,10.81999969482422,-1.1585098803333689,0.662558066570673,11.130000114440918,-0.29286010148227576,0.3013387708984926,10.84000015258789,0.16478497893743788,0.3417254442260063,11.31999969482422,0.6659712250385401,0.5862955191453694,10.899999618530272
2023-09-25,-0.34553806166447804,0.6036217632540641,10.65999984741211,-0.802404589005525,0.6620572645808813,10.81999969482422,-1.1585098803333689,0.662558066570673,11.130000114440918,0.4429787863222843,0.34012333550484486,10.899999618530272,0.7438551801256108,0.6292725665506825,11.1899995803833
2023-09-26,0.0015287950028248089,0.4586578306163863,10.899999618530272,-0.34553806166447804,0.6036217632540641,10.65999984741211,-0.802404589005525,0.6620572645808813,10.81999969482422,-0.29286010148227576,0.3013387708984926,10.84000015258789,0.7504120213130372,0.64124637695408,11.59000015258789
2023-09-27,-0.050085157728942384,0.4996729684693381,11.1899995803833,0.0015287950028248089,0.4586578306163863,10.899999618530272,-0.34553806166447804,0.6036217632540641,10.65999984741211,-1.1585098803333689,0.662558066570673,11.130000114440918,0.7116781916341209,0.7096539098980709,12.81999969482422
2023-09-28,0.2628162551917123,0.4063496715127745,11.59000015258789,-0.050085157728942384,0.4996729684693381,11.1899995803833,0.0015287950028248089,0.4586578306163863,10.899999618530272,-0.802404589005525,0.6620572645808813,10.81999969482422,0.6828217079108309,0.5943955865138033,11.449999809265137
2023-09-29,-0.9831803841213342,0.4767651126597687,12.81999969482422,0.2628162551917123,0.4063496715127745,11.59000015258789,-0.050085157728942384,0.4996729684693381,11.1899995803833,-0.34553806166447804,0.6036217632540641,10.65999984741211,0.6536492006123144,0.6313766181423239,11.789999961853027
2023-10-03,0.5860311697675281,0.5862955191453694,11.449999809265137,-0.9831803841213342,0.4767651126597687,12.81999969482422,0.2628162551917123,0.4063496715127745,11.59000015258789,0.0015287950028248089,0.4586578306163863,10.899999618530272,0.7599989004972518,0.7157991874310422,11.65999984741211
2023-10-04,-0.5594042173129665,0.6292725665506825,11.789999961853027,0.5860311697675281,0.5862955191453694,11.449999809265137,-0.9831803841213342,0.4767651126597687,12.81999969482422,-0.050085157728942384,0.4996729684693381,11.1899995803833,0.7347442855322759,0.6335175380022425,10.9399995803833
2023-10-05,-0.47555972198833263,0.64124637695408,11.65999984741211,-0.5594042173129665,0.6292725665506825,11.789999961853027,0.5860311697675281,0.5862955191453694,11.449999809265137,0.2628162551917123,0.4063496715127745,11.59000015258789,0.7711344968697283,0.6537111443467689,10.300000190734863
2023-10-06,0.5625729970019748,0.7096539098980709,10.9399995803833,-0.47555972198833263,0.64124637695408,11.65999984741211,-0.5594042173129665,0.6292725665506825,11.789999961853027,-0.9831803841213342,0.4767651126597687,12.81999969482422,0.7925664719656875,0.6564778266133641,11.399999618530272
2023-10-09,0.5497568008546022,0.5943955865138033,10.300000190734863,0.5625729970019748,0.7096539098980709,10.9399995803833,-0.47555972198833263,0.64124637695408,11.65999984741211,0.5860311697675281,0.5862955191453694,11.449999809265137,0.7635987906020607,0.5032045771247043,11.270000457763672
2023-10-10,-0.7207861089913015,0.6313766181423239,11.399999618530272,0.5497568008546022,0.5943955865138033,10.300000190734863,0.5625729970019748,0.7096539098980709,10.9399995803833,-0.5594042173129665,0.6292725665506825,11.789999961853027,0.7368184856094508,0.36389472667030803,10.989999771118164
2023-10-11,0.9055676290125599,0.7157991874310422,11.270000457763672,-0.7207861089913015,0.6313766181423239,11.399999618530272,0.5497568008546022,0.5943955865138033,10.300000190734863,-0.47555972198833263,0.64124637695408,11.65999984741211,0.7956251946099836,0.39748557945951934,10.619999885559082
2023-10-12,0.615173136873013,0.6335175380022425,10.989999771118164,0.9055676290125599,0.7157991874310422,11.270000457763672,-0.7207861089913015,0.6313766181423239,11.399999618530272,0.5625729970019748,0.7096539098980709,10.9399995803833,0.7778106708564712,0.39794706644340305,10.619999885559082
2023-10-13,-0.08761245971014768,0.6537111443467689,10.619999885559082,0.615173136873013,0.6335175380022425,10.989999771118164,0.9055676290125599,0.7157991874310422,11.270000457763672,0.5497568008546022,0.5943955865138033,10.300000190734863,0.7519217999260074,0.41362298625270566,11.06999969482422
2023-10-16,-0.2172167428733089,0.6564778266133641,10.619999885559082,-0.08761245971014768,0.6537111443467689,10.619999885559082,0.615173136873013,0.6335175380022425,10.989999771118164,-0.7207861089913015,0.6313766181423239,11.399999618530272,0.7242723276726327,0.6406562902508446,10.699999809265137
2023-10-17,-0.09776805295215436,0.5032045771247043,11.06999969482422,-0.2172167428733089,0.6564778266133641,10.619999885559082,-0.08761245971014768,0.6537111443467689,10.619999885559082,0.9055676290125599,0.7157991874310422,11.270000457763672,0.7157354933611919,0.4259925653951667,10.970000267028809
2023-10-18,0.40335636613206177,0.36389472667030803,10.699999809265137,-0.09776805295215436,0.5032045771247043,11.06999969482422,-0.2172167428733089,0.6564778266133641,10.619999885559082,0.615173136873013,0.6335175380022425,10.989999771118164,0.6925739903309908,0.5253324395554232,10.899999618530272
2023-10-19,-0.7112043473065063,0.39748557945951934,10.970000267028809,0.40335636613206177,0.36389472667030803,10.699999809265137,-0.09776805295215436,0.5032045771247043,11.06999969482422,-0.08761245971014768,0.6537111443467689,10.619999885559082,0.6671977175277043,0.9797770890181107,10.81999969482422
2023-10-20,-0.2361596586600212,0.39794706644340305,10.899999618530272,-0.7112043473065063,0.39748557945951934,10.970000267028809,0.40335636613206177,0.36389472667030803,10.699999809265137,-0.2172167428733089,0.6564778266133641,10.619999885559082,0.7316658714187632,1.0983989337167808,10.90999984741211
2023-10-23,-0.41896604678091653,0.41362298625270566,10.81999969482422,-0.2361596586600212,0.39794706644340305,10.899999618530272,-0.7112043473065063,0.39748557945951934,10.970000267028809,-0.09776805295215436,0.5032045771247043,11.06999969482422,0.7249336167395748,0.9699489387821558,11.3100004196167
2023-10-25,-1.344022395196905,0.6406562902508446,10.90999984741211,-0.41896604678091653,0.41362298625270566,10.81999969482422,-0.2361596586600212,0.39794706644340305,10.899999618530272,0.40335636613206177,0.36389472667030803,10.699999809265137,0.7430733528386234,0.9250534745787157,11.729999542236328
2023-10-26,-0.8311683270009834,0.4259925653951667,11.3100004196167,-1.344022395196905,0.6406562902508446,10.90999984741211,-0.41896604678091653,0.41362298625270566,10.81999969482422,-0.7112043473065063,0.39748557945951934,10.970000267028809,0.8948007077060179,0.6564273385956498,10.90999984741211
2023-10-27,-1.3949914095014038,0.5253324395554232,11.729999542236328,-0.8311683270009834,0.4259925653951667,11.3100004196167,-1.344022395196905,0.6406562902508446,10.90999984741211,-0.2361596586600212,0.39794706644340305,10.899999618530272,0.9528076981207116,0.5510876335130265,11.489999771118164
2023-10-30,1.0025278863763394,0.9797770890181107,10.90999984741211,-1.3949914095014038,0.5253324395554232,11.729999542236328,-0.8311683270009834,0.4259925653951667,11.3100004196167,-0.41896604678091653,0.41362298625270566,10.81999969482422,1.0860649742048891,0.6406975877536047,11.829999923706056
2023-10-31,0.4904693073893485,1.0983989337167808,11.489999771118164,1.0025278863763394,0.9797770890181107,10.90999984741211,-1.3949914095014038,0.5253324395554232,11.729999542236328,-1.344022395196905,0.6406562902508446,10.90999984741211,1.0434761094460732,0.5823904899173507,12.050000190734863
2023-11-01,-0.3207746304394414,0.9699489387821558,11.829999923706056,0.4904693073893485,1.0983989337167808,11.489999771118164,1.0025278863763394,0.9797770890181107,10.90999984741211,-0.8311683270009834,0.4259925653951667,11.3100004196167,0.9883515662812749,0.3957691161165244,11.079999923706056
2023-11-02,-0.4751896973195711,0.9250534745787157,12.050000190734863,-0.3207746304394414,0.9699489387821558,11.829999923706056,0.4904693073893485,1.0983989337167808,11.489999771118164,-1.3949914095014038,0.5253324395554232,11.729999542236328,0.968283067072788,0.4649473325167687,10.880000114440918
2023-11-03,0.7559875254064636,0.6564273385956498,11.079999923706056,-0.4751896973195711,0.9250534745787157,12.050000190734863,-0.3207746304394414,0.9699489387821558,11.829999923706056,1.0025278863763394,0.9797770890181107,10.90999984741211,0.9703576099217676,0.44669310403036055,11.109999656677246
2023-11-06,0.5075080802081227,0.5510876335130265,10.880000114440918,0.7559875254064636,0.6564273385956498,11.079999923706056,-0.4751896973195711,0.9250534745787157,12.050000190734863,0.4904693073893485,1.0983989337167808,11.489999771118164,0.9310738605071648,0.17716542663696525,11.1899995803833
2023-11-07,0.9375812778954773,0.6406975877536047,11.109999656677246,0.5075080802081227,0.5510876335130265,10.880000114440918,0.7559875254064636,0.6564273385956498,11.079999923706056,-0.3207746304394414,0.9699489387821558,11.829999923706056,0.8874052167118783,0.5379632807888647,11.039999961853027
2023-11-08,-0.026022581427913322,0.5823904899173507,11.1899995803833,0.9375812778954773,0.6406975877536047,11.109999656677246,0.5075080802081227,0.5510876335130265,10.880000114440918,-0.4751896973195711,0.9250534745787157,12.050000190734863,0.8620972209242788,0.5405066740347524,10.979999542236328
2023-11-09,0.18944969651071764,0.3957691161165244,11.039999961853027,-0.026022581427913322,0.5823904899173507,11.1899995803833,0.9375812778954773,0.6406975877536047,11.109999656677246,0.7559875254064636,0.6564273385956498,11.079999923706056,0.8166969309192295,0.5201986621856122,11.109999656677246
2023-11-10,-0.24820150223140985,0.4649473325167687,10.979999542236328,0.18944969651071764,0.3957691161165244,11.039999961853027,-0.026022581427913322,0.5823904899173507,11.1899995803833,0.5075080802081227,0.5510876335130265,10.880000114440918,0.7733009092452109,0.572201372479555,11.1899995803833
2023-11-13,0.15480850435944918,0.44669310403036055,11.109999656677246,-0.24820150223140985,0.4649473325167687,10.979999542236328,0.18944969651071764,0.3957691161165244,11.039999961853027,0.9375812778954773,0.6406975877536047,11.109999656677246,0.7643562731814088,0.5663095958437843,11.140000343322754
2023-11-15,0.09365417093074231,0.17716542663696525,11.1899995803833,0.15480850435944918,0.44669310403036055,11.109999656677246,-0.24820150223140985,0.4649473325167687,10.979999542236328,-0.026022581427913322,0.5823904899173507,11.1899995803833,0.7245363463705868,0.3173446077138278,11.649999618530272
2023-11-16,1.1856190289938535,0.5379632807888647,11.140000343322754,0.09365417093074231,0.17716542663696525,11.1899995803833,0.15480850435944918,0.44669310403036055,11.109999656677246,0.18944969651071764,0.3957691161165244,11.039999961853027,0.6862295035234234,0.26772683066281794,11.829999923706056
2023-11-17,0.4551150068331243,0.5405066740347524,11.649999618530272,1.1856190289938535,0.5379632807888647,11.140000343322754,0.09365417093074231,0.17716542663696525,11.1899995803833,-0.24820150223140985,0.4649473325167687,10.979999542236328,0.6878069795164502,0.24805836640337273,12.149999618530272
2023-11-20,-0.16911889743673852,0.5201986621856122,11.829999923706056,0.4551150068331243,0.5405066740347524,11.649999618530272,1.1856190289938535,0.5379632807888647,11.140000343322754,0.15480850435944918,0.44669310403036055,11.109999656677246,0.6645572681839483,0.2565661797120939,12.229999542236328
2023-11-21,-0.19175662679732527,0.572201372479555,12.149999618530272,-0.16911889743673852,0.5201986621856122,11.829999923706056,0.4551150068331243,0.5405066740347524,11.649999618530272,0.09365417093074231,0.17716542663696525,11.1899995803833,0.6550232891307105,0.4558544351248477,11.869999885559082
2023-11-22,0.4529201141300913,0.5663095958437843,12.229999542236328,-0.19175662679732527,0.572201372479555,12.149999618530272,-0.16911889743673852,0.5201986621856122,11.829999923706056,1.1856190289938535,0.5379632807888647,11.140000343322754,0.6492592869426104,0.452606727961387,11.31999969482422
2023-11-23,0.14370018446946908,0.3173446077138278,11.869999885559082,0.4529201141300913,0.5663095958437843,12.229999542236328,-0.19175662679732527,0.572201372479555,12.149999618530272,0.4551150068331243,0.5405066740347524,11.649999618530272,0.6292316629643735,0.4177017333225755,11.329999923706056
2023-11-24,-0.049728111128304164,0.26772683066281794,11.31999969482422,0.14370018446946908,0.3173446077138278,11.869999885559082,0.4529201141300913,0.5663095958437843,12.229999542236328,-0.16911889743673852,0.5201986621856122,11.829999923706056,0.6006663664069979,0.7205670351572058,12.18000030517578
2023-11-28,-0.03687570669664962,0.24805836640337273,11.329999923706056,-0.049728111128304164,0.26772683066281794,11.31999969482422,0.14370018446946908,0.3173446077138278,11.869999885559082,-0.19175662679732527,0.572201372479555,12.149999618530272,0.5811583237448408,0.6887837345881144,12.710000038146973
2023-11-29,0.4787784883390938,0.2565661797120939,12.18000030517578,-0.03687570669664962,0.24805836640337273,11.329999923706056,-0.049728111128304164,0.26772683066281794,11.31999969482422,0.4529201141300913,0.5663095958437843,12.229999542236328,0.5616034252066715,0.7269356045772795,12.6899995803833
2023-11-30,1.0348656573869122,0.4558544351248477,12.710000038146973,0.4787784883390938,0.2565661797120939,12.18000030517578,-0.03687570669664962,0.24805836640337273,11.329999923706056,0.14370018446946908,0.3173446077138278,11.869999885559082,0.5496811095977567,0.8170653355649473,12.380000114440918
2023-12-01,0.18171025823992026,0.452606727961387,12.6899995803833,1.0348656573869122,0.4558544351248477,12.710000038146973,0.4787784883390938,0.2565661797120939,12.18000030517578,-0.049728111128304164,0.26772683066281794,11.31999969482422,0.5577601701371278,0.839515551267668,12.989999771118164
2023-12-04,0.667064331563437,0.4177017333225755,12.380000114440918,0.18171025823992026,0.452606727961387,12.6899995803833,1.0348656573869122,0.4558544351248477,12.710000038146973,-0.03687570669664962,0.24805836640337273,11.329999923706056,0.53624790797873,0.3618266967930637,13.460000038146973
2023-12-05,2.04574804837739,0.7205670351572058,12.989999771118164,0.667064331563437,0.4177017333225755,12.380000114440918,0.18171025823992026,0.452606727961387,12.6899995803833,0.4787784883390938,0.2565661797120939,12.18000030517578,0.5327348904248638,0.3484983425240988,13.739999771118164
2023-12-06,0.8102650447744337,0.6887837345881144,13.460000038146973,2.04574804837739,0.7205670351572058,12.989999771118164,0.667064331563437,0.4177017333225755,12.380000114440918,1.0348656573869122,0.4558544351248477,12.710000038146973,0.5787175526280407,0.29586199452327333,12.670000076293944
2023-12-07,0.39528205452235365,0.7269356045772795,13.739999771118164,0.8102650447744337,0.6887837345881144,13.460000038146973,2.04574804837739,0.7205670351572058,12.989999771118164,0.18171025823992026,0.452606727961387,12.6899995803833,0.5766427826128473,0.6009552416783427,12.470000267028809
2023-12-08,-0.17471243957791427,0.8170653355649473,12.670000076293944,0.39528205452235365,0.7269356045772795,13.739999771118164,0.8102650447744337,0.6887837345881144,13.460000038146973,0.667064331563437,0.4177017333225755,12.380000114440918,0.5607090050766071,0.7570174779533546,12.760000228881836
2023-12-11,0.32600507599202966,0.839515551267668,12.470000267028809,-0.17471243957791427,0.8170653355649473,12.670000076293944,0.39528205452235365,0.7269356045772795,13.739999771118164,2.04574804837739,0.7205670351572058,12.989999771118164,0.5606542269395443,0.801767560999803,12.710000038146973
2023-12-12,0.1320063516009915,0.3618266967930637,12.760000228881836,0.32600507599202966,0.839515551267668,12.470000267028809,-0.17471243957791427,0.8170653355649473,12.670000076293944,0.8102650447744337,0.6887837345881144,13.460000038146973,0.543696444350335,0.6832456955636595,12.06999969482422
2023-12-13,-0.4328963470418101,0.3484983425240988,12.710000038146973,0.1320063516009915,0.3618266967930637,12.760000228881836,0.32600507599202966,0.839515551267668,12.470000267028809,0.39528205452235365,0.7269356045772795,13.739999771118164,0.5216547112398437,1.1166090582798263,12.31999969482422
2023-12-14,0.09537608817135473,0.29586199452327333,12.06999969482422,-0.4328963470418101,0.3484983425240988,12.710000038146973,0.1320063516009915,0.3618266967930637,12.760000228881836,-0.17471243957791427,0.8170653355649473,12.670000076293944,0.5600992094136737,0.9940640739936095,13.130000114440918
2023-12-15,1.2175662163725103,0.6009552416783427,12.31999969482422,0.09537608817135473,0.29586199452327333,12.06999969482422,-0.4328963470418101,0.3484983425240988,12.710000038146973,0.32600507599202966,0.839515551267668,12.470000267028809,0.5355585855816577,0.7859176267840653,13.899999618530272
2023-12-18,1.2849864921501506,0.7570174779533546,13.130000114440918,1.2175662163725103,0.6009552416783427,12.31999969482422,0.09537608817135473,0.29586199452327333,12.06999969482422,0.1320063516009915,0.3618266967930637,12.760000228881836,0.5512198109733432,0.8173000716355336,13.869999885559082
2023-12-19,-0.17725827811074615,0.801767560999803,13.899999618530272,1.2849864921501506,0.7570174779533546,13.130000114440918,1.2175662163725103,0.6009552416783427,12.31999969482422,-0.4328963470418101,0.3484983425240988,12.710000038146973,0.5679537312438893,0.9292576363591335,14.449999809265137
2023-12-20,0.1607082806947435,0.6832456955636595,13.869999885559082,-0.17725827811074615,0.801767560999803,13.899999618530272,1.2849864921501506,0.7570174779533546,13.130000114440918,0.09537608817135473,0.29586199452327333,12.06999969482422,0.5676390009238063,0.23288696196223765,13.760000228881836
2023-12-21,-1.4222122733049722,1.1166090582798263,14.449999809265137,0.1607082806947435,0.6832456955636595,13.869999885559082,-0.17725827811074615,0.801767560999803,13.899999618530272,1.2175662163725103,0.6009552416783427,12.31999969482422,0.5446475110415534,0.4336595269043237,13.710000038146973
2023-12-22,0.49475348167753463,0.9940640739936095,13.760000228881836,-1.4222122733049722,1.1166090582798263,14.449999809265137,0.1607082806947435,0.6832456955636595,13.869999885559082,1.2849864921501506,0.7570174779533546,13.130000114440918,0.7380576409290389,0.5470559911640024,14.68000030517578
2023-12-26,0.4429103580375731,0.7859176267840653,13.710000038146973,0.49475348167753463,0.9940640739936095,13.760000228881836,-1.4222122733049722,1.1166090582798263,14.449999809265137,-0.17725827811074615,0.801767560999803,13.899999618530272,0.7117294533256378,0.6879157399589472,15.5600004196167
2023-12-27,0.42976278879013263,0.8173000716355336,14.68000030517578,0.4429103580375731,0.7859176267840653,13.710000038146973,0.49475348167753463,0.9940640739936095,13.760000228881836,0.1607082806947435,0.6832456955636595,13.869999885559082,0.6859986646277392,0.5842080749342959,15.140000343322754
2023-12-28,0.9903547502138933,0.9292576363591335,15.5600004196167,0.42976278879013263,0.8173000716355336,14.68000030517578,0.4429103580375731,0.7859176267840653,13.710000038146973,-1.4222122733049722,1.1166090582798263,14.449999809265137,0.6620641533119889,0.519121040150726,14.5
2023-12-29,0.570756214221481,0.23288696196223765,15.140000343322754,0.9903547502138933,0.9292576363591335,15.5600004196167,0.42976278879013263,0.8173000716355336,14.68000030517578,0.49475348167753463,0.9940640739936095,13.760000228881836,0.6590689728353136,0.6488065786855137,14.579999923706056
2024-01-02,-0.21741548367498845,0.4336595269043237,14.5,0.570756214221481,0.23288696196223765,15.140000343322754,0.9903547502138933,0.9292576363591335,15.5600004196167,0.4429103580375731,0.7859176267840653,13.710000038146973,0.6421398332187301,0.6625067078819759,14.100000381469728
2024-01-03,-0.3023220740871051,0.5470559911640024,14.579999923706056,-0.21741548367498845,0.4336595269043237,14.5,0.570756214221481,0.23288696196223765,15.140000343322754,0.42976278879013263,0.8173000716355336,14.68000030517578,0.6408481814578815,0.5955147240337522,13.329999923706056
2024-01-04,-0.6875448193459908,0.6879157399589472,14.100000381469728,-0.3023220740871051,0.5470559911640024,14.579999923706056,-0.21741548367498845,0.4336595269043237,14.5,0.9903547502138933,0.9292576363591335,15.5600004196167,0.6509247139856217,0.5126901809476241,12.630000114440918
2024-01-05,0.6543017882762483,0.5842080749342959,13.329999923706056,-0.6875448193459908,0.6879157399589472,14.100000381469728,-0.3023220740871051,0.5470559911640024,14.579999923706056,0.570756214221481,0.23288696196223765,15.140000343322754,0.7136085779460328,0.7319208909505013,13.460000038146973
2024-01-08,0.240728239789701,0.519121040150726,12.630000114440918,0.6543017882762483,0.5842080749342959,13.329999923706056,-0.6875448193459908,0.6879157399589472,14.100000381469728,-0.21741548367498845,0.4336595269043237,14.5,0.6947457186305147,0.4639825275057704,13.260000228881836
2024-01-09,-0.915246500529224,0.6488065786855137,13.460000038146973,0.240728239789701,0.519121040150726,12.630000114440918,0.6543017882762483,0.5842080749342959,13.329999923706056,-0.3023220740871051,0.5470559911640024,14.579999923706056,0.6638237171246655,0.583592039961488,12.970000267028809
2024-01-10,0.1479387172036867,0.6625067078819759,13.260000228881836,-0.915246500529224,0.6488065786855137,13.460000038146973,0.240728239789701,0.519121040150726,12.630000114440918,-0.6875448193459908,0.6879157399589472,14.100000381469728,0.7587252058629855,1.2938022641709426,12.770000457763672
2024-01-11,0.3421854015216792,0.5955147240337522,12.970000267028809,0.1479387172036867,0.6625067078819759,13.260000228881836,-0.915246500529224,0.6488065786855137,13.460000038146973,0.6543017882762483,0.5842080749342959,13.329999923706056,0.7191811542918326,1.30387737135215,13.100000381469728
2024-01-12,0.1317434984659037,0.5126901809476241,12.770000457763672,0.3421854015216792,0.5955147240337522,12.970000267028809,0.1479387172036867,0.6625067078819759,13.260000228881836,0.240728239789701,0.519121040150726,12.630000114440918,0.6894745083972494,1.2141391532403836,13.789999961853027
2024-01-15,1.1361703346499745,0.7319208909505013,13.100000381469728,0.1317434984659037,0.5126901809476241,12.770000457763672,0.3421854015216792,0.5955147240337522,12.970000267028809,-0.915246500529224,0.6488065786855137,13.460000038146973,0.6554380931569886,1.1641747260415505,13.56999969482422
2024-01-16,0.9224398809286917,0.4639825275057704,13.789999961853027,1.1361703346499745,0.7319208909505013,13.100000381469728,0.1317434984659037,0.5126901809476241,12.770000457763672,0.1479387172036867,0.6625067078819759,13.260000228881836,0.6580274063354287,1.4209282401346264,15.079999923706056
2024-01-17,-0.2952587985615914,0.583592039961488,13.56999969482422,0.9224398809286917,0.4639825275057704,13.789999961853027,1.1361703346499745,0.7319208909505013,13.100000381469728,0.3421854015216792,0.5955147240337522,12.970000267028809,0.6530645493283419,1.123378471362349,14.06999969482422
2024-01-18,-2.1115770473744746,1.2938022641709426,15.079999923706056,-0.2952587985615914,0.583592039961488,13.56999969482422,0.9224398809286917,0.4639825275057704,13.789999961853027,0.1317434984659037,0.5126901809476241,12.770000457763672,0.6611227833109354,1.402252340435486,13.880000114440918
2024-01-19,-0.5098245504779364,1.30387737135215,14.06999969482422,-2.1115770473744746,1.2938022641709426,15.079999923706056,-0.2952587985615914,0.583592039961488,13.56999969482422,1.1361703346499745,0.7319208909505013,13.100000381469728,0.9597995448868248,1.4651785382760318,14.850000381469728
2024-01-23,0.7434254509367264,1.2141391532403836,13.880000114440918,-0.5098245504779364,1.30387737135215,14.06999969482422,-2.1115770473744746,1.2938022641709426,15.079999923706056,0.9224398809286917,0.4639825275057704,13.789999961853027,0.9673094204826552,1.1494689416173538,14.380000114440918
2024-01-24,-1.7900098054810152,1.1641747260415505,14.850000381469728,0.7434254509367264,1.2141391532403836,13.880000114440918,-0.5098245504779364,1.30387737135215,14.06999969482422,-0.2952587985615914,0.583592039961488,13.56999969482422,0.927907135084542,1.1246045532254603,13.869999885559082
2024-01-25,1.0079006802925212,1.4209282401346264,14.380000114440918,-1.7900098054810152,1.1641747260415505,14.850000381469728,0.7434254509367264,1.2141391532403836,13.880000114440918,-2.1115770473744746,1.2938022641709426,15.079999923706056,1.1255871935279211,1.0640019980550175,15.68000030517578
2024-01-29,-0.4735247364061254,1.123378471362349,13.869999885559082,1.0079006802925212,1.4209282401346264,14.380000114440918,-1.7900098054810152,1.1641747260415505,14.850000381469728,-0.5098245504779364,1.30387737135215,14.06999969482422,1.0791782673295882,0.7981866162928872,16.100000381469727
2024-01-30,1.7869968219302579,1.402252340435486,15.68000030517578,-0.4735247364061254,1.123378471362349,13.869999885559082,1.0079006802925212,1.4209282401346264,14.380000114440918,0.7434254509367264,1.2141391532403836,13.880000114440918,1.069767655437379,0.5870687179199497,16.049999237060547
2024-01-31,-0.9963166019046519,1.4651785382760318,16.100000381469727,1.7869968219302579,1.402252340435486,15.68000030517578,-0.4735247364061254,1.123378471362349,13.869999885559082,-1.7900098054810152,1.1641747260415505,14.850000381469728,1.0550537753007392,0.5047283174982563,14.460000038146973
2024-02-01,0.9415559590485083,1.1494689416173538,16.049999237060547,-0.9963166019046519,1.4651785382760318,16.100000381469727,1.7869968219302579,1.402252340435486,15.68000030517578,1.0079006802925212,1.4209282401346264,14.380000114440918,1.1187801117009135,0.7288500828503343,14.699999809265137
2024-02-02,-0.130114950214822,1.1246045532254603,14.460000038146973,0.9415559590485083,1.1494689416173538,16.049999237060547,-0.9963166019046519,1.4651785382760318,16.100000381469727,-0.4735247364061254,1.123378471362349,13.869999885559082,1.0708793524422342,0.6476589870441247,15.619999885559082
2024-02-05,0.7180149098767169,1.0640019980550175,14.699999809265137,-0.130114950214822,1.1246045532254603,14.460000038146973,0.9415559590485083,1.1494689416173538,16.049999237060547,1.7869968219302579,1.402252340435486,15.68000030517578,1.0184006056205257,0.7146654891801306,15.789999961853027
2024-02-06,-0.37639297855089193,0.7981866162928872,15.619999885559082,0.7180149098767169,1.0640019980550175,14.699999809265137,-0.130114950214822,1.1246045532254603,14.460000038146973,-0.9963166019046519,1.4651785382760318,16.100000381469727,0.9731784429381584,0.6752679140139748,15.510000228881836
2024-02-07,0.7217294659854949,0.5870687179199497,15.789999961853027,-0.37639297855089193,0.7981866162928872,15.619999885559082,0.7180149098767169,1.0640019980550175,14.699999809265137,0.9415559590485083,1.1494689416173538,16.049999237060547,0.9618187686946994,0.7301421533387095,15.829999923706056
2024-02-08,0.0050141900252187645,0.5047283174982563,15.510000228881836,0.7217294659854949,0.5870687179199497,15.789999961853027,-0.37639297855089193,0.7981866162928872,15.619999885559082,-0.130114950214822,1.1246045532254603,14.460000038146973,0.922233039084721,0.5399710017639417,15.449999809265137
2024-02-09,-0.9739290405751648,0.7288500828503343,15.829999923706056,0.0050141900252187645,0.5047283174982563,15.510000228881836,0.7217294659854949,0.5870687179199497,15.789999961853027,0.7180149098767169,1.0640019980550175,14.699999809265137,0.8673517918277706,0.5714857983999238,16.059999465942383
2024-02-12,0.29678235415700976,0.6476589870441247,15.449999809265137,-0.9739290405751648,0.7288500828503343,15.829999923706056,0.0050141900252187645,0.5047283174982563,15.510000228881836,-0.37639297855089193,0.7981866162928872,15.619999885559082,0.9485979010489242,0.1485180764601991,15.8100004196167
2024-02-13,-0.7670764664605448,0.7146654891801306,16.059999465942383,0.29678235415700976,0.6476589870441247,15.449999809265137,-0.9739290405751648,0.7288500828503343,15.829999923706056,0.7217294659854949,0.5870687179199497,15.789999961853027,0.8963898699456511,0.5376590649084118,15.4399995803833
2024-02-14,0.5867234081485647,0.6752679140139748,15.8100004196167,-0.7670764664605448,0.7146654891801306,16.059999465942383,0.29678235415700976,0.6476589870441247,15.449999809265137,0.0050141900252187645,0.5047283174982563,15.510000228881836,0.9452874332919526,0.5735016142106723,15.229999542236328
2024-02-15,0.44421114826255614,0.7301421533387095,15.4399995803833,0.5867234081485647,0.6752679140139748,15.8100004196167,-0.7670764664605448,0.7146654891801306,16.059999465942383,-0.9739290405751648,0.7288500828503343,15.829999923706056,0.9028558557629224,0.5966596509935516,15.220000267028809
2024-02-16,0.3231907943473083,0.5399710017639417,15.229999542236328,0.44421114826255614,0.7301421533387095,15.4399995803833,0.5867234081485647,0.6752679140139748,15.8100004196167,0.29678235415700976,0.6476589870441247,15.449999809265137,0.8597908594417213,0.6302912662246106,16.06999969482422
2024-02-20,0.5913324803860002,0.5714857983999238,15.220000267028809,0.3231907943473083,0.5399710017639417,15.229999542236328,0.44421114826255614,0.7301421533387095,15.4399995803833,-0.7670764664605448,0.7146654891801306,16.059999465942383,0.8167972423304661,0.5558172832236451,15.93000030517578
2024-02-21,0.7064148085913231,0.1485180764601991,16.06999969482422,0.5913324803860002,0.5714857983999238,15.220000267028809,0.3231907943473083,0.5399710017639417,15.229999542236328,0.5867234081485647,0.6752679140139748,15.8100004196167,0.7865714514712269,0.7130725684746544,15.199999809265137
2024-02-22,-0.6413220819374543,0.5376590649084118,15.93000030517578,0.7064148085913231,0.1485180764601991,16.06999969482422,0.5913324803860002,0.5714857983999238,15.220000267028809,0.44421114826255614,0.7301421533387095,15.4399995803833,0.7629233208136377,0.577831856140163,14.970000267028809
2024-02-23,0.7336344949249518,0.5735016142106723,15.199999809265137,-0.6413220819374543,0.5376590649084118,15.93000030517578,0.7064148085913231,0.1485180764601991,16.06999969482422,0.3231907943473083,0.5399710017639417,15.229999542236328,0.8079240274338954,1.0095244357950657,15.600000381469728
2024-02-26,-0.0213818777795819,0.5966596509935516,14.970000267028809,0.7336344949249518,0.5735016142106723,15.199999809265137,-0.6413220819374543,0.5376590649084118,15.93000030517578,0.5913324803860002,0.5714857983999238,15.220000267028809,0.7832334640053031,0.9667278067467687,15.729999542236328
2024-02-27,-0.4089278221713085,0.6302912662246106,15.600000381469728,-0.0213818777795819,0.5966596509935516,14.970000267028809,0.7336344949249518,0.5735016142106723,15.199999809265137,0.7064148085913231,0.1485180764601991,16.06999969482422,0.7444431701077272,0.9864193953314648,16.329999923706055
2024-02-28,0.3443060208267885,0.5558172832236451,15.729999542236328,-0.4089278221713085,0.6302912662246106,15.600000381469728,-0.0213818777795819,0.5966596509935516,14.970000267028809,-0.6413220819374543,0.5376590649084118,15.93000030517578,0.7594124648417057,0.6903112980562871,15.56999969482422
2024-02-29,-1.1198396451173727,0.7130725684746544,16.329999923706055,0.3443060208267885,0.5558172832236451,15.729999542236328,-0.4089278221713085,0.6302912662246106,15.600000381469728,0.7336344949249518,0.5735016142106723,15.199999809265137,0.7262280697761048,0.6975368489008783,15.239999771118164
2024-03-01,0.14408171929075417,0.577831856140163,15.56999969482422,-1.1198396451173727,0.7130725684746544,16.329999923706055,0.3443060208267885,0.5558172832236451,15.729999542236328,-0.0213818777795819,0.5966596509935516,14.970000267028809,0.8450909625981005,0.483864078957503,14.920000076293944
2024-03-04,1.60624736924449,1.0095244357950657,15.239999771118164,0.14408171929075417,0.577831856140163,15.56999969482422,-1.1198396451173727,0.7130725684746544,16.329999923706055,-0.4089278221713085,0.6302912662246106,15.600000381469728,0.7976283112801958,0.45497821379413306,14.380000114440918
2024-03-05,0.29880715530739466,0.9667278067467687,14.920000076293944,1.60624736924449,1.0095244357950657,15.239999771118164,0.14408171929075417,0.577831856140163,15.56999969482422,0.3443060208267885,0.5558172832236451,15.729999542236328,0.8035085979171789,0.8064124257917042,14.300000190734863
2024-03-06,-0.22027147028049304,0.9864193953314648,14.380000114440918,0.29880715530739466,0.9667278067467687,14.920000076293944,1.60624736924449,1.0095244357950657,15.239999771118164,-1.1198396451173727,0.7130725684746544,16.329999923706055,0.764874471858327,0.8474814634278721,13.609999656677246
2024-03-07,0.5253149559505271,0.6903112980562871,14.300000190734863,-0.22027147028049304,0.9864193953314648,14.380000114440918,0.29880715530739466,0.9667278067467687,14.920000076293944,0.14408171929075417,0.577831856140163,15.56999969482422,0.7530712798799233,0.823897775889715,14.0
2024-03-11,0.08672911404987264,0.6975368489008783,13.609999656677246,0.5253149559505271,0.6903112980562871,14.300000190734863,-0.22027147028049304,0.9864193953314648,14.380000114440918,1.60624736924449,1.0095244357950657,15.239999771118164,0.7264220060627705,0.8370392761385993,13.640000343322754
2024-03-12,-0.7178885448103384,0.483864078957503,14.0,0.08672911404987264,0.6975368489008783,13.609999656677246,0.5253149559505271,0.6903112980562871,14.300000190734863,0.29880715530739466,0.9667278067467687,14.920000076293944,0.6877256387658739,0.8931869718456927,14.43000030517578
2024-03-13,0.013650954899359894,0.45497821379413306,13.640000343322754,-0.7178885448103384,0.483864078957503,14.0,0.08672911404987264,0.6975368489008783,13.609999656677246,-0.22027147028049304,0.9864193953314648,14.380000114440918,0.7510861104390686,0.6843572849949066,13.619999885559082
2024-03-14,-1.5248393356596965,0.8064124257917042,14.43000030517578,0.013650954899359894,0.45497821379413306,13.640000343322754,-0.7178885448103384,0.483864078957503,14.0,0.5253149559505271,0.6903112980562871,14.300000190734863,0.7107807236709198,0.7193312206183099,13.6899995803833
2024-03-15,0.6748394232673185,0.8474814634278721,13.619999885559082,-1.5248393356596965,0.8064124257917042,14.43000030517578,0.013650954899359894,0.45497821379413306,13.640000343322754,0.08672911404987264,0.6975368489008783,13.609999656677246,0.8962525155853123,0.6996772001574909,13.899999618530272
2024-03-18,-0.5583024746448362,0.823897775889715,13.6899995803833,0.6748394232673185,0.8474814634278721,13.619999885559082,-1.5248393356596965,0.8064124257917042,14.43000030517578,-0.7178885448103384,0.483864078957503,14.0,0.8613880943933596,0.7284121226440733,14.109999656677246
2024-03-19,0.1467800056624233,0.8370392761385993,13.899999618530272,-0.5583024746448362,0.823897775889715,13.6899995803833,0.6748394232673185,0.8474814634278721,13.619999885559082,0.013650954899359894,0.45497821379413306,13.640000343322754,0.8852248305375765,0.46249578533581776,13.470000267028809
2024-03-20,-1.0860963960358783,0.8931869718456927,14.109999656677246,0.1467800056624233,0.8370392761385993,13.899999618530272,-0.5583024746448362,0.823897775889715,13.6899995803833,-1.5248393356596965,0.8064124257917042,14.43000030517578,0.8341360772752928,0.5231190412604068,12.510000228881836
2024-03-21,0.09918508439663014,0.6843572849949066,13.470000267028809,-1.0860963960358783,0.8931869718456927,14.109999656677246,0.1467800056624233,0.8370392761385993,13.899999618530272,0.6748394232673185,0.8474814634278721,13.619999885559082,0.935445558494204,0.49843275659135183,12.220000267028809
2024-03-22,0.7883528864675104,0.7193312206183099,12.510000228881836,0.09918508439663014,0.6843572849949066,13.470000267028809,-1.0860963960358783,0.8931869718456927,14.109999656677246,-0.5583024746448362,0.823897775889715,13.6899995803833,0.8780976448082645,0.537172779338184,12.81999969482422
2024-03-26,0.38450866714008036,0.6996772001574909,12.220000267028809,0.7883528864675104,0.7193312206183099,12.510000228881836,0.09918508439663014,0.6843572849949066,13.470000267028809,0.1467800056624233,0.8370392761385993,13.899999618530272,0.8487032526763789,0.4331336771437407,12.699999809265137
2024-03-27,-0.4174507484794188,0.7284121226440733,12.81999969482422,0.38450866714008036,0.6996772001574909,12.220000267028809,0.7883528864675104,0.7193312206183099,12.510000228881836,-1.0860963960358783,0.8931869718456927,14.109999656677246,0.8087386281304565,0.4247171749361986,12.829999923706056
2024-03-28,0.5391158338500764,0.46249578533581776,12.699999809265137,-0.4174507484794188,0.7284121226440733,12.81999969482422,0.38450866714008036,0.6996772001574909,12.220000267028809,0.09918508439663014,0.6843572849949066,13.470000267028809,0.8187790141933508,0.30009731735035644,12.079999923706056
2024-04-01,0.9145057280234776,0.5231190412604068,12.829999923706056,0.5391158338500764,0.46249578533581776,12.699999809265137,-0.4174507484794188,0.7284121226440733,12.81999969482422,0.7883528864675104,0.7193312206183099,12.510000228881836,0.7866467481579912,0.32692091486969477,11.649999618530272
2024-04-02,0.6032745520934438,0.49843275659135183,12.079999923706056,0.9145057280234776,0.5231190412604068,12.829999923706056,0.5391158338500764,0.46249578533581776,12.699999809265137,0.38450866714008036,0.6996772001574909,12.220000267028809,0.7699548667698811,0.3389637355887397,11.369999885559082
2024-04-03,-0.038736104211539536,0.537172779338184,11.649999618530272,0.6032745520934438,0.49843275659135183,12.079999923706056,0.9145057280234776,0.5231190412604068,12.829999923706056,-0.4174507484794188,0.7284121226440733,12.81999969482422,0.7443790507630391,0.32945891199168087,11.220000267028809
2024-04-04,-0.08309754048160305,0.4331336771437407,11.369999885559082,-0.038736104211539536,0.537172779338184,11.649999618530272,0.6032745520934438,0.49843275659135183,12.079999923706056,0.5391158338500764,0.46249578533581776,12.699999809265137,0.7112244240530261,0.6668404871012303,11.34000015258789
2024-04-05,0.3559569696514453,0.4247171749361986,11.220000267028809,-0.08309754048160305,0.4331336771437407,11.369999885559082,-0.038736104211539536,0.537172779338184,11.649999618530272,0.9145057280234776,0.5231190412604068,12.829999923706056,0.6865907623019712,0.8309813865482145,11.609999656677246
2024-04-08,-0.00422476898839797,0.30009731735035644,11.34000015258789,0.3559569696514453,0.4247171749361986,11.220000267028809,-0.08309754048160305,0.4331336771437407,11.369999885559082,0.6032745520934438,0.49843275659135183,12.079999923706056,0.6601635848405175,0.6674470000614044,11.359999656677246
2024-04-09,0.6755296273493474,0.32692091486969477,11.609999656677246,-0.00422476898839797,0.30009731735035644,11.34000015258789,0.3559569696514453,0.4247171749361986,11.220000267028809,-0.038736104211539536,0.537172779338184,11.649999618530272,0.629947083734888,0.6395195304431571,11.109999656677246
2024-04-10,-0.10395619844089984,0.3389637355887397,11.359999656677246,0.6755296273493474,0.32692091486969477,11.609999656677246,-0.00422476898839797,0.30009731735035644,11.34000015258789,-0.08309754048160305,0.4331336771437407,11.369999885559082,0.6190121817687128,0.72192006400402,11.529999732971191
2024-04-12,0.4892486360835239,0.32945891199168087,11.109999656677246,-0.10395619844089984,0.3389637355887397,11.359999656677246,0.6755296273493474,0.32692091486969477,11.609999656677246,0.3559569696514453,0.4247171749361986,11.220000267028809,0.6049284955477061,0.8754523703669137,12.470000267028809
2024-04-15,-1.035502147176367,0.6668404871012303,11.529999732971191,0.4892486360835239,0.32945891199168087,11.109999656677246,-0.10395619844089984,0.3389637355887397,11.359999656677246,-0.00422476898839797,0.30009731735035644,11.34000015258789,0.5898223156840559,0.7012153743815887,12.619999885559082
2024-04-16,-1.1024443666037695,0.8309813865482145,12.470000267028809,-1.035502147176367,0.6668404871012303,11.529999732971191,0.4892486360835239,0.32945891199168087,11.109999656677246,0.6755296273493474,0.32692091486969477,11.609999656677246,0.7118008846394143,0.6023364184569788,13.039999961853027
2024-04-18,-0.5610032105390299,0.6674470000614044,12.619999885559082,-1.1024443666037695,0.8309813865482145,12.470000267028809,-1.035502147176367,0.6668404871012303,11.529999732971191,-0.10395619844089984,0.3389637355887397,11.359999656677246,0.8296977221950216,0.34133641912690077,13.460000038146973
2024-04-19,-0.6888920065700563,0.6395195304431571,13.039999961853027,-0.5610032105390299,0.6674470000614044,12.619999885559082,-1.1024443666037695,0.8309813865482145,12.470000267028809,0.4892486360835239,0.32945891199168087,11.109999656677246,0.8570365874599095,0.6069487182459415,12.699999809265137
2024-04-22,0.6848265696137249,0.72192006400402,13.460000038146973,-0.6888920065700563,0.6395195304431571,13.039999961853027,-0.5610032105390299,0.6674470000614044,12.619999885559082,-1.035502147176367,0.6668404871012303,11.529999732971191,0.8991649352504251,0.6440710662213522,10.199999809265137
2024-04-23,0.8515605079627573,0.8754523703669137,12.699999809265137,0.6848265696137249,0.72192006400402,13.460000038146973,-0.6888920065700563,0.6395195304431571,13.039999961853027,-1.1024443666037695,0.8309813865482145,12.470000267028809,0.8643547669815671,0.6743802146751208,10.279999732971191
2024-04-24,0.1413713834063861,0.7012153743815887,10.199999809265137,0.8515605079627573,0.8754523703669137,12.699999809265137,0.6848265696137249,0.72192006400402,13.460000038146973,-0.5610032105390299,0.6674470000614044,12.619999885559082,0.8383544397935485,0.6737921598896307,10.729999542236328
2024-04-25,0.1536747364098986,0.6023364184569788,10.279999732971191,0.1413713834063861,0.7012153743815887,10.199999809265137,0.8515605079627573,0.8754523703669137,12.699999809265137,-0.6888920065700563,0.6395195304431571,13.039999961853027,0.7914216807320946,0.7149496420015666,10.93000030517578
2024-04-26,0.7468967297299811,0.34133641912690077,10.729999542236328,0.1536747364098986,0.6023364184569788,10.279999732971191,0.1413713834063861,0.7012153743815887,10.199999809265137,0.6848265696137249,0.72192006400402,13.460000038146973,0.749146629050468,0.6427543448945039,12.239999771118164
2024-04-29,-0.6685928069119567,0.6069487182459415,10.93000030517578,0.7468967297299811,0.34133641912690077,10.729999542236328,0.1536747364098986,0.6023364184569788,10.279999732971191,0.8515605079627573,0.8754523703669137,12.699999809265137,0.7302268884346056,0.388435323201923,12.869999885559082
2024-04-30,0.9917283345523464,0.6440710662213522,12.239999771118164,-0.6685928069119567,0.6069487182459415,10.93000030517578,0.7468967297299811,0.34133641912690077,10.729999542236328,0.1413713834063861,0.7012153743815887,10.199999809265137,0.7823047699685179,0.4099025364603718,13.449999809265137
2024-05-02,-0.17039682453004384,0.6743802146751208,12.869999885559082,0.9917283345523464,0.6440710662213522,12.239999771118164,-0.6685928069119567,0.6069487182459415,10.93000030517578,0.1536747364098986,0.6023364184569788,10.279999732971191,0.7686108395777517,0.6144167752869465,14.619999885559082
2024-05-03,0.19158763335262374,0.6737921598896307,13.449999809265137,-0.17039682453004384,0.6743802146751208,12.869999885559082,0.9917283345523464,0.6440710662213522,12.239999771118164,0.7468967297299811,0.34133641912690077,10.729999542236328,0.750031922062779,0.762918743666515,16.600000381469727
2024-05-06,-0.7638962014882933,0.7149496420015666,14.619999885559082,0.19158763335262374,0.6737921598896307,13.449999809265137,-0.17039682453004384,0.6743802146751208,12.869999885559082,-0.6685928069119567,0.6069487182459415,10.93000030517578,0.7126794395422741,0.8072926975867055,17.010000228881836
2024-05-07,-0.14760226012829025,0.6427543448945039,16.600000381469727,-0.7638962014882933,0.7149496420015666,14.619999885559082,0.19158763335262374,0.6737921598896307,13.449999809265137,0.9917283345523464,0.6440710662213522,12.239999771118164,0.7801204456528071,0.8531280590297351,17.079999923706055
2024-05-08,-0.6266579655461011,0.388435323201923,17.010000228881836,-0.14760226012829025,0.6427543448945039,16.600000381469727,-0.7638962014882933,0.7149496420015666,14.619999885559082,-0.17039682453004384,0.6743802146751208,12.869999885559082,0.7575774113566889,0.8521026167874434,18.200000762939453
2024-05-09,0.0,0.4099025364603718,17.079999923706055,-0.6266579655461011,0.388435323201923,17.010000228881836,-0.14760226012829025,0.6427543448945039,16.600000381469727,0.19158763335262374,0.6737921598896307,13.449999809265137,0.8010646768985444,0.3663403161341263,18.46999931335449
2024-05-10,-1.5590012996666094,0.6144167752869465,18.200000762939453,0.0,0.4099025364603718,17.079999923706055,-0.6266579655461011,0.388435323201923,17.010000228881836,-0.7638962014882933,0.7149496420015666,14.619999885559082,0.7580003207546404,0.3691830528600189,20.600000381469727
2024-05-13,0.44395995226600193,0.762918743666515,18.46999931335449,-1.5590012996666094,0.6144167752869465,18.200000762939453,0.0,0.4099025364603718,17.079999923706055,-0.14760226012829025,0.6427543448945039,16.600000381469727,0.9423428244580104,0.3642121634458025,20.200000762939453
2024-05-14,0.22125186649836429,0.8072926975867055,20.600000381469727,0.44395995226600193,0.762918743666515,18.46999931335449,-1.5590012996666094,0.6144167752869465,18.200000762939453,-0.6266579655461011,0.388435323201923,17.010000228881836,0.8955220026200142,0.35710646966192466,20.270000457763672
2024-05-15,0.5135117275633606,0.8531280590297351,20.200000762939453,0.22125186649836429,0.8072926975867055,20.600000381469727,0.44395995226600193,0.762918743666515,18.46999931335449,0.0,0.4099025364603718,17.079999923706055,0.8458839132235731,0.5930186148990227,20.0
2024-05-16,-0.07789037357247285,0.8521026167874434,20.270000457763672,0.5135117275633606,0.8531280590297351,20.200000762939453,0.22125186649836429,0.8072926975867055,20.600000381469727,-1.5590012996666094,0.6144167752869465,18.200000762939453,0.8104129435066685,0.6510622849188243,19.799999237060547
2024-05-17,0.9115703119871329,0.3663403161341263,20.0,-0.07789037357247285,0.8521026167874434,20.270000457763672,0.5135117275633606,0.8531280590297351,20.200000762939453,0.44395995226600193,0.762918743666515,18.46999931335449,0.776265028893411,0.7028567675687285,21.809999465942383
2024-05-21,0.27746873362616403,0.3691830528600189,19.799999237060547,0.9115703119871329,0.3663403161341263,20.0,-0.07789037357247285,0.8521026167874434,20.270000457763672,0.22125186649836429,0.8072926975867055,20.600000381469727,0.7604219240214253,0.754851631839465,21.46999931335449
2024-05-22,0.27981332388829366,0.3642121634458025,21.809999465942383,0.27746873362616403,0.3691830528600189,19.799999237060547,0.9115703119871329,0.3663403161341263,20.0,0.5135117275633606,0.8531280590297351,20.200000762939453,0.7249560642104587,0.906859158530821,21.3799991607666
2024-05-23,0.3046968747396932,0.35710646966192466,21.46999931335449,0.27981332388829366,0.3642121634458025,21.809999465942383,0.27746873362616403,0.3691830528600189,19.799999237060547,-0.07789037357247285,0.8521026167874434,20.270000457763672,0.6926945036108472,0.42556254697676743,21.709999084472656
2024-05-24,1.6234130138345821,0.5930186148990227,21.3799991607666,0.3046968747396932,0.35710646966192466,21.46999931335449,0.27981332388829366,0.3642121634458025,21.809999465942383,0.9115703119871329,0.3663403161341263,20.0,0.6640517308123728,0.48543333655531934,23.190000534057617
2024-05-27,-0.045948127907615606,0.6510622849188243,21.709999084472656,1.6234130138345821,0.5930186148990227,21.3799991607666,0.3046968747396932,0.35710646966192466,21.46999931335449,0.27746873362616403,0.3691830528600189,19.799999237060547,0.6828786854159207,1.6939299123454752,24.200000762939453
2024-05-28,-0.10743358183047916,0.7028567675687285,23.190000534057617,-0.045948127907615606,0.6510622849188243,21.709999084472656,1.6234130138345821,0.5930186148990227,21.3799991607666,0.27981332388829366,0.3642121634458025,21.809999465942383,0.6559885869760692,3.36126253061329,24.18000030517578
2024-05-29,-0.19335775744709702,0.754851631839465,24.200000762939453,-0.10743358183047916,0.7028567675687285,23.190000534057617,-0.045948127907615606,0.6510622849188243,21.709999084472656,0.3046968747396932,0.35710646966192466,21.46999931335449,0.6392301144615304,3.856018563061153,24.18000030517578
2024-05-30,-0.80474093408375,0.906859158530821,24.18000030517578,-0.19335775744709702,0.754851631839465,24.200000762939453,-0.10743358183047916,0.7028567675687285,23.190000534057617,1.6234130138345821,0.5930186148990227,21.3799991607666,0.6350347064494435,3.8386391607898864,24.600000381469727
2024-05-31,-0.956116224385675,0.42556254697676743,24.18000030517578,-0.80474093408375,0.906859158530821,24.18000030517578,-0.19335775744709702,0.754851631839465,24.200000762939453,-0.045948127907615606,0.6510622849188243,21.709999084472656,0.7165045436108828,3.9138515374643887,20.940000534057617
2024-06-03,0.1868034110553735,0.48543333655531934,24.600000381469727,-0.956116224385675,0.42556254697676743,24.18000030517578,-0.80474093408375,0.906859158530821,24.18000030517578,-0.10743358183047916,0.7028567675687285,23.190000534057617,0.8117245759960846,3.648055302150001,26.75
2024-06-04,3.202403067452011,1.6939299123454752,20.940000534057617,0.1868034110553735,0.48543333655531934,24.600000381469727,-0.956116224385675,0.42556254697676743,24.18000030517578,-0.19335775744709702,0.754851631839465,24.200000762939453,0.7686938580426387,1.448267458946902,18.88999938964844
2024-06-05,-6.112419596275757,3.36126253061329,26.75,3.202403067452011,1.6939299123454752,20.940000534057617,0.1868034110553735,0.48543333655531934,24.600000381469727,-0.80474093408375,0.906859158530821,24.18000030517578,0.8347464659832251,0.8840375400343595,16.799999237060547
2024-06-06,3.307130264902321,3.856018563061153,18.88999938964844,-6.112419596275757,3.36126253061329,26.75,3.202403067452011,1.6939299123454752,20.940000534057617,-0.956116224385675,0.42556254697676743,24.18000030517578,2.068175459908691,0.876211994646618,16.8799991607666
2024-06-07,0.8848783029735371,3.8386391607898864,16.799999237060547,3.307130264902321,3.856018563061153,18.88999938964844,-6.112419596275757,3.36126253061329,26.75,0.1868034110553735,0.48543333655531934,24.600000381469727,1.9916284286833,0.19657274418052817,16.399999618530273
2024-06-10,2.033183181806326,3.9138515374643887,16.8799991607666,0.8848783029735371,3.8386391607898864,16.799999237060547,3.307130264902321,3.856018563061153,18.88999938964844,3.202403067452011,1.6939299123454752,20.940000534057617,1.845617531233832,0.13962475982278227,14.770000457763672
2024-06-11,-0.13298220789751808,3.648055302150001,16.399999618530273,2.033183181806326,3.9138515374643887,16.8799991607666,0.8848783029735371,3.8386391607898864,16.799999237060547,-6.112419596275757,3.36126253061329,26.75,1.7537152330022276,0.2259195525645179,14.390000343322754
2024-06-12,0.02429019311563474,1.448267458946902,14.770000457763672,-0.13298220789751808,3.648055302150001,16.399999618530273,2.033183181806326,3.9138515374643887,16.8799991607666,3.307130264902321,3.856018563061153,18.88999938964844,1.6282956135550315,0.22513613102338556,13.489999771118164
2024-06-13,0.24941998100964452,0.8840375400343595,14.390000343322754,0.02429019311563474,1.448267458946902,14.770000457763672,-0.13298220789751808,3.648055302150001,16.399999618530273,0.8848783029735371,3.8386391607898864,16.799999237060547,1.4978579498592235,0.2975676436871161,12.81999969482422
2024-06-14,0.32512085635553245,0.876211994646618,13.489999771118164,0.24941998100964452,0.8840375400343595,14.390000343322754,0.02429019311563474,1.448267458946902,14.770000457763672,2.033183181806326,3.9138515374643887,16.8799991607666,1.387695994845212,0.28136392914410324,12.970000267028809
2024-06-18,0.2846472864763251,0.19657274418052817,12.81999969482422,0.32512085635553245,0.876211994646618,13.489999771118164,0.24941998100964452,0.8840375400343595,14.390000343322754,-0.13298220789751808,3.648055302150001,16.399999618530273,1.2918321735216656,0.41492143953819255,13.710000038146973
2024-06-19,0.3925734995918502,0.13962475982278227,12.970000267028809,0.2846472864763251,0.19657274418052817,12.81999969482422,0.32512085635553245,0.876211994646618,13.489999771118164,0.02429019311563474,1.448267458946902,14.770000457763672,1.204807082136678,0.41631147879947505,13.350000381469728
2024-06-20,-0.17801967265448712,0.2259195525645179,13.710000038146973,0.3925734995918502,0.13962475982278227,12.970000267028809,0.2846472864763251,0.19657274418052817,12.81999969482422,0.24941998100964452,0.8840375400343595,14.390000343322754,1.130270133917034,0.45359513326392836,13.18000030517578
2024-06-21,0.21663878659495614,0.22513613102338556,13.350000381469728,-0.17801967265448712,0.2259195525645179,13.710000038146973,0.3925734995918502,0.13962475982278227,12.970000267028809,0.32512085635553245,0.876211994646618,13.489999771118164,1.0778269646927017,0.40285087906237793,14.0600004196167
2024-06-24,-0.2800216462253247,0.2975676436871161,13.18000030517578,0.21663878659495614,0.22513613102338556,13.350000381469728,-0.17801967265448712,0.2259195525645179,13.710000038146973,0.2846472864763251,0.19657274418052817,12.81999969482422,1.0104444837457718,0.3735195097841301,14.3100004196167
2024-06-25,0.15625352218749533,0.28136392914410324,14.0600004196167,-0.2800216462253247,0.2975676436871161,13.18000030517578,0.21663878659495614,0.22513613102338556,13.350000381469728,0.3925734995918502,0.13962475982278227,12.970000267028809,0.9829496916181224,0.41199773841072196,14.050000190734863
2024-06-26,0.7763664467508334,0.41492143953819255,14.3100004196167,0.15625352218749533,0.28136392914410324,14.0600004196167,-0.2800216462253247,0.2975676436871161,13.18000030517578,-0.17801967265448712,0.2259195525645179,13.710000038146973,0.9229004952560108,0.42150200078817907,14.149999618530272
2024-06-27,0.6198787876631016,0.41631147879947505,14.050000190734863,0.7763664467508334,0.41492143953819255,14.3100004196167,0.15625352218749533,0.28136392914410324,14.0600004196167,0.21663878659495614,0.22513613102338556,13.350000381469728,0.8888580373816899,0.3713641402049684,13.800000190734863
2024-06-28,0.7334080659762656,0.45359513326392836,14.149999618530272,0.6198787876631016,0.41631147879947505,14.050000190734863,0.7763664467508334,0.41492143953819255,14.3100004196167,-0.2800216462253247,0.2975676436871161,13.18000030517578,0.8528785782985429,0.3282110201369801,13.829999923706056
2024-07-01,-0.14108969297394128,0.40285087906237793,13.800000190734863,0.7334080659762656,0.45359513326392836,14.149999618530272,0.6198787876631016,0.41631147879947505,14.050000190734863,0.15625352218749533,0.28136392914410324,14.0600004196167,0.8240239070831257,0.3003370547661819,13.640000343322754
2024-07-02,0.545557559691747,0.3735195097841301,13.829999923706056,-0.14108969297394128,0.40285087906237793,13.800000190734863,0.7334080659762656,0.45359513326392836,14.149999618530272,0.7763664467508334,0.41492143953819255,14.3100004196167,0.796636637935899,0.2969334386099033,13.210000038146973
2024-07-03,-0.07499973340487516,0.41199773841072196,13.640000343322754,0.545557559691747,0.3735195097841301,13.829999923706056,-0.14108969297394128,0.40285087906237793,13.800000190734863,0.6198787876631016,0.41631147879947505,14.050000190734863,0.7667368089631859,0.32402290933088557,12.859999656677246
2024-07-04,0.671967891016841,0.42150200078817907,13.210000038146973,-0.07499973340487516,0.41199773841072196,13.640000343322754,0.545557559691747,0.3735195097841301,13.829999923706056,0.7334080659762656,0.45359513326392836,14.149999618530272,0.7361681463451885,0.32452509275312597,12.699999809265137
2024-07-05,0.06441994597673961,0.3713641402049684,12.859999656677246,0.671967891016841,0.42150200078817907,13.210000038146973,-0.07499973340487516,0.41199773841072196,13.640000343322754,-0.14108969297394128,0.40285087906237793,13.800000190734863,0.7159011428829297,0.4714835041833498,13.600000381469728
2024-07-08,0.08924945580705118,0.3282110201369801,12.699999809265137,0.06441994597673961,0.3713641402049684,12.859999656677246,0.671967891016841,0.42150200078817907,13.210000038146973,0.545557559691747,0.3735195097841301,13.829999923706056,0.6773942905517908,0.4683559378924092,14.279999732971191
2024-07-09,-0.013563033375134032,0.3003370547661819,13.600000381469728,0.08924945580705118,0.3282110201369801,12.699999809265137,0.06441994597673961,0.3713641402049684,12.859999656677246,-0.07499973340487516,0.41199773841072196,13.640000343322754,0.643002861316906,0.448529922383081,14.43000030517578
2024-07-10,0.462112711188291,0.2969334386099033,14.279999732971191,-0.013563033375134032,0.3003370547661819,13.600000381469728,0.08924945580705118,0.3282110201369801,12.699999809265137,0.671967891016841,0.42150200078817907,13.210000038146973,0.6154042840361111,0.36705401547781774,14.0
2024-07-11,-0.44608459932337075,0.32402290933088557,14.43000030517578,0.462112711188291,0.2969334386099033,14.279999732971191,-0.013563033375134032,0.3003370547661819,13.600000381469728,0.06441994597673961,0.3713641402049684,12.859999656677246,0.5985223441926426,0.7637025503086633,13.729999542236328
2024-07-12,-0.03495037195243165,0.32452509275312597,14.0,-0.44608459932337075,0.32402290933088557,14.43000030517578,0.462112711188291,0.2969334386099033,14.279999732971191,0.08924945580705118,0.3282110201369801,12.699999809265137,0.6319589031114164,0.6916623966724161,14.1899995803833
2024-07-15,0.7628403248955412,0.4714835041833498,13.729999542236328,-0.03495037195243165,0.32452509275312597,14.0,-0.44608459932337075,0.32402290933088557,14.43000030517578,-0.013563033375134032,0.3003370547661819,13.600000381469728,0.6079852501664526,0.6655423759058193,14.220000267028809
2024-07-16,0.34447298074261035,0.4683559378924092,14.1899995803833,0.7628403248955412,0.4714835041833498,13.729999542236328,-0.03495037195243165,0.32452509275312597,14.0,0.462112711188291,0.2969334386099033,14.279999732971191,0.6018557784405391,0.6592218476573639,14.510000228881836
2024-07-18,0.10691440871768358,0.448529922383081,14.220000267028809,0.34447298074261035,0.4683559378924092,14.1899995803833,0.7628403248955412,0.4714835041833498,13.729999542236328,-0.44608459932337075,0.32402290933088557,14.43000030517578,0.5821740965734632,0.44122872704687377,14.829999923706056
2024-07-19,0.7603152387120198,0.36705401547781774,14.510000228881836,0.10691440871768358,0.448529922383081,14.220000267028809,0.34447298074261035,0.4683559378924092,14.1899995803833,-0.03495037195243165,0.32452509275312597,14.0,0.5562483978381647,0.8404294255694743,15.4399995803833
2024-07-22,-1.094434773789948,0.7637025503086633,14.829999923706056,0.7603152387120198,0.36705401547781774,14.510000228881836,0.10691440871768358,0.448529922383081,14.220000267028809,0.7628403248955412,0.4714835041833498,13.729999542236328,0.5543081074040083,0.8321360639432512,12.75
2024-07-23,-0.08829659721330775,0.6916623966724161,15.4399995803833,-1.094434773789948,0.7637025503086633,14.829999923706056,0.7603152387120198,0.36705401547781774,14.510000228881836,0.34447298074261035,0.4683559378924092,14.1899995803833,0.6902352312644575,0.8128082203691909,11.760000228881836
2024-07-24,-0.12329157000276177,0.6655423759058193,12.75,-0.08829659721330775,0.6916623966724161,15.4399995803833,-1.094434773789948,0.7637025503086633,14.829999923706056,0.10691440871768358,0.448529922383081,14.220000267028809,0.6680880346721539,0.7473175924501926,12.619999885559082
2024-07-25,-0.268142363114976,0.6592218476573639,11.760000228881836,-0.12329157000276177,0.6655423759058193,12.75,-0.08829659721330775,0.6916623966724161,15.4399995803833,0.7603152387120198,0.36705401547781774,14.510000228881836,0.652330241263023,0.7142951194847819,12.25
2024-07-26,-0.030317293631637692,0.44122872704687377,12.619999885559082,-0.268142363114976,0.6592218476573639,11.760000228881836,-0.12329157000276177,0.6655423759058193,12.75,-1.094434773789948,0.7637025503086633,14.829999923706056,0.6568482624745022,0.6229702343295802,12.949999809265137
2024-07-29,1.741480789992859,0.8404294255694743,12.25,-0.030317293631637692,0.44122872704687377,12.619999885559082,-0.268142363114976,0.6592218476573639,11.760000228881836,-0.08829659721330775,0.6916623966724161,15.4399995803833,0.6301990109657869,1.3162569924372927,12.880000114440918
2024-07-30,0.005033123062574486,0.8321360639432512,12.949999809265137,1.741480789992859,0.8404294255694743,12.25,-0.030317293631637692,0.44122872704687377,12.619999885559082,-0.12329157000276177,0.6655423759058193,12.75,0.6562793389083854,1.277043450767734,13.25
2024-07-31,0.08532792280141148,0.8128082203691909,12.880000114440918,0.005033123062574486,0.8321360639432512,12.949999809265137,1.741480789992859,0.8404294255694743,12.25,-0.268142363114976,0.6592218476573639,11.760000228881836,0.6252281095491171,1.5062016491764885,12.93000030517578
2024-08-01,0.3768425567563353,0.7473175924501926,13.25,0.08532792280141148,0.8128082203691909,12.880000114440918,0.005033123062574486,0.8321360639432512,12.949999809265137,-0.030317293631637692,0.44122872704687377,12.619999885559082,0.5950833821767479,1.44340127835637,14.31999969482422
2024-08-02,0.23918164907340858,0.7142951194847819,12.93000030517578,0.3768425567563353,0.7473175924501926,13.25,0.08532792280141148,0.8128082203691909,12.880000114440918,1.741480789992859,0.8404294255694743,12.25,0.5770334199654419,1.600997571463587,20.3700008392334
2024-08-05,-1.179219088330447,0.6229702343295802,14.31999969482422,0.23918164907340858,0.7142951194847819,12.93000030517578,0.3768425567563353,0.7473175924501926,13.25,0.005033123062574486,0.8321360639432512,12.949999809265137,0.5558795603939102,0.8667382094057151,18.739999771118164
2024-08-06,-2.715175314145156,1.3162569924372927,20.3700008392334,-1.179219088330447,0.6229702343295802,14.31999969482422,0.23918164907340858,0.7142951194847819,12.93000030517578,0.08532792280141148,0.8128082203691909,12.880000114440918,0.7056328436773692,0.9859136834129858,16.170000076293945
2024-08-07,-0.262440338700995,1.277043450767734,18.739999771118164,-2.715175314145156,1.3162569924372927,20.3700008392334,-1.179219088330447,0.6229702343295802,14.31999969482422,0.3768425567563353,0.7473175924501926,13.25,1.113663462998419,0.7561045608989726,16.600000381469727
2024-08-08,1.2630066341245294,1.5062016491764885,16.170000076293945,-0.262440338700995,1.277043450767734,18.739999771118164,-2.715175314145156,1.3162569924372927,20.3700008392334,0.23918164907340858,0.7142951194847819,12.93000030517578,1.0735636572070804,0.9834598863854339,15.34000015258789
2024-08-09,-0.7456478381555143,1.44340127835637,16.600000381469727,1.2630066341245294,1.5062016491764885,16.170000076293945,-0.262440338700995,1.277043450767734,18.739999771118164,-1.179219088330447,0.6229702343295802,14.31999969482422,1.0408678223457344,0.9062001461159872,15.869999885559082
2024-08-12,1.0333291215294635,1.600997571463587,15.34000015258789,-0.7456478381555143,1.44340127835637,16.600000381469727,1.2630066341245294,1.5062016491764885,16.170000076293945,-2.715175314145156,1.3162569924372927,20.3700008392334,1.0716423376626598,0.904014200420947,16.170000076293945
2024-08-13,-0.08416385761983504,0.8667382094057151,15.869999885559082,1.0333291215294635,1.600997571463587,15.34000015258789,-0.7456478381555143,1.44340127835637,16.600000381469727,-0.262440338700995,1.277043450767734,18.739999771118164,1.0315197895384252,0.6509993864792937,15.4399995803833
2024-08-14,-0.857984886239657,0.9859136834129858,16.170000076293945,-0.08416385761983504,0.8667382094057151,15.869999885559082,1.0333291215294635,1.600997571463587,15.34000015258789,1.2630066341245294,1.5062016491764885,16.170000076293945,0.9771918900648432,0.6258104682359616,14.399999618530272
2024-08-16,0.01967576418212346,0.7561045608989726,15.4399995803833,-0.857984886239657,0.9859136834129858,16.170000076293945,-0.08416385761983504,0.8667382094057151,15.869999885559082,-0.7456478381555143,1.44340127835637,16.600000381469727,1.0301583980719216,0.1809390688177685,14.31999969482422
2024-08-19,1.6325768935141063,0.9834598863854339,14.399999618530272,0.01967576418212346,0.7561045608989726,15.4399995803833,-0.857984886239657,0.9859136834129858,16.170000076293945,1.0333291215294635,1.600997571463587,15.34000015258789,0.9630967345720546,0.28168551523294516,13.81999969482422
2024-08-20,0.12827353541420894,0.9062001461159872,14.31999969482422,1.6325768935141063,0.9834598863854339,14.399999618530272,0.01967576418212346,0.7561045608989726,15.4399995803833,-0.08416385761983504,0.8667382094057151,15.869999885559082,0.9538710860270742,0.29613429721825973,13.329999923706056
2024-08-21,0.5122616308336513,0.904014200420947,13.81999969482422,0.12827353541420894,0.9062001461159872,14.31999969482422,1.6325768935141063,0.9834598863854339,14.399999618530272,-0.857984886239657,0.9859136834129858,16.170000076293945,0.8957083502073713,0.29969248315783653,13.0
2024-08-22,0.28846181820890576,0.6509993864792937,13.329999923706056,0.5122616308336513,0.904014200420947,13.81999969482422,0.12827353541420894,0.9062001461159872,14.31999969482422,0.01967576418212346,0.7561045608989726,15.4399995803833,0.8555456876753522,0.3058020372313561,13.550000190734863
2024-08-23,0.16659691560852782,0.6258104682359616,13.0,0.28846181820890576,0.6509993864792937,13.329999923706056,0.5122616308336513,0.904014200420947,13.81999969482422,1.6325768935141063,0.9834598863854339,14.399999618530272,0.811812443285844,0.27858774159458927,13.800000190734863
2024-08-26,0.04694458708691634,0.1809390688177685,13.550000190734863,0.16659691560852782,0.6258104682359616,13.0,0.28846181820890576,0.6509993864792937,13.329999923706056,0.12827353541420894,0.9062001461159872,14.31999969482422,0.7681168821984588,0.14977185205234142,13.630000114440918
2024-08-27,0.7523018148105455,0.28168551523294516,13.800000190734863,0.04694458708691634,0.1809390688177685,13.550000190734863,0.16659691560852782,0.6258104682359616,13.0,0.5122616308336513,0.904014200420947,13.81999969482422,0.7244604112142121,0.15737308489248023,13.949999809265137
2024-08-28,0.02858535502177548,0.29613429721825973,13.630000114440918,0.7523018148105455,0.28168551523294516,13.800000190734863,0.04694458708691634,0.1809390688177685,13.550000190734863,0.28846181820890576,0.6509993864792937,13.329999923706056,0.7079220523130617,0.2884117030404647,13.789999961853027
2024-08-29,0.13820469762269527,0.29969248315783653,13.949999809265137,0.02858535502177548,0.29613429721825973,13.630000114440918,0.7523018148105455,0.28168551523294516,13.800000190734863,0.16659691560852782,0.6258104682359616,13.0,0.6695237508313612,0.2684869165514206,13.390000343322754
2024-08-30,0.3967777356455909,0.3058020372313561,13.789999961853027,0.13820469762269527,0.29969248315783653,13.949999809265137,0.02858535502177548,0.29613429721825973,13.630000114440918,0.04694458708691634,0.1809390688177685,13.550000190734863,0.6373990082837262,0.5198884364584339,14.0600004196167
2024-09-02,0.3332202116407902,0.27858774159458927,13.390000343322754,0.3967777356455909,0.3058020372313561,13.789999961853027,0.13820469762269527,0.29969248315783653,13.949999809265137,0.7523018148105455,0.28168551523294516,13.800000190734863,0.6165041729655188,0.5623212378463928,13.84000015258789
2024-09-03,0.16945136137639852,0.14977185205234142,14.0600004196167,0.3332202116407902,0.27858774159458927,13.390000343322754,0.3967777356455909,0.3058020372313561,13.789999961853027,0.02858535502177548,0.29613429721825973,13.630000114440918,0.5952415837444509,0.6387500174747578,14.380000114440918
2024-09-04,0.004550726442364936,0.15737308489248023,13.84000015258789,0.16945136137639852,0.14977185205234142,14.0600004196167,0.3332202116407902,0.27858774159458927,13.390000343322754,0.13820469762269527,0.29969248315783653,13.949999809265137,0.570313582873871,0.6518507514774661,14.210000038146973
2024-09-05,-0.3215245383183467,0.2884117030404647,14.380000114440918,0.004550726442364936,0.15737308489248023,13.84000015258789,0.16945136137639852,0.14977185205234142,14.0600004196167,0.3967777356455909,0.3058020372313561,13.789999961853027,0.5463824266830031,1.141983310931482,15.220000267028809
2024-09-06,-0.21293438665674616,0.2684869165514206,14.210000038146973,-0.3215245383183467,0.2884117030404647,14.380000114440918,0.004550726442364936,0.15737308489248023,13.84000015258789,0.3332202116407902,0.27858774159458927,13.390000343322754,0.5672132370137071,0.8997841400297625,14.239999771118164
2024-09-09,-1.1718747382249266,0.5198884364584339,15.220000267028809,-0.21293438665674616,0.2684869165514206,14.210000038146973,-0.3215245383183467,0.2884117030404647,14.380000114440918,0.16945136137639852,0.14977185205234142,14.0600004196167,0.5716742447537654,0.9097292759988831,13.359999656677246
2024-09-10,0.3384315433638339,0.5623212378463928,14.239999771118164,-1.1718747382249266,0.5198884364584339,15.220000267028809,-0.21293438665674616,0.2684869165514206,14.210000038146973,0.004550726442364936,0.15737308489248023,13.84000015258789,0.7180659316729474,0.9135507187825853,13.630000114440918
2024-09-11,0.4189860313764109,0.6387500174747578,13.359999656677246,0.3384315433638339,0.5623212378463928,14.239999771118164,-1.1718747382249266,0.5198884364584339,15.220000267028809,-0.3215245383183467,0.2884117030404647,14.380000114440918,0.6883330958521823,0.8521047457199327,13.18000030517578
2024-09-12,-0.49099977844991055,0.6518507514774661,13.630000114440918,0.4189860313764109,0.6387500174747578,13.359999656677246,0.3384315433638339,0.5623212378463928,14.239999771118164,-0.21293438665674616,0.2684869165514206,14.210000038146973,0.663840269295841,0.15257300946026048,12.550000190734863
2024-09-13,1.8703624424743968,1.141983310931482,13.18000030517578,-0.49099977844991055,0.6518507514774661,13.630000114440918,0.4189860313764109,0.6387500174747578,13.359999656677246,-1.1718747382249266,0.5198884364584339,15.220000267028809,0.6975072684504046,0.6420295421482759,12.460000038146973
2024-09-16,-0.12769785942554213,0.8997841400297625,12.550000190734863,1.8703624424743968,1.141983310931482,13.18000030517578,-0.49099977844991055,0.6518507514774661,13.630000114440918,0.3384315433638339,0.5623212378463928,14.239999771118164,0.7220166788269964,0.6335898650508208,12.59000015258789
2024-09-17,0.10740980826790941,0.9097292759988831,12.460000038146973,-0.12769785942554213,0.8997841400297625,12.550000190734863,1.8703624424743968,1.141983310931482,13.18000030517578,0.4189860313764109,0.6387500174747578,13.359999656677246,0.7021254441976174,0.6514630862129566,13.369999885559082
2024-09-18,0.13700476615561016,0.9135507187825853,12.59000015258789,0.10740980826790941,0.9097292759988831,12.460000038146973,-0.12769785942554213,0.8997841400297625,12.550000190734863,-0.49099977844991055,0.6518507514774661,13.630000114440918,0.6662082759829004,0.5847948837318523,12.470000267028809
2024-09-19,-0.16142974615182065,0.8521047457199327,13.369999885559082,0.13700476615561016,0.9135507187825853,12.59000015258789,0.10740980826790941,0.9097292759988831,12.460000038146973,1.8703624424743968,1.141983310931482,13.18000030517578,0.63432519592742,0.5638405771410149,12.789999961853027
2024-09-20,0.15061029073179838,0.15257300946026048,12.470000267028809,-0.16142974615182065,0.8521047457199327,13.369999885559082,0.13700476615561016,0.9135507187825853,12.59000015258789,-0.12769785942554213,0.8997841400297625,12.550000190734863,0.6263848779298462,0.39399034109652264,13.789999961853027
2024-09-23,1.4652566289984728,0.6420295421482759,12.789999961853027,0.15061029073179838,0.15257300946026048,12.470000267028809,-0.16142974615182065,0.8521047457199327,13.369999885559082,0.10740980826790941,0.9097292759988831,12.460000038146973,0.5982821004387304,0.820842736309557,13.390000343322754
2024-09-24,0.5725960454112572,0.6335898650508208,13.789999961853027,1.4652566289984728,0.6420295421482759,12.789999961853027,0.15061029073179838,0.15257300946026048,12.470000267028809,0.13700476615561016,0.9135507187825853,12.59000015258789,0.6173609712493354,0.8193868535921742,12.739999771118164
2024-09-25,0.005202866818443739,0.6514630862129566,13.390000343322754,0.5725960454112572,0.6335898650508208,13.789999961853027,1.4652566289984728,0.6420295421482759,12.789999961853027,-0.16142974615182065,0.8521047457199327,13.369999885559082,0.6040172641876123,1.177398919131507,12.0
2024-09-26,0.24545416621303914,0.5847948837318523,12.739999771118164,0.005202866818443739,0.6514630862129566,13.390000343322754,0.5725960454112572,0.6335898650508208,13.789999961853027,0.15061029073179838,0.15257300946026048,12.470000267028809,0.5772800272186679,0.8795962612810886,11.960000038146973
2024-09-27,0.8115692736807522,0.5638405771410149,12.0,0.24545416621303914,0.5847948837318523,12.739999771118164,0.005202866818443739,0.6514630862129566,13.390000343322754,1.4652566289984728,0.6420295421482759,12.789999961853027,0.5563138563817083,0.7673046671594671,12.789999961853027
2024-09-30,-0.14162255444679922,0.39399034109652264,11.960000038146973,0.8115692736807522,0.5638405771410149,12.0,0.24545416621303914,0.5847948837318523,12.739999771118164,0.5725960454112572,0.6335898650508208,13.789999961853027,0.5561250617115961,1.1218399924785845,11.989999771118164
2024-10-01,-1.4160691857076433,0.820842736309557,12.789999961853027,-0.14162255444679922,0.39399034109652264,11.960000038146973,0.8115692736807522,0.5638405771410149,12.0,0.005202866818443739,0.6514630862129566,13.390000343322754,0.5521030468699316,1.1132050777812992,13.170000076293944
2024-10-03,-0.054058621388073845,0.8193868535921742,11.989999771118164,-1.4160691857076433,0.820842736309557,12.789999961853027,-0.14162255444679922,0.39399034109652264,11.960000038146973,0.24545416621303914,0.5847948837318523,12.739999771118164,0.7431906114610846,0.7469187681892365,14.130000114440918
2024-10-04,-2.142424417261006,1.177398919131507,13.170000076293944,-0.054058621388073845,0.8193868535921742,11.989999771118164,-1.4160691857076433,0.820842736309557,12.789999961853027,0.8115692736807522,0.5638405771410149,12.0,0.7120712834009933,0.6254538604700337,15.079999923706056
2024-10-07,-0.9370461848646757,0.8795962612810886,14.130000114440918,-2.142424417261006,1.177398919131507,13.170000076293944,-0.054058621388073845,0.8193868535921742,11.989999771118164,-0.14162255444679922,0.39399034109652264,11.960000038146973,1.0059117535805944,0.46735010384885733,14.59000015258789
2024-10-08,-0.8787371273170996,0.7673046671594671,15.079999923706056,-0.9370461848646757,0.8795962612810886,14.130000114440918,-2.142424417261006,1.177398919131507,13.170000076293944,-1.4160691857076433,0.820842736309557,12.789999961853027,1.066774957953187,0.36701241433099197,14.119999885559082
2024-10-09,0.8729434677965051,1.1218399924785845,14.59000015258789,-0.8787371273170996,0.7673046671594671,15.079999923706056,-0.9370461848646757,0.8795962612810886,14.130000114440918,-0.054058621388073845,0.8193868535921742,11.989999771118164,1.1129310901948788,0.4023115984621185,13.5
2024-10-10,-0.12481693673798233,1.1132050777812992,14.119999885559082,0.8729434677965051,1.1218399924785845,14.59000015258789,-0.8787371273170996,0.7673046671594671,15.079999923706056,-2.142424417261006,1.177398919131507,13.170000076293944,1.063368899841047,0.5561325254827759,13.220000267028809
2024-10-11,0.06602588660852998,0.7469187681892365,13.5,-0.12481693673798233,1.1132050777812992,14.119999885559082,0.8729434677965051,1.1218399924785845,14.59000015258789,-0.9370461848646757,0.8795962612810886,14.130000114440918,1.010974059061197,0.6236054797750757,13.0
2024-10-14,-0.13689902517646815,0.6254538604700337,13.220000267028809,0.06602588660852998,0.7469187681892365,13.5,-0.12481693673798233,1.1132050777812992,14.119999885559082,-0.8787371273170996,0.7673046671594671,15.079999923706056,0.9453105684396071,0.46570091321998097,13.0
2024-10-15,0.6535939888908111,0.46735010384885733,13.0,-0.13689902517646815,0.6254538604700337,13.220000267028809,0.06602588660852998,0.7469187681892365,13.5,0.8729434677965051,1.1218399924785845,14.59000015258789,0.9059734387401092,0.6387626066906675,13.050000190734863
2024-10-16,-0.2813559253265538,0.36701241433099197,13.0,0.6535939888908111,0.46735010384885733,13.0,-0.13689902517646815,0.6254538604700337,13.220000267028809,-0.12481693673798233,1.1132050777812992,14.119999885559082,0.8694882492260965,0.6542727918363666,13.390000343322754
2024-10-17,-0.3439985380697183,0.4023115984621185,13.050000190734863,-0.2813559253265538,0.36701241433099197,13.0,0.6535939888908111,0.46735010384885733,13.0,0.06602588660852998,0.7469187681892365,13.5,0.8558634335064791,0.6072168050669299,13.039999961853027
2024-10-18,-0.8907784090014884,0.5561325254827759,13.390000343322754,-0.3439985380697183,0.4023115984621185,13.050000190734863,-0.2813559253265538,0.36701241433099197,13.0,-0.13689902517646815,0.6254538604700337,13.220000267028809,0.8517005558470316,0.5016743249369912,13.760000228881836
2024-10-21,0.4201335956550517,0.6236054797750757,13.039999961853027,-0.8907784090014884,0.5561325254827759,13.390000343322754,-0.3439985380697183,0.4023115984621185,13.050000190734863,0.6535939888908111,0.46735010384885733,13.0,0.9227266657664492,0.7427991445301367,14.399999618530272
2024-10-22,-0.2939498473548445,0.46570091321998097,13.760000228881836,0.4201335956550517,0.6236054797750757,13.039999961853027,-0.8907784090014884,0.5561325254827759,13.390000343322754,-0.2813559253265538,0.36701241433099197,13.0,0.8769957179223283,0.6232929294577808,14.619999885559082
2024-10-23,-1.2547572909439224,0.6387626066906675,14.399999618530272,-0.2939498473548445,0.46570091321998097,13.760000228881836,0.4201335956550517,0.6236054797750757,13.039999961853027,-0.3439985380697183,0.4023115984621185,13.050000190734863,0.8642884205476419,0.6648538670520953,13.970000267028809
2024-10-24,-0.14966842167451325,0.6542727918363666,14.619999885559082,-1.2547572909439224,0.6387626066906675,14.399999618530272,-0.2939498473548445,0.46570091321998097,13.760000228881836,-0.8907784090014884,0.5561325254827759,13.390000343322754,0.9872150789715743,0.70008855415196,14.630000114440918
2024-10-25,-0.14784351216731098,0.6072168050669299,13.970000267028809,-0.14966842167451325,0.6542727918363666,14.619999885559082,-1.2547572909439224,0.6387626066906675,14.399999618530272,0.4201335956550517,0.6236054797750757,13.039999961853027,0.9454352359387554,0.5900719253216202,14.289999961853027
2024-10-28,-0.899959570008371,0.5016743249369912,14.630000114440918,-0.14784351216731098,0.6072168050669299,13.970000267028809,-0.14966842167451325,0.6542727918363666,14.619999885559082,-0.2939498473548445,0.46570091321998097,13.760000228881836,0.9074682437311766,0.7501778064852712,14.520000457763672
2024-10-29,0.6527218917237164,0.7427991445301367,14.289999961853027,-0.899959570008371,0.5016743249369912,14.630000114440918,-0.14784351216731098,0.6072168050669299,13.970000267028809,-1.2547572909439224,0.6387626066906675,14.399999618530272,0.9738048500603282,0.8635037540517057,15.510000228881836
2024-10-30,0.5232943087170362,0.6232929294577808,14.520000457763672,0.6527218917237164,0.7427991445301367,14.289999961853027,-0.899959570008371,0.5016743249369912,14.630000114440918,-0.14966842167451325,0.6542727918363666,14.619999885559082,0.9307907480573956,1.0125079406194877,15.550000190734863
2024-10-31,-0.516313130612327,0.6648538670520953,15.510000228881836,0.5232943087170362,0.6232929294577808,14.520000457763672,0.6527218917237164,0.7427991445301367,14.289999961853027,-0.14784351216731098,0.6072168050669299,13.970000267028809,0.8876659537239858,1.142996333628615,15.899999618530272
2024-11-01,-0.5582325869189341,0.70008855415196,15.550000190734863,-0.516313130612327,0.6648538670520953,15.510000228881836,0.5232943087170362,0.6232929294577808,14.520000457763672,-0.899959570008371,0.5016743249369912,14.630000114440918,0.903243666853057,1.1203758802678012,16.690000534057617
2024-11-04,0.4081663627652918,0.5900719253216202,15.899999618530272,-0.5582325869189341,0.70008855415196,15.550000190734863,-0.516313130612327,0.6648538670520953,15.510000228881836,0.6527218917237164,0.7427991445301367,14.289999961853027,0.9228975227234864,0.9211589789417591,16.1200008392334
2024-11-05,-1.2795285302364112,0.7501778064852712,16.690000534057617,0.4081663627652918,0.5900719253216202,15.899999618530272,-0.5582325869189341,0.70008855415196,15.550000190734863,0.5232943087170362,0.6232929294577808,14.520000457763672,0.8767598366285044,0.9256002363837009,14.869999885559082
2024-11-06,0.9042055940529129,0.8635037540517057,16.1200008392334,-1.2795285302364112,0.7501778064852712,16.690000534057617,0.4081663627652918,0.5900719253216202,15.899999618530272,-0.516313130612327,0.6648538670520953,15.510000228881836,1.001915843854504,0.6063471294115662,14.9399995803833
2024-11-07,1.1119815807918394,1.0125079406194877,14.869999885559082,0.9042055940529129,0.8635037540517057,16.1200008392334,-1.2795285302364112,0.7501778064852712,16.690000534057617,-0.5582325869189341,0.70008855415196,15.550000190734863,0.9644452858334618,0.6165964133890123,14.470000267028809
2024-11-08,-1.1696159889418445,1.142996333628615,14.9399995803833,1.1119815807918394,1.0125079406194877,14.869999885559082,0.9042055940529129,0.8635037540517057,16.1200008392334,0.4081663627652918,0.5900719253216202,15.899999618530272,0.9375440232202034,0.6014284957310785,14.270000457763672
2024-11-11,-0.21159463488489003,1.1203758802678012,14.470000267028809,-1.1696159889418445,1.142996333628615,14.9399995803833,1.1119815807918394,1.0125079406194877,14.869999885559082,-1.2795285302364112,0.7501778064852712,16.690000534057617,1.039259119350769,0.6815975480226182,14.59000015258789
2024-11-12,-0.028571169910344984,0.9211589789417591,14.270000457763672,-0.21159463488489003,1.1203758802678012,14.470000267028809,-1.1696159889418445,1.142996333628615,14.9399995803833,0.9042055940529129,0.8635037540517057,16.1200008392334,1.000188140946359,0.6261333061306498,15.4399995803833
2024-11-13,-1.0738381367723213,0.9256002363837009,14.59000015258789,-0.028571169910344984,0.9211589789417591,14.270000457763672,-0.21159463488489003,1.1203758802678012,14.470000267028809,1.1119815807918394,1.0125079406194877,14.869999885559082,0.9420049314910948,1.209621540904902,14.779999732971191
2024-11-14,-1.3675649189030195,0.6063471294115662,15.4399995803833,-1.0738381367723213,0.9256002363837009,14.59000015258789,-0.028571169910344984,0.9211589789417591,14.270000457763672,-1.1696159889418445,1.142996333628615,14.9399995803833,1.0293324648851745,1.2563712319082274,15.170000076293944
2024-11-18,-0.11191584619590343,0.6165964133890123,14.779999732971191,-1.3675649189030195,0.6063471294115662,15.4399995803833,-1.0738381367723213,0.9256002363837009,14.59000015258789,-0.21159463488489003,1.1203758802678012,14.470000267028809,1.1492094251697,1.2193138496437752,15.65999984741211
2024-11-19,-0.3358348106569627,0.6014284957310785,15.170000076293944,-0.11191584619590343,0.6165964133890123,14.779999732971191,-1.3675649189030195,0.6063471294115662,15.4399995803833,-0.028571169910344984,0.9211589789417591,14.270000457763672,1.0865795274395529,1.215570981122495,15.989999771118164
2024-11-21,0.2754783503889256,0.6815975480226182,15.65999984741211,-0.3358348106569627,0.6014284957310785,15.170000076293944,-0.11191584619590343,0.6165964133890123,14.779999732971191,-1.0738381367723213,0.9256002363837009,14.59000015258789,1.0585965152904473,1.4576065399470102,16.100000381469727
2024-11-22,-0.7194627306794726,0.6261333061306498,15.989999771118164,0.2754783503889256,0.6815975480226182,15.65999984741211,-0.3358348106569627,0.6014284957310785,15.170000076293944,-1.3675649189030195,0.6063471294115662,15.4399995803833,0.995013821466322,1.0858424268807676,15.300000190734863
2024-11-25,2.358904203763299,1.209621540904902,16.100000381469727,-0.7194627306794726,0.6261333061306498,15.989999771118164,0.2754783503889256,0.6815975480226182,15.65999984741211,-0.11191584619590343,0.6165964133890123,14.779999732971191,1.0270663281562908,0.939274620416318,15.3100004196167
2024-11-26,1.3075438521712217,1.2563712319082274,15.300000190734863,2.358904203763299,1.209621540904902,16.100000381469727,-0.7194627306794726,0.6261333061306498,15.989999771118164,-0.3358348106569627,0.6014284957310785,15.170000076293944,1.0363201293521958,0.9804770447382373,14.630000114440918
2024-11-27,-0.11318641340202826,1.2193138496437752,15.3100004196167,1.3075438521712217,1.2563712319082274,15.300000190734863,2.358904203763299,1.209621540904902,16.100000381469727,0.2754783503889256,0.6815975480226182,15.65999984741211,1.0088506590528588,0.9804808012661828,15.210000038146973
2024-11-28,0.33175761911502916,1.215570981122495,14.630000114440918,-0.11318641340202826,1.2193138496437752,15.3100004196167,1.3075438521712217,1.2563712319082274,15.300000190734863,-0.7194627306794726,0.6261333061306498,15.989999771118164,0.9603732508461372,0.3720645814283997,14.43000030517578
2024-11-29,-1.49725605075969,1.4576065399470102,15.210000038146973,0.33175761911502916,1.215570981122495,14.630000114440918,-0.11318641340202826,1.2193138496437752,15.3100004196167,2.358904203763299,1.209621540904902,16.100000381469727,0.90817370368282,0.4703088414617048,14.699999809265137
2024-12-02,0.9031098528695802,1.0858424268807676,14.43000030517578,-1.49725605075969,1.4576065399470102,15.210000038146973,0.33175761911502916,1.215570981122495,14.630000114440918,1.3075438521712217,1.2563712319082274,15.300000190734863,1.062578330451712,0.5461647348882861,14.369999885559082
2024-12-03,0.5988850983542634,0.939274620416318,14.699999809265137,0.9031098528695802,1.0858424268807676,14.43000030517578,-1.49725605075969,1.4576065399470102,15.210000038146973,-0.11318641340202826,1.2193138496437752,15.3100004196167,1.0190659771183672,0.4893896688085911,14.449999809265137
2024-12-04,0.7432322879372628,0.9804770447382373,14.369999885559082,0.5988850983542634,0.939274620416318,14.699999809265137,0.9031098528695802,1.0858424268807676,14.43000030517578,0.33175761911502916,1.215570981122495,14.630000114440918,0.969876836276842,0.4872642454140824,14.529999732971191
2024-12-05,0.042100817827232385,0.9804808012661828,14.449999809265137,0.7432322879372628,0.9804770447382373,14.369999885559082,0.5988850983542634,0.939274620416318,14.699999809265137,-1.49725605075969,1.4576065399470102,15.210000038146973,0.9302194637211488,0.19326430859869226,14.140000343322754
2024-12-06,0.9799651742121284,0.3720645814283997,14.529999732971191,0.042100817827232385,0.9804808012661828,14.449999809265137,0.7432322879372628,0.9804770447382373,14.369999885559082,0.9031098528695802,1.0858424268807676,14.43000030517578,0.8715279410482534,0.4961028674366662,14.109999656677246
2024-12-09,-0.12391968835286232,0.4703088414617048,14.140000343322754,0.9799651742121284,0.3720645814283997,14.529999732971191,0.042100817827232385,0.9804808012661828,14.449999809265137,0.5988850983542634,0.939274620416318,14.699999809265137,0.8491388970619244,0.5268320985484568,13.779999732971191
2024-12-10,-0.2385583169878571,0.5461647348882861,14.109999656677246,-0.12391968835286232,0.4703088414617048,14.140000343322754,0.9799651742121284,0.3720645814283997,14.529999732971191,0.7432322879372628,0.9804770447382373,14.369999885559082,0.8172475994651413,0.8223260815391197,13.270000457763672
2024-12-11,-0.03635747066644497,0.4893896688085911,13.779999732971191,-0.2385583169878571,0.5461647348882861,14.109999656677246,-0.12391968835286232,0.4703088414617048,14.140000343322754,0.042100817827232385,0.9804808012661828,14.449999809265137,0.8029951777340866,0.8062896093184599,13.1899995803833
2024-12-12,0.12892918089711122,0.4872642454140824,13.270000457763672,-0.03635747066644497,0.4893896688085911,13.779999732971191,-0.2385583169878571,0.5461647348882861,14.109999656677246,0.9799651742121284,0.3720645814283997,14.529999732971191,0.7642994164473175,0.8597675573206258,13.050000190734863
2024-12-13,-0.3785351792322941,0.19326430859869226,13.1899995803833,0.12892918089711122,0.4872642454140824,13.270000457763672,-0.03635747066644497,0.4893896688085911,13.779999732971191,-0.12391968835286232,0.4703088414617048,14.140000343322754,0.7236425619681828,0.4877159960483469,14.020000457763672
2024-12-16,0.8905773422254015,0.4961028674366662,13.050000190734863,-0.3785351792322941,0.19326430859869226,13.1899995803833,0.12892918089711122,0.4872642454140824,13.270000457763672,-0.2385583169878571,0.5461647348882861,14.109999656677246,0.7364646797718991,0.8937700526584924,14.489999771118164
2024-12-17,-0.4047649614185296,0.5268320985484568,14.020000457763672,0.8905773422254015,0.4961028674366662,13.050000190734863,-0.3785351792322941,0.19326430859869226,13.1899995803833,-0.03635747066644497,0.4893896688085911,13.779999732971191,0.7235094272345807,0.8576988263676956,14.369999885559082
2024-12-18,-1.356025614827435,0.8223260815391197,14.489999771118164,-0.4047649614185296,0.5268320985484568,14.020000457763672,0.8905773422254015,0.4961028674366662,13.050000190734863,0.12892918089711122,0.4872642454140824,13.270000457763672,0.7398671001118982,0.8963158113194216,14.510000228881836
2024-12-19,-0.5651640286891942,0.8062896093184599,14.369999885559082,-1.356025614827435,0.8223260815391197,14.489999771118164,-0.4047649614185296,0.5268320985484568,14.020000457763672,-0.3785351792322941,0.19326430859869226,13.1899995803833,0.8939175276850242,0.8461169917328252,15.06999969482422
2024-12-20,-1.026582529903898,0.8597675573206258,14.510000228881836,-0.5651640286891942,0.8062896093184599,14.369999885559082,-1.356025614827435,0.8223260815391197,14.489999771118164,0.8905773422254015,0.4961028674366662,13.050000190734863,0.915438696958006,0.5185081250558193,13.520000457763672
2024-12-23,-1.5322359236337606,0.4877159960483469,15.06999969482422,-1.026582529903898,0.8597675573206258,14.510000228881836,-0.5651640286891942,0.8062896093184599,14.369999885559082,-0.4047649614185296,0.5268320985484568,14.020000457763672,0.9989448505447108,0.37204303363373425,13.18000030517578
2024-12-24,0.7010839504245724,0.8937700526584924,13.520000457763672,-1.5322359236337606,0.4877159960483469,15.06999969482422,-1.026582529903898,0.8597675573206258,14.510000228881836,-1.356025614827435,0.8223260815391197,14.489999771118164,1.147121734257765,1.1196592852736014,14.039999961853027
2024-12-26,-0.10866989549987555,0.8576988263676956,13.18000030517578,0.7010839504245724,0.8937700526584924,13.520000457763672,-1.5322359236337606,0.4877159960483469,15.06999969482422,-0.5651640286891942,0.8062896093184599,14.369999885559082,1.088474017367819,1.2350313567443632,13.239999771118164
2024-12-27,0.09498673594489271,0.8963158113194216,14.039999961853027,-0.10866989549987555,0.8576988263676956,13.18000030517578,0.7010839504245724,0.8937700526584924,13.520000457763672,-1.026582529903898,0.8597675573206258,14.510000228881836,1.0315591105477993,1.481931293193619,13.970000267028809
2024-12-30,0.2657545248501766,0.8461169917328252,13.239999771118164,0.09498673594489271,0.8963158113194216,14.039999961853027,-0.10866989549987555,0.8576988263676956,13.18000030517578,-1.5322359236337606,0.4877159960483469,15.06999969482422,0.9648202957687704,1.4624692322226283,14.449999809265137
2024-12-31,-0.7101000468431965,0.5185081250558193,13.970000267028809,0.2657545248501766,0.8461169917328252,13.239999771118164,0.09498673594489271,0.8963158113194216,14.039999961853027,0.7010839504245724,0.8937700526584924,13.520000457763672,0.9100533403341656,1.4636308254686885,13.739999771118164
2025-01-02,-0.00042127301519090046,0.37204303363373425,14.449999809265137,-0.7101000468431965,0.5185081250558193,13.970000267028809,0.2657545248501766,0.8461169917328252,13.239999771118164,-0.10866989549987555,0.8576988263676956,13.18000030517578,0.9496634408206538,0.7644160475162357,13.539999961853027
2025-01-03,2.2740280375221222,1.1196592852736014,13.739999771118164,-0.00042127301519090046,0.37204303363373425,14.449999809265137,-0.7101000468431965,0.5185081250558193,13.970000267028809,0.09498673594489271,0.8963158113194216,14.039999961853027,0.8928523251123158,0.7567987242741595,15.649999618530272
2025-01-06,-0.7631803596810857,1.2350313567443632,13.539999961853027,2.2740280375221222,1.1196592852736014,13.739999771118164,-0.00042127301519090046,0.37204303363373425,14.449999809265137,0.2657545248501766,0.8461169917328252,13.239999771118164,0.912762326233976,0.7019319964118336,14.65999984741211
2025-01-07,-1.6325128725884954,1.481931293193619,15.649999618530272,-0.7631803596810857,1.2350313567443632,13.539999961853027,2.2740280375221222,1.1196592852736014,13.739999771118164,-0.7101000468431965,0.5185081250558193,13.970000267028809,0.959410768572672,0.7023381240897177,14.470000267028809
2025-01-08,0.38817437019732415,1.4624692322226283,14.65999984741211,-1.6325128725884954,1.481931293193619,15.649999618530272,-0.7631803596810857,1.2350313567443632,13.539999961853027,-0.00042127301519090046,0.37204303363373425,14.449999809265137,1.1280350659748275,0.7414122770412995,14.65999984741211
2025-01-09,-0.07996806978147784,1.4636308254686885,14.470000267028809,0.38817437019732415,1.4624692322226283,14.65999984741211,-1.6325128725884954,1.481931293193619,15.649999618530272,2.2740280375221222,1.1196592852736014,13.739999771118164,1.06116576013352,0.7999998026820974,14.920000076293944
2025-01-10,-0.6881216315863482,0.7644160475162357,14.65999984741211,-0.07996806978147784,1.4636308254686885,14.470000267028809,0.38817437019732415,1.4624692322226283,14.65999984741211,-0.7631803596810857,1.2350313567443632,13.539999961853027,1.003390572637251,0.8047814543047652,16.0
2025-01-13,-0.4046174437066828,0.7567987242741595,14.920000076293944,-0.6881216315863482,0.7644160475162357,14.65999984741211,-0.07996806978147784,1.4636308254686885,14.470000267028809,-1.6325128725884954,1.481931293193619,15.649999618530272,1.0303187040101278,0.41726457041833354,15.470000267028809
2025-01-14,-1.4857097422370331,0.7019319964118336,16.0,-0.4046174437066828,0.7567987242741595,14.920000076293944,-0.6881216315863482,0.7644160475162357,14.65999984741211,0.38817437019732415,1.4624692322226283,14.65999984741211,1.016911960329268,0.808332337664439,15.260000228881836
2025-01-15,0.3895278043635164,0.7023381240897177,15.470000267028809,-1.4857097422370331,0.7019319964118336,16.0,-0.4046174437066828,0.7567987242741595,14.920000076293944,-0.07996806978147784,1.4636308254686885,14.470000267028809,1.1558338884562565,0.8633971381442573,15.470000267028809
2025-01-16,0.1601597156273367,0.7414122770412995,15.260000228881836,0.3895278043635164,0.7023381240897177,15.470000267028809,-1.4857097422370331,0.7019319964118336,16.0,-0.6881216315863482,0.7644160475162357,14.65999984741211,1.0861977540761287,0.839529597427238,15.75
2025-01-17,0.42386549220649006,0.7999998026820974,15.470000267028809,0.1601597156273367,0.7414122770412995,15.260000228881836,0.3895278043635164,0.7023381240897177,15.470000267028809,-0.4046174437066828,0.7567987242741595,14.920000076293944,1.0161678329046324,0.842024715044993,16.420000076293945
2025-01-20,-0.4669537131428157,0.8047814543047652,15.75,0.42386549220649006,0.7999998026820974,15.470000267028809,0.1601597156273367,0.7414122770412995,15.260000228881836,-1.4857097422370331,0.7019319964118336,16.0,0.961558328427922,0.840691405141048,17.059999465942383
2025-01-21,0.6081952909099664,0.41726457041833354,16.420000076293945,-0.4669537131428157,0.8047814543047652,15.75,0.42386549220649006,0.7999998026820974,15.470000267028809,0.3895278043635164,0.7023381240897177,15.470000267028809,0.9632200968672002,0.7440277457377977,16.770000457763672
2025-01-22,-1.3806721311582606,0.808332337664439,17.059999465942383,0.6081952909099664,0.41726457041833354,16.420000076293945,-0.4669537131428157,0.8047814543047652,15.75,0.1601597156273367,0.7414122770412995,15.260000228881836,0.9197681968434972,0.8227583918582814,16.700000762939453
2025-01-23,0.5660440351801532,0.8633971381442573,16.770000457763672,-1.3806721311582606,0.808332337664439,17.059999465942383,0.6081952909099664,0.41726457041833354,16.420000076293945,0.42386549220649006,0.7999998026820974,15.470000267028809,1.0549336635723503,0.8355859143826931,16.75
2025-01-24,0.21570002277194852,0.839529597427238,16.700000762939453,0.5660440351801532,0.8633971381442573,16.770000457763672,-1.3806721311582606,0.808332337664439,17.059999465942383,-0.4669537131428157,0.8047814543047652,15.75,1.0011376876232891,0.8873169817543367,18.1299991607666
2025-01-27,-0.48879743646975404,0.842024715044993,16.75,0.21570002277194852,0.839529597427238,16.700000762939453,0.5660440351801532,0.8633971381442573,16.770000457763672,0.6081952909099664,0.41726457041833354,16.420000076293945,0.9412482413101984,0.6725637632847409,18.200000762939453
2025-01-28,-1.1456619090824587,0.840691405141048,18.1299991607666,-0.48879743646975404,0.842024715044993,16.75,0.21570002277194852,0.839529597427238,16.700000762939453,-1.3806721311582606,0.808332337664439,17.059999465942383,0.9478289079854874,0.8503476050955818,18.63999938964844
2025-01-29,0.5595545512054291,0.7440277457377977,18.200000762939453,-1.1456619090824587,0.840691405141048,18.1299991607666,-0.48879743646975404,0.842024715044993,16.75,0.5660440351801532,0.8633971381442573,16.770000457763672,1.0448742342190516,0.913286231391958,17.389999389648438
2025-01-30,0.8926687592645893,0.8227583918582814,18.63999938964844,0.5595545512054291,0.7440277457377977,18.200000762939453,-1.1456619090824587,0.840691405141048,18.1299991607666,0.21570002277194852,0.839529597427238,16.700000762939453,0.9918614600381772,0.9914378566904294,16.25
2025-01-31,0.3723148074350194,0.8355859143826931,17.389999389648438,0.8926687592645893,0.8227583918582814,18.63999938964844,0.5595545512054291,0.7440277457377977,18.200000762939453,-0.48879743646975404,0.842024715044993,16.75,0.9549949104714904,0.8924708907625437,14.350000381469728
2025-02-03,1.1074194280356322,0.8873169817543367,16.25,0.3723148074350194,0.8355859143826931,17.389999389648438,0.8926687592645893,0.8227583918582814,18.63999938964844,-1.1456619090824587,0.840691405141048,18.1299991607666,0.904629198594943,0.91871372822138,14.020000457763672
2025-02-04,-0.6287681683712233,0.6725637632847409,14.350000381469728,1.1074194280356322,0.8873169817543367,16.25,0.3723148074350194,0.8355859143826931,17.389999389648438,0.5595545512054291,0.7440277457377977,18.200000762939453,0.8833601886132493,0.48760090022069924,14.079999923706056
2025-02-05,1.6059657410686867,0.8503476050955818,14.020000457763672,-0.6287681683712233,0.6725637632847409,14.350000381469728,1.1074194280356322,0.8873169817543367,16.25,0.8926687592645893,0.8227583918582814,18.63999938964844,0.914566301538616,0.5014568457999812,14.18000030517578
2025-02-06,-0.18108456539069107,0.913286231391958,14.079999923706056,1.6059657410686867,0.8503476050955818,14.020000457763672,-0.6287681683712233,0.6725637632847409,14.350000381469728,0.3723148074350194,0.8355859143826931,17.389999389648438,0.9092063395347684,0.5485894026007113,13.6899995803833
2025-02-07,-0.3930316218479903,0.9914378566904294,14.18000030517578,-0.18108456539069107,0.913286231391958,14.079999923706056,1.6059657410686867,0.8503476050955818,14.020000457763672,1.1074194280356322,0.8873169817543367,16.25,0.878923222596164,0.5240176725490546,14.449999809265137
2025-02-10,-0.18404311807618837,0.8924708907625437,13.6899995803833,-0.3930316218479903,0.9914378566904294,14.18000030517578,-0.18108456539069107,0.913286231391958,14.079999923706056,-0.6287681683712233,0.6725637632847409,14.350000381469728,0.87898215365327,0.5803390675461789,14.869999885559082
2025-02-11,-0.7598831824635262,0.91871372822138,14.449999809265137,-0.18404311807618837,0.8924708907625437,13.6899995803833,-0.3930316218479903,0.9914378566904294,14.18000030517578,1.6059657410686867,0.8503476050955818,14.020000457763672,0.8519429512744916,0.20929520235830057,14.899999618530272
2025-02-12,-1.3338245144624152,0.48760090022069924,14.869999885559082,-0.7598831824635262,0.91871372822138,14.449999809265137,-0.18404311807618837,0.8924708907625437,13.6899995803833,-0.18108456539069107,0.913286231391958,14.079999923706056,0.9044596610005076,0.21069508905724724,14.960000038146973
2025-02-13,-0.11514519568673379,0.5014568457999812,14.899999618530272,-1.3338245144624152,0.48760090022069924,14.869999885559082,-0.7598831824635262,0.91871372822138,14.449999809265137,-0.3930316218479903,0.9914378566904294,14.18000030517578,1.0344351009909083,0.20985261712700978,15.020000457763672
2025-02-14,-0.06011552347958088,0.5485894026007113,14.960000038146973,-0.11514519568673379,0.5014568457999812,14.899999618530272,-1.3338245144624152,0.48760090022069924,14.869999885559082,-0.18404311807618837,0.8924708907625437,13.6899995803833,0.9836921827558368,0.23807176972193955,15.720000267028809
2025-02-17,-0.44451311266271504,0.5240176725490546,15.020000457763672,-0.06011552347958088,0.5485894026007113,14.960000038146973,-0.11514519568673379,0.5014568457999812,14.899999618530272,-0.7598831824635262,0.91871372822138,14.449999809265137,0.9310281645045267,0.44287061077756423,15.670000076293944
2025-02-18,0.1318406118349223,0.5803390675461789,15.720000267028809,-0.44451311266271504,0.5240176725490546,15.020000457763672,-0.06011552347958088,0.5485894026007113,14.960000038146973,-1.3338245144624152,0.48760090022069924,14.869999885559082,0.9327683846501506,0.4491430649938931,15.420000076293944
2025-02-19,-0.061863765711627994,0.20929520235830057,15.670000076293944,0.1318406118349223,0.5803390675461789,15.720000267028809,-0.44451311266271504,0.5240176725490546,15.020000457763672,-0.11514519568673379,0.5014568457999812,14.899999618530272,0.876727655165698,0.4565646875028528,14.68000030517578
2025-02-20,-0.054057877642240064,0.21069508905724724,15.420000076293944,-0.061863765711627994,0.20929520235830057,15.670000076293944,0.1318406118349223,0.5803390675461789,15.720000267028809,-0.06011552347958088,0.5485894026007113,14.960000038146973,0.8344485375469393,0.7902937783081053,14.529999732971191
2025-02-21,-0.08615791713867466,0.20985261712700978,14.68000030517578,-0.054057877642240064,0.21069508905724724,15.420000076293944,-0.061863765711627994,0.20929520235830057,15.670000076293944,-0.44451311266271504,0.5240176725490546,15.020000457763672,0.7951044124003035,0.8473930006804588,14.4399995803833
2025-02-24,-0.5130286241460248,0.23807176972193955,14.529999732971191,-0.08615791713867466,0.20985261712700978,14.68000030517578,-0.054057877642240064,0.21069508905724724,15.420000076293944,0.1318406118349223,0.5803390675461789,15.720000267028809,0.7633916348168276,0.8187610254763008,13.720000267028809
2025-02-25,-1.0697116011174177,0.44287061077756423,14.4399995803833,-0.5130286241460248,0.23807176972193955,14.529999732971191,-0.08615791713867466,0.20985261712700978,14.68000030517578,-0.061863765711627994,0.20929520235830057,15.670000076293944,0.7906554271512661,1.0850801166784856,13.3100004196167
2025-02-27,-0.025714910818764224,0.4491430649938931,13.720000267028809,-1.0697116011174177,0.44287061077756423,14.4399995803833,-0.5130286241460248,0.23807176972193955,14.529999732971191,-0.054057877642240064,0.21069508905724724,15.420000076293944,0.8944848234272184,1.1978268090267017,13.90999984741211
2025-02-28,-0.011088293493540093,0.4565646875028528,13.3100004196167,-0.025714910818764224,0.4491430649938931,13.720000267028809,-1.0697116011174177,0.44287061077756423,14.4399995803833,-0.08615791713867466,0.20985261712700978,14.68000030517578,0.8460295349715174,0.6050864424848507,13.760000228881836
2025-03-03,-1.882096814125905,0.7902937783081053,13.90999984741211,-0.011088293493540093,0.4565646875028528,13.3100004196167,-0.025714910818764224,0.4491430649938931,13.720000267028809,-0.5130286241460248,0.23807176972193955,14.529999732971191,0.8002503379720839,0.6886916178586777,13.829999923706056
2025-03-04,-0.02440302652016664,0.8473930006804588,13.760000228881836,-1.882096814125905,0.7902937783081053,13.90999984741211,-0.011088293493540093,0.4565646875028528,13.3100004196167,-1.0697116011174177,0.44287061077756423,14.4399995803833,1.0321231756102736,0.6464581718704898,13.670000076293944
2025-03-05,-0.16583158911502072,0.8187610254763008,13.829999923706056,-0.02440302652016664,0.8473930006804588,13.760000228881836,-1.882096814125905,0.7902937783081053,13.90999984741211,-0.025714910818764224,0.4491430649938931,13.720000267028809,0.9703103928936596,0.4988230252566189,13.729999542236328
2025-03-06,1.1465711854687108,1.0850801166784856,13.670000076293944,-0.16583158911502072,0.8187610254763008,13.829999923706056,-0.02440302652016664,0.8473930006804588,13.760000228881836,-0.011088293493540093,0.4565646875028528,13.3100004196167,0.932215207257388,0.24105613532244782,13.470000267028809
2025-03-07,0.924200854408832,1.1978268090267017,13.729999542236328,1.1465711854687108,1.0850801166784856,13.670000076293944,-0.16583158911502072,0.8187610254763008,13.829999923706056,-1.882096814125905,0.7902937783081053,13.90999984741211,0.9096024557476072,0.3730611768331816,13.989999771118164
2025-03-10,0.034595413741610535,0.6050864424848507,13.470000267028809,0.924200854408832,1.1978268090267017,13.729999542236328,1.1465711854687108,1.0850801166784856,13.670000076293944,-0.02440302652016664,0.8473930006804588,13.760000228881836,0.8817359086909048,0.6915515432527463,14.06999969482422
2025-03-11,-0.4096583464717347,0.6886916178586777,13.989999771118164,0.034595413741610535,0.6050864424848507,13.470000267028809,0.924200854408832,1.1978268090267017,13.729999542236328,-0.16583158911502072,0.8187610254763008,13.829999923706056,0.8273491951274349,0.6858931300168694,13.6899995803833
2025-03-12,0.1672647800006465,0.6464581718704898,14.06999969482422,-0.4096583464717347,0.6886916178586777,13.989999771118164,0.034595413741610535,0.6050864424848507,13.470000267028809,1.1465711854687108,1.0850801166784856,13.670000076293944,0.834574372660904,0.7134659782791689,13.279999732971191
2025-03-13,-0.1218651042867137,0.4988230252566189,13.6899995803833,0.1672647800006465,0.6464581718704898,14.06999969482422,-0.4096583464717347,0.6886916178586777,13.989999771118164,0.924200854408832,1.1978268090267017,13.729999542236328,0.7888275930539966,0.4787438824035028,13.420000076293944
2025-03-17,-0.326742167482874,0.24105613532244782,13.279999732971191,-0.1218651042867137,0.4988230252566189,13.6899995803833,0.1672647800006465,0.6464581718704898,14.06999969482422,0.034595413741610535,0.6050864424848507,13.470000267028809,0.762212318795402,0.4738800077422387,13.210000038146973
2025-03-18,0.49682063353279615,0.3730611768331816,13.420000076293944,-0.326742167482874,0.24105613532244782,13.279999732971191,-0.1218651042867137,0.4988230252566189,13.6899995803833,-0.4096583464717347,0.6886916178586777,13.989999771118164,0.7645850304190039,0.5533450839946444,13.300000190734863
2025-03-19,1.4359703182661372,0.6915515432527463,13.210000038146973,0.49682063353279615,0.3730611768331816,13.420000076293944,-0.326742167482874,0.24105613532244782,13.279999732971191,0.1672647800006465,0.6464581718704898,14.06999969482422,0.7359643358660941,0.8725312125519405,12.600000381469728
2025-03-20,0.3204890493779048,0.6858931300168694,13.300000190734863,1.4359703182661372,0.6915515432527463,13.210000038146973,0.49682063353279615,0.3730611768331816,13.420000076293944,-0.1218651042867137,0.4988230252566189,13.6899995803833,0.7416917571048467,0.7737906301322315,12.579999923706056
2025-03-21,1.2280480863664547,0.7134659782791689,12.600000381469728,0.3204890493779048,0.6858931300168694,13.300000190734863,1.4359703182661372,0.6915515432527463,13.210000038146973,-0.326742167482874,0.24105613532244782,13.279999732971191,0.7092953097764255,0.791115420587664,13.699999809265137
2025-03-24,0.6864934276316207,0.4787438824035028,12.579999923706056,1.2280480863664547,0.7134659782791689,12.600000381469728,0.3204890493779048,0.6858931300168694,13.300000190734863,0.49682063353279615,0.3730611768331816,13.420000076293944,0.7102709443691734,0.7583857054680347,13.640000343322754
2025-03-25,1.3101970335000057,0.4738800077422387,13.699999809265137,0.6864934276316207,0.4787438824035028,12.579999923706056,1.2280480863664547,0.7134659782791689,12.600000381469728,1.4359703182661372,0.6915515432527463,13.210000038146973,0.6927788501665513,0.9067218276650036,13.470000267028809
2025-03-26,0.04353025297464832,0.5533450839946444,13.640000343322754,1.3101970335000057,0.4738800077422387,13.699999809265137,0.6864934276316207,0.4787438824035028,12.579999923706056,0.3204890493779048,0.6858931300168694,13.300000190734863,0.6980712542331428,0.8693435539312502,13.300000190734863
2025-03-27,-0.7710730752587225,0.8725312125519405,13.470000267028809,0.04353025297464832,0.5533450839946444,13.640000343322754,1.3101970335000057,0.4738800077422387,13.699999809265137,1.2280480863664547,0.7134659782791689,12.600000381469728,0.6604243753206129,0.9385043388633587,12.720000267028809
2025-03-28,0.4464845602965276,0.7737906301322315,13.300000190734863,-0.7710730752587225,0.8725312125519405,13.470000267028809,0.04353025297464832,0.5533450839946444,13.640000343322754,0.6864934276316207,0.4787438824035028,12.579999923706056,0.7342870820382407,1.4980147953904235,13.779999732971191
2025-04-01,-0.3082049047667123,0.791115420587664,12.720000267028809,0.4464845602965276,0.7737906301322315,13.300000190734863,-0.7710730752587225,0.8725312125519405,13.470000267028809,1.3101970335000057,0.4738800077422387,13.699999809265137,0.7066950276595938,1.938877874077355,13.720000267028809
2025-04-02,-1.5150767296533938,0.7583857054680347,13.779999732971191,-0.3082049047667123,0.791115420587664,12.720000267028809,0.4464845602965276,0.7737906301322315,13.300000190734863,0.04353025297464832,0.5533450839946444,13.640000343322754,0.711688079970577,1.8083750868105444,13.600000381469728
2025-04-03,0.7168090205371445,0.9067218276650036,13.720000267028809,-1.5150767296533938,0.7583857054680347,13.779999732971191,-0.3082049047667123,0.791115420587664,12.720000267028809,-0.7710730752587225,0.8725312125519405,13.470000267028809,0.8954099248955498,2.192291346949939,13.760000228881836
2025-04-04,-0.3531376595912815,0.8693435539312502,13.600000381469728,0.7168090205371445,0.9067218276650036,13.720000267028809,-1.5150767296533938,0.7583857054680347,13.779999732971191,0.4464845602965276,0.7737906301322315,13.300000190734863,0.8620115984531537,2.3276395128800678,22.790000915527344
2025-04-07,-1.497823558147214,0.9385043388633587,13.760000228881836,-0.3531376595912815,0.8693435539312502,13.600000381469728,0.7168090205371445,0.9067218276650036,13.720000267028809,-0.3082049047667123,0.791115420587664,12.720000267028809,0.8584582426169102,1.1647555975073183,20.440000534057617
2025-04-08,-3.297013690442167,1.4980147953904235,22.790000915527344,-1.497823558147214,0.9385043388633587,13.760000228881836,-0.3531376595912815,0.8693435539312502,13.600000381469728,-1.5150767296533938,0.7583857054680347,13.779999732971191,1.0193870630394513,1.1745691981567017,21.43000030517578
2025-04-09,1.6746313388899778,1.938877874077355,20.440000534057617,-3.297013690442167,1.4980147953904235,22.790000915527344,-1.497823558147214,0.9385043388633587,13.760000228881836,0.7168090205371445,0.9067218276650036,13.720000267028809,1.4632347987169407,0.6831083815403717,20.11000061035156
2025-04-11,-0.6084328049671031,1.8083750868105444,21.43000030517578,1.6746313388899778,1.938877874077355,20.440000534057617,-3.297013690442167,1.4980147953904235,22.790000915527344,-0.3531376595912815,0.8693435539312502,13.600000381469728,1.4029874007245595,0.8398401963548842,16.1299991607666
2025-04-15,1.8988950673859397,2.192291346949939,20.11000061035156,-0.6084328049671031,1.8083750868105444,21.43000030517578,1.6746313388899778,1.938877874077355,20.440000534057617,-1.497823558147214,0.9385043388633587,13.760000228881836,1.3764949155936563,0.620610048079257,15.869999885559082
2025-04-16,2.166598602930882,2.3276395128800678,16.1299991607666,1.8988950673859397,2.192291346949939,20.11000061035156,-0.6084328049671031,1.8083750868105444,21.43000030517578,-3.297013690442167,1.4980147953904235,22.790000915527344,1.3331574038702856,0.815404620764441,15.470000267028809
2025-04-17,0.4646504460063537,1.1647555975073183,15.869999885559082,2.166598602930882,2.3276395128800678,16.1299991607666,1.8988950673859397,2.192291346949939,20.11000061035156,1.6746313388899778,1.938877874077355,20.440000534057617,1.3034743823631083,0.7917776557526355,15.520000457763672
2025-04-21,1.7528943393621494,1.1745691981567017,15.470000267028809,0.4646504460063537,1.1647555975073183,15.869999885559082,2.166598602930882,2.3276395128800678,16.1299991607666,-0.6084328049671031,1.8083750868105444,21.43000030517578,1.2210066770719228,0.8087075485901603,15.229999542236328
2025-04-22,1.1418063566753105,0.6831083815403717,15.520000457763672,1.7528943393621494,1.1745691981567017,15.470000267028809,0.4646504460063537,1.1647555975073183,15.869999885559082,1.8988950673859397,2.192291346949939,20.11000061035156,1.1894532996083969,0.8109741779404437,15.960000038146973
2025-04-23,0.1726933556915849,0.8398401963548842,15.229999542236328,1.1418063566753105,0.6831083815403717,15.520000457763672,1.7528943393621494,1.1745691981567017,15.470000267028809,2.166598602930882,2.3276395128800678,16.1299991607666,1.1409055110286472,0.755439794271676,16.25
2025-04-24,0.6668556323176313,0.620610048079257,15.960000038146973,0.1726933556915849,0.8398401963548842,15.229999542236328,1.1418063566753105,0.6831083815403717,15.520000457763672,0.4646504460063537,1.1647555975073183,15.869999885559082,1.0658019285540667,0.7309114252396804,17.15999984741211
2025-04-25,-0.3386473727089676,0.815404620764441,16.25,0.6668556323176313,0.620610048079257,15.960000038146973,0.1726933556915849,0.8398401963548842,15.229999542236328,1.7528943393621494,1.1745691981567017,15.470000267028809,1.0142172763192645,0.511867235995514,16.940000534057617
2025-04-28,-0.8588438645809416,0.7917776557526355,17.15999984741211,-0.3386473727089676,0.815404620764441,16.25,0.6668556323176313,0.620610048079257,15.960000038146973,1.1418063566753105,0.6831083815403717,15.520000457763672,0.9938839222928968,0.2856093026310416,17.3700008392334
2025-04-29,1.1956447831200931,0.8087075485901603,16.940000534057617,-0.8588438645809416,0.7917776557526355,17.15999984741211,-0.3386473727089676,0.815404620764441,16.25,0.1726933556915849,0.8398401963548842,15.229999542236328,1.04517684107024,0.2888720284852205,18.21999931335449
2025-04-30,0.030614622903455367,0.8109741779404437,17.3700008392334,1.1956447831200931,0.8087075485901603,16.940000534057617,-0.8588438645809416,0.7917776557526355,17.15999984741211,0.6668556323176313,0.620610048079257,15.960000038146973,1.0130888366170836,0.41099550271440444,18.26000022888184
2025-05-02,-0.007191266338548166,0.755439794271676,18.21999931335449,0.030614622903455367,0.8109741779404437,17.3700008392334,1.1956447831200931,0.8087075485901603,16.940000534057617,-0.3386473727089676,0.815404620764441,16.25,0.9463439557908002,0.6134291699853498,18.34000015258789
2025-05-05,0.051354846257692294,0.7309114252396804,18.26000022888184,-0.007191266338548166,0.755439794271676,18.21999931335449,0.030614622903455367,0.8109741779404437,17.3700008392334,-0.8588438645809416,0.7917776557526355,17.15999984741211,0.890687712678504,1.9374275036614768,19.0
2025-05-06,0.4689876016656186,0.511867235995514,18.34000015258789,0.051354846257692294,0.7309114252396804,18.26000022888184,-0.007191266338548166,0.755439794271676,18.21999931335449,1.1956447831200931,0.8087075485901603,16.940000534057617,0.8360075681235304,2.0877090348309193,19.059999465942383
2025-05-07,-0.33394596535795407,0.2856093026310416,19.0,0.4689876016656186,0.511867235995514,18.34000015258789,0.051354846257692294,0.7309114252396804,18.26000022888184,0.030614622903455367,0.8109741779404437,17.3700008392334,0.7999839246672314,2.0894506406319744,21.01000022888184
2025-05-08,0.14264371500933862,0.2888720284852205,19.059999465942383,-0.33394596535795407,0.2856093026310416,19.0,0.4689876016656186,0.511867235995514,18.34000015258789,-0.007191266338548166,0.755439794271676,18.21999931335449,0.7997900762549871,2.1109800181261056,21.6299991607666
2025-05-09,-0.5775526588332327,0.41099550271440444,21.01000022888184,0.14264371500933862,0.2888720284852205,19.059999465942383,-0.33394596535795407,0.2856093026310416,19.0,0.051354846257692294,0.7309114252396804,18.26000022888184,0.7564032850191246,1.954212761458564,18.38999938964844
2025-05-12,-1.1010503428714509,0.6134291699853498,21.6299991607666,-0.5775526588332327,0.41099550271440444,21.01000022888184,0.14264371500933862,0.2888720284852205,19.059999465942383,0.4689876016656186,0.511867235995514,18.34000015258789,0.7931974440784845,1.0873723384167953,18.200000762939453
2025-05-13,3.74721401846667,1.9374275036614768,18.38999938964844,-1.1010503428714509,0.6134291699853498,21.6299991607666,-0.5775526588332327,0.41099550271440444,21.01000022888184,-0.33394596535795407,0.2856093026310416,19.0,0.9014144460285104,0.980689245017072,17.229999542236328
2025-05-14,-1.3993290077199354,2.0877090348309193,18.200000762939453,3.74721401846667,1.9374275036614768,18.38999938964844,-1.1010503428714509,0.6134291699853498,21.6299991607666,0.14264371500933862,0.2888720284852205,19.059999465942383,0.9736088746815152,0.9947650433755751,16.889999389648438
2025-05-15,0.35963215412445576,2.0894506406319744,17.229999542236328,-1.3993290077199354,2.0877090348309193,18.200000762939453,3.74721401846667,1.9374275036614768,18.38999938964844,-0.5775526588332327,0.41099550271440444,21.01000022888184,1.1049635972955725,0.6160860393568914,16.549999237060547
2025-05-16,1.5894449466611917,2.1109800181261056,16.889999389648438,0.35963215412445576,2.0894506406319744,17.229999542236328,-1.3993290077199354,2.0877090348309193,18.200000762939453,-1.1010503428714509,0.6134291699853498,21.6299991607666,1.0394890161334946,0.8707841306600826,17.360000610351562
2025-05-19,-0.1689186626420544,1.954212761458564,16.549999237060547,1.5894449466611917,2.1109800181261056,16.889999389648438,0.35963215412445576,2.0894506406319744,17.229999542236328,3.74721401846667,1.9374275036614768,18.38999938964844,1.0211689804832338,0.9187463985647075,17.389999389648438
2025-05-20,-0.2976133107706799,1.0873723384167953,17.360000610351562,-0.1689186626420544,1.954212761458564,16.549999237060547,1.5894449466611917,2.1109800181261056,16.889999389648438,-1.3993290077199354,2.0877090348309193,18.200000762939453,0.978491286453821,0.8219518164376005,17.549999237060547
2025-05-21,-1.0540184450815588,0.980689245017072,17.389999389648438,-0.2976133107706799,1.0873723384167953,17.360000610351562,-0.1689186626420544,1.954212761458564,16.549999237060547,0.35963215412445576,2.0894506406319744,17.229999542236328,0.9564117443501154,0.8016996956187179,17.260000228881836
2025-05-22,0.5234588314739229,0.9947650433755751,17.549999237060547,-1.0540184450815588,0.980689245017072,17.389999389648438,-0.2976133107706799,1.0873723384167953,17.360000610351562,1.5894449466611917,2.1109800181261056,16.889999389648438,1.0392782747069724,0.6793848886333215,17.280000686645508
2025-05-23,-0.8245170966734259,0.6160860393568914,17.260000228881836,0.5234588314739229,0.9947650433755751,17.549999237060547,-1.0540184450815588,0.980689245017072,17.389999389648438,-0.1689186626420544,1.954212761458564,16.549999237060547,0.9856412627158678,0.5289082977453486,18.020000457763672
2025-05-26,0.9843878373448323,0.8707841306600826,17.280000686645508,-0.8245170966734259,0.6160860393568914,17.260000228881836,0.5234588314739229,0.9947650433755751,17.549999237060547,-0.2976133107706799,1.0873723384167953,17.360000610351562,1.0330717656837365,0.37334143658906965,18.540000915527344
2025-05-27,0.5937318644614263,0.9187463985647075,18.020000457763672,0.9843878373448323,0.8707841306600826,17.280000686645508,-0.8245170966734259,0.6160860393568914,17.260000228881836,-1.0540184450815588,0.980689245017072,17.389999389648438,0.9951784104410089,0.37481596323702865,18.020000457763672
2025-05-28,-0.702232377173064,0.8219518164376005,18.540000915527344,0.5937318644614263,0.9187463985647075,18.020000457763672,0.9843878373448323,0.8707841306600826,17.280000686645508,0.5234588314739229,0.9947650433755751,17.549999237060547,0.9481552815925648,0.4416272026237547,16.420000076293945
2025-05-29,-0.2975073210803887,0.8016996956187179,18.020000457763672,-0.702232377173064,0.8219518164376005,18.540000915527344,0.5937318644614263,0.9187463985647075,18.020000457763672,-0.8245170966734259,0.6160860393568914,17.260000228881836,0.9827457796955578,0.4971129933403871,16.079999923706055
2025-05-30,0.32731167331063626,0.6793848886333215,16.420000076293945,-0.2975073210803887,0.8016996956187179,18.020000457763672,-0.702232377173064,0.8219518164376005,18.540000915527344,0.9843878373448323,0.8707841306600826,17.280000686645508,0.9602335156848808,0.6558397123474328,17.15999984741211
2025-06-02,-0.334381930681989,0.5289082977453486,16.079999923706055,0.32731167331063626,0.6793848886333215,16.420000076293945,-0.2975073210803887,0.8016996956187179,18.020000457763672,0.5937318644614263,0.9187463985647075,18.020000457763672,0.9079029944679738,0.6295518744895653,16.559999465942383
2025-06-03,-0.1378673005562118,0.37334143658906965,17.15999984741211,-0.334381930681989,0.5289082977453486,16.079999923706055,0.32731167331063626,0.6793848886333215,16.420000076293945,-0.702232377173064,0.8219518164376005,18.540000915527344,0.8974764347535754,0.3684871236022246,15.75
2025-06-04,-0.7068758288164619,0.37481596323702865,16.559999465942383,-0.1378673005562118,0.37334143658906965,17.15999984741211,-0.334381930681989,0.5289082977453486,16.079999923706055,-0.2975073210803887,0.8016996956187179,18.020000457763672,0.8628212074149066,0.3910562167929711,15.079999923706056
2025-06-05,0.3160903883546735,0.4416272026237547,15.75,-0.7068758288164619,0.37481596323702865,16.559999465942383,-0.1378673005562118,0.37334143658906965,17.15999984741211,0.32731167331063626,0.6793848886333215,16.420000076293945,0.9068447820242788,0.7369591620905049,14.630000114440918
2025-06-06,0.5294655304090157,0.4971129933403871,15.079999923706056,0.3160903883546735,0.4416272026237547,15.75,-0.7068758288164619,0.37481596323702865,16.559999465942383,-0.334381930681989,0.5289082977453486,16.079999923706055,0.8592243819880188,0.5941334068268609,14.6899995803833
2025-06-09,1.0135980900817265,0.6558397123474328,14.630000114440918,0.5294655304090157,0.4971129933403871,15.079999923706056,0.3160903883546735,0.4416272026237547,15.75,-0.1378673005562118,0.37334143658906965,17.15999984741211,0.8230410447616383,0.754630667160247,14.020000457763672
2025-06-10,0.3997448256890138,0.6295518744895653,14.6899995803833,1.0135980900817265,0.6558397123474328,14.630000114440918,0.5294655304090157,0.4971129933403871,15.079999923706056,-0.7068758288164619,0.37481596323702865,16.559999465942383,0.8063250999122663,0.7573576872126919,13.670000076293944
2025-06-11,0.00418575835460567,0.3684871236022246,14.020000457763672,0.3997448256890138,0.6295518744895653,14.6899995803833,1.0135980900817265,0.6558397123474328,14.630000114440918,0.3160903883546735,0.4416272026237547,15.75,0.7707421303707443,0.7338534729871329,14.020000457763672
2025-06-12,0.1478750781646587,0.3910562167929711,13.670000076293944,0.00418575835460567,0.3684871236022246,14.020000457763672,0.3997448256890138,0.6295518744895653,14.6899995803833,0.5294655304090157,0.4971129933403871,15.079999923706056,0.7298743682621359,0.6028840691469677,15.079999923706056
2025-06-13,-1.0122141121121413,0.7369591620905049,14.020000457763672,0.1478750781646587,0.3910562167929711,13.670000076293944,0.00418575835460567,0.3684871236022246,14.020000457763672,1.0135980900817265,0.6558397123474328,14.630000114440918,0.6928673706645753,0.733454654232165,14.84000015258789
2025-06-16,-0.6837783295332098,0.5941334068268609,15.079999923706056,-1.0122141121121413,0.7369591620905049,14.020000457763672,0.1478750781646587,0.3910562167929711,13.670000076293944,0.3997448256890138,0.6295518744895653,14.6899995803833,0.7991807103726523,0.7283381800582109,14.399999618530272
2025-06-17,0.917755091754434,0.754630667160247,14.84000015258789,-0.6837783295332098,0.5941334068268609,15.079999923706056,-1.0122141121121413,0.7369591620905049,14.020000457763672,0.00418575835460567,0.3684871236022246,14.020000457763672,0.8464700224273392,0.698382159146535,14.279999732971191
2025-06-18,-0.3738951969940058,0.7573576872126919,14.399999618530272,0.917755091754434,0.754630667160247,14.84000015258789,-0.6837783295332098,0.5941334068268609,15.079999923706056,0.1478750781646587,0.3910562167929711,13.670000076293944,0.8243546694087801,0.7207259850420475,14.260000228881836
2025-06-19,-0.16651260767121068,0.7338534729871329,14.279999732971191,-0.3738951969940058,0.7573576872126919,14.399999618530272,0.917755091754434,0.754630667160247,14.84000015258789,-1.0122141121121413,0.7369591620905049,14.020000457763672,0.827128222734775,0.7585884252730158,13.670000076293944
2025-06-20,-0.07580150449296773,0.6028840691469677,14.260000228881836,-0.16651260767121068,0.7338534729871329,14.279999732971191,-0.3738951969940058,0.7573576872126919,14.399999618530272,-0.6837783295332098,0.5941334068268609,15.079999923706056,0.8026966464220424,0.6580299602047918,14.050000190734863
2025-06-23,1.2790324902965948,0.733454654232165,13.670000076293944,-0.07580150449296773,0.6028840691469677,14.260000228881836,-0.16651260767121068,0.7338534729871329,14.279999732971191,0.917755091754434,0.754630667160247,14.84000015258789,0.7689872563611415,0.6254685598301626,13.640000343322754
2025-06-24,-0.5610555258512814,0.7283381800582109,14.050000190734863,1.2790324902965948,0.733454654232165,13.670000076293944,-0.07580150449296773,0.6028840691469677,14.260000228881836,-0.3738951969940058,0.7573576872126919,14.399999618530272,0.7662786294870391,0.6421431824899255,12.960000038146973
2025-06-25,0.28970292423300636,0.698382159146535,13.640000343322754,-0.5610555258512814,0.7283381800582109,14.050000190734863,1.2790324902965948,0.733454654232165,13.670000076293944,-0.16651260767121068,0.7338534729871329,14.279999732971191,0.799838180705872,0.6656866349772369,12.59000015258789
2025-06-26,0.796997571939643,0.7207259850420475,12.960000038146973,0.28970292423300636,0.698382159146535,13.640000343322754,-0.5610555258512814,0.7283381800582109,14.050000190734863,-0.07580150449296773,0.6028840691469677,14.260000228881836,0.7612385916138215,0.33354668998719184,12.390000343322754
2025-06-27,1.1979963629751522,0.7585884252730158,12.59000015258789,0.796997571939643,0.7207259850420475,12.960000038146973,0.28970292423300636,0.698382159146535,13.640000343322754,1.2790324902965948,0.733454654232165,13.670000076293944,0.74291009901895,0.29173759259590804,12.789999961853027
2025-06-30,0.346967847107354,0.6580299602047918,12.390000343322754,1.1979963629751522,0.7585884252730158,12.59000015258789,0.796997571939643,0.7207259850420475,12.960000038146973,-0.5610555258512814,0.7283381800582109,14.050000190734863,0.7398160650748622,0.22570662693657495,12.529999732971191
2025-07-01,-0.47209686111904436,0.6254685598301626,12.789999961853027,0.346967847107354,0.6580299602047918,12.390000343322754,1.1979963629751522,0.7585884252730158,12.59000015258789,0.28970292423300636,0.698382159146535,13.640000343322754,0.7084553093641903,0.2551642778595033,12.449999809265137
2025-07-02,0.09694695897414579,0.6421431824899255,12.529999732971191,-0.47209686111904436,0.6254685598301626,12.789999961853027,0.346967847107354,0.6580299602047918,12.390000343322754,0.796997571939643,0.7207259850420475,12.960000038146973,0.7353501598448475,0.2079058485632897,12.390000343322754
2025-07-03,-0.34670116851196764,0.6656866349772369,12.449999809265137,0.09694695897414579,0.6421431824899255,12.529999732971191,-0.47209686111904436,0.6254685598301626,12.789999961853027,1.1979963629751522,0.7585884252730158,12.59000015258789,0.6962059682731043,0.2987586274488497,12.31999969482422
2025-07-04,-0.18915002785163046,0.33354668998719184,12.390000343322754,-0.34670116851196764,0.6656866349772369,12.449999809265137,0.09694695897414579,0.6421431824899255,12.529999732971191,0.346967847107354,0.6580299602047918,12.390000343322754,0.7072748889186616,0.4111154805074009,12.5600004196167
2025-07-07,0.21900252291445488,0.29173759259590804,12.31999969482422,-0.18915002785163046,0.33354668998719184,12.390000343322754,-0.34670116851196764,0.6656866349772369,12.449999809265137,-0.47209686111904436,0.6254685598301626,12.789999961853027,0.6966040292249608,0.3876021116351229,12.199999809265137
2025-07-08,0.0011813340928764789,0.22570662693657495,12.5600004196167,0.21900252291445488,0.29173759259590804,12.31999969482422,-0.18915002785163046,0.33354668998719184,12.390000343322754,0.09694695897414579,0.6421431824899255,12.529999732971191,0.6648094795589574,0.46503661891430426,11.9399995803833
2025-07-09,0.24007330644550995,0.2551642778595033,12.199999809265137,0.0011813340928764789,0.22570662693657495,12.5600004196167,0.21900252291445488,0.29173759259590804,12.31999969482422,-0.34670116851196764,0.6656866349772369,12.449999809265137,0.6335215125123714,0.4875785179259994,11.670000076293944
2025-07-10,-0.18196736296237606,0.2079058485632897,11.9399995803833,0.24007330644550995,0.2551642778595033,12.199999809265137,0.0011813340928764789,0.22570662693657495,12.5600004196167,-0.18915002785163046,0.33354668998719184,12.390000343322754,0.6077668892248045,0.4783002822443838,11.81999969482422
2025-07-11,-0.47549332448686077,0.2987586274488497,11.670000076293944,-0.18196736296237606,0.2079058485632897,11.9399995803833,0.24007330644550995,0.2551642778595033,12.199999809265137,0.21900252291445488,0.29173759259590804,12.31999969482422,0.6047546507577917,0.40672273805417614,11.979999542236328
2025-07-14,-0.813389240519248,0.4111154805074009,11.81999969482422,-0.47549332448686077,0.2987586274488497,11.670000076293944,-0.18196736296237606,0.2079058485632897,11.9399995803833,0.0011813340928764789,0.22570662693657495,12.5600004196167,0.6417234044440712,0.48289384752361997,11.479999542236328
2025-07-15,-0.26894675348791747,0.3876021116351229,11.979999542236328,-0.813389240519248,0.4111154805074009,11.81999969482422,-0.47549332448686077,0.2987586274488497,11.670000076293944,0.24007330644550995,0.2551642778595033,12.199999809265137,0.7237742634105953,0.41400727160693374,11.239999771118164
2025-07-16,0.45148957209608165,0.46503661891430426,11.479999542236328,-0.26894675348791747,0.3876021116351229,11.979999542236328,-0.813389240519248,0.4111154805074009,11.81999969482422,-0.18196736296237606,0.2079058485632897,11.9399995803833,0.7220450089779874,0.533594317009472,11.239999771118164
2025-07-17,0.06447408512447503,0.4875785179259994,11.239999771118164,0.45148957209608165,0.46503661891430426,11.479999542236328,-0.26894675348791747,0.3876021116351229,11.979999542236328,-0.47549332448686077,0.2987586274488497,11.670000076293944,0.6956954353615786,0.5842631134918499,11.390000343322754
2025-07-18,-0.3998199509757984,0.4783002822443838,11.239999771118164,0.06447408512447503,0.4875785179259994,11.239999771118164,0.45148957209608165,0.46503661891430426,11.479999542236328,-0.813389240519248,0.4111154805074009,11.81999969482422,0.658933426305203,0.6717799250346177,11.199999809265137
2025-07-21,-0.5712845317742711,0.40672273805417614,11.390000343322754,-0.3998199509757984,0.4783002822443838,11.239999771118164,0.06447408512447503,0.4875785179259994,11.239999771118164,-0.26894675348791747,0.3876021116351229,11.979999542236328,0.6805449573548367,0.607707438675201,10.75
2025-07-22,0.48861874225141144,0.48289384752361997,11.199999809265137,-0.5712845317742711,0.40672273805417614,11.390000343322754,-0.3998199509757984,0.4783002822443838,11.239999771118164,0.45148957209608165,0.46503661891430426,11.479999542236328,0.7238067915292133,0.731682581485185,10.520000457763672
2025-07-23,-0.11883501967580667,0.41400727160693374,10.75,0.48861874225141144,0.48289384752361997,11.199999809265137,-0.5712845317742711,0.40672273805417614,11.390000343322754,0.06447408512447503,0.4875785179259994,11.239999771118164,0.6985320990646926,0.6165037410014441,10.720000267028809
2025-07-24,0.6324502693684897,0.533594317009472,10.520000457763672,-0.11883501967580667,0.41400727160693374,10.75,0.48861874225141144,0.48289384752361997,11.199999809265137,-0.3998199509757984,0.4783002822443838,11.239999771118164,0.6795660772468475,0.5905814909643642,11.279999732971191
2025-07-25,-0.6276651657225533,0.5842631134918499,10.720000267028809,0.6324502693684897,0.533594317009472,10.520000457763672,-0.11883501967580667,0.41400727160693374,10.75,-0.5712845317742711,0.40672273805417614,11.390000343322754,0.6629408900053854,0.5688888097669345,12.0600004196167
2025-07-28,-0.9022252428611253,0.6717799250346177,11.279999732971191,-0.6276651657225533,0.5842631134918499,10.720000267028809,0.6324502693684897,0.533594317009472,10.520000457763672,0.48861874225141144,0.48289384752361997,11.199999809265137,0.7158612788208635,0.6207094348956285,11.529999732971191
2025-07-29,-0.6304795850755803,0.607707438675201,12.0600004196167,-0.9022252428611253,0.6717799250346177,11.279999732971191,-0.6276651657225533,0.5842631134918499,10.720000267028809,-0.11883501967580667,0.41400727160693374,10.75,0.8031518951158032,0.5517542784858374,11.210000038146973
2025-07-30,0.5664401180259817,0.731682581485185,11.529999732971191,-0.6304795850755803,0.607707438675201,12.0600004196167,-0.9022252428611253,0.6717799250346177,11.279999732971191,0.6324502693684897,0.533594317009472,10.520000457763672,0.8426449773340795,0.5316727910056331,11.539999961853027
2025-07-31,0.1366900490246142,0.6165037410014441,11.210000038146973,0.5664401180259817,0.731682581485185,11.529999732971191,-0.6304795850755803,0.607707438675201,12.0600004196167,-0.6276651657225533,0.5842631134918499,10.720000267028809,0.8092171370394236,0.5425629780367902,11.979999542236328
2025-08-01,-0.34943699712402354,0.5905814909643642,11.539999961853027,0.1366900490246142,0.6165037410014441,11.210000038146973,0.5664401180259817,0.731682581485185,11.529999732971191,-0.9022252428611253,0.6717799250346177,11.279999732971191,0.7647854152396429,0.5843642328864902,11.970000267028809
2025-08-04,-0.8229715141942046,0.5688888097669345,11.979999542236328,-0.34943699712402354,0.5905814909643642,11.539999961853027,0.1366900490246142,0.6165037410014441,11.210000038146973,-0.6304795850755803,0.607707438675201,12.0600004196167,0.7699225295576149,0.6806195854908026,11.710000038146973
2025-08-05,0.6386974825463857,0.6207094348956285,11.970000267028809,-0.8229715141942046,0.5688888097669345,11.979999542236328,-0.34943699712402354,0.5905814909643642,11.539999961853027,0.5664401180259817,0.731682581485185,11.529999732971191,0.8399183018492792,0.6889689145182525,11.960000038146973
2025-08-06,-0.2965195918549469,0.5517542784858374,11.710000038146973,0.6386974825463857,0.6207094348956285,11.970000267028809,-0.8229715141942046,0.5688888097669345,11.979999542236328,0.1366900490246142,0.6165037410014441,11.210000038146973,0.8091295669240657,0.7372510325729756,11.6899995803833
2025-08-07,-0.3061596134311999,0.5316727910056331,11.960000038146973,-0.2965195918549469,0.5517542784858374,11.710000038146973,0.6386974825463857,0.6207094348956285,11.970000267028809,-0.34943699712402354,0.5905814909643642,11.539999961853027,0.8031706594679682,0.7367495947547439,12.029999732971191
2025-08-08,0.08928622028389917,0.5425629780367902,11.6899995803833,-0.3061596134311999,0.5316727910056331,11.960000038146973,-0.2965195918549469,0.5517542784858374,11.710000038146973,-0.8229715141942046,0.5688888097669345,11.979999542236328,0.7990299283789467,0.5883639990550318,12.220000267028809
2025-08-11,-0.951200879308063,0.5843642328864902,12.029999732971191,0.08928622028389917,0.5425629780367902,11.6899995803833,-0.3061596134311999,0.5316727910056331,11.960000038146973,0.6386974825463857,0.6207094348956285,11.970000267028809,0.753980553843831,0.5238657410210557,12.229999542236328
2025-08-12,0.9060632685991908,0.6806195854908026,12.220000267028809,-0.951200879308063,0.5843642328864902,12.029999732971191,0.08928622028389917,0.5425629780367902,11.6899995803833,-0.2965195918549469,0.5517542784858374,11.710000038146973,0.8443457431701459,0.35110914997997367,12.140000343322754
2025-08-13,-0.3979850901478695,0.6889689145182525,12.229999542236328,0.9060632685991908,0.6806195854908026,12.220000267028809,-0.951200879308063,0.5843642328864902,12.029999732971191,-0.3061596134311999,0.5316727910056331,11.960000038146973,0.8220378903836835,0.37328209277308555,12.359999656677246
2025-08-14,0.5373987743225643,0.7372510325729756,12.140000343322754,-0.3979850901478695,0.6889689145182525,12.229999542236328,0.9060632685991908,0.6806195854908026,12.220000267028809,0.08928622028389917,0.5425629780367902,11.6899995803833,0.8282212167140925,0.6706294709231068,12.34000015258789
2025-08-18,0.0485320377082851,0.7367495947547439,12.359999656677246,0.5373987743225643,0.7372510325729756,12.140000343322754,-0.3979850901478695,0.6889689145182525,12.229999542236328,-0.951200879308063,0.5843642328864902,12.029999732971191,0.7951658134539055,0.53089246223904,11.789999961853027
2025-08-19,0.9923616908863717,0.5883639990550318,12.34000015258789,0.0485320377082851,0.7367495947547439,12.359999656677246,0.5373987743225643,0.7372510325729756,12.140000343322754,0.9060632685991908,0.6806195854908026,12.220000267028809,0.7491443849901029,0.6720887177932271,11.789999961853027
2025-08-20,0.41599002852598854,0.5238657410210557,11.789999961853027,0.9923616908863717,0.5883639990550318,12.34000015258789,0.0485320377082851,0.7367495947547439,12.359999656677246,-0.3979850901478695,0.6889689145182525,12.229999542236328,0.7384882873055599,0.6546747499359915,11.369999885559082
2025-08-21,0.2794273751954044,0.35110914997997367,11.789999961853027,0.41599002852598854,0.5238657410210557,11.789999961853027,0.9923616908863717,0.5883639990550318,12.34000015258789,0.5373987743225643,0.7372510325729756,12.140000343322754,0.7095183887804247,0.5840494154088304,11.729999542236328
2025-08-22,0.13244115539841486,0.37328209277308555,11.369999885559082,0.2794273751954044,0.35110914997997367,11.789999961853027,0.41599002852598854,0.5238657410210557,11.789999961853027,0.0485320377082851,0.7367495947547439,12.359999656677246,0.6785894901993488,0.7902828649890326,11.760000228881836
2025-08-25,-0.8553963109247331,0.6706294709231068,11.729999542236328,0.13244115539841486,0.37328209277308555,11.369999885559082,0.2794273751954044,0.35110914997997367,11.789999961853027,0.9923616908863717,0.5883639990550318,12.34000015258789,0.6455058225029618,0.7217807806507961,12.1899995803833
2025-08-26,0.3918729092601476,0.53089246223904,11.760000228881836,-0.8553963109247331,0.6706294709231068,11.729999542236328,0.13244115539841486,0.37328209277308555,11.369999885559082,0.41599002852598854,0.5238657410210557,11.789999961853027,0.7334157689140742,0.6740137689498449,12.18000030517578
2025-08-28,-1.0293981565065833,0.6720887177932271,12.1899995803833,0.3918729092601476,0.53089246223904,11.760000228881836,-0.8553963109247331,0.6706294709231068,11.729999542236328,0.2794273751954044,0.35110914997997367,11.789999961853027,0.7040977161469609,0.47621594586768307,11.75
2025-08-29,-0.858114302373062,0.6546747499359915,12.18000030517578,-1.0293981565065833,0.6720887177932271,12.1899995803833,0.3918729092601476,0.53089246223904,11.760000228881836,0.13244115539841486,0.37328209277308555,11.369999885559082,0.8117388744615279,0.4090904177856004,11.289999961853027
2025-09-01,-0.3026946376657732,0.5840494154088304,11.75,-0.858114302373062,0.6546747499359915,12.18000030517578,-1.0293981565065833,0.6720887177932271,12.1899995803833,-0.8553963109247331,0.6706294709231068,11.729999542236328,0.8823608099434452,0.26827989373589106,11.399999618530272
2025-09-02,0.8081328102276957,0.7902828649890326,11.289999961853027,-0.3026946376657732,0.5840494154088304,11.75,-0.858114302373062,0.6546747499359915,12.18000030517578,0.3918729092601476,0.53089246223904,11.760000228881836,0.8702755106190861,0.22376522613712668,10.93000030517578
2025-09-03,-0.18474345185382893,0.7217807806507961,11.399999618530272,0.8081328102276957,0.7902828649890326,11.289999961853027,-0.3026946376657732,0.5840494154088304,11.75,-1.0293981565065833,0.6720887177932271,12.1899995803833,0.842274022398117,0.18138644827296221,10.850000381469728
2025-09-04,0.5495586709857895,0.6740137689498449,10.93000030517578,-0.18474345185382893,0.7217807806507961,11.399999618530272,0.8081328102276957,0.7902828649890326,11.289999961853027,-0.858114302373062,0.6546747499359915,12.18000030517578,0.818767538106791,0.17341810368159075,10.779999732971191
2025-09-05,0.07785744550393449,0.47621594586768307,10.850000381469728,0.5495586709857895,0.6740137689498449,10.93000030517578,-0.18474345185382893,0.7217807806507961,11.399999618530272,-0.3026946376657732,0.5840494154088304,11.75,0.7869809600863183,0.1557472450212845,10.84000015258789
2025-09-08,0.02708106342015157,0.4090904177856004,10.779999732971191,0.07785744550393449,0.47621594586768307,10.850000381469728,0.5495586709857895,0.6740137689498449,10.93000030517578,0.8081328102276957,0.7902828649890326,11.289999961853027,0.7426434613070915,0.26344814540610234,10.6899995803833
2025-09-09,0.12986346282709543,0.26827989373589106,10.84000015258789,0.02708106342015157,0.4090904177856004,10.779999732971191,0.07785744550393449,0.47621594586768307,10.850000381469728,-0.18474345185382893,0.7217807806507961,11.399999618530272,0.7014092631650418,0.3281806630006353,10.539999961853027
2025-09-10,0.38455266535053206,0.22376522613712668,10.6899995803833,0.12986346282709543,0.26827989373589106,10.84000015258789,0.02708106342015157,0.4090904177856004,10.779999732971191,0.5495586709857895,0.6740137689498449,10.93000030517578,0.6662859079971759,0.3236667732019668,10.359999656677246
2025-09-11,0.41932821216746646,0.18138644827296221,10.539999961853027,0.38455266535053206,0.22376522613712668,10.6899995803833,0.12986346282709543,0.26827989373589106,10.84000015258789,0.07785744550393449,0.47621594586768307,10.850000381469728,0.6425426889639028,0.3126107166194394,10.119999885559082
2025-09-12,0.12965707489705477,0.17341810368159075,10.359999656677246,0.41932821216746646,0.18138644827296221,10.539999961853027,0.38455266535053206,0.22376522613712668,10.6899995803833,0.02708106342015157,0.4090904177856004,10.779999732971191,0.6219647429348251,0.4345735992329821,10.399999618530272
2025-09-15,0.4329658895022681,0.1557472450212845,10.119999885559082,0.12965707489705477,0.17341810368159075,10.359999656677246,0.41932821216746646,0.18138644827296221,10.539999961853027,0.12986346282709543,0.26827989373589106,10.84000015258789,0.5935404225990841,0.5132637839389985,10.270000457763672
2025-09-16,-0.1785489719644452,0.26344814540610234,10.399999618530272,0.4329658895022681,0.1557472450212845,10.119999885559082,0.12965707489705477,0.17341810368159075,10.359999656677246,0.38455266535053206,0.22376522613712668,10.6899995803833,0.5774889463644154,0.40479101600755407,10.25
2025-09-17,0.6754394026943608,0.3281806630006353,10.270000457763672,-0.1785489719644452,0.26344814540610234,10.399999618530272,0.4329658895022681,0.1557472450212845,10.119999885559082,0.41932821216746646,0.18138644827296221,10.539999961853027,0.5765567159735292,0.35577456464729,9.890000343322754
2025-09-18,0.3604969810507005,0.3236667732019668,10.25,0.6754394026943608,0.3281806630006353,10.270000457763672,-0.1785489719644452,0.26344814540610234,10.399999618530272,0.12965707489705477,0.17341810368159075,10.359999656677246,0.5700639874801413,0.19464397156100435,9.970000267028809
2025-09-19,0.36785274558399,0.3126107166194394,9.890000343322754,0.3604969810507005,0.3236667732019668,10.25,0.6754394026943608,0.3281806630006353,10.270000457763672,0.4329658895022681,0.1557472450212845,10.119999885559082,0.5535006993057185,0.30194237443286925,10.5600004196167
2025-09-22,-0.3804835755133983,0.4345735992329821,9.970000267028809,0.36785274558399,0.3126107166194394,9.890000343322754,0.3604969810507005,0.3236667732019668,10.25,-0.1785489719644452,0.26344814540610234,10.399999618530272,0.538509751884409,0.36677525158433055,10.630000114440918
2025-09-23,-0.49357967470806197,0.5132637839389985,10.5600004196167,-0.3804835755133983,0.4345735992329821,9.970000267028809,0.36785274558399,0.3126107166194394,9.890000343322754,0.6754394026943608,0.3281806630006353,10.270000457763672,0.5681391794477796,0.3744862390883555,10.520000457763672
2025-09-24,-0.13042846068432992,0.40479101600755407,10.630000114440918,-0.49357967470806197,0.5132637839389985,10.5600004196167,-0.3804835755133983,0.4345735992329821,9.970000267028809,0.3604969810507005,0.3236667732019668,10.25,0.6109980188518837,0.7141293809916146,10.779999732971191
2025-09-25,-0.44836897383111457,0.35577456464729,10.520000457763672,-0.13042846068432992,0.40479101600755407,10.630000114440918,-0.49357967470806197,0.5132637839389985,10.5600004196167,0.36785274558399,0.3126107166194394,9.890000343322754,0.6010012385281356,0.6724027289138041,11.43000030517578
2025-09-26,-0.6649003929024595,0.19464397156100435,10.779999732971191,-0.44836897383111457,0.35577456464729,10.520000457763672,-0.13042846068432992,0.40479101600755407,10.630000114440918,-0.3804835755133983,0.4345735992329821,9.970000267028809,0.6345312349835579,0.4636659389292323,11.369999885559082
2025-09-29,-0.9532730366893805,0.30194237443286925,11.43000030517578,-0.6649003929024595,0.19464397156100435,10.779999732971191,-0.44836897383111457,0.35577456464729,10.520000457763672,-0.49357967470806197,0.5132637839389985,10.5600004196167,0.695574452821747,0.4249836093872526,11.06999969482422
2025-09-30,-0.08033674181471517,0.36677525158433055,11.369999885559082,-0.9532730366893805,0.30194237443286925,11.43000030517578,-0.6649003929024595,0.19464397156100435,10.779999732971191,-0.13042846068432992,0.40479101600755407,10.630000114440918,0.7926860690643727,0.47038650859142234,10.289999961853027
2025-10-01,-0.09666077692868598,0.3744862390883555,11.06999969482422,-0.08033674181471517,0.36677525158433055,11.369999885559082,-0.9532730366893805,0.30194237443286925,11.43000030517578,-0.44836897383111457,0.35577456464729,10.520000457763672,0.7604567116548342,0.38061429420205595,10.0600004196167
2025-10-03,0.9108779315782467,0.7141293809916146,10.289999961853027,-0.09666077692868598,0.3744862390883555,11.06999969482422,-0.08033674181471517,0.36677525158433055,11.369999885559082,-0.6649003929024595,0.19464397156100435,10.779999732971191,0.733193860929,0.38382352603637143,10.1899995803833
2025-10-06,0.23305289834215856,0.6724027289138041,10.0600004196167,0.9108779315782467,0.7141293809916146,10.289999961853027,-0.09666077692868598,0.3744862390883555,11.06999969482422,-0.9532730366893805,0.30194237443286925,11.43000030517578,0.72121682671771,0.35999415052468875,10.050000190734863
2025-10-07,0.7340173682814145,0.4636659389292323,10.1899995803833,0.23305289834215856,0.6724027289138041,10.0600004196167,0.9108779315782467,0.7141293809916146,10.289999961853027,-0.08033674181471517,0.36677525158433055,11.369999885559082,0.6877489698791907,0.4109542914583684,10.3100004196167
2025-10-08,0.12214730903828323,0.4249836093872526,10.050000190734863,0.7340173682814145,0.4636659389292323,10.1899995803833,0.23305289834215856,0.6724027289138041,10.0600004196167,-0.09666077692868598,0.3744862390883555,11.06999969482422,0.6738235450608292,0.4673598322436391,10.119999885559082
2025-10-09,-0.24783611817054724,0.47038650859142234,10.3100004196167,0.12214730903828323,0.4249836093872526,10.050000190734863,0.7340173682814145,0.4636659389292323,10.1899995803833,0.9108779315782467,0.7141293809916146,10.289999961853027,0.640809117809083,0.5866510872803798,10.100000381469728
2025-10-10,0.5401403691044332,0.38061429420205595,10.119999885559082,-0.24783611817054724,0.47038650859142234,10.3100004196167,0.12214730903828323,0.4249836093872526,10.050000190734863,0.23305289834215856,0.6724027289138041,10.0600004196167,0.643642830293744,0.5905677016100136,11.010000228881836
2025-10-13,0.41036187949703085,0.38382352603637143,10.100000381469728,0.5401403691044332,0.38061429420205595,10.119999885559082,-0.24783611817054724,0.47038650859142234,10.3100004196167,0.7340173682814145,0.4636659389292323,10.1899995803833,0.6270009388786391,0.5002276093884913,11.15999984741211
2025-10-14,-0.22964532241035665,0.35999415052468875,11.010000228881836,0.41036187949703085,0.38382352603637143,10.100000381469728,0.5401403691044332,0.38061429420205595,10.119999885559082,0.12214730903828323,0.4249836093872526,10.050000190734863,0.6074280530341705,0.3393705794970777,10.529999732971191
2025-10-15,-0.324975386715273,0.4109542914583684,11.15999984741211,-0.22964532241035665,0.35999415052468875,11.010000228881836,0.41036187949703085,0.38382352603637143,10.100000381469728,-0.24783611817054724,0.47038650859142234,10.3100004196167,0.61072355271147,0.3855487853911145,10.869999885559082
2025-10-16,0.7055869574947451,0.4673598322436391,10.529999732971191,-0.324975386715273,0.4109542914583684,11.15999984741211,-0.22964532241035665,0.35999415052468875,11.010000228881836,0.5401403691044332,0.38061429420205595,10.119999885559082,0.6264828104539922,0.36261917942943417,11.630000114440918
2025-10-17,1.0283174673804387,0.5866510872803798,10.869999885559082,0.7055869574947451,0.4673598322436391,10.529999732971191,-0.324975386715273,0.4109542914583684,11.15999984741211,0.41036187949703085,0.38382352603637143,10.100000381469728,0.6168558548870381,0.4071254793608491,11.359999656677246
2025-10-20,0.48561734175648985,0.5905677016100136,11.630000114440918,1.0283174673804387,0.5866510872803798,10.869999885559082,0.7055869574947451,0.4673598322436391,10.529999732971191,-0.22964532241035665,0.35999415052468875,11.010000228881836,0.6190634829819541,0.38066108768474916,11.300000190734863
2025-10-21,0.5171418863233327,0.5002276093884913,11.359999656677246,0.48561734175648985,0.5905677016100136,11.630000114440918,1.0283174673804387,0.5866510872803798,10.869999885559082,-0.324975386715273,0.4109542914583684,11.15999984741211,0.6026625024816129,0.41799518482546516,11.729999542236328
2025-10-23,0.09842722709860459,0.3393705794970777,11.300000190734863,0.5171418863233327,0.5002276093884913,11.359999656677246,0.48561734175648985,0.5905677016100136,11.630000114440918,0.7055869574947451,0.4673598322436391,10.529999732971191,0.5886785028187306,0.5594997413909948,11.59000015258789
2025-10-24,0.08810194252249848,0.3855487853911145,11.729999542236328,0.09842722709860459,0.3393705794970777,11.300000190734863,0.5171418863233327,0.5002276093884913,11.359999656677246,1.0283174673804387,0.5866510872803798,10.869999885559082,0.5619498000784056,0.6046378398531919,11.859999656677246
2025-10-27,-0.37243774174138417,0.36261917942943417,11.59000015258789,0.08810194252249848,0.3855487853911145,11.729999542236328,0.09842722709860459,0.3393705794970777,11.300000190734863,0.48561734175648985,0.5905677016100136,11.630000114440918,0.5370235503339899,0.4861115545182243,11.949999809265137
2025-10-28,0.660344071508198,0.4071254793608491,11.859999656677246,-0.37243774174138417,0.36261917942943417,11.59000015258789,0.08810194252249848,0.3855487853911145,11.729999542236328,0.5171418863233327,0.5002276093884913,11.359999656677246,0.5656645639749772,0.5305379653202584,11.970000267028809
2025-10-29,-0.11502994876563521,0.38066108768474916,11.949999809265137,0.660344071508198,0.4071254793608491,11.859999656677246,-0.37243774174138417,0.36261917942943417,11.59000015258789,0.09842722709860459,0.3393705794970777,11.300000190734863,0.559549125452635,0.3512276127495648,12.06999969482422
2025-10-30,0.4527837947802368,0.41799518482546516,11.970000267028809,-0.11502994876563521,0.38066108768474916,11.949999809265137,0.660344071508198,0.4071254793608491,11.859999656677246,0.08810194252249848,0.3855487853911145,11.729999542236328,0.5517854601165787,0.3460142048115728,12.149999618530272
2025-10-31,-0.6780108726120027,0.5594997413909948,12.06999969482422,0.4527837947802368,0.41799518482546516,11.970000267028809,-0.11502994876563521,0.38066108768474916,11.949999809265137,-0.37243774174138417,0.36261917942943417,11.59000015258789,0.5397768618196126,0.3879471392037225,12.670000076293944
2025-11-03,-0.6036845980053782,0.6046378398531919,12.149999618530272,-0.6780108726120027,0.5594997413909948,12.06999969482422,0.4527837947802368,0.41799518482546516,11.970000267028809,0.660344071508198,0.4071254793608491,11.859999656677246,0.6121500427976098,0.4609499736509824,12.649999618530272
2025-11-04,0.16023948300849922,0.4861115545182243,12.670000076293944,-0.6036845980053782,0.6046378398531919,12.149999618530272,-0.6780108726120027,0.5594997413909948,12.06999969482422,-0.11502994876563521,0.38066108768474916,11.949999809265137,0.6665699232132548,0.4201258593005308,12.40999984741211
2025-11-06,-0.6452358545521922,0.5305379653202584,12.649999618530272,0.16023948300849922,0.4861115545182243,12.670000076293944,-0.6036845980053782,0.6046378398531919,12.149999618530272,0.4527837947802368,0.41799518482546516,11.970000267028809,0.6354164225609602,0.3193091651486211,12.5600004196167
2025-11-07,-0.34418242922323405,0.3512276127495648,12.40999984741211,-0.6452358545521922,0.5305379653202584,12.649999618530272,0.16023948300849922,0.4861115545182243,12.670000076293944,-0.6780108726120027,0.5594997413909948,12.06999969482422,0.6935403679218712,0.2750035727011272,12.300000190734863
2025-11-10,-0.06822649376453303,0.3460142048115728,12.5600004196167,-0.34418242922323405,0.3512276127495648,12.40999984741211,-0.6452358545521922,0.5305379653202584,12.649999618530272,-0.6036845980053782,0.6046378398531919,12.149999618530272,0.7045139410644079,0.2768871008072504,12.489999771118164
2025-11-11,0.32134043686110675,0.3879471392037225,12.300000190734863,-0.06822649376453303,0.3460142048115728,12.5600004196167,-0.34418242922323405,0.3512276127495648,12.40999984741211,0.16023948300849922,0.4861115545182243,12.670000076293944,0.6785769189857133,0.4136975596105532,12.109999656677246
2025-11-12,0.4704563337770722,0.4609499736509824,12.489999771118164,0.32134043686110675,0.3879471392037225,12.300000190734863,-0.06822649376453303,0.3460142048115728,12.5600004196167,-0.6452358545521922,0.5305379653202584,12.649999618530272,0.651694952999931,0.3674588505879842,12.15999984741211
2025-11-13,0.7013755040664785,0.4201258593005308,12.109999656677246,0.4704563337770722,0.4609499736509824,12.489999771118164,0.32134043686110675,0.3879471392037225,12.300000190734863,-0.34418242922323405,0.3512276127495648,12.40999984741211,0.6320448904797944,0.3964986977848678,11.9399995803833
2025-11-14,0.012944111834060272,0.3193091651486211,12.15999984741211,0.7013755040664785,0.4201258593005308,12.109999656677246,0.4704563337770722,0.4609499736509824,12.489999771118164,-0.06822649376453303,0.3460142048115728,12.5600004196167,0.6218052915592152,0.5135295386747251,11.789999961853027
2025-11-17,0.11933141887742221,0.2750035727011272,11.9399995803833,0.012944111834060272,0.3193091651486211,12.15999984741211,0.7013755040664785,0.4201258593005308,12.109999656677246,0.32134043686110675,0.3879471392037225,12.300000190734863,0.592635037123716,0.532932121983575,12.100000381469728
2025-11-18,0.3982727442351947,0.2768871008072504,11.789999961853027,0.11933141887742221,0.2750035727011272,11.9399995803833,0.012944111834060272,0.3193091651486211,12.15999984741211,0.4704563337770722,0.4609499736509824,12.489999771118164,0.5662717239915662,0.5165280159775308,11.970000267028809
2025-11-19,-0.3982727442351953,0.4136975596105532,12.100000381469728,0.3982727442351947,0.2768871008072504,11.789999961853027,0.11933141887742221,0.2750035727011272,11.9399995803833,0.7013755040664785,0.4201258593005308,12.109999656677246,0.5512749629255341,0.743961984226457,12.140000343322754
2025-11-20,0.5488550984983714,0.3674588505879842,11.970000267028809,-0.3982727442351953,0.4136975596105532,12.100000381469728,0.3982727442351947,0.2768871008072504,11.789999961853027,0.012944111834060272,0.3193091651486211,12.15999984741211,0.5822660964540605,0.7065641121056608,13.630000114440918
2025-11-21,0.5340256999340203,0.3964986977848678,12.140000343322754,0.5488550984983714,0.3674588505879842,11.970000267028809,-0.3982727442351953,0.4136975596105532,12.100000381469728,0.11933141887742221,0.2750035727011272,11.9399995803833,0.5710251090277925,0.6562084694209147,13.239999771118164
2025-11-24,-0.47454848460117444,0.5135295386747251,13.630000114440918,0.5340256999340203,0.3964986977848678,12.140000343322754,0.5488550984983714,0.3674588505879842,11.970000267028809,0.3982727442351947,0.2768871008072504,11.789999961853027,0.5602004747343586,0.6071128916984331,12.239999771118164
2025-11-25,-0.41766463699224304,0.532932121983575,13.239999771118164,-0.47454848460117444,0.5135295386747251,13.630000114440918,0.5340256999340203,0.3964986977848678,12.140000343322754,-0.3982727442351953,0.4136975596105532,12.100000381469728,0.601089477172849,0.6646185316859266,11.970000267028809
2025-11-26,-0.2881677226487561,0.5165280159775308,12.239999771118164,-0.41766463699224304,0.532932121983575,13.239999771118164,-0.47454848460117444,0.5135295386747251,13.630000114440918,0.5488550984983714,0.3674588505879842,11.970000267028809,0.6303575801881307,0.22767535638806058,11.789999961853027
2025-11-27,1.230575617487789,0.743961984226457,11.970000267028809,-0.2881677226487561,0.5165280159775308,12.239999771118164,-0.41766463699224304,0.532932121983575,13.239999771118164,0.5340256999340203,0.3964986977848678,12.140000343322754,0.6394605444351337,0.26641586368415415,11.619999885559082
2025-11-28,0.03910657620054032,0.7065641121056608,11.789999961853027,1.230575617487789,0.743961984226457,11.970000267028809,-0.2881677226487561,0.5165280159775308,12.239999771118164,-0.47454848460117444,0.5135295386747251,13.630000114440918,0.646713424438149,0.4241714701880439,11.630000114440918
2025-12-01,-0.04808059270205712,0.6562084694209147,11.619999885559082,0.03910657620054032,0.7065641121056608,11.789999961853027,1.230575617487789,0.743961984226457,11.970000267028809,-0.41766463699224304,0.532932121983575,13.239999771118164,0.61327525418788,0.5753337791835331,11.229999542236328
2025-12-02,-0.1038560391932615,0.6071128916984331,11.630000114440918,-0.04808059270205712,0.6562084694209147,11.619999885559082,0.03910657620054032,0.7065641121056608,11.789999961853027,-0.2881677226487561,0.5165280159775308,12.239999771118164,0.5925193423818,0.5624918641526829,11.210000038146973
2025-12-03,-0.5499206353098098,0.6646185316859266,11.229999542236328,-0.1038560391932615,0.6071128916984331,11.630000114440918,-0.04808059270205712,0.6562084694209147,11.619999885559082,1.230575617487789,0.743961984226457,11.970000267028809,0.5806199279237796,0.5676946910190952,10.81999969482422
2025-12-04,-0.17762718275890194,0.22767535638806058,11.210000038146973,-0.5499206353098098,0.6646185316859266,11.229999542236328,-0.1038560391932615,0.6071128916984331,11.630000114440918,0.03910657620054032,0.7065641121056608,11.789999961853027,0.6303392248676116,0.6427749410597846,10.31999969482422
2025-12-05,0.18358417105443497,0.26641586368415415,10.81999969482422,-0.17762718275890194,0.22767535638806058,11.210000038146973,-0.5499206353098098,0.6646185316859266,11.229999542236328,-0.04808059270205712,0.6562084694209147,11.619999885559082,0.6248480986417171,0.6391846450758224,11.130000114440918
2025-12-08,0.584829840789691,0.4241714701880439,10.31999969482422,0.18358417105443497,0.26641586368415415,10.81999969482422,-0.17762718275890194,0.22767535638806058,11.210000038146973,-0.1038560391932615,0.6071128916984331,11.630000114440918,0.5979552180455044,0.48299932405907536,10.949999809265137
2025-12-09,-0.8663963433110109,0.5753337791835331,11.130000114440918,0.584829840789691,0.4241714701880439,10.31999969482422,0.18358417105443497,0.26641586368415415,10.81999969482422,-0.5499206353098098,0.6646185316859266,11.229999542236328,0.5866359512672575,0.5344495093804484,10.90999984741211
2025-12-10,-0.4667959097577137,0.5624918641526829,10.949999809265137,-0.8663963433110109,0.5753337791835331,11.130000114440918,0.584829840789691,0.4241714701880439,10.31999969482422,-0.17762718275890194,0.22767535638806058,11.210000038146973,0.6825945706636467,0.5144076333550733,10.399999618530272
2025-12-11,-0.3164890577820058,0.5676946910190952,10.90999984741211,-0.4667959097577137,0.5624918641526829,10.949999809265137,-0.8663963433110109,0.5753337791835331,11.130000114440918,0.18358417105443497,0.26641586368415415,10.81999969482422,0.7111802840758523,0.4338454504014861,10.109999656677246
2025-12-12,0.5441754277616313,0.6427749410597846,10.399999618530272,-0.3164890577820058,0.5676946910190952,10.90999984741211,-0.4667959097577137,0.5624918641526829,10.949999809265137,0.584829840789691,0.4241714701880439,10.31999969482422,0.7168666178306703,0.43798323031426944,10.25
2025-12-15,0.5713636069081682,0.6391846450758224,10.109999656677246,0.5441754277616313,0.6427749410597846,10.399999618530272,-0.3164890577820058,0.5676946910190952,10.90999984741211,-0.8663963433110109,0.5753337791835331,11.130000114440918,0.6940457255940996,0.5795287253016405,10.0600004196167
2025-12-16,-0.0754631643564004,0.48299932405907536,10.25,0.5713636069081682,0.6391846450758224,10.109999656677246,0.5441754277616313,0.6427749410597846,10.399999618530272,-0.4667959097577137,0.5624918641526829,10.949999809265137,0.674123237390573,0.41629995300124006,9.84000015258789
2025-12-17,-0.6444791966669916,0.5344495093804484,10.0600004196167,-0.0754631643564004,0.48299932405907536,10.25,0.5713636069081682,0.6391846450758224,10.109999656677246,-0.3164890577820058,0.5676946910190952,10.90999984741211,0.65172896411515,0.409911174432218,9.710000038146973
2025-12-18,-0.16079691231565724,0.5144076333550733,9.84000015258789,-0.6444791966669916,0.5344495093804484,10.0600004196167,-0.0754631643564004,0.48299932405907536,10.25,0.5441754277616313,0.6427749410597846,10.399999618530272,0.7081445108120775,0.49383897443657726,9.520000457763672
2025-12-19,-0.011620227379163035,0.4338454504014861,9.710000038146973,-0.16079691231565724,0.5144076333550733,9.84000015258789,-0.6444791966669916,0.5344495093804484,10.0600004196167,0.5713636069081682,0.6391846450758224,10.109999656677246,0.6937298805658223,0.48369892498609834,9.68000030517578
2025-12-22,0.5826355812965195,0.43798323031426944,9.520000457763672,-0.011620227379163035,0.4338454504014861,9.710000038146973,-0.16079691231565724,0.5144076333550733,9.84000015258789,-0.0754631643564004,0.48299932405907536,10.25,0.6615816975249071,0.195356281086593,9.380000114440918
2025-12-23,0.7902025701908331,0.5795287253016405,9.68000030517578,0.5826355812965195,0.43798323031426944,9.520000457763672,-0.011620227379163035,0.4338454504014861,9.710000038146973,-0.6444791966669916,0.5344495093804484,10.0600004196167,0.6448353276033434,0.45914230399670314,9.1899995803833
2025-12-24,0.018147242687454733,0.41629995300124006,9.380000114440918,0.7902025701908331,0.5795287253016405,9.68000030517578,0.5826355812965195,0.43798323031426944,9.520000457763672,-0.16079691231565724,0.5144076333550733,9.84000015258789,0.6365132640617944,0.5714537967040872,9.149999618530272
2025-12-26,-0.13398810760412455,0.409911174432218,9.1899995803833,0.018147242687454733,0.41629995300124006,9.380000114440918,0.7902025701908331,0.5795287253016405,9.68000030517578,-0.011620227379163035,0.4338454504014861,9.710000038146973,0.6054723612949148,0.5529421927835745,9.720000267028809
2025-12-29,-0.3824857583702019,0.49383897443657726,9.149999618530272,-0.13398810760412455,0.409911174432218,9.1899995803833,0.018147242687454733,0.41629995300124006,9.380000114440918,0.5826355812965195,0.43798323031426944,9.520000457763672,0.5963980352186495,0.5269459226743062,9.68000030517578
2025-12-30,-0.3855052485607953,0.48369892498609834,9.720000267028809,-0.3824857583702019,0.49383897443657726,9.149999618530272,-0.13398810760412455,0.409911174432218,9.1899995803833,0.7902025701908331,0.5795287253016405,9.68000030517578,0.6212421953001415,0.5422625784948414,9.479999542236328
2025-12-31,-0.012528683662081574,0.195356281086593,9.68000030517578,-0.3855052485607953,0.48369892498609834,9.720000267028809,-0.3824857583702019,0.49383897443657726,9.149999618530272,0.018147242687454733,0.41629995300124006,9.380000114440918,0.6442939170244338,0.6324916792812716,9.449999809265137
2026-01-02,0.7326926621050068,0.45914230399670314,9.479999542236328,-0.012528683662081574,0.195356281086593,9.68000030517578,-0.3855052485607953,0.48369892498609834,9.720000267028809,-0.13398810760412455,0.409911174432218,9.1899995803833,0.6164568905800313,0.3694890975500811,10.020000457763672
2026-01-05,0.7585175012027261,0.5714537967040872,9.449999809265137,0.7326926621050068,0.45914230399670314,9.479999542236328,-0.012528683662081574,0.195356281086593,9.68000030517578,-0.3824857583702019,0.49383897443657726,9.149999618530272,0.608592570116436,0.5559470260227313,10.020000457763672
2026-01-06,-0.2976484097528138,0.5529421927835745,10.020000457763672,0.7585175012027261,0.5714537967040872,9.449999809265137,0.7326926621050068,0.45914230399670314,9.479999542236328,-0.3855052485607953,0.48369892498609834,9.720000267028809,0.6022652424359753,0.5581046186019151,9.949999809265137
2026-01-07,-0.2731374125568399,0.5269459226743062,10.020000457763672,-0.2976484097528138,0.5529421927835745,10.020000457763672,0.7585175012027261,0.5714537967040872,9.449999809265137,-0.012528683662081574,0.195356281086593,9.68000030517578,0.6150760815679946,0.5501963753023265,10.600000381469728
2026-01-08,-0.14506737349826562,0.5422625784948414,9.949999809265137,-0.2731374125568399,0.5269459226743062,10.020000457763672,-0.2976484097528138,0.5529421927835745,10.020000457763672,0.7326926621050068,0.45914230399670314,9.479999542236328,0.6234976289815063,0.4377947297406652,10.93000030517578
2026-01-09,-1.0146667926064248,0.6324916792812716,10.600000381469728,-0.14506737349826562,0.5422625784948414,9.949999809265137,-0.2731374125568399,0.5269459226743062,10.020000457763672,0.7585175012027261,0.5714537967040872,9.449999809265137,0.6143491881023779,0.33700846321952116,11.369999885559082
2026-01-12,-0.7507725861466694,0.3694890975500811,10.93000030517578,-1.0146667926064248,0.6324916792812716,10.600000381469728,-0.14506737349826562,0.5422625784948414,9.949999809265137,-0.2976484097528138,0.5529421927835745,10.020000457763672,0.7301165718642585,0.5667507646780141,11.199999809265137
2026-01-13,0.415550786875295,0.5559470260227313,11.369999885559082,-0.7507725861466694,0.3694890975500811,10.93000030517578,-1.0146667926064248,0.6324916792812716,10.600000381469728,-0.2731374125568399,0.5269459226743062,10.020000457763672,0.7938841654326643,0.5608413515053176,11.31999969482422
2026-01-14,-0.22494710493611692,0.5581046186019151,11.199999809265137,0.415550786875295,0.5559470260227313,11.369999885559082,-0.7507725861466694,0.3694890975500811,10.93000030517578,-0.14506737349826562,0.5422625784948414,9.949999809265137,0.75994821112999,0.7162616279825579,11.369999885559082
2026-01-16,-0.2595483815978393,0.5501963753023265,11.31999969482422,-0.22494710493611692,0.5581046186019151,11.199999809265137,0.415550786875295,0.5559470260227313,11.369999885559082,-1.0146667926064248,0.6324916792812716,10.600000381469728,0.7491993879437565,0.7241781758524749,11.829999923706056
2026-01-19,0.11195495104741854,0.4377947297406652,11.369999885559082,-0.2595483815978393,0.5501963753023265,11.31999969482422,-0.22494710493611692,0.5581046186019151,11.199999809265137,-0.7507725861466694,0.3694890975500811,10.93000030517578,0.7439352198477873,0.8581379071330899,12.729999542236328
2026-01-20,-0.42453234042252563,0.33700846321952116,11.829999923706056,0.11195495104741854,0.4377947297406652,11.369999885559082,-0.2595483815978393,0.5501963753023265,11.31999969482422,0.415550786875295,0.5559470260227313,11.369999885559082,0.7045257384450212,0.6961666219858397,13.779999732971191
2026-01-21,-1.3892938636022807,0.5667507646780141,12.729999542236328,-0.42453234042252563,0.33700846321952116,11.829999923706056,0.11195495104741854,0.4377947297406652,11.369999885559082,-0.22494710493611692,0.5581046186019151,11.199999809265137,0.7253129111650329,0.664136660358954,13.350000381469728
2026-01-22,-0.29767833055262705,0.5608413515053176,13.779999732971191,-1.3892938636022807,0.5667507646780141,12.729999542236328,-0.42453234042252563,0.33700846321952116,11.829999923706056,-0.2595483815978393,0.5501963753023265,11.31999969482422,0.8866084416344074,0.679984422559154,14.1899995803833
2026-01-23,0.5249059162526262,0.7162616279825579,13.350000381469728,-0.29767833055262705,0.5608413515053176,13.779999732971191,-1.3892938636022807,0.5667507646780141,12.729999542236328,0.11195495104741854,0.4377947297406652,11.369999885559082,0.8734650816674374,0.6666685651443875,14.449999809265137
2026-01-27,-0.9585172530157553,0.7241781758524749,14.1899995803833,0.5249059162526262,0.7162616279825579,13.350000381469728,-0.29767833055262705,0.5608413515053176,13.779999732971191,-0.42453234042252563,0.33700846321952116,11.829999923706056,0.8358042707310559,1.314853731999299,13.529999732971191
2026-01-28,0.5047393315369513,0.8581379071330899,14.449999809265137,-0.9585172530157553,0.7241781758524749,14.1899995803833,0.5249059162526262,0.7162616279825579,13.350000381469728,-1.3892938636022807,0.5667507646780141,12.729999542236328,0.9182815282504556,1.31134254728206,13.369999885559082
2026-01-29,0.6625350304204862,0.6961666219858397,13.529999732971191,0.5047393315369513,0.8581379071330899,14.449999809265137,-0.9585172530157553,0.7241781758524749,14.1899995803833,-0.29767833055262705,0.5608413515053176,13.779999732971191,0.8757385878709254,1.3672731501997937,13.630000114440918
2026-01-30,0.30003141018364643,0.664136660358954,13.369999885559082,0.6625350304204862,0.6961666219858397,13.529999732971191,0.5047393315369513,0.8581379071330899,14.449999809265137,0.5249059162526262,0.7162616279825579,13.350000381469728,0.8423995868783115,1.3316431003536722,13.869999885559082
2026-02-02,-0.3872723399525638,0.679984422559154,13.630000114440918,0.30003141018364643,0.664136660358954,13.369999885559082,0.6625350304204862,0.6961666219858397,13.529999732971191,-0.9585172530157553,0.7241781758524749,14.1899995803833,0.8002555967083038,1.146266180209021,12.899999618530272
2026-02-03,-0.9214680291214481,0.6666685651443875,13.869999885559082,-0.3872723399525638,0.679984422559154,13.630000114440918,0.30003141018364643,0.664136660358954,13.369999885559082,0.5047393315369513,0.8581379071330899,14.449999809265137,0.8070866034945834,0.4289610367306885,12.25
2026-02-04,2.515682904983992,1.314853731999299,12.899999618530272,-0.9214680291214481,0.6666685651443875,13.869999885559082,-0.3872723399525638,0.679984422559154,13.630000114440918,0.6625350304204862,0.6961666219858397,13.529999732971191,0.8873259644134567,0.43024584331029414,12.170000076293944
2026-02-05,0.18813938963879184,1.31134254728206,12.25,2.515682904983992,1.314853731999299,12.899999618530272,-0.9214680291214481,0.6666685651443875,13.869999885559082,0.30003141018364643,0.664136660358954,13.369999885559082,0.9163176245700064,0.4488848761295489,11.9399995803833
2026-02-06,-0.5180965509696234,1.3672731501997937,12.170000076293944,0.18813938963879184,1.31134254728206,12.25,2.515682904983992,1.314853731999299,12.899999618530272,-0.3872723399525638,0.679984422559154,13.630000114440918,0.8636519386606548,0.7770764545176898,12.1899995803833
2026-02-09,0.1982934332408332,1.3316431003536722,11.9399995803833,-0.5180965509696234,1.3672731501997937,12.170000076293944,0.18813938963879184,1.31134254728206,12.25,-0.9214680291214481,0.6666685651443875,13.869999885559082,0.8818419864178023,0.820915370330462,11.670000076293944
2026-02-10,0.6733857702297746,1.146266180209021,12.1899995803833,0.1982934332408332,1.3316431003536722,11.9399995803833,-0.5180965509696234,1.3672731501997937,12.170000076293944,2.515682904983992,1.314853731999299,12.899999618530272,0.8327373126956317,0.8101193114159749,11.550000190734863
2026-02-11,0.26195535786092045,0.4289610367306885,11.670000076293944,0.6733857702297746,1.146266180209021,12.1899995803833,0.1982934332408332,1.3316431003536722,11.9399995803833,0.18813938963879184,1.31134254728206,12.25,0.803761413532295,0.8412421135952987,11.729999542236328
2026-02-12,0.07207392533858181,0.43024584331029414,11.550000190734863,0.26195535786092045,0.4289610367306885,11.670000076293944,0.6733857702297746,1.146266180209021,12.1899995803833,-0.5180965509696234,1.3672731501997937,12.170000076293944,0.7639006154954708,1.0261196530097974,13.289999961853027
2026-02-13,-0.5666453301894332,0.4488848761295489,11.729999542236328,0.07207392533858181,0.43024584331029414,11.550000190734863,0.26195535786092045,0.4289610367306885,11.670000076293944,0.1982934332408332,1.3316431003536722,11.9399995803833,0.7214327900103127,0.8734162020025485,13.329999923706056
2026-02-16,-1.3109031702560043,0.7770764545176898,13.289999961853027,-0.5666453301894332,0.4488848761295489,11.729999542236328,0.07207392533858181,0.43024584331029414,11.550000190734863,0.6733857702297746,1.146266180209021,12.1899995803833,0.7601116143696937,0.8216247821452217,12.670000076293944
2026-02-17,0.8275099528577884,0.820915370330462,13.329999923706056,-1.3109031702560043,0.7770764545176898,13.289999961853027,-0.5666453301894332,0.4488848761295489,11.729999542236328,0.26195535786092045,0.4289610367306885,11.670000076293944,0.9044386169458448,0.9579602527001153,12.220000267028809
2026-02-18,0.16592855446634625,0.8101193114159749,12.670000076293944,0.8275099528577884,0.820915370330462,13.329999923706056,-1.3109031702560043,0.7770764545176898,13.289999961853027,0.07207392533858181,0.43024584331029414,11.550000190734863,0.8738505911751996,0.9382412238330022,13.460000038146973
2026-02-19,0.36453498285502695,0.8412421135952987,12.220000267028809,0.16592855446634625,0.8101193114159749,12.670000076293944,0.8275099528577884,0.820915370330462,13.329999923706056,-0.5666453301894332,0.4488848761295489,11.729999542236328,0.8244401404240418,0.6776001708664373,14.359999656677246
2026-02-20,-1.4237559265090531,1.0261196530097974,13.460000038146973,0.36453498285502695,0.8412421135952987,12.220000267028809,0.16592855446634625,0.8101193114159749,12.670000076293944,-1.3109031702560043,0.7770764545176898,13.289999961853027,0.7860514829115206,0.8257624415955038,14.170000076293944
2026-02-23,0.458203709696536,0.8734162020025485,14.359999656677246,-1.4237559265090531,1.0261196530097974,13.460000038146973,0.36453498285502695,0.8412421135952987,12.220000267028809,0.8275099528577884,0.820915370330462,13.329999923706056,0.9448075301372408,0.7449016358598556,14.149999618530272
2026-02-24,0.552802706402003,0.8216247821452217,14.170000076293944,0.458203709696536,0.8734162020025485,14.359999656677246,-1.4237559265090531,1.0261196530097974,13.460000038146973,0.16592855446634625,0.8101193114159749,12.670000076293944,0.8982160823295079,0.831652088782938,13.489999771118164
2026-02-25,-1.1277509359324958,0.9579602527001153,14.149999618530272,0.552802706402003,0.8216247821452217,14.170000076293944,0.458203709696536,0.8734162020025485,14.359999656677246,0.36453498285502695,0.8412421135952987,12.220000267028809,0.8591478737797387,1.150567379318965,13.0600004196167
2026-02-26,0.22727508349003556,0.9382412238330022,13.489999771118164,-1.1277509359324958,0.9579602527001153,14.149999618530272,0.552802706402003,0.8216247821452217,14.170000076293944,-1.4237559265090531,1.0261196530097974,13.460000038146973,0.9637478471330844,1.1238809124167815,13.699999809265137
2026-02-27,0.0551237474627977,0.6776001708664373,13.0600004196167,0.22727508349003556,0.9382412238330022,13.489999771118164,-1.1277509359324958,0.9579602527001153,14.149999618530272,0.458203709696536,0.8734162020025485,14.359999656677246,0.9078381027271052,1.1884563467353375,17.1299991607666
2026-03-02,-1.25467508213512,0.8257624415955038,13.699999809265137,0.0551237474627977,0.6776001708664373,13.0600004196167,0.22727508349003556,0.9382412238330022,13.489999771118164,0.552802706402003,0.8216247821452217,14.170000076293944,0.851674637774276,1.430648161754986,21.13999938964844
2026-03-04,-1.2507116341135642,0.7449016358598556,17.1299991607666,-1.25467508213512,0.8257624415955038,13.699999809265137,0.0551237474627977,0.6776001708664373,13.0600004196167,-1.1277509359324958,0.9579602527001153,14.149999618530272,0.9761008415477304,1.4458051896523234,17.860000610351562
2026-03-05,-1.5612430100429393,0.831652088782938,21.13999938964844,-1.2507116341135642,0.7449016358598556,17.1299991607666,-1.25467508213512,0.8257624415955038,13.699999809265137,0.22727508349003556,0.9382412238330022,13.489999771118164,1.085175976000973,1.1056123847622716,19.8799991607666
2026-03-06,1.1590840491558407,1.150567379318965,17.860000610351562,-1.5612430100429393,0.831652088782938,21.13999938964844,-1.2507116341135642,0.7449016358598556,17.1299991607666,0.0551237474627977,0.6776001708664373,13.0600004196167,1.226831259905197,1.2217863790462995,23.36000061035156
2026-03-09,-1.2819134056590225,1.1238809124167815,19.8799991607666,1.1590840491558407,1.150567379318965,17.860000610351562,-1.5612430100429393,0.831652088782938,21.13999938964844,-1.25467508213512,0.8257624415955038,13.699999809265137,1.1749695873511043,1.47984877362854,18.90999984741211
2026-03-10,-1.7426658301668632,1.1884563467353375,23.36000061035156,-1.2819134056590225,1.1238809124167815,19.8799991607666,1.1590840491558407,1.150567379318965,17.860000610351562,-1.2507116341135642,0.7449016358598556,17.1299991607666,1.2651797064564452,1.4236609873843076,21.059999465942383
2026-03-11,0.9672907019832675,1.430648161754986,18.90999984741211,-1.7426658301668632,1.1884563467353375,23.36000061035156,-1.2819134056590225,1.1238809124167815,19.8799991607666,-1.5612430100429393,0.831652088782938,21.13999938964844,1.410828557226432,1.3871214164033725,21.520000457763672
2026-03-12,-1.6404386958885315,1.4458051896523234,21.059999465942383,0.9672907019832675,1.430648161754986,18.90999984741211,-1.7426658301668632,1.1884563467353375,23.36000061035156,1.1590840491558407,1.150567379318965,17.860000610351562,1.3331670156218074,2.0194059860991094,22.649999618530277
2026-03-13,-0.9586198057198514,1.1056123847622716,21.520000457763672,-1.6404386958885315,1.4458051896523234,21.059999465942383,0.9672907019832675,1.430648161754986,18.90999984741211,-1.2819134056590225,1.1238809124167815,19.8799991607666,1.4553755203094283,1.849632957773215,21.600000381469727
2026-03-16,-2.086197367995094,1.2217863790462995,22.649999618530277,-0.9586198057198514,1.1056123847622716,21.520000457763672,-1.6404386958885315,1.4458051896523234,21.059999465942383,-1.7426658301668632,1.1884563467353375,23.36000061035156,1.4688779181980014,2.023440950982257,19.790000915527344
2026-03-17,1.1069774688696974,1.47984877362854,21.600000381469727,-2.086197367995094,1.2217863790462995,22.649999618530277,-0.9586198057198514,1.1056123847622716,21.520000457763672,0.9672907019832675,1.430648161754986,18.90999984741211,1.6383288359902293,2.2543900601187805,18.71999931335449
2026-03-18,0.7335627211391066,1.4236609873843076,19.790000915527344,1.1069774688696974,1.47984877362854,21.600000381469727,-2.086197367995094,1.2217863790462995,22.649999618530277,-1.6404386958885315,1.4458051896523234,21.059999465942383,1.540111931132477,2.41871053591214,22.799999237060547
2026-03-19,0.8304724491583991,1.3871214164033725,18.71999931335449,0.7335627211391066,1.4236609873843076,19.790000915527344,1.1069774688696974,1.47984877362854,21.600000381469727,-0.9586198057198514,1.1056123847622716,21.520000457763672,1.4407998037982803,2.0936172857030786,22.809999465942383
2026-03-20,-3.3164698317604815,2.0194059860991094,22.799999237060547,0.8304724491583991,1.3871214164033725,18.71999931335449,0.7335627211391066,1.4236609873843076,19.790000915527344,-2.086197367995094,1.2217863790462995,22.649999618530277,1.3554658000890345,2.220556988309919,26.729999542236328
2026-03-23,0.4872419427371909,1.849632957773215,22.809999465942383,-3.3164698317604815,2.0194059860991094,22.799999237060547,0.8304724491583991,1.3871214164033725,18.71999931335449,1.1069774688696974,1.47984877362854,21.600000381469727,1.735663124050741,2.0869278356699734,24.739999771118164
2026-03-24,-2.638273543442679,2.023440950982257,26.729999542236328,0.4872419427371909,1.849632957773215,22.809999465942383,-3.3164698317604815,2.0194059860991094,22.799999237060547,0.7335627211391066,1.4236609873843076,19.790000915527344,1.6066058595587345,1.8908646976485606,24.63999938964844
2026-03-25,1.7600874978779453,2.2543900601187805,24.739999771118164,-2.638273543442679,2.023440950982257,26.729999542236328,0.4872419427371909,1.849632957773215,22.809999465942383,0.8304724491583991,1.3871214164033725,18.71999931335449,1.8391218041495456,1.758341114380121,26.799999237060547
2026-03-27,1.7051847001490699,2.41871053591214,24.63999938964844,1.7600874978779453,2.2543900601187805,24.739999771118164,-2.638273543442679,2.023440950982257,26.729999542236328,-3.3164698317604815,2.0194059860991094,22.799999237060547,1.7390862735590635,1.4527760938262317,27.88999938964844
2026-03-30,-2.11103140979646,2.0936172857030786,26.799999237060547,1.7051847001490699,2.41871053591214,24.63999938964844,1.7600874978779453,2.2543900601187805,24.739999771118164,0.4872419427371909,1.849632957773215,22.809999465942383,1.6488239551156476,1.3708652879256982,25.01000022888184
2026-04-01,-2.1626021374847806,2.220556988309919,27.88999938964844,-2.11103140979646,2.0936172857030786,26.799999237060547,1.7051847001490699,2.41871053591214,24.63999938964844,-2.638273543442679,2.023440950982257,26.729999542236328,1.7979682064134577,1.7243095284452867,25.520000457763672
2026-04-02,1.54632634032261,2.0869278356699734,25.01000022888184,-2.1626021374847806,2.220556988309919,27.88999938964844,-2.11103140979646,2.0936172857030786,26.799999237060547,1.7600874978779453,2.2543900601187805,24.739999771118164,1.93470076829758,1.6660362690864465,25.46999931335449
2026-04-06,0.14847926393626723,1.8908646976485606,25.520000457763672,1.54632634032261,2.0869278356699734,25.01000022888184,-2.1626021374847806,2.220556988309919,27.88999938964844,1.7051847001490699,2.41871053591214,24.63999938964844,1.816573180013388,1.8950400052103213,24.700000762939453
2026-04-07,1.117099412238686,1.758341114380121,25.46999931335449,0.14847926393626723,1.8908646976485606,25.520000457763672,1.54632634032261,2.0869278356699734,25.01000022888184,-2.11103140979646,2.0936172857030786,26.799999237060547,1.66756798364536,1.9324844372134053,19.700000762939453
2026-04-08,0.6743092740219248,1.4527760938262317,24.700000762939453,1.117099412238686,1.758341114380121,25.46999931335449,0.14847926393626723,1.8908646976485606,25.520000457763672,-2.1626021374847806,2.220556988309919,27.88999938964844,1.5663844925213015,1.1667333842623488,20.43000030517578
2026-04-09,3.7087471098166422,1.3708652879256982,19.700000762939453,0.6743092740219248,1.4527760938262317,24.700000762939453,1.117099412238686,1.758341114380121,25.46999931335449,1.54632634032261,2.0869278356699734,25.01000022888184,1.4622695380054511,0.9972158597117349,18.850000381469727
2026-04-10,-0.9304593215623836,1.7243095284452867,20.43000030517578,3.7087471098166422,1.3708652879256982,19.700000762939453,0.6743092740219248,1.4527760938262317,24.700000762939453,0.14847926393626723,1.8908646976485606,25.520000457763672,1.4707380392987632,0.9315627085444488,20.5
2026-04-13,1.1521129932275735,1.6660362690864465,18.850000381469727,-0.9304593215623836,1.7243095284452867,20.43000030517578,3.7087471098166422,1.3708652879256982,19.700000762939453,1.117099412238686,1.758341114380121,25.46999931335449,1.4787433769367622,0.7008048233379335,18.670000076293945
2026-04-15,-0.8683917902558702,1.8950400052103213,20.5,1.1521129932275735,1.6660362690864465,18.850000381469727,-0.9304593215623836,1.7243095284452867,20.43000030517578,0.6743092740219248,1.4527760938262317,24.700000762939453,1.3996987864358053,0.6658116272176908,18.09000015258789
2026-04-16,1.616920800628811,1.9324844372134053,18.670000076293945,-0.8683917902558702,1.8950400052103213,20.5,1.1521129932275735,1.6660362690864465,18.850000381469727,3.7087471098166422,1.3708652879256982,19.700000762939453,1.4075728812995711,0.7964577955894122,17.209999084472656
2026-04-17,-0.14268915041919183,1.1667333842623488,18.09000015258789,1.616920800628811,1.9324844372134053,18.670000076293945,-0.8683917902558702,1.8950400052103213,20.5,-0.9304593215623836,1.7243095284452867,20.43000030517578,1.3515154054345098,0.8244448560445147,18.790000915527344
2026-04-20,0.6459334912854883,0.9972158597117349,17.209999084472656,-0.14268915041919183,1.1667333842623488,18.09000015258789,1.616920800628811,1.9324844372134053,18.670000076293945,1.1521129932275735,1.6660362690864465,18.850000381469727,1.271658192546448,0.9793310266928792,17.530000686645508
2026-04-21,0.04638423362418336,0.9315627085444488,18.790000915527344,0.6459334912854883,0.9972158597117349,17.209999084472656,-0.14268915041919183,1.1667333842623488,18.09000015258789,-0.8683917902558702,1.8950400052103213,20.5,1.198374768590388,0.7678409922414738,18.299999237060547
2026-04-22,0.8653250963202319,0.7008048233379335,17.530000686645508,0.04638423362418336,0.9315627085444488,18.790000915527344,0.6459334912854883,0.9972158597117349,17.209999084472656,1.616920800628811,1.9324844372134053,18.670000076293945,1.1133968268004952,0.9054432098067672,18.59000015258789
2026-04-23,-0.810958257469758,0.6658116272176908,18.299999237060547,0.8653250963202319,0.7008048233379335,17.530000686645508,0.04638423362418336,0.9315627085444488,18.790000915527344,-0.14268915041919183,1.1667333842623488,18.09000015258789,1.0635376090683106,0.8881188813972568,19.709999084472656
2026-04-24,-0.8446763696540498,0.7964577955894122,18.59000015258789,-0.810958257469758,0.6658116272176908,18.299999237060547,0.8653250963202319,0.7008048233379335,17.530000686645508,0.6459334912854883,0.9972158597117349,17.209999084472656,1.1007700757430623,0.7136608046971052,18.3799991607666
2026-04-27,-1.1445760055327718,0.8244448560445147,19.709999084472656,-0.8446763696540498,0.7964577955894122,18.59000015258789,-0.810958257469758,0.6658116272176908,18.299999237060547,0.04638423362418336,0.9315627085444488,18.790000915527344,1.1385751113023526,0.6452157990799204,18.049999237060547
2026-04-28,0.8116209111611542,0.9793310266928792,18.3799991607666,-1.1445760055327718,0.8244448560445147,19.709999084472656,-0.8446763696540498,0.7964577955894122,18.59000015258789,0.8653250963202319,0.7008048233379335,17.530000686645508,1.21363603674657,0.813946063102185,17.440000534057617
2026-04-29,-0.4034242549507945,0.7678409922414738,18.049999237060547,0.8116209111611542,0.9793310266928792,18.3799991607666,-1.1445760055327718,0.8244448560445147,19.709999084472656,-0.810958257469758,0.6658116272176908,18.299999237060547,1.1517684880946686,0.7728553568527108,18.459999084472656
2026-04-30,0.7554053790485227,0.9054432098067672,17.440000534057617,-0.4034242549507945,0.7678409922414738,18.049999237060547,0.8116209111611542,0.9793310266928792,18.3799991607666,-0.8446763696540498,0.7964577955894122,18.59000015258789,1.125776495182062,0.7383833845980003,18.299999237060547
2026-05-04,-0.7476894502422098,0.8881188813972568,18.459999084472656,0.7554053790485227,0.9054432098067672,17.440000534057617,-0.4034242549507945,0.7678409922414738,18.049999237060547,-1.1445760055327718,0.8244448560445147,19.709999084472656,1.0710665071208734,0.9960791338994417,17.90999984741211
2026-05-05,0.5060607910890723,0.7136608046971052,18.299999237060547,-0.7476894502422098,0.8881188813972568,18.459999084472656,0.7554053790485227,0.9054432098067672,17.440000534057617,0.8116209111611542,0.9793310266928792,18.3799991607666,1.0989092844789117,1.230852265497792,16.68000030517578
2026-05-06,-0.35927857866665613,0.6452157990799204,17.90999984741211,0.5060607910890723,0.7136608046971052,18.299999237060547,-0.7476894502422098,0.8881188813972568,18.459999084472656,-0.4034242549507945,0.7678409922414738,18.049999237060547,1.0387829808249345,0.8828932436901705,16.6200008392334
2026-05-07,1.2329573885162748,0.813946063102185,16.68000030517578,-0.35927857866665613,0.6452157990799204,17.90999984741211,0.5060607910890723,0.7136608046971052,18.299999237060547,0.7554053790485227,0.9054432098067672,17.440000534057617,1.0186502679583809,1.230178770447583,16.84000015258789
2026-05-08,-0.01766970903084699,0.7728553568527108,16.6200008392334,1.2329573885162748,0.813946063102185,16.68000030517578,-0.35927857866665613,0.6452157990799204,17.90999984741211,-0.7476894502422098,0.8881188813972568,18.459999084472656,0.9904501186573262,1.2371215908969948,18.549999237060547
2026-05-11,-0.6205847109319471,0.7383833845980003,16.84000015258789,-0.01766970903084699,0.7728553568527108,16.6200008392334,1.2329573885162748,0.813946063102185,16.68000030517578,0.5060607910890723,0.7136608046971052,18.299999237060547,0.9318588939470622,1.0912091085463584,19.280000686645508
2026-05-12,-1.5015317164036515,0.9960791338994417,18.549999237060547,-0.6205847109319471,0.7383833845980003,16.84000015258789,-0.01766970903084699,0.7728553568527108,16.6200008392334,-0.35927857866665613,0.6452157990799204,17.90999984741211,0.9570323645084592,0.5599941137696541,19.43000030517578
2026-05-13,-1.8489566950081735,1.230852265497792,19.280000686645508,-1.5015317164036515,0.9960791338994417,18.549999237060547,-0.6205847109319471,0.7383833845980003,16.84000015258789,1.2329573885162748,0.813946063102185,16.68000030517578,1.1058620481691237,0.5592922200965678,18.61000061035156
2026-05-14,0.1412580244529267,0.8828932436901705,19.43000030517578,-1.8489566950081735,1.230852265497792,19.280000686645508,-1.5015317164036515,0.9960791338994417,18.549999237060547,-0.01766970903084699,0.7728553568527108,16.6200008392334,1.288307553930927,0.14407249224851212,18.790000915527344
2026-05-15,1.1761794478008176,1.230178770447583,18.61000061035156,0.1412580244529267,0.8828932436901705,19.43000030517578,-1.8489566950081735,1.230852265497792,19.280000686645508,-0.6205847109319471,0.7383833845980003,16.84000015258789,1.1970667021875894,0.16071958247466409,19.6299991607666
2026-05-18,-0.1947881052858534,1.2371215908969948,18.790000915527344,1.1761794478008176,1.230178770447583,18.61000061035156,0.1412580244529267,0.8828932436901705,19.43000030517578,-1.5015317164036515,0.9960791338994417,18.549999237060547,1.1488631848422073,0.5749642642898493,18.68000030517578
2026-05-19,0.02727320124251536,1.0912091085463584,19.6299991607666,-0.1947881052858534,1.2371215908969948,18.790000915527344,1.1761794478008176,1.230178770447583,18.61000061035156,-1.8489566950081735,1.230852265497792,19.280000686645508,1.096634689714771,0.6613516235871123,18.440000534057617
2026-05-20,-0.13518345578153917,0.5599941137696541,18.68000030517578,0.02727320124251536,1.0912091085463584,19.6299991607666,-0.1947881052858534,1.2371215908969948,18.790000915527344,0.1412580244529267,0.8828932436901705,19.43000030517578,1.0220838386342284,0.6730709397216271,17.81999969482422
2026-05-21,0.17344590510618102,0.5592922200965678,18.440000534057617,-0.13518345578153917,0.5599941137696541,18.68000030517578,0.02727320124251536,1.0912091085463584,19.6299991607666,1.1761794478008176,1.230178770447583,18.61000061035156,0.9750692754119316,1.0347521067653633,17.90999984741211
2026-05-22,-0.018179856290503813,0.14407249224851212,17.81999969482422,0.17344590510618102,0.5592922200965678,18.440000534057617,-0.13518345578153917,0.5599941137696541,18.68000030517578,-0.1947881052858534,1.2371215908969948,18.790000915527344,0.9163332432055558,1.0411631483636075,16.700000762939453
2026-05-25,0.27273020029192285,0.16071958247466409,17.90999984741211,-0.018179856290503813,0.14407249224851212,17.81999969482422,0.17344590510618102,0.5592922200965678,18.440000534057617,0.02727320124251536,1.0912091085463584,19.6299991607666,0.8648862228665498,0.7337611390104292,16.1299991607666
2026-05-26,1.3084663968970207,0.5749642642898493,16.700000762939453,0.27273020029192285,0.16071958247466409,17.90999984741211,-0.018179856290503813,0.14407249224851212,17.81999969482422,-0.13518345578153917,0.5599941137696541,18.68000030517578,0.8197760052215743,0.7355624105785017,14.979999542236328
2026-05-27,-0.4922275842741698,0.6613516235871123,16.1299991607666,1.3084663968970207,0.5749642642898493,16.700000762939453,0.27273020029192285,0.16071958247466409,17.90999984741211,0.17344590510618102,0.5592922200965678,18.440000534057617,0.8133488842801484,0.7463676819223121,16.190000534057617
2026-05-29,-0.027389008014002462,0.6730709397216271,14.979999542236328,-0.4922275842741698,0.6613516235871123,16.1299991607666,1.3084663968970207,0.5749642642898493,16.700000762939453,-0.018179856290503813,0.14407249224851212,17.81999969482422,0.832971755015475,0.42425206383705366,16.540000915527344
2026-06-01,-1.5147319219471596,1.0347521067653633,16.190000534057617,-0.027389008014002462,0.6730709397216271,14.979999542236328,-0.4922275842741698,0.6613516235871123,16.1299991607666,0.27273020029192285,0.16071958247466409,17.90999984741211,0.79042406791086,0.5462672955508019,15.359999656677246
2026-06-02,-0.7038135182494777,1.0411631483636075,16.540000915527344,-1.5147319219471596,1.0347521067653633,16.190000534057617,-0.027389008014002462,0.6730709397216271,14.979999542236328,1.3084663968970207,0.5749642642898493,16.700000762939453,0.9630926136101842,0.571759896899792,16.280000686645508
2026-06-03,0.4308069989399964,0.7337611390104292,15.359999656677246,-0.7038135182494777,1.0411631483636075,16.540000915527344,-1.5147319219471596,1.0347521067653633,16.190000534057617,-0.4922275842741698,0.6613516235871123,16.1299991607666,0.9963477180700444,0.5680191560308561,15.890000343322754
2026-06-04,-0.3324916021661275,0.7355624105785017,16.280000686645508,0.4308069989399964,0.7337611390104292,15.359999656677246,-0.7038135182494777,1.0411631483636075,16.540000915527344,-0.027389008014002462,0.6730709397216271,14.979999542236328,0.9438950715701794,0.5557486498721312,15.789999961853027
2026-06-05,0.04677774080569192,0.7463676819223121,15.890000343322754,-0.3324916021661275,0.7355624105785017,16.280000686645508,0.4308069989399964,0.7337611390104292,15.359999656677246,-1.5147319219471596,1.0347521067653633,16.190000534057617,0.9297173609302342,1.1270539178396817,17.030000686645508
2026-06-08,-0.21311722194751306,0.42425206383705366,15.789999961853027,0.04677774080569192,0.7463676819223121,15.890000343322754,-0.3324916021661275,0.7355624105785017,16.280000686645508,-0.7038135182494777,1.0411631483636075,16.540000915527344,0.8712238212718568,0.8985699484616522,15.579999923706056
2026-06-09,-1.0484105298777862,0.5462672955508019,17.030000686645508,-0.21311722194751306,0.42425206383705366,15.789999961853027,0.04677774080569192,0.7463676819223121,15.890000343322754,0.4308069989399964,0.7337611390104292,15.359999656677246,0.8486366543888251,0.8973047351195769,15.630000114440918
2026-06-10,0.5137479368527299,0.571759896899792,15.579999923706056,-1.0484105298777862,0.5462672955508019,17.030000686645508,-0.21311722194751306,0.42425206383705366,15.789999961853027,-0.3324916021661275,0.7355624105785017,16.280000686645508,0.9427688446478184,0.8152177127130827,15.609999656677246
2026-06-11,-0.11688385035597795,0.5680191560308561,15.630000114440918,0.5137479368527299,0.571759896899792,15.579999923706056,-1.0484105298777862,0.5462672955508019,17.030000686645508,0.04677774080569192,0.7463676819223121,15.890000343322754,0.8981877962527038,0.6736481669790045,14.720000267028809
2026-06-12,-0.23007159547660505,0.5557486498721312,15.609999656677246,-0.11688385035597795,0.5680191560308561,15.630000114440918,0.5137479368527299,0.571759896899792,15.579999923706056,-0.21311722194751306,0.42425206383705366,15.789999961853027,0.8608133311999182,0.5960191917317177,14.350000381469728
2026-06-15,1.9720878993895297,1.1270539178396817,14.720000267028809,-0.23007159547660505,0.5557486498721312,15.609999656677246,-0.11688385035597795,0.5680191560308561,15.630000114440918,-1.0484105298777862,0.5462672955508019,17.030000686645508,0.8413866639293488,0.4833369967413785,13.359999656677246
2026-06-16,0.9731145278463154,0.8985699484616522,14.350000381469728,1.9720878993895297,1.1270539178396817,14.720000267028809,-0.23007159547660505,0.5557486498721312,15.609999656677246,0.5137479368527299,0.571759896899792,15.579999923706056,0.8557935400670357,0.7226262573999871,13.1899995803833
2026-06-17,0.5653918723145327,0.8973047351195769,13.359999656677246,0.9731145278463154,0.8985699484616522,14.350000381469728,1.9720878993895297,1.1270539178396817,14.720000267028809,-0.11688385035597795,0.5680191560308561,15.630000114440918,0.8346573425998438,0.8201367172344334,12.670000076293944
2026-06-18,0.4016609878660483,0.8152177127130827,13.1899995803833,0.5653918723145327,0.8973047351195769,13.359999656677246,0.9731145278463154,0.8985699484616522,14.350000381469728,-0.23007159547660505,0.5557486498721312,15.609999656677246,0.8019326514577042,0.8008717968736009,12.970000267028809
2026-06-19,0.34111731281746416,0.6736481669790045,12.670000076293944,0.4016609878660483,0.8152177127130827,13.1899995803833,0.5653918723145327,0.8973047351195769,13.359999656677246,1.9720878993895297,1.1270539178396817,14.720000267028809,0.766811361559325,0.7727946211576032,12.84000015258789
2026-06-22,-0.6429945583083175,0.5960191917317177,12.970000267028809,0.34111731281746416,0.6736481669790045,12.670000076293944,0.4016609878660483,0.8152177127130827,13.1899995803833,0.9731145278463154,0.8985699484616522,14.350000381469728,0.7328628876152242,0.738734359506413,13.9399995803833
2026-06-23,0.3732682912776634,0.4833369967413785,12.84000015258789,-0.6429945583083175,0.5960191917317177,12.970000267028809,0.34111731281746416,0.6736481669790045,12.670000076293944,0.5653918723145327,0.8973047351195769,13.359999656677246,0.7810774853530734,0.5594434425043536,13.390000343322754
2026-06-24,-1.1634524429481117,0.7226262573999871,13.9399995803833,0.3732682912776634,0.4833369967413785,12.84000015258789,-0.6429945583083175,0.5960191917317177,12.970000267028809,0.4016609878660483,0.8152177127130827,13.1899995803833,0.7469068095485066,0.5246092761919353,13.050000190734863
2026-06-25,0.8257866325424086,0.8201367172344334,13.390000343322754,-1.1634524429481117,0.7226262573999871,13.9399995803833,0.3732682912776634,0.4833369967413785,12.84000015258789,0.34111731281746416,0.6736481669790045,12.670000076293944,0.8699992671007225,0.5381320154848772,13.609999656677246
2026-06-29,0.14289223762208003,0.8008717968736009,13.050000190734863,0.8257866325424086,0.8201367172344334,13.390000343322754,-1.1634524429481117,0.7226262573999871,13.9399995803833,-0.6429945583083175,0.5960191917317177,12.970000267028809,0.8426107275137418,0.42873590231069675,13.600000381469728
2026-06-30,-0.4572710289054184,0.7727946211576032,13.609999656677246,0.14289223762208003,0.8008717968736009,13.050000190734863,0.8257866325424086,0.8201367172344334,13.390000343322754,0.3732682912776634,0.4833369967413785,12.84000015258789,0.7953371529805818,0.34069648520702933,13.239999771118164
2026-07-01,-0.3367358657511833,0.738734359506413,13.600000381469728,-0.4572710289054184,0.7727946211576032,13.609999656677246,0.14289223762208003,0.8008717968736009,13.050000190734863,-1.1634524429481117,0.7226262573999871,13.9399995803833,0.8119883610224634,1.1858021691123206,12.289999961853027
2026-07-02,0.5853157634003401,0.5594434425043536,13.239999771118164,-0.3367358657511833,0.738734359506413,13.600000381469728,-0.4572710289054184,0.7727946211576032,13.609999656677246,0.8257866325424086,0.8201367172344334,13.390000343322754,0.8110338568184446,1.133396225486931,11.800000190734863
2026-07-03,0.7050429763556748,0.5246092761919353,12.289999961853027,0.5853157634003401,0.5594434425043536,13.239999771118164,-0.3367358657511833,0.738734359506413,13.600000381469728,0.14289223762208003,0.8008717968736009,13.050000190734863,0.7811366579668747,1.2403432823562726,11.81999969482422
2026-07-06,0.39280615553213144,0.5381320154848772,11.800000190734863,0.7050429763556748,0.5246092761919353,12.289999961853027,0.5853157634003401,0.5594434425043536,13.239999771118164,-0.4572710289054184,0.7727946211576032,13.609999656677246,0.7579360507264621,1.180707142592331,11.649999618530272
2026-07-07,0.6550170132711516,0.42873590231069675,11.81999969482422,0.39280615553213144,0.5381320154848772,11.800000190734863,0.7050429763556748,0.5246092761919353,12.289999961853027,-0.3367358657511833,0.738734359506413,13.600000381469728,0.7264777238357437,1.1985923620306722,14.68000030517578
2026-07-08,-0.12963756541323146,0.34069648520702933,11.649999618530272,0.6550170132711516,0.42873590231069675,11.81999969482422,0.39280615553213144,0.5381320154848772,11.800000190734863,0.5853157634003401,0.5594434425043536,13.239999771118164,0.7065037779895167,0.6027313927925818,13.359999656677246
2026-07-09,-2.14026567222692,1.1858021691123206,14.68000030517578,-0.12963756541323146,0.34069648520702933,11.649999618530272,0.6550170132711516,0.42873590231069675,11.81999969482422,0.7050429763556748,0.5246092761919353,12.289999961853027,0.6882254634916024,0.5983479427486805,12.25
2026-07-10,0.3375497008972435,1.133396225486931,13.359999656677246,-2.14026567222692,1.1858021691123206,14.68000030517578,-0.12963756541323146,0.34069648520702933,11.649999618530272,0.39280615553213144,0.5381320154848772,11.800000190734863,0.9865758236695028,0.6243948108117119,13.279999732971191
2026-07-13,1.0135072168571098,1.2403432823562726,12.25,0.3375497008972435,1.133396225486931,13.359999656677246,-2.14026567222692,1.1858021691123206,14.68000030517578,0.6550170132711516,0.42873590231069675,11.81999969482422,0.9320405011345628,0.6647029968145164,13.75
2026-07-14,0.01693427162979961,1.180707142592331,13.279999732971191,1.0135072168571098,1.2403432823562726,12.25,0.3375497008972435,1.133396225486931,13.359999656677246,-0.12963756541323146,0.34069648520702933,11.649999618530272,0.9049965738884788,0.5737591929861715,13.270000457763672
2026-07-15,-0.6586810856692072,1.1985923620306722,13.75,0.01693427162979961,1.180707142592331,13.279999732971191,1.0135072168571098,1.2403432823562726,12.25,-2.14026567222692,1.1858021691123206,14.68000030517578,0.8502623385823688,0.7028603009038443,12.880000114440918
2026-07-16,0.1099061655563571,0.6027313927925818,13.270000457763672,-0.6586810856692072,1.1985923620306722,13.75,0.01693427162979961,1.180707142592331,13.279999732971191,0.3375497008972435,1.133396225486931,13.359999656677246,0.888912686058787,0.7306322008970518,13.149999618530272
2026-07-17,-0.023883076876853853,0.5983479427486805,12.880000114440918,0.1099061655563571,0.6027313927925818,13.270000457763672,-0.6586810856692072,1.1985923620306722,13.75,1.0135072168571098,1.2403432823562726,12.25,0.8362876937006061,0.49944100423768534,12.979999542236328
2026-07-20,1.0806414450711181,0.6243948108117119,13.149999618530272,-0.023883076876853853,0.5983479427486805,12.880000114440918,0.1099061655563571,0.6027313927925818,13.270000457763672,0.01693427162979961,1.180707142592331,13.279999732971191,0.79299831192816,0.5039246975009055,12.600000381469728
