Date,NSEI,BSESN,INDIAVIX
2015-01-02,8395.4501953125,27887.900390625,13.800000190734863
2015-01-05,8378.400390625,27842.3203125,14.149999618530273
2015-01-06,8127.35009765625,26987.4609375,17.420000076293945
2015-01-07,8102.10009765625,26908.8203125,18.139999389648438
2015-01-08,8234.599609375,27274.7109375,16.469999313354492
2015-01-09,8284.5,27458.380859375,15.960000038146973
2015-01-12,8323.0,27585.26953125,16.110000610351562
2015-01-13,8299.400390625,27425.73046875,16.479999542236328
2015-01-14,8277.5498046875,27346.8203125,17.25
2015-01-15,8494.150390625,28075.55078125,16.15999984741211
2015-01-16,8513.7998046875,28121.890625,17.270000457763672
2015-01-19,8550.7001953125,28262.009765625,17.649999618530273
2015-01-20,8695.599609375,28784.669921875,17.270000457763672
2015-01-21,8729.5,28888.859375,17.709999084472656
2015-01-22,8761.400390625,29006.01953125,18.56999969482422
2015-01-23,8835.599609375,29278.83984375,17.889999389648438
2015-01-27,8910.5,29571.0390625,18.09000015258789
2015-01-28,8914.2998046875,29559.1796875,19.770000457763672
2015-01-29,8952.349609375,29681.76953125,19.43000030517578
2015-01-30,8808.900390625,29182.94921875,20.170000076293945
2015-02-02,8797.400390625,29122.26953125,20.40999984741211
2015-02-03,8756.5498046875,29000.140625,19.809999465942383
2015-02-04,8723.7001953125,28883.109375,20.049999237060547
2015-02-05,8711.7001953125,28850.970703125,20.6200008392334
2015-02-06,8661.0498046875,28717.91015625,20.690000534057617
2015-02-09,8526.349609375,28227.390625,22.020000457763672
2015-02-10,8565.5498046875,28355.619140625,21.190000534057617
2015-02-11,8627.400390625,28533.970703125,20.5
2015-02-12,8711.5498046875,28805.099609375,20.15999984741211
2015-02-13,8805.5,29094.9296875,20.100000381469727
2015-02-16,8809.349609375,29135.880859375,20.829999923706055
2015-02-18,8869.099609375,29320.259765625,20.90999984741211
2015-02-19,8895.2998046875,29462.26953125,20.399999618530273
2015-02-20,8833.599609375,29231.41015625,21.270000457763672
2015-02-23,8754.9501953125,28975.109375,21.6299991607666
2015-02-24,8762.099609375,29004.66015625,21.549999237060547
2015-02-25,8767.25,29007.990234375,20.780000686645508
2015-02-26,8683.849609375,28746.650390625,20.579999923706055
2015-02-27,8844.599609375,29220.119140625,19.56999969482422
2015-03-02,8956.75,29459.140625,15.850000381469727
2015-03-03,8996.25,29593.73046875,15.489999771118164
2015-03-04,8922.650390625,29380.73046875,15.199999809265137
2015-03-05,8937.75,29448.94921875,14.4399995803833
2015-03-09,8756.75,28844.779296875,15.8100004196167
2015-03-10,8712.0498046875,28709.869140625,15.529999732971191
2015-03-11,8699.9501953125,28659.169921875,15.130000114440918
2015-03-12,8776.0,28930.41015625,14.75
2015-03-13,8647.75,28503.30078125,14.970000267028809
2015-03-16,8633.150390625,28437.7109375,15.180000305175781
2015-03-17,8723.2998046875,28736.380859375,15.130000114440918
2015-03-18,8685.900390625,28622.119140625,15.510000228881836
2015-03-19,8634.650390625,28469.669921875,15.199999809265137
2015-03-20,8570.900390625,28261.080078125,14.260000228881836
2015-03-23,8550.900390625,28192.01953125,14.270000457763672
2015-03-24,8542.9501953125,28161.720703125,13.670000076293945
2015-03-25,8530.7998046875,28111.830078125,13.140000343322754
2015-03-26,8342.150390625,27457.580078125,15.15999984741211
2015-03-27,8341.400390625,27458.640625,14.5
2015-03-30,8492.2998046875,27975.859375,14.260000228881836
2015-03-31,8491.0,27957.490234375,14.489999771118164
2015-04-01,8586.25,28260.140625,13.670000076293945
2015-04-06,8659.900390625,28504.4609375,14.569999694824219
2015-04-07,8660.2998046875,28516.58984375,14.25
2015-04-08,8714.400390625,28707.75,14.350000381469727
2015-04-09,8778.2998046875,28885.2109375,14.420000076293945
2015-04-10,8780.349609375,28879.380859375,14.260000228881836
2015-04-13,8834.0,29044.439453125,14.489999771118164
2015-04-16,8706.7001953125,28666.0390625,14.949999809265137
2015-04-17,8606.0,28442.099609375,15.039999961853027
2015-04-20,8448.099609375,27886.2109375,16.299999237060547
2015-04-21,8377.75,27676.0390625,17.030000686645508
2015-04-22,8429.7001953125,27890.130859375,17.209999084472656
2015-04-23,8398.2998046875,27735.01953125,18.5
2015-04-24,8305.25,27437.939453125,19.110000610351562
2015-04-27,8213.7998046875,27176.990234375,18.739999771118164
2015-04-28,8285.599609375,27396.380859375,17.40999984741211
2015-04-29,8239.75,27225.9296875,17.239999771118164
2015-04-30,8181.5,27011.310546875,17.229999542236328
2015-05-04,8331.9501953125,27490.58984375,17.309999465942383
2015-05-05,8324.7998046875,27440.140625,17.360000610351562
2015-05-06,8097.0,26717.369140625,19.670000076293945
2015-05-07,8057.2998046875,26599.109375,19.649999618530273
2015-05-08,8191.5,27105.390625,19.110000610351562
2015-05-11,8325.25,27507.30078125,18.6299991607666
2015-05-12,8126.9501953125,26877.48046875,20.549999237060547
2015-05-13,8235.4501953125,27251.099609375,20.690000534057617
2015-05-14,8224.2001953125,27206.060546875,20.700000762939453
2015-05-15,8262.349609375,27324.0,19.81999969482422
2015-05-18,8373.650390625,27687.30078125,17.899999618530273
2015-05-19,8365.650390625,27645.529296875,18.270000457763672
2015-05-20,8423.25,27837.2109375,17.719999313354492
2015-05-21,8421.0,27809.349609375,17.40999984741211
2015-05-22,8458.9501953125,27957.5,16.950000762939453
2015-05-25,8370.25,27643.880859375,16.93000030517578
2015-05-26,8339.349609375,27531.41015625,17.06999969482422
2015-05-27,8334.599609375,27564.66015625,17.280000686645508
2015-05-28,8319.0,27506.7109375,17.1299991607666
2015-05-29,8433.650390625,27828.439453125,16.65999984741211
2015-06-01,8433.400390625,27848.990234375,16.90999984741211
2015-06-02,8236.4501953125,27188.380859375,16.81999969482422
2015-06-03,8135.10009765625,26837.19921875,17.510000228881836
2015-06-04,8130.64990234375,26813.419921875,18.1200008392334
2015-06-05,8114.7001953125,26768.490234375,18.09000015258789
2015-06-08,8044.14990234375,26523.08984375,18.889999389648438
2015-06-09,8022.39990234375,26481.25,18.010000228881836
2015-06-10,8124.4501953125,26840.5,17.079999923706055
2015-06-11,7965.35009765625,26370.98046875,17.809999465942383
2015-06-12,7982.89990234375,26425.30078125,17.479999542236328
2015-06-15,8013.89990234375,26586.55078125,17.520000457763672
2015-06-16,8047.2998046875,26686.509765625,17.170000076293945
2015-06-17,8091.5498046875,26832.66015625,16.729999542236328
2015-06-18,8174.60009765625,27115.830078125,16.020000457763672
2015-06-19,8224.9501953125,27316.169921875,15.09000015258789
2015-06-22,8353.099609375,27730.2109375,15.489999771118164
2015-06-23,8381.5498046875,27804.369140625,15.039999961853027
2015-06-24,8360.849609375,27729.669921875,15.920000076293945
2015-06-25,8398.0,27895.970703125,15.930000305175781
2015-06-26,8381.099609375,27811.83984375,15.760000228881836
2015-06-29,8318.400390625,27645.150390625,17.299999237060547
2015-06-30,8368.5,27780.830078125,16.93000030517578
2015-07-01,8453.0498046875,28020.869140625,15.850000381469727
2015-07-02,8444.900390625,27945.80078125,15.5600004196167
2015-07-03,8484.900390625,28092.7890625,16.309999465942383
2015-07-06,8522.150390625,28208.759765625,16.020000457763672
2015-07-07,8510.7998046875,28171.689453125,16.309999465942383
2015-07-08,8363.0498046875,27687.720703125,17.790000915527344
2015-07-09,8328.5498046875,27573.66015625,17.440000534057617
2015-07-10,8360.5498046875,27661.400390625,17.06999969482422
2015-07-13,8459.650390625,27961.189453125,16.270000457763672
2015-07-14,8454.099609375,27932.900390625,16.010000228881836
2015-07-15,8523.7998046875,28198.2890625,15.569999694824219
2015-07-16,8608.0498046875,28446.119140625,14.779999732971191
2015-07-17,8609.849609375,28463.310546875,14.800000190734863
2015-07-20,8603.4501953125,28420.119140625,14.960000038146973
2015-07-21,8529.4501953125,28182.140625,15.100000381469727
2015-07-22,8633.5,28504.9296875,15.130000114440918
2015-07-23,8589.7998046875,28370.83984375,15.520000457763672
2015-07-24,8521.5498046875,28112.310546875,15.460000038146973
2015-07-27,8361.0,27561.380859375,16.3700008392334
2015-07-28,8337.0,27459.23046875,15.920000076293945
2015-07-29,8375.0498046875,27563.4296875,15.880000114440918
2015-07-30,8421.7998046875,27705.349609375,15.329999923706055
2015-07-31,8532.849609375,28114.560546875,14.569999694824219
2015-08-03,8543.0498046875,28187.060546875,15.390000343322754
2015-08-04,8516.900390625,28071.9296875,14.829999923706055
2015-08-05,8567.9501953125,28223.080078125,14.670000076293945
2015-08-06,8588.650390625,28298.130859375,14.729999542236328
2015-08-07,8564.599609375,28236.390625,14.90999984741211
2015-08-10,8525.599609375,28101.720703125,15.470000267028809
2015-08-11,8462.349609375,27866.08984375,15.890000343322754
2015-08-12,8349.4501953125,27512.259765625,17.450000762939453
2015-08-13,8355.849609375,27549.529296875,17.020000457763672
2015-08-14,8518.5498046875,28067.310546875,16.020000457763672
2015-08-17,8477.2998046875,27878.26953125,16.459999084472656
2015-08-18,8466.5498046875,27831.5390625,16.360000610351562
2015-08-19,8495.150390625,27931.640625,16.68000030517578
2015-08-20,8372.75,27607.8203125,16.979999542236328
2015-08-21,8299.9501953125,27366.0703125,17.110000610351562
2015-08-24,7809.0,25741.560546875,28.1299991607666
2015-08-25,7880.7001953125,26032.380859375,26.850000381469727
2015-08-26,7791.85009765625,25714.66015625,25.520000457763672
2015-08-27,7948.9501953125,26231.189453125,22.040000915527344
2015-08-28,8001.9501953125,26392.380859375,23.329999923706055
2015-08-31,7971.2998046875,26283.08984375,24.600000381469727
2015-09-01,7785.85009765625,25696.439453125,28.719999313354492
2015-09-02,7717.0,25453.560546875,26.649999618530273
2015-09-03,7823.0,25764.779296875,24.1200008392334
2015-09-04,7655.0498046875,25201.900390625,26.420000076293945
2015-09-07,7558.7998046875,24893.810546875,26.350000381469727
2015-09-08,7688.25,25317.869140625,24.56999969482422
2015-09-09,7818.60009765625,25719.580078125,24.299999237060547
2015-09-10,7788.10009765625,25622.169921875,24.75
2015-09-11,7789.2998046875,25610.2109375,24.979999542236328
2015-09-14,7872.25,25856.69921875,24.31999969482422
2015-09-15,7829.10009765625,25705.9296875,23.739999771118164
2015-09-16,7899.14990234375,25963.970703125,22.0
2015-09-18,7981.89990234375,26218.91015625,18.290000915527344
2015-09-21,7977.10009765625,26192.98046875,18.18000030517578
2015-09-22,7812.0,25651.83984375,20.350000381469727
2015-09-23,7845.9501953125,25822.990234375,20.690000534057617
2015-09-24,7868.5,25863.5,20.8799991607666
2015-09-28,7795.7001953125,25616.83984375,21.670000076293945
2015-09-29,7843.2998046875,25778.66015625,21.56999969482422
2015-09-30,7948.89990234375,26154.830078125,19.6299991607666
2015-10-01,7950.89990234375,26220.94921875,19.239999771118164
2015-10-05,8119.2998046875,26785.55078125,19.1299991607666
2015-10-06,8152.89990234375,26932.880859375,19.309999465942383
2015-10-07,8177.39990234375,27035.849609375,19.34000015258789
2015-10-08,8129.35009765625,26845.810546875,19.559999465942383
2015-10-09,8189.7001953125,27079.509765625,18.93000030517578
2015-10-12,8143.60009765625,26904.109375,19.1200008392334
2015-10-13,8131.7001953125,26846.529296875,18.020000457763672
2015-10-14,8107.89990234375,26779.66015625,17.719999313354492
2015-10-15,8179.5,27010.140625,17.170000076293945
2015-10-16,8238.150390625,27214.599609375,16.270000457763672
2015-10-19,8275.0498046875,27364.919921875,16.8799991607666
2015-10-20,8261.650390625,27306.830078125,17.0
2015-10-21,8251.7001953125,27287.66015625,16.6200008392334
2015-10-23,8295.4501953125,27470.810546875,16.190000534057617
2015-10-26,8260.5498046875,27361.9609375,17.229999542236328
2015-10-27,8232.900390625,27253.439453125,16.540000915527344
2015-10-28,8171.2001953125,27039.759765625,17.040000915527344
2015-10-29,8111.75,26838.140625,17.579999923706055
2015-10-30,8065.7998046875,26656.830078125,17.8799991607666
2015-11-02,8050.7998046875,26559.150390625,19.479999542236328
2015-11-03,8060.7001953125,26590.58984375,19.559999465942383
2015-11-04,8040.2001953125,26552.919921875,19.360000610351562
2015-11-05,7955.4501953125,26304.19921875,19.290000915527344
2015-11-06,7954.2998046875,26265.240234375,19.469999313354492
2015-11-09,7915.2001953125,26121.400390625,17.040000915527344
2015-11-10,7783.35009765625,25743.259765625,16.829999923706055
2015-11-13,7762.25,25610.529296875,17.649999618530273
2015-11-16,7806.60009765625,25760.099609375,17.8799991607666
2015-11-17,7837.5498046875,25864.470703125,16.969999313354492
2015-11-18,7731.7998046875,25482.51953125,17.420000076293945
2015-11-19,7842.75,25841.919921875,15.84000015258789
2015-11-20,7856.5498046875,25868.490234375,15.899999618530273
2015-11-23,7849.25,25819.33984375,17.079999923706055
2015-11-24,7831.60009765625,25775.740234375,16.25
2015-11-26,7883.7998046875,25958.630859375,16.690000534057617
2015-11-27,7942.7001953125,26128.19921875,16.729999542236328
2015-11-30,7935.25,26145.669921875,16.43000030517578
2015-12-01,7954.89990234375,26169.41015625,15.640000343322754
2015-12-02,7931.35009765625,26117.849609375,15.489999771118164
2015-12-03,7864.14990234375,25886.619140625,16.059999465942383
2015-12-04,7781.89990234375,25638.109375,16.09000015258789
2015-12-07,7765.39990234375,25530.109375,15.869999885559082
2015-12-08,7701.7001953125,25310.330078125,15.970000267028809
2015-12-09,7612.5,25036.05078125,16.729999542236328
2015-12-10,7683.2998046875,25252.3203125,16.290000915527344
2015-12-11,7610.4501953125,25044.4296875,17.18000030517578
2015-12-14,7650.0498046875,25150.349609375,17.799999237060547
2015-12-15,7700.89990234375,25320.439453125,17.34000015258789
2015-12-16,7750.89990234375,25494.369140625,16.729999542236328
2015-12-17,7844.35009765625,25803.779296875,14.220000267028809
2015-12-18,7761.9501953125,25519.220703125,14.489999771118164
2015-12-21,7834.4501953125,25735.900390625,14.229999542236328
2015-12-22,7786.10009765625,25590.650390625,14.479999542236328
2015-12-23,7865.9501953125,25850.30078125,13.649999618530273
2015-12-24,7861.0498046875,25838.7109375,13.75
2015-12-28,7925.14990234375,26034.130859375,14.399999618530273
2015-12-29,7928.9501953125,26079.48046875,14.239999771118164
2015-12-30,7896.25,25960.029296875,14.350000381469727
2015-12-31,7946.35009765625,26117.5390625,13.869999885559082
2016-01-04,7791.2998046875,25623.349609375,16.84000015258789
2016-01-05,7784.64990234375,25580.33984375,16.700000762939453
2016-01-06,7741.0,25406.330078125,16.549999237060547
2016-01-07,7568.2998046875,24851.830078125,18.959999084472656
2016-01-08,7601.35009765625,24934.330078125,17.799999237060547
2016-01-11,7563.85009765625,24825.0390625,18.690000534057617
2016-01-12,7510.2998046875,24682.029296875,18.709999084472656
2016-01-13,7562.39990234375,24854.109375,18.350000381469727
2016-01-14,7536.7998046875,24772.970703125,18.610000610351562
2016-01-15,7437.7998046875,24455.0390625,19.420000076293945
2016-01-18,7351.0,24188.369140625,20.229999542236328
2016-01-19,7435.10009765625,24479.83984375,18.43000030517578
2016-01-20,7309.2998046875,24062.0390625,20.969999313354492
2016-01-21,7276.7998046875,23962.2109375,20.809999465942383
2016-01-22,7422.4501953125,24435.66015625,18.81999969482422
2016-01-25,7436.14990234375,24485.94921875,18.270000457763672
2016-01-27,7437.75,24492.390625,19.059999465942383
2016-01-28,7424.64990234375,24469.5703125,17.899999618530273
2016-01-29,7563.5498046875,24870.689453125,17.239999771118164
2016-02-01,7555.9501953125,24824.830078125,17.889999389648438
2016-02-02,7455.5498046875,24539.0,18.040000915527344
2016-02-03,7361.7998046875,24223.3203125,18.59000015258789
2016-02-04,7404.0,24338.4296875,18.209999084472656
2016-02-05,7489.10009765625,24616.970703125,18.110000610351562
2016-02-08,7387.25,24287.419921875,20.260000228881836
2016-02-09,7298.2001953125,24020.98046875,21.729999542236328
2016-02-10,7215.7001953125,23758.900390625,22.469999313354492
2016-02-11,6976.35009765625,22951.830078125,25.969999313354492
2016-02-12,6980.9501953125,22986.119140625,24.670000076293945
2016-02-15,7162.9501953125,23554.119140625,22.3799991607666
2016-02-16,7048.25,23191.970703125,23.040000915527344
2016-02-17,7108.4501953125,23381.869140625,21.829999923706055
2016-02-18,7191.75,23649.220703125,21.489999771118164
2016-02-19,7210.75,23709.150390625,20.920000076293945
2016-02-22,7234.5498046875,23788.7890625,21.020000457763672
2016-02-23,7109.5498046875,23410.1796875,23.84000015258789
2016-02-24,7018.7001953125,23088.9296875,22.959999084472656
2016-02-25,6970.60009765625,22976.0,22.75
2016-02-26,7029.75,23154.30078125,21.8700008392334
2016-02-29,6987.0498046875,23002.0,20.15999984741211
2016-03-01,7222.2998046875,23779.349609375,18.670000076293945
2016-03-02,7368.85009765625,24242.98046875,18.989999771118164
2016-03-03,7475.60009765625,24606.990234375,18.040000915527344
2016-03-04,7485.35009765625,24646.48046875,17.8799991607666
2016-03-08,7485.2998046875,24659.23046875,18.469999313354492
2016-03-09,7531.7998046875,24793.9609375,17.510000228881836
2016-03-10,7486.14990234375,24623.33984375,17.899999618530273
2016-03-11,7510.2001953125,24717.990234375,17.100000381469727
2016-03-14,7538.75,24804.279296875,17.100000381469727
2016-03-15,7460.60009765625,24551.169921875,17.600000381469727
2016-03-16,7498.75,24682.48046875,17.110000610351562
2016-03-17,7512.5498046875,24677.369140625,16.84000015258789
2016-03-18,7604.35009765625,24952.740234375,16.3799991607666
2016-03-21,7704.25,25285.369140625,16.329999923706055
2016-03-22,7714.89990234375,25330.490234375,16.43000030517578
2016-03-23,7716.5,25337.560546875,16.350000381469727
2016-03-28,7615.10009765625,24966.400390625,17.489999771118164
2016-03-29,7597.0,24900.4609375,17.639999389648438
2016-03-30,7735.2001953125,25338.580078125,16.809999465942383
2016-03-31,7738.39990234375,25341.859375,16.579999923706055
2016-04-01,7713.0498046875,25269.640625,17.280000686645508
2016-04-04,7758.7998046875,25399.650390625,17.450000762939453
2016-04-05,7603.2001953125,24883.58984375,17.829999923706055
2016-04-06,7614.35009765625,24900.630859375,17.350000381469727
2016-04-07,7546.4501953125,24685.419921875,16.93000030517578
2016-04-08,7555.2001953125,24673.83984375,16.43000030517578
2016-04-11,7671.39990234375,25022.16015625,16.010000228881836
2016-04-12,7708.9501953125,25145.58984375,16.020000457763672
2016-04-13,7850.4501953125,25626.75,16.040000915527344
2016-04-18,7914.7001953125,25816.359375,16.950000762939453
2016-04-20,7914.75,25844.1796875,17.079999923706055
2016-04-21,7912.0498046875,25880.380859375,16.510000228881836
2016-04-22,7899.2998046875,25838.140625,16.3799991607666
2016-04-25,7855.0498046875,25678.9296875,16.56999969482422
2016-04-26,7962.64990234375,26007.30078125,16.579999923706055
2016-04-27,7979.89990234375,26064.119140625,16.350000381469727
2016-04-28,7847.25,25603.099609375,16.600000381469727
2016-04-29,7849.7998046875,25606.619140625,16.540000915527344
2016-05-02,7805.89990234375,25436.970703125,17.09000015258789
2016-05-03,7747.0,25229.69921875,17.459999084472656
2016-05-04,7706.5498046875,25101.73046875,17.450000762939453
2016-05-05,7735.5,25262.2109375,17.170000076293945
2016-05-06,7733.4501953125,25228.5,16.950000762939453
2016-05-09,7866.0498046875,25688.859375,16.610000610351562
2016-05-10,7887.7998046875,25772.529296875,16.420000076293945
2016-05-11,7848.85009765625,25597.01953125,16.959999084472656
2016-05-12,7900.39990234375,25790.220703125,16.329999923706055
2016-05-13,7814.89990234375,25489.5703125,17.0
2016-05-16,7860.75,25653.23046875,17.030000686645508
2016-05-17,7890.75,25773.609375,16.3700008392334
2016-05-18,7870.14990234375,25704.609375,16.450000762939453
2016-05-19,7783.39990234375,25399.720703125,17.059999465942383
2016-05-20,7749.7001953125,25301.900390625,16.43000030517578
2016-05-23,7731.0498046875,25230.359375,16.15999984741211
2016-05-24,7748.85009765625,25305.470703125,16.219999313354492
2016-05-25,7934.89990234375,25881.169921875,15.520000457763672
2016-05-26,8069.64990234375,26366.6796875,15.329999923706055
2016-05-27,8156.64990234375,26653.599609375,15.260000228881836
2016-05-30,8178.5,26725.599609375,15.979999542236328
2016-05-31,8160.10009765625,26667.9609375,16.049999237060547
2016-06-01,8179.9501953125,26713.9296875,15.84000015258789
2016-06-02,8218.9501953125,26843.140625,15.09000015258789
2016-06-03,8220.7998046875,26843.029296875,15.0
2016-06-06,8201.0498046875,26777.44921875,15.359999656677246
2016-06-07,8266.4501953125,27009.669921875,14.869999885559082
2016-06-08,8273.0498046875,27020.66015625,15.140000343322754
2016-06-09,8203.599609375,26763.4609375,15.670000076293945
2016-06-10,8170.0498046875,26635.75,15.970000267028809
2016-06-13,8110.60009765625,26396.76953125,16.579999923706055
2016-06-14,8108.85009765625,26395.7109375,17.190000534057617
2016-06-15,8206.599609375,26726.33984375,17.059999465942383
2016-06-16,8140.75,26525.4609375,17.700000762939453
2016-06-17,8170.2001953125,26625.91015625,17.350000381469727
2016-06-20,8238.5,26866.919921875,17.520000457763672
2016-06-21,8219.900390625,26812.779296875,17.260000228881836
2016-06-22,8203.7001953125,26765.650390625,18.18000030517578
2016-06-23,8270.4501953125,27002.220703125,18.020000457763672
2016-06-24,8088.60009765625,26397.7109375,18.6299991607666
2016-06-27,8094.7001953125,26402.9609375,18.530000686645508
2016-06-28,8127.85009765625,26524.55078125,17.729999542236328
2016-06-29,8204.0,26740.390625,16.15999984741211
2016-06-30,8287.75,26999.720703125,16.290000915527344
2016-07-01,8328.349609375,27144.91015625,15.739999771118164
2016-07-04,8370.7001953125,27278.759765625,15.579999923706055
2016-07-05,8335.9501953125,27166.869140625,15.359999656677246
2016-07-07,8337.900390625,27201.490234375,15.3100004196167
2016-07-08,8323.2001953125,27126.900390625,15.079999923706055
2016-07-11,8467.900390625,27626.689453125,14.850000381469727
2016-07-12,8521.0498046875,27808.140625,14.779999732971191
2016-07-13,8519.5,27815.1796875,15.329999923706055
2016-07-14,8565.0,27942.109375,15.609999656677246
2016-07-15,8541.400390625,27836.5,15.640000343322754
2016-07-18,8508.7001953125,27746.66015625,15.989999771118164
2016-07-19,8528.5498046875,27787.619140625,15.800000190734863
2016-07-20,8565.849609375,27915.890625,15.989999771118164
2016-07-21,8510.099609375,27710.51953125,15.710000038146973
2016-07-22,8541.2001953125,27803.240234375,15.5
2016-07-25,8635.650390625,28095.33984375,15.720000267028809
2016-07-26,8590.650390625,27976.51953125,15.619999885559082
2016-07-27,8615.7998046875,28024.330078125,15.430000305175781
2016-07-28,8666.2998046875,28208.619140625,15.149999618530273
2016-07-29,8638.5,28051.859375,14.920000076293945
2016-08-01,8636.5498046875,28003.119140625,15.180000305175781
2016-08-02,8622.900390625,27981.7109375,15.6899995803833
2016-08-03,8544.849609375,27697.509765625,16.239999771118164
2016-08-04,8551.099609375,27714.369140625,15.140000343322754
2016-08-05,8683.150390625,28078.349609375,14.350000381469727
2016-08-08,8711.349609375,28182.5703125,14.59000015258789
2016-08-09,8678.25,28085.16015625,14.539999961853027
2016-08-10,8575.2998046875,27774.880859375,14.920000076293945
2016-08-11,8592.150390625,27859.599609375,14.210000038146973
2016-08-16,8642.5498046875,28064.609375,14.180000305175781
2016-08-17,8624.0498046875,28005.369140625,14.779999732971191
2016-08-18,8673.25,28123.439453125,14.550000190734863
2016-08-19,8666.900390625,28077.0,14.539999961853027
2016-08-22,8629.150390625,27985.5390625,14.239999771118164
2016-08-23,8632.599609375,27990.2109375,13.899999618530273
2016-08-24,8650.2998046875,28059.939453125,13.489999771118164
2016-08-25,8592.2001953125,27835.91015625,13.289999961853027
2016-08-26,8572.5498046875,27782.25,13.569999694824219
2016-08-29,8607.4501953125,27902.66015625,13.170000076293945
2016-08-30,8744.349609375,28343.009765625,13.020000457763672
2016-08-31,8786.2001953125,28452.169921875,13.239999771118164
2016-09-01,8774.650390625,28423.48046875,13.34000015258789
2016-09-02,8809.650390625,28532.109375,12.9399995803833
2016-09-06,8943.0,28978.01953125,12.75
2016-09-07,8917.9501953125,28926.359375,13.149999618530273
2016-09-08,8952.5,29045.279296875,13.119999885559082
2016-09-09,8866.7001953125,28797.25,13.229999542236328
2016-09-12,8715.599609375,28353.5390625,15.239999771118164
2016-09-14,8726.599609375,28372.23046875,14.760000228881836
2016-09-15,8742.5498046875,28412.890625,14.680000305175781
2016-09-16,8779.849609375,28599.029296875,14.579999923706055
2016-09-19,8808.400390625,28634.5,14.9399995803833
2016-09-20,8775.900390625,28523.19921875,14.779999732971191
2016-09-21,8777.150390625,28507.419921875,14.8100004196167
2016-09-22,8867.4501953125,28773.130859375,13.34000015258789
2016-09-23,8831.5498046875,28668.220703125,13.25
2016-09-26,8723.0498046875,28294.279296875,14.569999694824219
2016-09-27,8706.400390625,28223.69921875,14.25
2016-09-28,8745.150390625,28292.810546875,13.850000381469727
2016-09-29,8591.25,27827.529296875,18.450000762939453
2016-09-30,8611.150390625,27865.9609375,17.18000030517578
2016-10-03,8738.099609375,28243.2890625,15.619999885559082
2016-10-04,8769.150390625,28334.55078125,14.989999771118164
2016-10-05,8743.9501953125,28220.98046875,14.930000305175781
2016-10-06,8709.5498046875,28106.2109375,14.84000015258789
2016-10-07,8697.599609375,28061.140625,14.489999771118164
2016-10-10,8708.7998046875,28082.33984375,14.289999961853027
2016-10-13,8573.349609375,27643.109375,15.430000305175781
2016-10-14,8583.400390625,27673.599609375,14.890000343322754
2016-10-17,8520.400390625,27529.970703125,15.65999984741211
2016-10-18,8677.900390625,28050.880859375,14.539999961853027
2016-10-19,8659.099609375,27984.369140625,14.609999656677246
2016-10-20,8699.400390625,28129.83984375,14.170000076293945
2016-10-21,8693.0498046875,28077.1796875,13.829999923706055
2016-10-24,8708.9501953125,28179.080078125,14.329999923706055
2016-10-25,8691.2998046875,28091.419921875,14.479999542236328
2016-10-26,8615.25,27836.509765625,14.449999809265137
2016-10-27,8615.25,27915.900390625,14.09000015258789
2016-10-28,8638.0,27941.509765625,14.649999618530273
2016-11-01,8626.25,27876.609375,15.739999771118164
2016-11-02,8514.0,27527.220703125,16.799999237060547
2016-11-03,8484.9501953125,27430.279296875,16.469999313354492
2016-11-04,8433.75,27274.150390625,16.850000381469727
2016-11-07,8497.0498046875,27458.990234375,16.510000228881836
2016-11-08,8543.5498046875,27591.140625,16.770000457763672
2016-11-09,8432.0,27252.529296875,16.6200008392334
2016-11-10,8525.75,27517.6796875,15.460000038146973
2016-11-11,8296.2998046875,26818.8203125,17.360000610351562
2016-11-15,8108.4501953125,26304.630859375,20.149999618530273
2016-11-16,8111.60009765625,26298.689453125,19.5
2016-11-17,8079.9501953125,26227.619140625,18.709999084472656
2016-11-18,8074.10009765625,26150.240234375,17.809999465942383
2016-11-21,7929.10009765625,25765.140625,19.100000381469727
2016-11-22,8002.2998046875,25960.779296875,18.469999313354492
2016-11-23,8033.2998046875,26051.810546875,18.040000915527344
2016-11-24,7965.5,25860.169921875,17.15999984741211
2016-11-25,8114.2998046875,26316.33984375,17.610000610351562
2016-11-28,8126.89990234375,26350.169921875,18.059999465942383
2016-11-29,8142.14990234375,26394.009765625,17.709999084472656
2016-11-30,8224.5,26652.810546875,16.850000381469727
2016-12-01,8192.900390625,26559.919921875,16.690000534057617
2016-12-02,8086.7998046875,26230.66015625,17.93000030517578
2016-12-05,8128.75,26349.099609375,17.290000915527344
2016-12-06,8143.14990234375,26392.759765625,17.110000610351562
2016-12-07,8102.0498046875,26236.869140625,16.850000381469727
2016-12-08,8246.849609375,26694.279296875,15.529999732971191
2016-12-09,8261.75,26747.1796875,15.069999694824219
2016-12-12,8170.7998046875,26515.240234375,16.190000534057617
2016-12-13,8221.7998046875,26697.8203125,15.920000076293945
2016-12-14,8182.4501953125,26602.83984375,16.59000015258789
2016-12-15,8153.60009765625,26519.0703125,15.65999984741211
2016-12-16,8139.4501953125,26489.560546875,15.25
2016-12-19,8104.35009765625,26374.69921875,14.84000015258789
2016-12-20,8082.39990234375,26307.98046875,14.539999961853027
2016-12-21,8061.2998046875,26242.380859375,14.710000038146973
2016-12-22,7979.10009765625,25979.599609375,15.550000190734863
2016-12-23,7985.75,26040.69921875,15.130000114440918
2016-12-26,7908.25,25807.099609375,16.600000381469727
2016-12-27,8032.85009765625,26213.439453125,15.079999923706055
2016-12-28,8034.85009765625,26210.6796875,15.539999961853027
2016-12-29,8103.60009765625,26366.150390625,15.279999732971191
2016-12-30,8185.7998046875,26626.4609375,15.470000267028809
2017-01-02,8179.5,26595.44921875,15.829999923706055
2017-01-03,8192.25,26643.240234375,15.960000038146973
2017-01-04,8190.5,26633.130859375,15.890000343322754
2017-01-05,8273.7998046875,26878.240234375,15.050000190734863
2017-01-06,8243.7998046875,26759.23046875,14.90999984741211
2017-01-09,8236.0498046875,26726.55078125,15.479999542236328
2017-01-10,8288.599609375,26899.560546875,15.199999809265137
2017-01-11,8380.650390625,27140.41015625,14.8100004196167
2017-01-12,8407.2001953125,27247.16015625,14.609999656677246
2017-01-13,8400.349609375,27238.060546875,14.380000114440918
2017-01-16,8412.7998046875,27288.169921875,15.069999694824219
2017-01-17,8398.0,27235.66015625,15.390000343322754
2017-01-18,8417.0,27257.640625,15.180000305175781
2017-01-19,8435.099609375,27308.599609375,15.020000457763672
2017-01-20,8349.349609375,27034.5,15.789999961853027
2017-01-23,8391.5,27117.33984375,15.90999984741211
2017-01-24,8475.7998046875,27375.580078125,15.289999961853027
2017-01-25,8602.75,27708.140625,15.170000076293945
2017-01-27,8641.25,27882.4609375,16.010000228881836
2017-01-30,8632.75,27849.560546875,16.670000076293945
2017-01-31,8561.2998046875,27655.9609375,16.829999923706055
2017-02-01,8716.400390625,28141.640625,13.970000267028809
2017-02-02,8734.25,28226.609375,13.520000457763672
2017-02-03,8740.9501953125,28240.51953125,13.130000114440918
2017-02-06,8801.0498046875,28439.279296875,13.399999618530273
2017-02-07,8768.2998046875,28335.16015625,13.510000228881836
2017-02-08,8769.0498046875,28289.919921875,13.350000381469727
2017-02-09,8778.400390625,28329.69921875,13.239999771118164
2017-02-10,8793.5498046875,28334.25,13.180000305175781
2017-02-13,8805.0498046875,28351.619140625,13.6899995803833
2017-02-14,8792.2998046875,28339.310546875,13.800000190734863
2017-02-15,8724.7001953125,28155.560546875,14.210000038146973
2017-02-16,8778.0,28301.26953125,13.729999542236328
2017-02-17,8821.7001953125,28468.75,13.430000305175781
2017-02-20,8879.2001953125,28661.580078125,13.609999656677246
2017-02-21,8907.849609375,28761.58984375,13.529999732971191
2017-02-22,8926.900390625,28864.7109375,13.699999809265137
2017-02-23,8939.5,28892.970703125,13.399999618530273
2017-02-27,8896.7001953125,28812.880859375,13.680000305175781
2017-02-28,8879.599609375,28743.3203125,13.789999961853027
2017-03-01,8945.7998046875,28984.490234375,13.579999923706055
2017-03-02,8899.75,28839.7890625,13.359999656677246
2017-03-03,8897.5498046875,28832.44921875,13.350000381469727
2017-03-06,8963.4501953125,29048.189453125,13.640000343322754
2017-03-07,8946.900390625,28999.560546875,13.880000114440918
2017-03-08,8924.2998046875,28901.939453125,14.079999923706055
2017-03-09,8927.0,28929.130859375,14.390000343322754
2017-03-10,8934.5498046875,28946.23046875,13.960000038146973
2017-03-14,9087.0,29442.630859375,12.399999618530273
2017-03-15,9084.7998046875,29398.109375,12.420000076293945
2017-03-16,9153.7001953125,29585.849609375,11.90999984741211
2017-03-17,9160.0498046875,29648.990234375,11.850000381469727
2017-03-20,9126.849609375,29518.740234375,12.020000457763672
2017-03-21,9121.5,29485.44921875,11.9399995803833
2017-03-22,9030.4501953125,29167.6796875,12.270000457763672
2017-03-23,9086.2998046875,29332.16015625,11.84000015258789
2017-03-24,9108.0,29421.400390625,11.979999542236328
2017-03-27,9045.2001953125,29237.150390625,12.4399995803833
2017-03-28,9100.7998046875,29409.51953125,12.119999885559082
2017-03-29,9143.7998046875,29531.4296875,12.09000015258789
2017-03-30,9173.75,29647.419921875,12.149999618530273
2017-03-31,9173.75,29620.5,12.420000076293945
2017-04-03,9237.849609375,29910.220703125,11.489999771118164
2017-04-05,9265.150390625,29974.240234375,11.550000190734863
2017-04-06,9261.9501953125,29927.33984375,11.289999961853027
2017-04-07,9198.2998046875,29706.609375,11.6899995803833
2017-04-10,9181.4501953125,29575.740234375,11.619999885559082
2017-04-11,9237.0,29788.349609375,11.399999618530273
2017-04-12,9203.4501953125,29643.48046875,11.630000114440918
2017-04-13,9150.7998046875,29461.44921875,11.579999923706055
2017-04-17,9139.2998046875,29413.66015625,11.890000343322754
2017-04-18,9105.150390625,29319.099609375,12.380000114440918
2017-04-19,9103.5,29336.5703125,12.220000267028809
2017-04-20,9136.400390625,29422.390625,11.5600004196167
2017-04-21,9119.400390625,29365.30078125,11.420000076293945
2017-04-24,9217.9501953125,29655.83984375,11.630000114440918
2017-04-25,9306.599609375,29943.240234375,11.15999984741211
2017-04-26,9351.849609375,30133.349609375,11.739999771118164
2017-04-27,9342.150390625,30029.740234375,11.069999694824219
2017-04-28,9304.0498046875,29918.400390625,10.859999656677246
2017-05-02,9313.7998046875,29921.1796875,11.449999809265137
2017-05-03,9311.9501953125,29894.80078125,11.529999732971191
2017-05-04,9359.900390625,30126.2109375,11.329999923706055
2017-05-05,9285.2998046875,29858.80078125,11.989999771118164
2017-05-08,9314.0498046875,29926.150390625,11.670000076293945
2017-05-09,9316.849609375,29933.25,11.109999656677246
2017-05-10,9407.2998046875,30248.169921875,10.949999809265137
2017-05-11,9422.400390625,30250.98046875,10.84000015258789
2017-05-12,9400.900390625,30188.150390625,10.630000114440918
2017-05-15,9445.400390625,30322.119140625,10.680000305175781
2017-05-16,9512.25,30582.599609375,10.5600004196167
2017-05-17,9525.75,30658.76953125,10.640000343322754
2017-05-18,9429.4501953125,30434.7890625,11.789999961853027
2017-05-19,9427.900390625,30464.919921875,11.300000190734863
2017-05-22,9438.25,30570.970703125,11.199999809265137
2017-05-23,9386.150390625,30365.25,12.199999809265137
2017-05-24,9360.5498046875,30301.640625,11.829999923706055
2017-05-25,9509.75,30750.029296875,10.449999809265137
2017-05-26,9595.099609375,31028.2109375,10.859999656677246
2017-05-29,9604.900390625,31109.279296875,11.789999961853027
2017-05-30,9624.5498046875,31159.400390625,11.770000457763672
2017-05-31,9621.25,31145.80078125,11.760000228881836
2017-06-01,9616.099609375,31137.58984375,11.3100004196167
2017-06-02,9653.5,31273.2890625,10.8100004196167
2017-06-05,9675.099609375,31309.490234375,11.020000457763672
2017-06-06,9637.150390625,31190.560546875,11.130000114440918
2017-06-07,9663.900390625,31271.279296875,10.890000343322754
2017-06-08,9647.25,31213.359375,11.069999694824219
2017-06-09,9668.25,31262.060546875,10.859999656677246
2017-06-12,9616.400390625,31095.69921875,11.420000076293945
2017-06-13,9606.900390625,31103.490234375,11.34000015258789
2017-06-14,9618.150390625,31155.91015625,11.180000305175781
2017-06-15,9578.0498046875,31075.73046875,11.329999923706055
2017-06-16,9588.0498046875,31056.400390625,10.920000076293945
2017-06-19,9657.5498046875,31311.5703125,10.630000114440918
2017-06-20,9653.5,31297.529296875,10.65999984741211
2017-06-21,9633.599609375,31283.640625,10.920000076293945
2017-06-22,9630.0,31290.740234375,11.210000038146973
2017-06-23,9574.9501953125,31138.2109375,11.5600004196167
2017-06-27,9511.400390625,30958.25,12.510000228881836
2017-06-28,9491.25,30834.3203125,11.989999771118164
2017-06-29,9504.099609375,30857.51953125,11.380000114440918
2017-06-30,9520.900390625,30921.609375,11.729999542236328
2017-07-03,9615.0,31221.619140625,11.199999809265137
2017-07-04,9613.2998046875,31209.7890625,11.279999732971191
2017-07-05,9637.599609375,31245.560546875,11.149999618530273
2017-07-06,9674.5498046875,31369.33984375,10.979999542236328
2017-07-07,9665.7998046875,31360.630859375,10.869999885559082
2017-07-10,9771.0498046875,31715.640625,10.90999984741211
2017-07-11,9786.0498046875,31747.08984375,10.890000343322754
2017-07-12,9816.099609375,31804.8203125,11.050000190734863
2017-07-13,9891.7001953125,32037.380859375,11.25
2017-07-14,9886.349609375,32020.75,11.170000076293945
2017-07-17,9915.9501953125,32074.779296875,11.460000038146973
2017-07-18,9827.150390625,31710.990234375,11.489999771118164
2017-07-19,9899.599609375,31955.349609375,11.260000228881836
2017-07-20,9873.2998046875,31904.400390625,11.319999694824219
2017-07-21,9915.25,32028.890625,11.09000015258789
2017-07-24,9966.400390625,32245.869140625,11.3100004196167
2017-07-25,9964.5498046875,32228.26953125,10.90999984741211
2017-07-26,10020.650390625,32382.4609375,11.170000076293945
2017-07-27,10020.5498046875,32383.30078125,11.220000267028809
2017-07-28,10014.5,32309.880859375,11.140000343322754
2017-07-31,10077.099609375,32514.939453125,11.899999618530273
2017-08-01,10114.650390625,32575.169921875,11.90999984741211
2017-08-02,10081.5,32476.740234375,11.9399995803833
2017-08-03,10013.650390625,32237.880859375,11.640000343322754
2017-08-04,10066.400390625,32325.41015625,11.390000343322754
2017-08-07,10057.400390625,32273.669921875,11.899999618530273
2017-08-08,9978.5498046875,32014.189453125,12.770000457763672
2017-08-09,9908.0498046875,31797.83984375,13.449999809265137
2017-08-10,9820.25,31531.330078125,13.800000190734863
2017-08-11,9710.7998046875,31213.58984375,15.199999809265137
2017-08-14,9794.150390625,31449.029296875,14.380000114440918
2017-08-16,9897.2998046875,31770.890625,14.239999771118164
2017-08-17,9904.150390625,31795.4609375,14.34000015258789
2017-08-18,9837.400390625,31524.6796875,14.569999694824219
2017-08-21,9754.349609375,31258.849609375,14.819999694824219
2017-08-22,9765.5498046875,31291.849609375,14.109999656677246
2017-08-23,9852.5,31568.009765625,13.180000305175781
2017-08-24,9857.0498046875,31596.060546875,12.569999694824219
2017-08-28,9912.7998046875,31750.8203125,12.640000343322754
2017-08-29,9796.0498046875,31388.390625,13.539999961853027
2017-08-30,9884.400390625,31646.4609375,12.890000343322754
2017-08-31,9917.900390625,31730.490234375,11.949999809265137
2017-09-01,9974.400390625,31892.23046875,11.680000305175781
2017-09-04,9912.849609375,31702.25,13.170000076293945
2017-09-05,9952.2001953125,31809.55078125,12.890000343322754
2017-09-06,9916.2001953125,31661.970703125,13.119999885559082
2017-09-07,9929.900390625,31662.740234375,13.010000228881836
2017-09-08,9934.7998046875,31687.51953125,12.960000038146973
2017-09-11,10006.0498046875,31882.16015625,12.359999656677246
2017-09-12,10093.0498046875,32158.66015625,11.760000228881836
2017-09-13,10079.2998046875,32186.41015625,11.760000228881836
2017-09-14,10086.599609375,32241.9296875,11.470000267028809
2017-09-15,10085.400390625,32272.609375,11.680000305175781
2017-09-18,10153.099609375,32423.759765625,11.4399995803833
2017-09-19,10147.5498046875,32402.369140625,11.470000267028809
2017-09-20,10141.150390625,32400.509765625,11.630000114440918
2017-09-21,10121.900390625,32370.0390625,11.630000114440918
2017-09-22,9964.400390625,31922.439453125,12.8100004196167
2017-09-25,9872.599609375,31626.630859375,13.34000015258789
2017-09-26,9871.5,31599.759765625,12.930000305175781
2017-09-27,9735.75,31159.810546875,13.859999656677246
2017-09-28,9768.9501953125,31282.48046875,13.170000076293945
2017-09-29,9788.599609375,31283.720703125,12.489999771118164
2017-10-03,9859.5,31497.380859375,12.460000038146973
2017-10-04,9914.900390625,31671.7109375,11.800000190734863
2017-10-05,9888.7001953125,31592.029296875,11.710000038146973
2017-10-06,9979.7001953125,31814.220703125,11.119999885559082
2017-10-09,9988.75,31846.890625,11.390000343322754
2017-10-10,10016.9501953125,31924.41015625,11.109999656677246
2017-10-11,9984.7998046875,31833.990234375,11.729999542236328
2017-10-12,10096.400390625,32182.220703125,11.039999961853027
2017-10-13,10167.4501953125,32432.689453125,11.260000228881836
2017-10-16,10230.849609375,32633.640625,11.3100004196167
2017-10-17,10234.4501953125,32609.16015625,11.609999656677246
2017-10-18,10210.849609375,32584.349609375,11.539999961853027
2017-10-19,10146.5498046875,32389.9609375,12.399999618530273
2017-10-23,10184.849609375,32506.720703125,12.329999923706055
2017-10-24,10207.7001953125,32607.33984375,11.59000015258789
2017-10-25,10295.349609375,33042.5,11.760000228881836
2017-10-26,10343.7998046875,33147.12890625,11.619999885559082
2017-10-27,10323.0498046875,33157.21875,11.479999542236328
2017-10-30,10363.650390625,33266.16015625,12.109999656677246
2017-10-31,10335.2998046875,33213.12890625,12.4399995803833
2017-11-01,10440.5,33600.26953125,12.140000343322754
2017-11-02,10423.7998046875,33573.21875,12.010000228881836
2017-11-03,10452.5,33685.55859375,11.90999984741211
2017-11-06,10451.7998046875,33731.19140625,13.020000457763672
2017-11-07,10350.150390625,33370.76171875,13.239999771118164
2017-11-08,10303.150390625,33218.80859375,13.609999656677246
2017-11-09,10308.9501953125,33250.9296875,13.270000457763672
2017-11-10,10321.75,33314.55859375,13.479999542236328
2017-11-13,10224.9501953125,33033.55859375,14.050000190734863
2017-11-14,10186.599609375,32941.87109375,14.170000076293945
2017-11-15,10118.0498046875,32760.439453125,14.270000457763672
2017-11-16,10214.75,33106.8203125,13.460000038146973
2017-11-17,10283.599609375,33342.80078125,13.710000038146973
2017-11-20,10298.75,33359.8984375,13.430000305175781
2017-11-21,10326.900390625,33478.3515625,13.720000267028809
2017-11-22,10342.2998046875,33561.55078125,14.039999961853027
2017-11-23,10348.75,33588.078125,13.869999885559082
2017-11-24,10389.7001953125,33679.23828125,13.510000228881836
2017-11-27,10399.5498046875,33724.44140625,13.029999732971191
2017-11-28,10370.25,33618.58984375,13.149999618530273
2017-11-29,10361.2998046875,33602.76171875,13.0600004196167
2017-11-30,10226.5498046875,33149.3515625,13.550000190734863
2017-12-01,10121.7998046875,32832.94140625,14.800000190734863
2017-12-04,10127.75,32869.71875,14.859999656677246
2017-12-05,10118.25,32802.44140625,15.010000228881836
2017-12-06,10044.099609375,32597.1796875,15.09000015258789
2017-12-07,10166.7001953125,32949.2109375,14.270000457763672
2017-12-08,10265.650390625,33250.30078125,13.670000076293945
2017-12-11,10322.25,33455.7890625,14.149999618530273
2017-12-12,10240.150390625,33227.98828125,15.260000228881836
2017-12-13,10192.9501953125,33053.0390625,15.949999809265137
2017-12-14,10252.099609375,33246.69921875,16.40999984741211
2017-12-15,10333.25,33462.96875,14.9399995803833
2017-12-18,10388.75,33601.6796875,13.119999885559082
2017-12-19,10463.2001953125,33836.73828125,12.1899995803833
2017-12-20,10444.2001953125,33777.37890625,12.1899995803833
2017-12-21,10440.2998046875,33756.28125,12.09000015258789
2017-12-22,10493.0,33940.30078125,11.59000015258789
2017-12-26,10531.5,34010.609375,12.050000190734863
2017-12-27,10490.75,33911.80859375,12.489999771118164
2017-12-28,10477.900390625,33848.03125,12.300000190734863
2017-12-29,10530.7001953125,34056.828125,12.670000076293945
2018-01-02,10442.2001953125,33812.26171875,13.6899995803833
2018-01-03,10443.2001953125,33793.37890625,13.619999885559082
2018-01-04,10504.7998046875,33969.640625,13.420000076293945
2018-01-05,10558.849609375,34153.8515625,13.109999656677246
2018-01-08,10623.599609375,34352.7890625,13.739999771118164
2018-01-09,10637.0,34443.19140625,13.850000381469727
2018-01-10,10632.2001953125,34433.0703125,14.039999961853027
2018-01-11,10651.2001953125,34503.48828125,14.010000228881836
2018-01-12,10681.25,34592.390625,13.729999542236328
2018-01-15,10741.5498046875,34843.51171875,14.3100004196167
2018-01-16,10700.4501953125,34771.05078125,14.09000015258789
2018-01-17,10788.5498046875,35081.8203125,13.859999656677246
2018-01-18,10817.0,35260.2890625,13.960000038146973
2018-01-19,10894.7001953125,35511.578125,13.979999542236328
2018-01-22,10966.2001953125,35798.01171875,15.390000343322754
2018-01-23,11083.7001953125,36139.98046875,16.229999542236328
2018-01-24,11086.0,36161.640625,18.040000915527344
2018-01-25,11069.650390625,36050.44140625,17.510000228881836
2018-01-29,11130.400390625,36283.25,17.889999389648438
2018-01-30,11049.650390625,36033.73046875,16.420000076293945
2018-01-31,11027.7001953125,35965.01953125,15.930000305175781
2018-02-01,11016.900390625,35906.66015625,14.109999656677246
2018-02-02,10760.599609375,35066.75,15.25
2018-02-05,10666.5498046875,34757.16015625,16.049999237060547
2018-02-06,10498.25,34195.94140625,20.020000457763672
2018-02-07,10476.7001953125,34082.7109375,19.469999313354492
2018-02-08,10576.849609375,34413.16015625,17.770000457763672
2018-02-09,10454.9501953125,34005.76171875,19.229999542236328
2018-02-12,10539.75,34300.46875,17.8799991607666
2018-02-14,10500.900390625,34155.94921875,17.18000030517578
2018-02-15,10545.5,34297.46875,16.31999969482422
2018-02-16,10452.2998046875,34010.76171875,16.3799991607666
2018-02-19,10378.400390625,33774.66015625,16.670000076293945
2018-02-20,10360.400390625,33703.58984375,16.8700008392334
2018-02-21,10397.4501953125,33844.859375,15.920000076293945
2018-02-22,10382.7001953125,33819.5,14.829999923706055
2018-02-23,10491.0498046875,34142.1484375,14.199999809265137
2018-02-26,10582.599609375,34445.75,13.699999809265137
2018-02-27,10554.2998046875,34346.390625,13.920000076293945
2018-02-28,10492.849609375,34184.0390625,13.8100004196167
2018-03-01,10458.349609375,34046.94140625,14.069999694824219
2018-03-05,10358.849609375,33746.78125,15.399999618530273
2018-03-06,10249.25,33317.19921875,16.25
2018-03-07,10154.2001953125,33033.08984375,15.699999809265137
2018-03-08,10242.650390625,33351.5703125,14.59000015258789
2018-03-09,10226.849609375,33307.140625,14.529999732971191
2018-03-12,10421.400390625,33917.94140625,14.489999771118164
2018-03-13,10426.849609375,33856.78125,14.460000038146973
2018-03-14,10410.900390625,33835.73828125,14.359999656677246
2018-03-15,10360.150390625,33685.5390625,14.329999923706055
2018-03-16,10195.150390625,33176.0,15.220000267028809
2018-03-19,10094.25,32923.12109375,15.819999694824219
2018-03-20,10124.349609375,32996.76171875,15.609999656677246
2018-03-21,10155.25,33136.1796875,15.109999656677246
2018-03-22,10114.75,33006.26953125,15.25
2018-03-23,9998.0498046875,32596.5390625,15.550000190734863
2018-03-26,10130.650390625,33066.41015625,15.199999809265137
2018-03-27,10184.150390625,33174.390625,15.550000190734863
2018-03-28,10113.7001953125,32968.6796875,15.760000228881836
2018-04-02,10211.7998046875,33255.359375,15.350000381469727
2018-04-03,10245.0,33370.62890625,15.1899995803833
2018-04-04,10128.400390625,33019.0703125,16.34000015258789
2018-04-05,10325.150390625,33596.80078125,14.800000190734863
2018-04-06,10331.599609375,33626.96875,14.75
2018-04-09,10379.349609375,33788.5390625,14.869999885559082
2018-04-10,10402.25,33880.25,14.5
2018-04-11,10417.150390625,33940.44140625,14.720000267028809
2018-04-12,10458.650390625,34101.12890625,14.5600004196167
2018-04-13,10480.599609375,34192.6484375,14.140000343322754
2018-04-16,10528.349609375,34305.4296875,14.260000228881836
2018-04-17,10548.7001953125,34395.05859375,14.039999961853027
2018-04-18,10526.2001953125,34331.6796875,14.109999656677246
2018-04-19,10565.2998046875,34427.2890625,13.75
2018-04-20,10564.0498046875,34415.578125,12.9399995803833
2018-04-23,10584.7001953125,34450.76953125,13.149999618530273
2018-04-24,10614.349609375,34616.640625,11.899999618530273
2018-04-25,10570.5498046875,34501.26953125,12.399999618530273
2018-04-26,10617.7998046875,34713.6015625,12.039999961853027
2018-04-27,10692.2998046875,34969.69921875,12.020000457763672
2018-04-30,10739.349609375,35160.359375,12.359999656677246
2018-05-02,10718.0498046875,35176.421875,12.84000015258789
2018-05-03,10679.650390625,35103.140625,12.989999771118164
2018-05-04,10618.25,34915.37890625,13.25
2018-05-07,10715.5,35208.140625,13.760000228881836
2018-05-08,10717.7998046875,35216.3203125,14.0600004196167
2018-05-09,10741.7001953125,35319.3515625,14.270000457763672
2018-05-10,10716.5498046875,35246.26953125,14.430000305175781
2018-05-11,10806.5,35535.7890625,13.979999542236328
2018-05-14,10806.599609375,35556.7109375,14.25
2018-05-15,10801.849609375,35543.94140625,13.170000076293945
2018-05-16,10741.099609375,35387.87890625,13.4399995803833
2018-05-17,10682.7001953125,35149.12109375,13.40999984741211
2018-05-18,10596.400390625,34848.30078125,14.149999618530273
2018-05-21,10516.7001953125,34616.12890625,14.40999984741211
2018-05-22,10536.7001953125,34651.23828125,13.600000381469727
2018-05-23,10430.349609375,34344.91015625,14.15999984741211
2018-05-24,10513.849609375,34663.109375,13.149999618530273
2018-05-25,10605.150390625,34924.87109375,12.649999618530273
2018-05-28,10688.650390625,35165.48046875,13.0600004196167
2018-05-29,10633.2998046875,34949.23828125,13.069999694824219
2018-05-30,10614.349609375,34906.109375,13.40999984741211
2018-05-31,10736.150390625,35322.37890625,13.220000267028809
2018-06-01,10696.2001953125,35227.26171875,13.569999694824219
2018-06-04,10628.5,35011.890625,13.880000114440918
2018-06-05,10593.150390625,34903.2109375,13.319999694824219
2018-06-06,10684.650390625,35178.87890625,12.550000190734863
2018-06-07,10768.349609375,35463.078125,12.779999732971191
2018-06-08,10767.650390625,35443.671875,12.699999809265137
2018-06-11,10786.9501953125,35483.46875,13.180000305175781
2018-06-12,10842.849609375,35692.51953125,12.729999542236328
2018-06-13,10856.7001953125,35739.16015625,12.640000343322754
2018-06-14,10808.0498046875,35599.8203125,12.100000381469727
2018-06-15,10817.7001953125,35622.140625,12.069999694824219
2018-06-18,10799.849609375,35548.26171875,12.380000114440918
2018-06-19,10710.4501953125,35286.73828125,12.920000076293945
2018-06-20,10772.0498046875,35547.328125,12.170000076293945
2018-06-21,10741.099609375,35432.390625,12.449999809265137
2018-06-22,10821.849609375,35689.6015625,12.020000457763672
2018-06-25,10762.4501953125,35470.3515625,12.579999923706055
2018-06-26,10769.150390625,35490.0390625,12.800000190734863
2018-06-27,10671.400390625,35217.109375,13.510000228881836
2018-06-28,10589.099609375,35037.640625,13.949999809265137
2018-06-29,10714.2998046875,35423.48046875,12.9399995803833
2018-07-02,10657.2998046875,35264.41015625,13.369999885559082
2018-07-03,10699.900390625,35378.6015625,13.0
2018-07-04,10769.900390625,35645.3984375,12.65999984741211
2018-07-05,10749.75,35574.55078125,12.579999923706055
2018-07-06,10772.650390625,35657.859375,12.4399995803833
2018-07-09,10852.900390625,35934.71875,12.390000343322754
2018-07-10,10947.25,36239.62109375,12.399999618530273
2018-07-11,10948.2998046875,36265.9296875,12.779999732971191
2018-07-12,11023.2001953125,36548.41015625,12.510000228881836
2018-07-13,11018.900390625,36541.62890625,12.300000190734863
2018-07-16,10936.849609375,36323.76953125,12.949999809265137
2018-07-17,11008.0498046875,36519.9609375,12.829999923706055
2018-07-18,10980.4501953125,36373.44140625,13.680000305175781
2018-07-19,10957.099609375,36351.23046875,13.59000015258789
2018-07-20,11010.2001953125,36496.37109375,13.539999961853027
2018-07-23,11084.75,36718.6015625,13.010000228881836
2018-07-24,11134.2998046875,36825.1015625,12.470000267028809
2018-07-25,11132.0,36858.23046875,12.210000038146973
2018-07-26,11167.2998046875,36984.640625,12.029999732971191
2018-07-27,11278.349609375,37336.8515625,12.3100004196167
2018-07-30,11319.5498046875,37494.3984375,12.59000015258789
2018-07-31,11356.5,37606.578125,12.479999542236328
2018-08-01,11346.2001953125,37521.62109375,12.529999732971191
2018-08-02,11244.7001953125,37165.16015625,12.5600004196167
2018-08-03,11360.7998046875,37556.16015625,12.079999923706055
2018-08-06,11387.099609375,37691.890625,12.5600004196167
2018-08-07,11389.4501953125,37665.80078125,12.579999923706055
2018-08-08,11450.0,37887.55859375,12.539999961853027
2018-08-09,11470.7001953125,38024.37109375,12.680000305175781
2018-08-10,11429.5,37869.23046875,12.850000381469727
2018-08-13,11355.75,37644.8984375,13.399999618530273
2018-08-14,11435.099609375,37852.0,13.279999732971191
2018-08-16,11385.0498046875,37663.55859375,13.649999618530273
2018-08-17,11470.75,37947.87890625,13.15999984741211
2018-08-20,11551.75,38278.75,13.029999732971191
2018-08-21,11570.900390625,38285.75,12.899999618530273
2018-08-23,11582.75,38336.76171875,12.760000228881836
2018-08-24,11557.099609375,38251.80078125,12.40999984741211
2018-08-27,11691.9501953125,38694.109375,12.239999771118164
2018-08-28,11738.5,38896.62890625,12.430000305175781
2018-08-29,11691.900390625,38722.9296875,12.4399995803833
2018-08-30,11676.7998046875,38690.1015625,12.40999984741211
2018-08-31,11680.5,38645.0703125,12.600000381469727
2018-09-03,11582.349609375,38312.51953125,13.390000343322754
2018-09-04,11520.2998046875,38157.921875,13.779999732971191
2018-09-05,11476.9501953125,38018.30859375,13.649999618530273
2018-09-06,11536.900390625,38242.80859375,13.720000267028809
2018-09-07,11589.099609375,38389.8203125,13.890000343322754
2018-09-10,11438.099609375,37922.171875,15.199999809265137
2018-09-11,11287.5,37413.12890625,15.329999923706055
2018-09-12,11369.900390625,37717.9609375,14.25
2018-09-14,11515.2001953125,38090.640625,13.84000015258789
2018-09-17,11377.75,37585.51171875,14.5
2018-09-18,11278.900390625,37290.671875,14.420000076293945
2018-09-19,11234.349609375,37121.21875,14.010000228881836
2018-09-21,11143.099609375,36841.6015625,15.539999961853027
2018-09-24,10967.400390625,36305.01953125,17.43000030517578
2018-09-25,11067.4501953125,36652.05859375,16.68000030517578
2018-09-26,11053.7998046875,36542.26953125,17.09000015258789
2018-09-27,10977.5498046875,36324.171875,16.920000076293945
2018-09-28,10930.4501953125,36227.140625,17.0
2018-10-01,11008.2998046875,36526.140625,16.84000015258789
2018-10-03,10858.25,35975.62890625,18.1200008392334
2018-10-04,10599.25,35169.16015625,18.920000076293945
2018-10-05,10316.4501953125,34376.98828125,19.729999542236328
2018-10-08,10348.0498046875,34474.37890625,20.149999618530273
2018-10-09,10301.0498046875,34299.46875,19.760000228881836
2018-10-10,10460.099609375,34760.890625,17.90999984741211
2018-10-11,10234.650390625,34001.1484375,20.549999237060547
2018-10-12,10472.5,34733.578125,18.6299991607666
2018-10-15,10512.5,34865.1015625,18.889999389648438
2018-10-16,10584.75,35162.48046875,17.3700008392334
2018-10-17,10453.0498046875,34779.578125,17.979999542236328
2018-10-19,10303.5498046875,34315.62890625,19.790000915527344
2018-10-22,10245.25,34134.37890625,21.360000610351562
2018-10-23,10146.7998046875,33847.23046875,19.040000915527344
2018-10-24,10224.75,34033.9609375,18.8799991607666
2018-10-25,10124.900390625,33690.08984375,18.959999084472656
2018-10-26,10030.0,33349.30859375,19.229999542236328
2018-10-29,10250.849609375,34067.3984375,19.829999923706055
2018-10-30,10198.400390625,33891.12890625,20.5
2018-10-31,10386.599609375,34442.05078125,19.799999237060547
2018-11-01,10380.4501953125,34431.96875,19.190000534057617
2018-11-02,10553.0,35011.6484375,18.229999542236328
2018-11-05,10524.0,34950.921875,19.479999542236328
2018-11-06,10530.0,34991.91015625,18.510000228881836
2018-11-07,10598.400390625,35237.6796875,17.719999313354492
2018-11-09,10585.2001953125,35158.55078125,17.770000457763672
2018-11-12,10482.2001953125,34812.98828125,19.3700008392334
2018-11-13,10582.5,35144.48828125,18.700000762939453
2018-11-14,10576.2998046875,35141.98828125,18.829999923706055
2018-11-15,10616.7001953125,35260.5390625,18.450000762939453
2018-11-16,10682.2001953125,35457.16015625,18.350000381469727
2018-11-19,10763.400390625,35774.87890625,19.260000228881836
2018-11-20,10656.2001953125,35474.51171875,19.329999923706055
2018-11-21,10600.0498046875,35199.80078125,19.559999465942383
2018-11-22,10526.75,34981.01953125,19.15999984741211
2018-11-26,10628.599609375,35354.078125,20.399999618530273
2018-11-27,10685.599609375,35513.140625,18.31999969482422
2018-11-28,10728.849609375,35716.94921875,17.959999084472656
2018-11-29,10858.7001953125,36170.41015625,18.700000762939453
2018-11-30,10876.75,36194.30078125,19.15999984741211
2018-12-03,10883.75,36241.0,18.219999313354492
2018-12-04,10869.5,36134.30859375,18.110000610351562
2018-12-05,10782.900390625,35884.41015625,18.389999389648438
2018-12-06,10601.150390625,35312.12890625,19.309999465942383
2018-12-07,10693.7001953125,35673.25,18.59000015258789
2018-12-10,10488.4501953125,34959.71875,20.440000534057617
2018-12-11,10549.150390625,35150.01171875,17.950000762939453
2018-12-12,10737.599609375,35779.0703125,15.8100004196167
2018-12-13,10791.5498046875,35929.640625,15.550000190734863
2018-12-14,10805.4501953125,35962.9296875,15.15999984741211
2018-12-17,10888.349609375,36270.0703125,14.539999961853027
2018-12-18,10908.7001953125,36347.078125,14.579999923706055
2018-12-19,10967.2998046875,36484.328125,14.65999984741211
2018-12-20,10951.7001953125,36431.671875,14.329999923706055
2018-12-21,10754.0,35742.0703125,15.989999771118164
2018-12-24,10663.5,35470.1484375,15.75
2018-12-26,10729.849609375,35649.94140625,15.920000076293945
2018-12-27,10779.7998046875,35807.28125,16.06999969482422
2018-12-28,10859.900390625,36076.71875,15.270000457763672
2018-12-31,10862.5498046875,36068.328125,16.0
2019-01-02,10792.5,35891.51953125,16.389999389648438
2019-01-03,10672.25,35513.7109375,16.790000915527344
2019-01-04,10727.349609375,35695.1015625,16.15999984741211
2019-01-07,10771.7998046875,35850.16015625,16.299999237060547
2019-01-08,10802.150390625,35980.9296875,15.699999809265137
2019-01-09,10855.150390625,36212.91015625,15.270000457763672
2019-01-10,10821.599609375,36106.5,15.350000381469727
2019-01-11,10794.9501953125,36009.83984375,15.350000381469727
2019-01-14,10737.599609375,35853.55859375,16.15999984741211
2019-01-15,10886.7998046875,36318.328125,15.579999923706055
2019-01-16,10890.2998046875,36321.2890625,16.079999923706055
2019-01-17,10905.2001953125,36374.078125,16.239999771118164
2019-01-18,10906.9501953125,36386.609375,16.6200008392334
2019-01-21,10961.849609375,36578.9609375,18.149999618530273
2019-01-22,10922.75,36444.640625,17.989999771118164
2019-01-23,10831.5,36108.46875,18.09000015258789
2019-01-24,10849.7998046875,36195.1015625,17.43000030517578
2019-01-25,10780.5498046875,36025.5390625,17.690000534057617
2019-01-28,10661.5498046875,35656.69921875,18.899999618530273
2019-01-29,10652.2001953125,35592.5,18.43000030517578
2019-01-30,10651.7998046875,35591.25,17.850000381469727
2019-01-31,10830.9501953125,36256.69140625,17.1200008392334
2019-02-01,10893.650390625,36469.4296875,15.720000267028809
2019-02-04,10912.25,36582.73828125,15.720000267028809
2019-02-05,10934.349609375,36616.80859375,15.779999732971191
2019-02-06,11062.4501953125,36975.23046875,15.630000114440918
2019-02-07,11069.400390625,36971.08984375,15.4399995803833
2019-02-08,10943.599609375,36546.48046875,15.569999694824219
2019-02-11,10888.7998046875,36395.03125,15.84000015258789
2019-02-12,10831.400390625,36153.62109375,15.75
2019-02-14,10746.0498046875,35876.21875,15.770000457763672
2019-02-15,10724.400390625,35808.94921875,16.459999084472656
2019-02-18,10640.9501953125,35498.44140625,18.0
2019-02-19,10604.349609375,35352.609375,18.469999313354492
2019-02-20,10735.4501953125,35756.26171875,17.059999465942383
2019-02-21,10789.849609375,35898.3515625,16.049999237060547
2019-02-22,10791.650390625,35871.48046875,15.449999809265137
2019-02-25,10880.099609375,36213.37890625,15.359999656677246
2019-02-26,10835.2998046875,35973.7109375,17.110000610351562
2019-02-27,10806.650390625,35905.4296875,18.899999618530273
2019-02-28,10792.5,35867.44140625,18.280000686645508
2019-03-01,10863.5,36063.80859375,16.270000457763672
2019-03-05,10987.4501953125,36442.5390625,15.65999984741211
2019-03-06,11053.0,36636.1015625,15.609999656677246
2019-03-07,11058.2001953125,36725.421875,15.289999961853027
2019-03-08,11035.400390625,36671.4296875,14.9399995803833
2019-03-11,11168.0498046875,37054.1015625,14.899999618530273
2019-03-12,11301.2001953125,37535.66015625,15.100000381469727
2019-03-13,11341.7001953125,37752.171875,15.279999732971191
2019-03-14,11343.25,37754.890625,15.149999618530273
2019-03-15,11426.849609375,38024.3203125,15.869999885559082
2019-03-18,11462.2001953125,38095.0703125,16.899999618530273
2019-03-19,11532.400390625,38363.46875,16.489999771118164
2019-03-20,11521.0498046875,38386.75,16.030000686645508
2019-03-22,11456.900390625,38164.609375,16.270000457763672
2019-03-25,11354.25,37808.91015625,16.670000076293945
2019-03-26,11483.25,38233.41015625,16.489999771118164
2019-03-27,11445.0498046875,38132.87890625,17.049999237060547
2019-03-28,11570.0,38545.71875,16.649999618530273
2019-04-01,11669.150390625,38871.87109375,18.010000228881836
2019-04-02,11713.2001953125,39056.6484375,18.079999923706055
2019-04-03,11643.9501953125,38877.12109375,18.780000686645508
2019-04-04,11598.0,38684.71875,18.649999618530273
2019-04-05,11665.9501953125,38862.23046875,18.389999389648438
2019-04-08,11604.5,38700.53125,20.149999618530273
2019-04-09,11671.9501953125,38939.21875,20.280000686645508
2019-04-10,11584.2998046875,38585.3515625,21.1299991607666
2019-04-11,11596.7001953125,38607.01171875,20.959999084472656
2019-04-12,11643.4501953125,38767.109375,21.0
2019-04-15,11690.349609375,38905.83984375,21.389999389648438
2019-04-16,11787.150390625,39275.640625,21.690000534057617
2019-04-18,11752.7998046875,39140.28125,22.739999771118164
2019-04-22,11594.4501953125,38645.1796875,24.049999237060547
2019-04-23,11575.9501953125,38564.87890625,24.649999618530273
2019-04-24,11726.150390625,39054.6796875,23.709999084472656
2019-04-25,11641.7998046875,38730.859375,23.229999542236328
2019-04-26,11754.650390625,39067.328125,21.719999313354492
2019-04-30,11748.150390625,39031.55078125,21.829999923706055
2019-05-02,11724.75,38981.4296875,22.979999542236328
2019-05-03,11712.25,38963.26171875,24.030000686645508
2019-05-06,11598.25,38600.33984375,26.43000030517578
2019-05-07,11497.900390625,38276.62890625,26.479999542236328
2019-05-08,11359.4501953125,37789.12890625,26.3700008392334
2019-05-09,11301.7998046875,37558.91015625,25.489999771118164
2019-05-10,11278.900390625,37462.98828125,26.34000015258789
2019-05-13,11148.2001953125,37090.8203125,27.3799991607666
2019-05-14,11222.0498046875,37318.53125,27.1299991607666
2019-05-15,11157.0,37114.87890625,28.65999984741211
2019-05-16,11257.099609375,37393.48046875,28.3700008392334
2019-05-17,11407.150390625,37930.76953125,28.079999923706055
2019-05-20,11828.25,39352.671875,23.68000030517578
2019-05-21,11709.099609375,38969.80078125,25.649999618530273
2019-05-22,11737.900390625,39110.2109375,27.6299991607666
2019-05-23,11657.0498046875,38811.390625,19.40999984741211
2019-05-24,11844.099609375,39434.71875,16.469999313354492
2019-05-27,11924.75,39683.2890625,16.190000534057617
2019-05-28,11928.75,39749.73046875,15.920000076293945
2019-05-29,11861.099609375,39502.05078125,16.40999984741211
2019-05-30,11945.900390625,39831.96875,15.609999656677246
2019-05-31,11922.7998046875,39714.19921875,16.06999969482422
2019-06-03,12088.5498046875,40267.62109375,15.970000267028809
2019-06-04,12021.650390625,40083.5390625,15.630000114440918
2019-06-06,11843.75,39529.71875,15.529999732971191
2019-06-07,11870.650390625,39615.8984375,14.859999656677246
2019-06-10,11922.7001953125,39784.51953125,14.979999542236328
2019-06-11,11965.599609375,39950.4609375,14.489999771118164
2019-06-12,11906.2001953125,39756.80859375,14.119999885559082
2019-06-13,11914.0498046875,39741.359375,13.65999984741211
2019-06-14,11823.2998046875,39452.0703125,13.899999618530273
2019-06-17,11672.150390625,38960.7890625,14.649999618530273
2019-06-18,11691.5,39046.33984375,14.600000381469727
2019-06-19,11691.4501953125,39112.73828125,14.729999542236328
2019-06-20,11831.75,39601.62890625,14.0
2019-06-21,11724.099609375,39194.48828125,14.609999656677246
2019-06-24,11699.650390625,39122.9609375,15.220000267028809
2019-06-25,11796.4501953125,39434.94140625,15.010000228881836
2019-06-26,11847.5498046875,39592.078125,14.75
2019-06-27,11841.5498046875,39586.41015625,14.649999618530273
2019-06-28,11788.849609375,39394.640625,14.949999809265137
2019-07-01,11865.599609375,39686.5,14.600000381469727
2019-07-02,11910.2998046875,39816.48046875,14.25
2019-07-03,11916.75,39839.25,13.699999809265137
2019-07-04,11946.75,39908.05859375,13.529999732971191
2019-07-05,11811.150390625,39513.390625,13.069999694824219
2019-07-08,11558.599609375,38720.5703125,13.850000381469727
2019-07-09,11555.900390625,38730.8203125,13.6899995803833
2019-07-10,11498.900390625,38557.0390625,13.640000343322754
2019-07-11,11582.900390625,38823.109375,12.470000267028809
2019-07-12,11552.5,38736.23046875,12.0
2019-07-15,11588.349609375,38896.7109375,12.020000457763672
2019-07-16,11662.599609375,39131.0390625,11.5600004196167
2019-07-17,11687.5,39215.640625,11.800000190734863
2019-07-18,11596.900390625,38897.4609375,11.75
2019-07-19,11419.25,38337.01171875,12.520000457763672
2019-07-22,11346.2001953125,38031.12890625,13.010000228881836
2019-07-23,11331.0498046875,37982.73828125,13.430000305175781
2019-07-24,11271.2998046875,37847.6484375,12.760000228881836
2019-07-25,11252.150390625,37830.98046875,12.640000343322754
2019-07-26,11284.2998046875,37882.7890625,12.130000114440918
2019-07-29,11189.2001953125,37686.37109375,13.0600004196167
2019-07-30,11085.400390625,37397.23828125,13.609999656677246
2019-07-31,11118.0,37481.12109375,13.59000015258789
2019-08-01,10980.0,37018.3203125,14.5600004196167
2019-08-02,10997.349609375,37118.21875,15.1899995803833
2019-08-05,10862.599609375,36699.83984375,16.59000015258789
2019-08-06,10948.25,36976.8515625,16.1200008392334
2019-08-07,10855.5,36690.5,16.739999771118164
2019-08-08,11032.4501953125,37327.359375,16.09000015258789
2019-08-09,11109.650390625,37581.91015625,15.850000381469727
2019-08-13,10925.849609375,36958.16015625,17.780000686645508
2019-08-14,11029.400390625,37311.53125,16.360000610351562
2019-08-16,11047.7998046875,37350.328125,16.649999618530273
2019-08-19,11053.900390625,37402.48828125,16.75
2019-08-20,11017.0,37328.01171875,16.6299991607666
2019-08-21,10918.7001953125,37060.37109375,17.020000457763672
2019-08-22,10741.349609375,36472.9296875,17.850000381469727
2019-08-23,10829.349609375,36701.16015625,17.350000381469727
2019-08-26,11057.849609375,37494.12109375,16.65999984741211
2019-08-27,11105.349609375,37641.26953125,16.010000228881836
2019-08-28,11046.099609375,37451.83984375,16.84000015258789
2019-08-29,10948.2998046875,37068.9296875,16.43000030517578
2019-08-30,11023.25,37332.7890625,16.280000686645508
2019-09-03,10797.900390625,36562.91015625,18.059999465942383
2019-09-04,10844.650390625,36724.73828125,17.239999771118164
2019-09-05,10847.900390625,36644.421875,17.270000457763672
2019-09-06,10946.2001953125,36981.76953125,16.270000457763672
2019-09-09,11003.0498046875,37145.44921875,15.850000381469727
2019-09-11,11035.7001953125,37270.8203125,15.369999885559082
2019-09-12,10982.7998046875,37104.28125,14.899999618530273
2019-09-13,11075.900390625,37384.98828125,14.119999885559082
2019-09-16,11003.5,37123.30859375,14.949999809265137
2019-09-17,10817.599609375,36481.08984375,16.020000457763672
2019-09-18,10840.650390625,36563.87890625,15.350000381469727
2019-09-19,10704.7998046875,36093.46875,15.550000190734863
2019-09-20,11274.2001953125,38014.62109375,15.399999618530273
2019-09-23,11600.2001953125,39090.03125,16.790000915527344
2019-09-24,11588.2001953125,39097.140625,16.729999542236328
2019-09-25,11440.2001953125,38593.51953125,16.170000076293945
2019-09-26,11571.2001953125,38989.73828125,16.34000015258789
2019-09-27,11512.400390625,38822.5703125,16.110000610351562
2019-09-30,11474.4501953125,38667.328125,15.869999885559082
2019-10-01,11359.900390625,38305.41015625,16.760000228881836
2019-10-03,11314.0,38106.87109375,17.700000762939453
2019-10-04,11174.75,37673.30859375,17.579999923706055
2019-10-07,11126.400390625,37531.98046875,17.829999923706055
2019-10-09,11313.2998046875,38177.94921875,17.15999984741211
2019-10-10,11234.5498046875,37880.3984375,17.229999542236328
2019-10-11,11305.0498046875,38127.078125,17.139999389648438
2019-10-14,11341.150390625,38214.46875,17.43000030517578
2019-10-15,11428.2998046875,38506.08984375,16.850000381469727
2019-10-16,11464.0,38598.98828125,16.360000610351562
2019-10-17,11586.349609375,39052.05859375,15.880000114440918
2019-10-18,11661.849609375,39298.37890625,15.930000305175781
2019-10-22,11588.349609375,38963.83984375,16.809999465942383
2019-10-23,11604.099609375,39058.828125,16.540000915527344
2019-10-24,11582.599609375,39020.390625,16.239999771118164
2019-10-25,11583.900390625,39058.05859375,15.319999694824219
2019-10-29,11786.849609375,39831.83984375,16.420000076293945
2019-10-30,11844.099609375,40051.87109375,16.65999984741211
2019-10-31,11877.4501953125,40129.05078125,16.280000686645508
2019-11-01,11890.599609375,40165.03125,15.729999542236328
2019-11-04,11941.2998046875,40301.9609375,15.930000305175781
2019-11-05,11917.2001953125,40248.23046875,15.920000076293945
2019-11-06,11966.0498046875,40469.78125,15.779999732971191
2019-11-07,12012.0498046875,40653.73828125,15.210000038146973
2019-11-08,11908.150390625,40323.609375,15.859999656677246
2019-11-11,11913.4501953125,40345.078125,16.25
2019-11-13,11840.4501953125,40116.05859375,16.459999084472656
2019-11-14,11872.099609375,40286.48046875,15.649999618530273
2019-11-15,11895.4501953125,40356.69140625,15.029999732971191
2019-11-18,11884.5,40284.19140625,15.760000228881836
2019-11-19,11940.099609375,40469.69921875,15.40999984741211
2019-11-20,11999.099609375,40651.640625,15.15999984741211
2019-11-21,11968.400390625,40575.171875,14.979999542236328
2019-11-22,11914.400390625,40359.41015625,14.869999885559082
2019-11-25,12073.75,40889.23046875,15.0
2019-11-26,12037.7001953125,40821.30078125,14.84000015258789
2019-11-27,12100.7001953125,41020.609375,14.619999885559082
2019-11-28,12151.150390625,41130.171875,13.989999771118164
2019-11-29,12056.0498046875,40793.80859375,13.899999618530273
2019-12-02,12048.2001953125,40802.171875,14.199999809265137
2019-12-03,11994.2001953125,40675.44921875,14.5600004196167
2019-12-04,12043.2001953125,40850.2890625,13.319999694824219
2019-12-05,12018.400390625,40779.58984375,14.3100004196167
2019-12-06,11921.5,40445.1484375,13.640000343322754
2019-12-09,11937.5,40487.4296875,14.600000381469727
2019-12-10,11856.7998046875,40239.87890625,14.289999961853027
2019-12-11,11910.150390625,40412.5703125,13.380000114440918
2019-12-12,11971.7998046875,40581.7109375,13.350000381469727
2019-12-13,12086.7001953125,41009.7109375,13.300000190734863
2019-12-16,12053.9501953125,40938.71875,13.420000076293945
2019-12-17,12165.0,41352.171875,12.520000457763672
2019-12-18,12221.650390625,41558.5703125,12.34000015258789
2019-12-19,12259.7001953125,41673.921875,12.119999885559082
2019-12-20,12271.7998046875,41681.5390625,12.329999923706055
2019-12-23,12262.75,41642.66015625,11.960000038146973
2019-12-24,12214.5498046875,41461.26171875,11.630000114440918
2019-12-26,12126.5498046875,41163.76171875,11.119999885559082
2019-12-27,12245.7998046875,41575.140625,10.529999732971191
2019-12-30,12255.849609375,41558.0,11.010000228881836
2019-12-31,12168.4501953125,41253.73828125,11.670000076293945
2020-01-02,12282.2001953125,41626.640625,11.489999771118164
2020-01-03,12226.650390625,41464.609375,12.699999809265137
2020-01-06,11993.0498046875,40676.62890625,14.779999732971191
2020-01-07,12052.9501953125,40869.46875,14.609999656677246
2020-01-08,12025.349609375,40817.73828125,15.640000343322754
2020-01-09,12215.900390625,41452.3515625,14.0
2020-01-10,12256.7998046875,41599.71875,14.079999923706055
2020-01-13,12329.5498046875,41859.69140625,14.279999732971191
2020-01-14,12362.2998046875,41952.62890625,13.90999984741211
2020-01-15,12343.2998046875,41872.73046875,14.119999885559082
2020-01-16,12355.5,41932.55859375,14.180000305175781
2020-01-17,12352.349609375,41945.37109375,14.130000114440918
2020-01-20,12224.5498046875,41528.91015625,15.40999984741211
2020-01-21,12169.849609375,41323.80859375,15.859999656677246
2020-01-22,12106.900390625,41115.37890625,16.360000610351562
2020-01-23,12180.349609375,41386.3984375,15.859999656677246
2020-01-24,12248.25,41613.19140625,15.5600004196167
2020-01-27,12119.0,41155.12109375,17.18000030517578
2020-01-28,12055.7998046875,40966.859375,17.299999237060547
2020-01-29,12129.5,41198.66015625,16.5
2020-01-30,12035.7998046875,40913.8203125,16.799999237060547
2020-01-31,11962.099609375,40723.48828125,17.3700008392334
2020-02-03,11707.900390625,39872.30859375,15.779999732971191
2020-02-04,11979.650390625,40789.37890625,14.380000114440918
2020-02-05,12089.150390625,41142.66015625,14.170000076293945
2020-02-06,12137.9501953125,41306.03125,13.779999732971191
2020-02-07,12098.349609375,41141.8515625,13.75
2020-02-10,12031.5,40979.62109375,14.210000038146973
2020-02-11,12107.900390625,41216.140625,13.880000114440918
2020-02-12,12201.2001953125,41565.8984375,13.619999885559082
2020-02-13,12174.650390625,41459.7890625,13.369999885559082
2020-02-14,12113.4501953125,41257.73828125,13.619999885559082
2020-02-17,12045.7998046875,41055.69140625,14.420000076293945
2020-02-18,11992.5,40894.37890625,14.510000228881836
2020-02-19,12125.900390625,41323.0,14.020000457763672
2020-02-20,12080.849609375,41170.12109375,13.699999809265137
2020-02-24,11829.400390625,40363.23046875,17.0
2020-02-25,11797.900390625,40281.19921875,16.899999618530273
2020-02-26,11678.5,39888.9609375,18.260000228881836
2020-02-27,11633.2998046875,39745.66015625,17.770000457763672
2020-02-28,11201.75,38297.2890625,23.239999771118164
2020-03-02,11132.75,38144.01953125,25.200000762939453
2020-03-03,11303.2998046875,38623.69921875,24.540000915527344
2020-03-04,11251.0,38409.48046875,24.229999542236328
2020-03-05,11269.0,38470.609375,23.25
2020-03-06,10989.4501953125,37576.62109375,25.639999389648438
2020-03-09,10451.4501953125,35634.94921875,30.799999237060547
2020-03-11,10458.400390625,35697.3984375,31.559999465942383
2020-03-12,9590.150390625,32778.140625,41.15999984741211
2020-03-13,9955.2001953125,34103.48046875,51.470001220703125
2020-03-16,9197.400390625,31390.0703125,58.880001068115234
2020-03-17,8967.0498046875,30579.08984375,62.93000030517578
2020-03-18,8468.7998046875,28869.509765625,63.959999084472656
2020-03-19,8263.4501953125,28288.23046875,72.19999694824219
2020-03-20,8745.4501953125,29915.9609375,67.0999984741211
2020-03-23,7610.25,25981.240234375,71.98999786376953
2020-03-24,7801.0498046875,26674.029296875,83.61000061035156
2020-03-25,8317.849609375,28535.779296875,77.62999725341797
2020-03-26,8641.4501953125,29946.76953125,71.52999877929688
2020-03-27,8660.25,29815.58984375,70.38999938964844
2020-03-30,8281.099609375,28440.3203125,71.88999938964844
2020-03-31,8597.75,29468.490234375,64.41000366210938
2020-04-01,8253.7998046875,28265.310546875,60.04999923706055
2020-04-03,8083.7998046875,27590.94921875,55.29999923706055
2020-04-07,8792.2001953125,30067.2109375,51.79999923706055
2020-04-08,8748.75,29893.9609375,52.2400016784668
2020-04-09,9111.900390625,31159.619140625,49.75
2020-04-13,8993.849609375,30690.01953125,51.459999084472656
2020-04-15,8925.2998046875,30379.810546875,49.7400016784668
2020-04-16,8992.7998046875,30602.609375,46.099998474121094
2020-04-17,9266.75,31588.720703125,42.59000015258789
2020-04-20,9261.849609375,31648.0,43.459999084472656
2020-04-21,8981.4501953125,30636.7109375,45.20000076293945
2020-04-22,9187.2998046875,31379.55078125,42.81999969482422
2020-04-23,9313.900390625,31863.080078125,39.22999954223633
2020-04-24,9154.400390625,31327.220703125,39.119998931884766
2020-04-27,9282.2998046875,31743.080078125,38.040000915527344
2020-04-28,9380.900390625,32114.51953125,35.349998474121094
2020-04-29,9553.349609375,32720.16015625,33.84000015258789
2020-04-30,9859.900390625,33717.62109375,33.9900016784668
2020-05-04,9293.5,31715.349609375,43.66999816894531
2020-05-05,9205.599609375,31453.509765625,43.61000061035156
2020-05-06,9270.900390625,31685.75,41.25
2020-05-07,9199.0498046875,31443.380859375,39.93000030517578
2020-05-08,9251.5,31642.69921875,38.40999984741211
2020-05-11,9239.2001953125,31561.220703125,38.040000915527344
2020-05-12,9196.5498046875,31371.119140625,38.209999084472656
2020-05-13,9383.5498046875,32008.609375,38.84000015258789
2020-05-14,9142.75,31122.890625,38.18000030517578
2020-05-15,9136.849609375,31097.73046875,38.02000045776367
2020-05-18,8823.25,30028.98046875,40.91999816894531
2020-05-19,8879.099609375,30196.169921875,39.45000076293945
2020-05-20,9066.5498046875,30818.609375,35.810001373291016
2020-05-21,9106.25,30932.900390625,32.9900016784668
2020-05-22,9039.25,30672.58984375,32.380001068115234
2020-05-26,9029.0498046875,30609.30078125,31.469999313354492
2020-05-27,9314.9501953125,31605.220703125,31.270000457763672
2020-05-28,9490.099609375,32200.58984375,30.020000457763672
2020-05-29,9580.2998046875,32424.099609375,30.219999313354492
2020-06-01,9826.150390625,33303.51953125,30.739999771118164
2020-06-02,9979.099609375,33825.53125,30.1200008392334
2020-06-03,10061.5498046875,34109.5390625,30.040000915527344
2020-06-04,10029.099609375,33980.69921875,29.690000534057617
2020-06-05,10142.150390625,34287.23828125,28.68000030517578
2020-06-08,10167.4501953125,34370.578125,29.649999618530273
2020-06-09,10046.650390625,33956.69140625,30.209999084472656
2020-06-10,10116.150390625,34247.05078125,29.440000534057617
2020-06-11,9902.0,33538.37109375,29.65999984741211
2020-06-12,9972.900390625,33780.890625,30.81999969482422
2020-06-15,9813.7001953125,33228.80078125,32.58000183105469
2020-06-16,9914.0,33605.21875,32.970001220703125
2020-06-17,9881.150390625,33507.921875,33.349998474121094
2020-06-18,10091.650390625,34208.05078125,31.459999084472656
2020-06-19,10244.400390625,34731.73046875,29.969999313354492
2020-06-22,10311.2001953125,34911.3203125,30.459999084472656
2020-06-23,10471.0,35430.4296875,29.34000015258789
2020-06-24,10305.2998046875,34868.98046875,29.579999923706055
2020-06-25,10288.900390625,34842.1015625,29.729999542236328
2020-06-26,10383.0,35171.26953125,28.739999771118164
2020-06-29,10312.400390625,34961.51953125,28.90999984741211
2020-06-30,10302.099609375,34915.80078125,29.1200008392334
2020-07-01,10430.0498046875,35414.44921875,28.1200008392334
2020-07-02,10551.7001953125,35843.69921875,26.510000228881836
2020-07-03,10607.349609375,36021.421875,25.770000457763672
2020-07-06,10763.650390625,36487.28125,25.200000762939453
2020-07-07,10799.650390625,36674.51953125,25.100000381469727
2020-07-08,10705.75,36329.01171875,26.100000381469727
2020-07-09,10813.4501953125,36737.69140625,24.90999984741211
2020-07-10,10768.0498046875,36594.328125,24.940000534057617
2020-07-13,10802.7001953125,36693.69140625,25.25
2020-07-14,10607.349609375,36033.05859375,26.639999389648438
2020-07-15,10618.2001953125,36051.80859375,26.290000915527344
2020-07-16,10739.9501953125,36471.6796875,25.360000610351562
2020-07-17,10901.7001953125,37020.140625,24.15999984741211
2020-07-20,11022.2001953125,37418.98828125,24.709999084472656
2020-07-21,11162.25,37930.328125,24.43000030517578
2020-07-22,11132.599609375,37871.51953125,24.889999389648438
2020-07-23,11215.4501953125,38140.46875,24.639999389648438
2020-07-24,11194.150390625,38128.8984375,24.540000915527344
2020-07-27,11131.7998046875,37934.73046875,25.020000457763672
2020-07-28,11300.5498046875,38492.94921875,23.639999389648438
2020-07-29,11202.849609375,38071.12890625,24.110000610351562
2020-07-30,11102.150390625,37736.0703125,24.729999542236328
2020-07-31,11073.4501953125,37606.890625,24.190000534057617
2020-08-03,10891.599609375,36939.6015625,25.190000534057617
2020-08-04,11095.25,37687.91015625,23.81999969482422
2020-08-05,11101.650390625,37663.328125,23.56999969482422
2020-08-06,11200.150390625,38025.44921875,23.149999618530273
2020-08-07,11214.0498046875,38040.5703125,22.579999923706055
2020-08-10,11270.150390625,38182.078125,22.510000228881836
2020-08-11,11322.5,38407.01171875,21.360000610351562
2020-08-12,11308.400390625,38369.62890625,20.850000381469727
2020-08-13,11300.4501953125,38310.48828125,20.56999969482422
2020-08-14,11178.400390625,37877.33984375,21.670000076293945
2020-08-17,11247.099609375,38050.78125,21.309999465942383
2020-08-18,11385.349609375,38528.3203125,20.43000030517578
2020-08-19,11408.400390625,38614.7890625,19.959999084472656
2020-08-20,11312.2001953125,38220.390625,20.6200008392334
2020-08-21,11371.599609375,38434.71875,19.940000534057617
2020-08-24,11466.4501953125,38799.078125,19.229999542236328
2020-08-25,11472.25,38843.87890625,19.31999969482422
2020-08-26,11549.599609375,39073.921875,19.299999237060547
2020-08-27,11559.25,39113.46875,18.899999618530273
2020-08-28,11647.599609375,39467.30859375,18.350000381469727
2020-08-31,11387.5,38628.2890625,22.84000015258789
2020-09-01,11470.25,38900.80078125,21.799999237060547
2020-09-02,11535.0,39086.03125,21.110000610351562
2020-09-03,11527.4501953125,38990.94140625,20.5
2020-09-04,11333.849609375,38357.1796875,22.149999618530273
2020-09-07,11355.0498046875,38417.23046875,22.010000228881836
2020-09-08,11317.349609375,38365.3515625,22.719999313354492
2020-09-09,11278.0,38193.921875,22.229999542236328
2020-09-10,11449.25,38840.3203125,21.260000228881836
2020-09-11,11464.4501953125,38854.55078125,20.709999084472656
2020-09-14,11440.0498046875,38756.62890625,21.190000534057617
2020-09-15,11521.7998046875,39044.3515625,20.600000381469727
2020-09-16,11604.5498046875,39302.8515625,19.65999984741211
2020-09-17,11516.099609375,38979.8515625,20.100000381469727
2020-09-18,11504.9501953125,38845.8203125,20.049999237060547
2020-09-21,11250.5498046875,38034.140625,22.190000534057617
2020-09-22,11153.650390625,37734.078125,21.40999984741211
2020-09-23,11131.849609375,37668.421875,20.989999771118164
2020-09-24,10805.5498046875,36553.6015625,23.510000228881836
2020-09-25,11050.25,37388.66015625,20.68000030517578
2020-09-28,11227.5498046875,37981.62890625,19.56999969482422
2020-09-29,11222.400390625,37973.21875,19.770000457763672
2020-09-30,11247.5498046875,38067.9296875,19.530000686645508
2020-10-01,11416.9501953125,38697.05078125,18.350000381469727
2020-10-05,11503.349609375,38973.69921875,19.700000762939453
2020-10-06,11662.400390625,39574.5703125,19.639999389648438
2020-10-07,11738.849609375,39878.94921875,20.059999465942383
2020-10-08,11834.599609375,40182.671875,20.3799991607666
2020-10-09,11914.2001953125,40509.48828125,20.3799991607666
2020-10-12,11930.9501953125,40593.80078125,21.1299991607666
2020-10-13,11934.5,40625.51171875,20.719999313354492
2020-10-14,11971.0498046875,40794.73828125,20.209999084472656
2020-10-15,11680.349609375,39728.41015625,22.059999465942383
2020-10-16,11762.4501953125,39982.98046875,21.649999618530273
2020-10-19,11873.0498046875,40431.6015625,21.81999969482422
2020-10-20,11896.7998046875,40544.37109375,22.690000534057617
2020-10-21,11937.650390625,40707.30859375,22.920000076293945
2020-10-22,11896.4501953125,40558.48828125,22.639999389648438
2020-10-23,11930.349609375,40685.5,21.829999923706055
2020-10-26,11767.75,40145.5,22.829999923706055
2020-10-27,11889.400390625,40522.1015625,22.200000762939453
2020-10-28,11729.599609375,39922.4609375,23.280000686645508
2020-10-29,11670.7998046875,39749.8515625,24.020000457763672
2020-10-30,11642.400390625,39614.0703125,24.75
2020-11-02,11669.150390625,39757.578125,25.209999084472656
2020-11-03,11813.5,40261.12890625,24.239999771118164
2020-11-04,11908.5,40616.140625,23.200000762939453
2020-11-05,12120.2998046875,41340.16015625,20.969999313354492
2020-11-06,12263.5498046875,41893.05859375,20.5
2020-11-09,12461.0498046875,42597.4296875,20.110000610351562
2020-11-10,12631.099609375,43277.6484375,21.579999923706055
2020-11-11,12749.150390625,43593.671875,22.030000686645508
2020-11-12,12690.7998046875,43357.19140625,20.6200008392334
2020-11-13,12719.9501953125,43443.0,19.700000762939453
2020-11-17,12874.2001953125,43952.7109375,19.799999237060547
2020-11-18,12938.25,44180.05078125,19.1200008392334
2020-11-19,12771.7001953125,43599.9609375,19.56999969482422
2020-11-20,12859.0498046875,43882.25,19.6200008392334
2020-11-23,12926.4501953125,44077.1484375,20.799999237060547
2020-11-24,13055.150390625,44523.01953125,21.059999465942383
2020-11-25,12858.400390625,43828.1015625,23.1299991607666
2020-11-26,12987.0,44259.73828125,20.020000457763672
2020-11-27,12968.9501953125,44149.71875,19.81999969482422
2020-12-01,13109.0498046875,44655.44140625,20.18000030517578
2020-12-02,13113.75,44618.0390625,19.90999984741211
2020-12-03,13133.900390625,44632.6484375,19.0
2020-12-04,13258.5498046875,45079.55078125,18.030000686645508
2020-12-07,13355.75,45426.96875,18.020000457763672
2020-12-08,13392.9501953125,45608.51171875,18.6200008392334
2020-12-09,13529.099609375,46103.5,18.920000076293945
2020-12-10,13478.2998046875,45959.87890625,18.709999084472656
2020-12-11,13513.849609375,46099.01171875,18.790000915527344
2020-12-14,13558.150390625,46253.4609375,19.399999618530273
2020-12-15,13567.849609375,46263.171875,19.350000381469727
2020-12-16,13682.7001953125,46666.4609375,19.200000762939453
2020-12-17,13740.7001953125,46890.33984375,19.15999984741211
2020-12-18,13760.5498046875,46960.69140625,18.6200008392334
2020-12-21,13328.400390625,45553.9609375,23.190000534057617
2020-12-22,13466.2998046875,46006.69140625,21.989999771118164
2020-12-23,13601.099609375,46444.1796875,20.5
2020-12-24,13749.25,46973.5390625,19.969999313354492
2020-12-28,13873.2001953125,47353.75,20.43000030517578
2020-12-29,13932.599609375,47613.078125,20.790000915527344
2020-12-30,13981.9501953125,47746.21875,21.110000610351562
2020-12-31,13981.75,47751.328125,21.100000381469727
2021-01-04,14132.900390625,48176.80078125,20.030000686645508
2021-01-05,14199.5,48437.78125,20.459999084472656
2021-01-06,14146.25,48174.05859375,21.0
2021-01-07,14137.349609375,48093.3203125,20.6200008392334
2021-01-08,14347.25,48782.51171875,20.639999389648438
2021-01-11,14484.75,49269.3203125,22.3799991607666
2021-01-12,14563.4501953125,49517.109375,22.850000381469727
2021-01-13,14564.849609375,49492.3203125,23.290000915527344
2021-01-14,14595.599609375,49584.16015625,23.030000686645508
2021-01-15,14433.7001953125,49034.671875,24.010000228881836
2021-01-18,14281.2998046875,48564.26953125,24.399999618530273
2021-01-19,14521.150390625,49398.2890625,22.899999618530273
2021-01-20,14644.7001953125,49792.12109375,21.549999237060547
2021-01-21,14590.349609375,49624.76171875,22.18000030517578
2021-01-25,14238.900390625,48347.58984375,23.25
2021-01-27,13967.5,47409.9296875,24.389999389648438
2021-01-28,13817.5498046875,46874.359375,24.290000915527344
2021-01-29,13634.599609375,46285.76953125,25.34000015258789
2021-02-01,14281.2001953125,48600.609375,23.31999969482422
2021-02-02,14647.849609375,49797.71875,23.350000381469727
2021-02-03,14789.9501953125,50255.75,23.75
2021-02-04,14895.650390625,50614.2890625,23.1200008392334
2021-02-05,14924.25,50731.62890625,23.420000076293945
2021-02-08,15115.7998046875,51348.76953125,23.959999084472656
2021-02-09,15109.2998046875,51329.078125,24.270000457763672
2021-02-10,15106.5,51309.390625,23.950000762939453
2021-02-11,15173.2998046875,51531.51953125,23.049999237060547
2021-02-12,15163.2998046875,51544.30078125,22.040000915527344
2021-02-16,15313.4501953125,52104.171875,21.780000686645508
2021-02-18,15118.9501953125,51324.69140625,21.540000915527344
2021-02-19,14981.75,50889.76171875,22.25
2021-02-22,14675.7001953125,49744.3203125,25.469999313354492
2021-02-23,14707.7998046875,49751.41015625,25.229999542236328
2021-02-24,14982.0,50781.69140625,24.170000076293945
2021-02-25,15097.349609375,51039.30859375,22.889999389648438
2021-02-26,14529.150390625,49099.98828125,28.139999389648438
2021-03-01,14761.5498046875,49849.83984375,25.6299991607666
2021-03-02,14919.099609375,50296.890625,23.610000610351562
2021-03-03,15245.599609375,51444.6484375,22.09000015258789
2021-03-04,15080.75,50846.078125,24.149999618530273
2021-03-05,14938.099609375,50405.3203125,25.559999465942383
2021-03-08,14956.2001953125,50441.0703125,24.68000030517578
2021-03-09,15098.400390625,51025.48046875,22.5
2021-03-10,15174.7998046875,51279.51171875,20.75
2021-03-12,15030.9501953125,50792.078125,21.709999084472656
2021-03-15,14929.5,50395.078125,21.229999542236328
2021-03-16,14910.4501953125,50363.9609375,20.190000534057617
2021-03-17,14721.2998046875,49801.62109375,20.15999984741211
2021-03-18,14557.849609375,49216.51953125,20.079999923706055
2021-03-19,14744.0,49858.23828125,19.989999771118164
2021-03-22,14736.400390625,49771.2890625,20.489999771118164
2021-03-23,14814.75,50051.44140625,20.670000076293945
2021-03-24,14549.400390625,49180.30859375,22.459999084472656
2021-03-25,14324.900390625,48440.12109375,22.700000762939453
2021-03-26,14507.2998046875,49008.5,20.649999618530273
2021-03-30,14845.099609375,50136.578125,20.489999771118164
2021-03-31,14690.7001953125,49509.1484375,20.649999618530273
2021-04-01,14867.349609375,50029.828125,19.989999771118164
2021-04-05,14637.7998046875,49159.3203125,21.219999313354492
2021-04-06,14683.5,49201.390625,20.84000015258789
2021-04-07,14819.0498046875,49661.76171875,20.25
2021-04-08,14873.7998046875,49746.2109375,20.309999465942383
2021-04-09,14834.849609375,49591.3203125,19.790000915527344
2021-04-12,14310.7998046875,47883.37890625,23.0
2021-04-13,14504.7998046875,48544.05859375,20.459999084472656
2021-04-15,14581.4501953125,48803.6796875,20.889999389648438
2021-04-16,14617.849609375,48832.03125,20.399999618530273
2021-04-19,14359.4501953125,47949.421875,22.489999771118164
2021-04-20,14296.400390625,47705.80078125,22.43000030517578
2021-04-22,14406.150390625,48080.671875,23.030000686645508
2021-04-23,14341.349609375,47878.44921875,22.690000534057617
2021-04-26,14485.0,48386.51171875,23.5
2021-04-27,14653.0498046875,48944.140625,23.079999923706055
2021-04-28,14864.5498046875,49733.83984375,22.579999923706055
2021-04-29,14894.900390625,49765.94140625,23.309999465942383
2021-04-30,14631.099609375,48782.359375,23.030000686645508
2021-05-03,14634.150390625,48718.51953125,23.690000534057617
2021-05-04,14496.5,48253.51171875,23.010000228881836
2021-05-06,14724.7998046875,48949.76171875,22.040000915527344
2021-05-10,14942.349609375,49502.41015625,20.229999542236328
2021-05-12,14696.5,48690.80078125,20.079999923706055
2021-05-14,14677.7998046875,48732.55078125,20.270000457763672
2021-05-17,14923.150390625,49580.73046875,19.610000610351562
2021-05-18,15108.099609375,50193.328125,19.239999771118164
2021-05-19,15030.150390625,49902.640625,19.31999969482422
2021-05-21,15175.2998046875,50540.48046875,19.079999923706055
2021-05-24,15197.7001953125,50651.8984375,19.1299991607666
2021-05-26,15301.4501953125,51017.51953125,20.8700008392334
2021-05-27,15337.849609375,51115.21875,19.90999984741211
2021-05-28,15435.650390625,51422.87890625,17.399999618530273
2021-06-01,15574.849609375,51934.87890625,17.389999389648438
2021-06-02,15576.2001953125,51849.48046875,17.209999084472656
2021-06-03,15690.349609375,52232.4296875,15.75
2021-06-04,15670.25,52100.05078125,15.9399995803833
2021-06-07,15751.650390625,52328.51171875,15.569999694824219
2021-06-08,15740.099609375,52275.5703125,15.229999542236328
2021-06-09,15635.349609375,51941.640625,14.75
2021-06-10,15737.75,52300.46875,15.0
2021-06-11,15799.349609375,52474.76171875,14.100000381469727
2021-06-14,15811.849609375,52551.53125,14.720000267028809
2021-06-15,15869.25,52773.05078125,14.609999656677246
2021-06-16,15767.5498046875,52501.98046875,14.869999885559082
2021-06-17,15691.400390625,52323.328125,15.289999961853027
2021-06-18,15683.349609375,52344.44921875,14.800000190734863
2021-06-21,15746.5,52574.4609375,15.0600004196167
2021-06-22,15772.75,52588.7109375,14.739999771118164
2021-06-23,15686.9501953125,52306.078125,15.369999885559082
2021-06-24,15790.4501953125,52699.0,15.100000381469727
2021-06-25,15860.349609375,52925.0390625,13.369999885559082
2021-06-28,15814.7001953125,52735.58984375,13.399999618530273
2021-06-29,15748.4501953125,52549.66015625,13.0
2021-06-30,15721.5,52482.7109375,13.050000190734863
2021-07-01,15680.0,52318.6015625,12.84000015258789
2021-07-02,15722.2001953125,52484.671875,12.09000015258789
2021-07-06,15818.25,52861.1796875,12.279999732971191
2021-07-07,15879.650390625,53054.76171875,12.210000038146973
2021-07-08,15727.900390625,52568.94140625,13.5600004196167
2021-07-09,15689.7998046875,52386.19140625,12.9399995803833
2021-07-12,15692.599609375,52372.69140625,12.989999771118164
2021-07-13,15812.349609375,52769.73046875,12.619999885559082
2021-07-14,15853.9501953125,52904.05078125,12.59000015258789
2021-07-15,15924.2001953125,53158.8515625,12.270000457763672
2021-07-16,15923.400390625,53140.05859375,11.710000038146973
2021-07-19,15752.400390625,52553.3984375,12.680000305175781
2021-07-20,15632.099609375,52198.51171875,13.210000038146973
2021-07-22,15824.0498046875,52837.2109375,11.890000343322754
2021-07-23,15856.0498046875,52975.80078125,11.760000228881836
2021-07-26,15824.4501953125,52852.26953125,12.449999809265137
2021-07-27,15746.4501953125,52578.76171875,13.229999542236328
2021-07-28,15709.400390625,52443.7109375,13.6899995803833
2021-07-29,15778.4501953125,52653.0703125,12.949999809265137
2021-07-30,15763.0498046875,52586.83984375,12.800000190734863
2021-08-02,15885.150390625,52950.62890625,12.8100004196167
2021-08-03,16130.75,53823.359375,13.75
2021-08-04,16258.7998046875,54369.76953125,13.210000038146973
2021-08-05,16294.599609375,54492.83984375,12.869999885559082
2021-08-06,16238.2001953125,54277.71875,12.609999656677246
2021-08-09,16258.25,54402.8515625,12.609999656677246
2021-08-10,16280.099609375,54554.66015625,12.710000038146973
2021-08-11,16282.25,54525.9296875,12.710000038146973
2021-08-12,16364.400390625,54843.98046875,12.369999885559082
2021-08-13,16529.099609375,55437.2890625,12.989999771118164
2021-08-16,16563.05078125,55582.578125,13.460000038146973
2021-08-17,16614.599609375,55792.26953125,13.40999984741211
2021-08-18,16568.849609375,55629.48828125,12.90999984741211
2021-08-20,16450.5,55329.3203125,14.020000457763672
2021-08-23,16496.44921875,55555.7890625,13.6899995803833
2021-08-24,16624.599609375,55958.98046875,13.1899995803833
2021-08-25,16634.650390625,55944.2109375,13.5
2021-08-26,16636.900390625,55949.1015625,13.539999961853027
2021-08-27,16705.19921875,56124.71875,13.40999984741211
2021-08-30,16931.05078125,56889.76171875,13.319999694824219
2021-08-31,17132.19921875,57552.390625,14.520000457763672
2021-09-01,17076.25,57338.2109375,14.1899995803833
2021-09-02,17234.150390625,57852.5390625,14.239999771118164
2021-09-03,17323.599609375,58129.94921875,14.539999961853027
2021-09-06,17377.80078125,58296.91015625,15.109999656677246
2021-09-07,17362.099609375,58279.48046875,14.899999618530273
2021-09-08,17353.5,58250.26171875,14.40999984741211
2021-09-09,17369.25,58305.0703125,13.9399995803833
2021-09-13,17355.30078125,58177.76171875,14.029999732971191
2021-09-14,17380.0,58247.08984375,13.579999923706055
2021-09-15,17519.44921875,58723.19921875,13.729999542236328
2021-09-16,17629.5,59141.16015625,14.40999984741211
2021-09-17,17585.150390625,59015.890625,15.229999542236328
2021-09-20,17396.900390625,58490.9296875,17.489999771118164
2021-09-21,17562.0,59005.26953125,16.520000457763672
2021-09-22,17546.650390625,58927.328125,16.489999771118164
2021-09-23,17822.94921875,59885.359375,16.600000381469727
2021-09-24,17853.19921875,60048.46875,16.920000076293945
2021-09-27,17855.099609375,60077.87890625,18.049999237060547
2021-09-28,17748.599609375,59667.6015625,18.540000915527344
2021-09-29,17711.30078125,59413.26953125,18.84000015258789
2021-09-30,17618.150390625,59126.359375,18.399999618530273
2021-10-01,17532.05078125,58765.578125,17.209999084472656
2021-10-04,17691.25,59299.3203125,16.739999771118164
2021-10-05,17822.30078125,59744.87890625,16.399999618530273
2021-10-06,17646.0,59189.73046875,17.329999923706055
2021-10-07,17790.349609375,59677.828125,16.15999984741211
2021-10-08,17895.19921875,60059.05859375,15.649999618530273
2021-10-11,17945.94921875,60135.78125,16.09000015258789
2021-10-12,17991.94921875,60284.30859375,15.850000381469727
2021-10-13,18161.75,60737.05078125,16.100000381469727
2021-10-14,18338.55078125,61305.94921875,15.770000457763672
2021-10-18,18477.05078125,61765.58984375,17.18000030517578
2021-10-19,18418.75,61716.05078125,17.3799991607666
2021-10-20,18266.599609375,61259.9609375,18.309999465942383
2021-10-21,18178.099609375,60923.5,18.040000915527344
2021-10-22,18114.900390625,60821.62109375,17.549999237060547
2021-10-25,18125.400390625,60967.05078125,17.610000610351562
2021-10-26,18268.400390625,61350.26171875,16.75
2021-10-27,18210.94921875,61143.328125,16.829999923706055
2021-10-28,17857.25,59984.69921875,17.90999984741211
2021-10-29,17671.650390625,59306.9296875,17.43000030517578
2021-11-01,17929.650390625,60138.4609375,17.239999771118164
2021-11-02,17888.94921875,60029.05859375,17.059999465942383
2021-11-03,17829.19921875,59771.921875,16.1299991607666
2021-11-04,17916.80078125,60067.62109375,15.75
2021-11-08,18068.55078125,60545.609375,16.34000015258789
2021-11-09,18044.25,60433.44921875,16.0
2021-11-10,18017.19921875,60352.8203125,16.309999465942383
2021-11-11,17873.599609375,59919.69140625,16.350000381469727
2021-11-12,18102.75,60686.69140625,15.220000267028809
2021-11-15,18109.44921875,60718.7109375,15.470000267028809
2021-11-16,17999.19921875,60322.37109375,15.199999809265137
2021-11-17,17898.650390625,60008.328125,14.979999542236328
2021-11-18,17764.80078125,59636.01171875,14.859999656677246
2021-11-22,17416.55078125,58465.890625,17.520000457763672
2021-11-23,17503.349609375,58664.328125,18.020000457763672
2021-11-24,17415.05078125,58340.98828125,17.100000381469727
2021-11-25,17536.25,58795.08984375,16.65999984741211
2021-11-26,17026.44921875,57107.1484375,20.799999237060547
2021-11-29,17053.94921875,57260.578125,20.829999923706055
2021-11-30,16983.19921875,57064.87109375,21.170000076293945
2021-12-01,17166.900390625,57684.7890625,19.450000762939453
2021-12-02,17401.650390625,58461.2890625,18.09000015258789
2021-12-03,17196.69921875,57696.4609375,18.450000762939453
2021-12-06,16912.25,56747.140625,20.079999923706055
2021-12-07,17176.69921875,57633.6484375,18.459999084472656
2021-12-08,17469.75,58649.6796875,17.270000457763672
2021-12-09,17516.849609375,58807.12890625,16.600000381469727
2021-12-10,17511.30078125,58786.671875,16.059999465942383
2021-12-13,17368.25,58283.421875,16.56999969482422
2021-12-14,17324.900390625,58117.08984375,16.950000762939453
2021-12-15,17221.400390625,57788.03125,17.219999313354492
2021-12-16,17248.400390625,57901.140625,15.899999618530273
2021-12-17,16985.19921875,57011.73828125,16.34000015258789
2021-12-20,16614.19921875,55822.01171875,18.969999313354492
2021-12-21,16770.849609375,56319.01171875,17.540000915527344
2021-12-22,16955.44921875,56930.55859375,16.579999923706055
2021-12-23,17072.599609375,57315.28125,15.829999923706055
2021-12-24,17003.75,57124.30859375,16.149999618530273
2021-12-27,17086.25,57420.23828125,17.1200008392334
2021-12-28,17233.25,57897.48046875,16.479999542236328
2021-12-29,17213.599609375,57806.48828125,16.239999771118164
2021-12-30,17203.94921875,57794.3203125,16.56999969482422
2021-12-31,17354.05078125,58253.8203125,16.219999313354492
2022-01-03,17625.69921875,59183.21875,16.450000762939453
2022-01-04,17805.25,59855.9296875,16.1200008392334
2022-01-05,17925.25,60223.1484375,17.229999542236328
2022-01-06,17745.900390625,59601.83984375,17.979999542236328
2022-01-07,17812.69921875,59744.6484375,17.600000381469727
2022-01-10,18003.30078125,60395.62890625,17.68000030517578
2022-01-11,18055.75,60616.890625,17.760000228881836
2022-01-12,18212.349609375,61150.0390625,17.18000030517578
2022-01-13,18257.80078125,61235.30078125,16.700000762939453
2022-01-14,18255.75,61223.03125,16.559999465942383
2022-01-17,18308.099609375,61308.91015625,16.770000457763672
2022-01-18,18113.05078125,60754.859375,17.780000686645508
2022-01-19,17938.400390625,60098.8203125,17.81999969482422
2022-01-20,17757.0,59464.62109375,17.790000915527344
2022-01-21,17617.150390625,59037.1796875,18.889999389648438
2022-01-24,17149.099609375,57491.51171875,22.829999923706055
2022-01-25,17277.94921875,57858.1484375,21.360000610351562
2022-01-27,17110.150390625,57276.94140625,21.06999969482422
2022-01-28,17101.94921875,57200.23046875,20.700000762939453
2022-01-31,17339.849609375,58014.171875,21.950000762939453
2022-02-01,17576.849609375,58862.5703125,19.979999542236328
2022-02-02,17780.0,59558.328125,18.649999618530273
2022-02-03,17560.19921875,58788.01953125,19.15999984741211
2022-02-04,17516.30078125,58644.8203125,18.899999618530273
2022-02-07,17213.599609375,57621.19140625,20.440000534057617
2022-02-08,17266.75,57808.578125,19.68000030517578
2022-02-09,17463.80078125,58465.96875,18.559999465942383
2022-02-10,17605.849609375,58926.03125,17.709999084472656
2022-02-11,17374.75,58152.921875,18.68000030517578
2022-02-14,16842.80078125,56405.83984375,22.979999542236328
2022-02-15,17352.44921875,58142.05078125,20.610000610351562
2022-02-16,17322.19921875,57996.6796875,20.59000015258789
2022-02-17,17304.599609375,57892.01171875,22.010000228881836
2022-02-18,17276.30078125,57832.96875,22.170000076293945
2022-02-21,17206.650390625,57683.58984375,22.899999618530273
2022-02-22,17092.19921875,57300.6796875,26.65999984741211
2022-02-23,17063.25,57232.05859375,24.540000915527344
2022-02-24,16247.9501953125,54529.91015625,31.979999542236328
2022-02-25,16658.400390625,55858.51953125,26.739999771118164
2022-02-28,16793.900390625,56247.28125,28.56999969482422
2022-03-02,16605.94921875,55468.8984375,29.229999542236328
2022-03-03,16498.05078125,55102.6796875,28.15999984741211
2022-03-04,16245.349609375,54333.80859375,27.959999084472656
2022-03-07,15863.150390625,52842.75,29.329999923706055
2022-03-08,16013.4501953125,53424.08984375,28.59000015258789
2022-03-09,16345.349609375,54647.328125,27.469999313354492
2022-03-10,16594.900390625,55464.390625,25.579999923706055
2022-03-11,16630.44921875,55550.30078125,25.350000381469727
2022-03-14,16871.30078125,56486.01953125,25.68000030517578
2022-03-15,16663.0,55776.8515625,26.729999542236328
2022-03-16,16975.349609375,56816.6484375,24.1200008392334
2022-03-17,17287.05078125,57863.9296875,22.610000610351562
2022-03-21,17117.599609375,57292.48828125,24.6200008392334
2022-03-22,17315.5,57989.30078125,24.06999969482422
2022-03-23,17245.650390625,57684.8203125,24.75
2022-03-24,17222.75,57595.6796875,23.93000030517578
2022-03-25,17153.0,57362.19921875,23.43000030517578
2022-03-28,17222.0,57593.48828125,22.610000610351562
2022-03-29,17325.30078125,57943.6484375,21.299999237060547
2022-03-30,17498.25,58683.98828125,20.610000610351562
2022-03-31,17464.75,58568.51171875,20.559999465942383
2022-04-01,17670.44921875,59276.69140625,18.43000030517578
2022-04-04,18053.400390625,60611.73828125,17.90999984741211
2022-04-05,17957.400390625,60176.5,18.489999771118164
2022-04-06,17807.650390625,59610.41015625,19.020000457763672
2022-04-07,17639.55078125,59034.94921875,19.0
2022-04-08,17784.349609375,59447.1796875,17.690000534057617
2022-04-11,17674.94921875,58964.5703125,18.270000457763672
2022-04-12,17530.30078125,58576.37109375,18.15999984741211
2022-04-13,17475.650390625,58338.9296875,17.790000915527344
2022-04-18,17173.650390625,57166.73828125,19.34000015258789
2022-04-19,16958.650390625,56463.1484375,19.770000457763672
2022-04-20,17136.55078125,57037.5,18.670000076293945
2022-04-21,17392.599609375,57911.6796875,17.850000381469727
2022-04-22,17171.94921875,57197.1484375,18.350000381469727
2022-04-25,16953.94921875,56579.890625,21.260000228881836
2022-04-26,17200.80078125,57356.609375,19.190000534057617
2022-04-27,17038.400390625,56819.390625,20.610000610351562
2022-04-28,17245.05078125,57521.05859375,19.3799991607666
2022-04-29,17102.55078125,57060.87109375,19.420000076293945
2022-05-02,17069.099609375,56975.98828125,20.280000686645508
2022-05-04,16677.599609375,55669.03125,21.8799991607666
2022-05-05,16682.650390625,55702.23046875,20.290000915527344
2022-05-06,16411.25,54835.578125,21.25
2022-05-09,16301.849609375,54470.671875,22.030000686645508
2022-05-10,16240.0498046875,54364.8515625,22.299999237060547
2022-05-11,16167.099609375,54088.390625,22.799999237060547
2022-05-12,15808.0,52930.30859375,24.270000457763672
2022-05-13,15782.150390625,52793.62109375,23.489999771118164
2022-05-16,15842.2998046875,52973.83984375,24.530000686645508
2022-05-17,16259.2998046875,54318.46875,22.739999771118164
2022-05-18,16240.2998046875,54208.53125,22.299999237060547
2022-05-19,15809.400390625,52792.23046875,24.559999465942383
2022-05-20,16266.150390625,54326.390625,23.100000381469727
2022-05-23,16214.7001953125,54288.609375,23.399999618530273
2022-05-24,16125.150390625,54052.609375,25.639999389648438
2022-05-25,16025.7998046875,53749.26171875,25.280000686645508
2022-05-26,16170.150390625,54252.53125,22.719999313354492
2022-05-27,16352.4501953125,54884.66015625,21.479999542236328
2022-05-30,16661.400390625,55925.73828125,19.979999542236328
2022-05-31,16584.55078125,55566.41015625,20.479999542236328
2022-06-01,16522.75,55381.171875,20.850000381469727
2022-06-02,16628.0,55818.109375,20.31999969482422
2022-06-03,16584.30078125,55769.23046875,19.979999542236328
2022-06-06,16569.55078125,55675.3203125,20.200000762939453
2022-06-07,16416.349609375,55107.33984375,20.43000030517578
2022-06-08,16356.25,54892.48828125,19.84000015258789
2022-06-09,16478.099609375,55320.28125,19.139999389648438
2022-06-10,16201.7998046875,54303.44140625,19.579999923706055
2022-06-13,15774.400390625,52846.69921875,22.3700008392334
2022-06-14,15732.099609375,52693.5703125,21.889999389648438
2022-06-15,15692.150390625,52541.390625,22.149999618530273
2022-06-16,15360.599609375,51495.7890625,22.8700008392334
2022-06-17,15293.5,51360.421875,22.760000228881836
2022-06-20,15350.150390625,51597.83984375,22.40999984741211
2022-06-21,15638.7998046875,52532.0703125,21.139999389648438
2022-06-22,15413.2998046875,51822.53125,21.299999237060547
2022-06-23,15556.650390625,52265.71875,20.8799991607666
2022-06-24,15699.25,52727.98046875,20.549999237060547
2022-06-27,15832.0498046875,53161.28125,21.010000228881836
2022-06-28,15850.2001953125,53177.44921875,21.450000762939453
2022-06-29,15799.099609375,53026.96875,21.899999618530273
2022-06-30,15780.25,53018.94140625,21.84000015258789
2022-07-01,15752.0498046875,52907.9296875,21.25
2022-07-04,15835.349609375,53234.76953125,20.969999313354492
2022-07-05,15810.849609375,53134.3515625,20.790000915527344
2022-07-06,15989.7998046875,53750.96875,20.270000457763672
2022-07-07,16132.900390625,54178.4609375,19.200000762939453
2022-07-08,16220.599609375,54481.83984375,18.399999618530273
2022-07-11,16216.0,54395.23046875,18.3700008392334
2022-07-12,16058.2998046875,53886.609375,18.549999237060547
2022-07-13,15966.650390625,53514.1484375,18.520000457763672
2022-07-14,15938.650390625,53416.1484375,18.34000015258789
2022-07-15,16049.2001953125,53760.78125,17.600000381469727
2022-07-18,16278.5,54521.1484375,17.15999984741211
2022-07-19,16340.5498046875,54767.62109375,17.200000762939453
2022-07-20,16520.849609375,55397.53125,16.81999969482422
2022-07-21,16605.25,55681.94921875,16.860000610351562
2022-07-22,16719.44921875,56072.23046875,16.649999618530273
2022-07-25,16631.0,55766.21875,17.68000030517578
2022-07-26,16483.849609375,55268.48828125,18.170000076293945
2022-07-27,16641.80078125,55816.3203125,18.1299991607666
2022-07-28,16929.599609375,56857.7890625,17.010000228881836
2022-07-29,17158.25,57570.25,16.549999237060547
2022-08-01,17340.05078125,58115.5,17.489999771118164
2022-08-02,17345.44921875,58136.359375,18.530000686645508
2022-08-03,17388.150390625,58350.53125,18.450000762939453
2022-08-04,17382.0,58298.80078125,19.260000228881836
2022-08-05,17397.5,58387.9296875,18.920000076293945
2022-08-08,17525.099609375,58853.0703125,19.299999237060547
2022-08-10,17534.75,58817.2890625,19.59000015258789
2022-08-11,17659.0,59332.6015625,18.360000610351562
2022-08-12,17698.150390625,59462.78125,17.610000610351562
2022-08-16,17825.25,59842.2109375,17.68000030517578
2022-08-17,17944.25,60260.12890625,17.68000030517578
2022-08-18,17956.5,60298.0,17.350000381469727
2022-08-19,17758.44921875,59646.1484375,18.290000915527344
2022-08-22,17490.69921875,58773.87109375,19.040000915527344
2022-08-23,17577.5,59031.30078125,19.049999237060547
2022-08-24,17604.94921875,59085.4296875,18.43000030517578
2022-08-25,17522.44921875,58774.71875,19.56999969482422
2022-08-26,17558.900390625,58833.87109375,18.219999313354492
2022-08-29,17312.900390625,57972.62109375,19.81999969482422
2022-08-30,17759.30078125,59537.0703125,18.700000762939453
2022-09-01,17542.80078125,58766.58984375,19.8700008392334
2022-09-02,17539.44921875,58803.328125,19.549999237060547
2022-09-05,17665.80078125,59245.98046875,19.65999984741211
2022-09-06,17655.599609375,59196.98828125,19.520000457763672
2022-09-07,17624.400390625,59028.91015625,19.3700008392334
2022-09-08,17798.75,59688.21875,18.309999465942383
2022-09-09,17833.349609375,59793.140625,17.719999313354492
2022-09-12,17936.349609375,60115.12890625,17.940000534057617
2022-09-13,18070.05078125,60571.078125,17.469999313354492
2022-09-14,18003.75,60346.96875,18.280000686645508
2022-09-15,17877.400390625,59934.01171875,18.389999389648438
2022-09-16,17530.849609375,58840.7890625,19.81999969482422
2022-09-19,17622.25,59141.23046875,19.940000534057617
2022-09-20,17816.25,59719.73828125,18.799999237060547
2022-09-21,17718.349609375,59456.78125,19.329999923706055
2022-09-22,17629.80078125,59119.71875,18.81999969482422
2022-09-23,17327.349609375,58098.921875,20.59000015258789
2022-09-26,17016.30078125,57145.21875,21.889999389648438
2022-09-27,17007.400390625,57107.51953125,21.56999969482422
2022-09-28,16858.599609375,56598.28125,22.100000381469727
2022-09-29,16818.099609375,56409.9609375,21.299999237060547
2022-09-30,17094.349609375,57426.921875,19.969999313354492
2022-10-03,16887.349609375,56788.80859375,21.3700008392334
2022-10-04,17274.30078125,58065.46875,19.56999969482422
2022-10-06,17331.80078125,58222.1015625,19.31999969482422
2022-10-07,17314.650390625,58191.2890625,18.809999465942383
2022-10-10,17241.0,57991.109375,19.6200008392334
2022-10-11,16983.55078125,57147.3203125,20.489999771118164
2022-10-12,17123.599609375,57625.91015625,20.18000030517578
2022-10-13,17014.349609375,57235.328125,20.290000915527344
2022-10-14,17185.69921875,57919.96875,18.260000228881836
2022-10-17,17311.80078125,58410.98046875,18.420000076293945
2022-10-18,17486.94921875,58960.6015625,17.450000762939453
2022-10-19,17512.25,59107.19140625,17.489999771118164
2022-10-20,17563.94921875,59202.8984375,17.229999542236328
2022-10-21,17576.30078125,59307.1484375,17.280000686645508
2022-10-24,17730.75,59831.66015625,17.420000076293945
2022-10-25,17656.349609375,59543.9609375,16.8799991607666
2022-10-27,17736.94921875,59756.83984375,16.600000381469727
2022-10-28,17786.80078125,59959.8515625,15.920000076293945
2022-10-31,18012.19921875,60746.58984375,15.800000190734863
2022-11-01,18145.400390625,61121.3515625,16.1299991607666
2022-11-02,18082.849609375,60906.08984375,16.65999984741211
2022-11-03,18052.69921875,60836.41015625,15.9399995803833
2022-11-04,18117.150390625,60950.359375,15.65999984741211
2022-11-07,18202.80078125,61185.1484375,15.59000015258789
2022-11-09,18157.0,61033.55078125,15.920000076293945
2022-11-10,18028.19921875,60613.69921875,15.569999694824219
2022-11-11,18349.69921875,61795.0390625,14.40999984741211
2022-11-14,18329.150390625,61624.1484375,14.90999984741211
2022-11-15,18403.400390625,61872.98828125,14.640000343322754
2022-11-16,18409.650390625,61980.71875,15.100000381469727
2022-11-17,18343.900390625,61750.6015625,14.880000114440918
2022-11-18,18307.650390625,61663.48046875,14.390000343322754
2022-11-21,18159.94921875,61144.83984375,14.800000190734863
2022-11-22,18244.19921875,61418.9609375,13.84000015258789
2022-11-23,18267.25,61510.578125,14.039999961853027
2022-11-24,18484.099609375,62272.6796875,13.479999542236328
2022-11-25,18512.75,62293.640625,13.329999923706055
2022-11-28,18562.75,62504.80078125,13.569999694824219
2022-11-29,18618.05078125,62681.83984375,13.619999885559082
2022-11-30,18758.349609375,63099.6484375,13.8100004196167
2022-12-01,18812.5,63284.19140625,13.359999656677246
2022-12-02,18696.099609375,62868.5,13.449999809265137
2022-12-05,18701.05078125,62834.6015625,13.729999542236328
2022-12-06,18642.75,62626.359375,14.039999961853027
2022-12-07,18560.5,62410.6796875,14.079999923706055
2022-12-08,18609.349609375,62570.6796875,13.399999618530273
2022-12-09,18496.599609375,62181.671875,13.479999542236328
2022-12-12,18497.150390625,62130.5703125,13.319999694824219
2022-12-13,18608.0,62533.30078125,12.880000114440918
2022-12-14,18660.30078125,62677.91015625,12.890000343322754
2022-12-15,18414.900390625,61799.03125,13.729999542236328
2022-12-16,18269.0,61337.80859375,14.069999694824219
2022-12-19,18420.44921875,61806.19140625,13.550000190734863
2022-12-20,18385.30078125,61702.2890625,13.779999732971191
2022-12-21,18199.099609375,61067.23828125,15.5600004196167
2022-12-22,18127.349609375,60826.21875,15.1899995803833
2022-12-23,17806.80078125,59845.2890625,16.15999984741211
2022-12-27,18132.30078125,60927.4296875,15.289999961853027
2022-12-28,18122.5,60910.28125,15.399999618530273
2022-12-29,18191.0,61133.87890625,14.8100004196167
2022-12-30,18105.30078125,60840.73828125,14.869999885559082
2023-01-02,18197.44921875,61167.7890625,14.6899995803833
2023-01-03,18232.55078125,61294.19921875,14.390000343322754
2023-01-04,18042.94921875,60657.44921875,15.199999809265137
2023-01-05,17992.150390625,60353.26953125,14.979999542236328
2023-01-06,17859.44921875,59900.37109375,15.029999732971191
2023-01-09,18101.19921875,60747.30859375,14.649999618530273
2023-01-10,17914.150390625,60115.48046875,15.510000228881836
2023-01-11,17895.69921875,60105.5,15.4399995803833
2023-01-12,17858.19921875,59958.03125,15.279999732971191
2023-01-13,17956.599609375,60261.1796875,14.460000038146973
2023-01-16,17894.849609375,60092.96875,15.020000457763672
2023-01-17,18053.30078125,60655.71875,14.59000015258789
2023-01-18,18165.349609375,61045.73828125,14.369999885559082
2023-01-19,18107.849609375,60858.4296875,13.960000038146973
2023-01-20,18027.650390625,60621.76953125,13.789999961853027
2023-01-23,18118.55078125,60941.671875,13.619999885559082
2023-01-24,18118.30078125,60978.75,13.65999984741211
2023-01-25,17891.94921875,60205.05859375,14.65999984741211
2023-01-27,17604.349609375,59330.8984375,17.31999969482422
2023-01-30,17648.94921875,59500.41015625,17.709999084472656
2023-01-31,17662.150390625,59549.8984375,16.8799991607666
2023-02-01,17616.30078125,59708.078125,16.780000686645508
2023-02-02,17610.400390625,59932.23828125,15.729999542236328
2023-02-03,17854.05078125,60841.87890625,14.399999618530273
2023-02-06,17764.599609375,60506.8984375,14.6899995803833
2023-02-07,17721.5,60286.0390625,14.130000114440918
2023-02-08,17871.69921875,60663.7890625,13.600000381469727
2023-02-09,17893.44921875,60806.21875,13.039999961853027
2023-02-10,17856.5,60682.69921875,12.75
2023-02-13,17770.900390625,60431.83984375,13.680000305175781
2023-02-14,17929.849609375,61032.26171875,13.449999809265137
2023-02-15,18015.849609375,61275.08984375,12.859999656677246
2023-02-16,18035.849609375,61319.51171875,12.890000343322754
2023-02-17,17944.19921875,61002.5703125,13.09000015258789
2023-02-20,17844.599609375,60691.5390625,13.380000114440918
2023-02-21,17826.69921875,60672.71875,14.010000228881836
2023-02-22,17554.30078125,59744.98046875,15.59000015258789
2023-02-23,17511.25,59605.80078125,15.079999923706055
2023-02-24,17465.80078125,59463.9296875,14.1899995803833
2023-02-27,17392.69921875,59288.3515625,13.880000114440918
2023-02-28,17303.94921875,58962.12109375,14.020000457763672
2023-03-01,17450.900390625,59411.078125,13.0
2023-03-02,17321.900390625,58909.3515625,12.970000267028809
2023-03-03,17594.349609375,59808.96875,12.180000305175781
2023-03-06,17711.44921875,60224.4609375,12.270000457763672
2023-03-08,17754.400390625,60348.08984375,12.449999809265137
2023-03-09,17589.599609375,59806.28125,12.729999542236328
2023-03-10,17412.900390625,59135.12890625,13.40999984741211
2023-03-13,17154.30078125,58237.8515625,16.219999313354492
2023-03-14,17043.30078125,57900.19140625,16.219999313354492
2023-03-15,16972.150390625,57555.8984375,16.299999237060547
2023-03-16,16985.599609375,57634.83984375,16.219999313354492
2023-03-17,17100.05078125,57989.8984375,14.770000457763672
2023-03-20,16988.400390625,57628.94921875,16.010000228881836
2023-03-21,17107.5,58074.6796875,15.079999923706055
2023-03-22,17151.900390625,58214.58984375,14.8100004196167
2023-03-23,17076.900390625,57925.28125,14.489999771118164
2023-03-24,16945.05078125,57527.1015625,15.239999771118164
2023-03-27,16985.69921875,57653.859375,15.449999809265137
2023-03-28,16951.69921875,57613.71875,15.100000381469727
2023-03-29,17080.69921875,57960.08984375,13.630000114440918
2023-03-31,17359.75,58991.51953125,12.9399995803833
2023-04-03,17398.05078125,59106.44140625,12.59000015258789
2023-04-05,17557.05078125,59689.30859375,12.40999984741211
2023-04-06,17599.150390625,59832.96875,11.800000190734863
2023-04-10,17624.05078125,59846.51171875,12.270000457763672
2023-04-11,17722.30078125,60157.71875,11.979999542236328
2023-04-12,17812.400390625,60392.76953125,12.270000457763672
2023-04-13,17828.0,60431.0,11.90999984741211
2023-04-17,17706.849609375,59910.75,12.270000457763672
2023-04-18,17660.150390625,59727.01171875,12.079999923706055
2023-04-19,17618.75,59567.80078125,12.149999618530273
2023-04-20,17624.44921875,59632.3515625,11.9399995803833
2023-04-21,17624.05078125,59655.05859375,11.630000114440918
2023-04-24,17743.400390625,60056.1015625,11.670000076293945
2023-04-25,17769.25,60130.7109375,11.520000457763672
2023-04-26,17813.599609375,60300.578125,11.649999618530273
2023-04-27,17915.05078125,60649.37890625,11.430000305175781
2023-04-28,18065.0,61112.44140625,10.949999809265137
2023-05-02,18147.650390625,61354.7109375,11.899999618530273
2023-05-03,18089.849609375,61193.30078125,11.84000015258789
2023-05-04,18255.80078125,61749.25,11.729999542236328
2023-05-05,18069.0,61054.2890625,12.300000190734863
2023-05-08,18264.400390625,61764.25,12.640000343322754
2023-05-09,18265.94921875,61761.328125,12.680000305175781
2023-05-10,18315.099609375,61940.19921875,13.079999923706055
2023-05-11,18297.0,61904.51953125,13.220000267028809
2023-05-12,18314.80078125,62027.8984375,12.850000381469727
2023-05-15,18398.849609375,62345.7109375,13.170000076293945
2023-05-16,18286.5,61932.46875,13.289999961853027
2023-05-17,18181.75,61560.640625,13.109999656677246
2023-05-18,18129.94921875,61431.73828125,12.800000190734863
2023-05-19,18203.400390625,61729.6796875,12.300000190734863
2023-05-22,18314.400390625,61963.6796875,12.569999694824219
2023-05-23,18348.0,61981.7890625,12.609999656677246
2023-05-24,18285.400390625,61773.78125,13.109999656677246
2023-05-25,18321.150390625,61872.62109375,12.520000457763672
2023-05-26,18499.349609375,62501.69140625,11.899999618530273
2023-05-29,18598.650390625,62846.37890625,12.300000190734863
2023-05-30,18633.849609375,62969.12890625,12.010000228881836
2023-05-31,18534.400390625,62622.23828125,11.970000267028809
2023-06-01,18487.75,62428.5390625,11.600000381469727
2023-06-02,18534.099609375,62547.109375,11.130000114440918
2023-06-05,18593.849609375,62787.46875,11.140000343322754
2023-06-06,18599.0,62792.87890625,11.380000114440918
2023-06-07,18726.400390625,63142.9609375,11.4399995803833
2023-06-08,18634.55078125,62848.640625,11.260000228881836
2023-06-09,18563.400390625,62625.62890625,11.119999885559082
2023-06-12,18601.5,62724.7109375,11.25
2023-06-13,18716.150390625,63143.16015625,11.109999656677246
2023-06-14,18755.900390625,63228.51171875,11.15999984741211
2023-06-15,18688.099609375,62917.62890625,11.079999923706055
2023-06-16,18826.0,63384.578125,10.84000015258789
2023-06-19,18755.44921875,63168.30078125,11.229999542236328
2023-06-20,18816.69921875,63327.69921875,11.130000114440918
2023-06-21,18856.849609375,63523.1484375,11.289999961853027
2023-06-22,18771.25,63238.890625,11.550000190734863
2023-06-23,18665.5,62979.37109375,11.239999771118164
2023-06-26,18691.19921875,62970.0,11.399999618530273
2023-06-27,18817.400390625,63416.03125,10.779999732971191
2023-06-28,18972.099609375,63915.421875,10.890000343322754
2023-06-30,19189.05078125,64718.55859375,10.800000190734863
2023-07-03,19322.55078125,65205.05078125,11.539999961853027
2023-07-04,19389.0,65479.05078125,11.699999809265137
2023-07-05,19398.5,65446.0390625,11.880000114440918
2023-07-06,19497.30078125,65785.640625,11.84000015258789
2023-07-07,19331.80078125,65280.44921875,11.529999732971191
2023-07-10,19355.900390625,65344.171875,11.460000038146973
2023-07-11,19439.400390625,65617.84375,11.010000228881836
2023-07-12,19384.30078125,65393.8984375,10.9399995803833
2023-07-13,19413.75,65558.890625,10.9399995803833
2023-07-14,19564.5,66060.8984375,10.680000305175781
2023-07-17,19711.44921875,66589.9296875,11.319999694824219
2023-07-18,19749.25,66795.140625,11.710000038146973
2023-07-19,19833.150390625,67097.4375,11.600000381469727
2023-07-20,19979.150390625,67571.8984375,11.789999961853027
2023-07-21,19745.0,66684.2578125,11.489999771118164
2023-07-24,19672.349609375,66384.78125,11.649999618530273
2023-07-25,19680.599609375,66355.7109375,10.239999771118164
2023-07-26,19778.30078125,66707.203125,10.460000038146973
2023-07-27,19659.900390625,66266.8203125,10.510000228881836
2023-07-28,19646.05078125,66160.203125,10.140000343322754
2023-07-31,19753.80078125,66527.671875,10.40999984741211
2023-08-01,19733.55078125,66459.3125,10.279999732971191
2023-08-02,19526.55078125,65782.78125,11.279999732971191
2023-08-03,19381.650390625,65240.6796875,11.1899995803833
2023-08-04,19517.0,65721.25,10.569999694824219
2023-08-07,19597.30078125,65953.4765625,11.100000381469727
2023-08-08,19570.849609375,65846.5,11.329999923706055
2023-08-09,19632.55078125,65995.8125,11.140000343322754
2023-08-10,19543.099609375,65688.1796875,11.399999618530273
2023-08-11,19428.30078125,65322.6484375,11.520000457763672
2023-08-14,19434.55078125,65401.921875,12.0
2023-08-16,19465.0,65539.421875,12.130000114440918
2023-08-17,19365.25,65151.01953125,12.239999771118164
2023-08-18,19310.150390625,64948.66015625,12.140000343322754
2023-08-21,19393.599609375,65216.08984375,11.960000038146973
2023-08-22,19396.44921875,65220.03125,11.75
2023-08-23,19444.0,65433.30078125,11.729999542236328
2023-08-24,19386.69921875,65252.33984375,11.699999809265137
2023-08-25,19265.80078125,64886.51171875,12.079999923706055
2023-08-28,19306.05078125,64996.6015625,12.399999618530273
2023-08-29,19342.650390625,65075.8203125,12.229999542236328
2023-08-30,19347.44921875,65087.25,11.800000190734863
2023-08-31,19253.80078125,64831.41015625,12.0600004196167
2023-09-01,19435.30078125,65387.16015625,11.369999885559082
2023-09-04,19528.80078125,65628.140625,10.960000038146973
2023-09-05,19574.900390625,65780.2578125,10.819999694824219
2023-09-06,19611.05078125,65880.5234375,10.680000305175781
2023-09-07,19727.05078125,66265.5625,10.869999885559082
2023-09-08,19819.94921875,66598.90625,10.779999732971191
2023-09-11,19996.349609375,67127.078125,11.350000381469727
2023-09-12,19993.19921875,67221.1328125,11.6899995803833
2023-09-13,20070.0,67466.9921875,11.829999923706055
2023-09-14,20103.099609375,67519.0,11.319999694824219
2023-09-15,20192.349609375,67838.6328125,10.899999618530273
2023-09-18,20133.30078125,67596.84375,10.84000015258789
2023-09-20,19901.400390625,66800.84375,11.130000114440918
2023-09-21,19742.349609375,66230.2421875,10.819999694824219
2023-09-22,19674.25,66009.1484375,10.65999984741211
2023-09-25,19674.55078125,66023.6875,10.899999618530273
2023-09-26,19664.69921875,65945.46875,11.1899995803833
2023-09-27,19716.44921875,66118.6875,11.59000015258789
2023-09-28,19523.55078125,65508.3203125,12.819999694824219
2023-09-29,19638.30078125,65828.40625,11.449999809265137
2023-10-03,19528.75,65512.1015625,11.789999961853027
2023-10-04,19436.099609375,65226.0390625,11.65999984741211
2023-10-05,19545.75,65631.5703125,10.9399995803833
2023-10-06,19653.5,65995.6328125,10.300000190734863
2023-10-09,19512.349609375,65512.390625,11.399999618530273
2023-10-10,19689.849609375,66079.359375,11.270000457763672
2023-10-11,19811.349609375,66473.046875,10.989999771118164
2023-10-12,19794.0,66408.390625,10.619999885559082
2023-10-13,19751.05078125,66282.7421875,10.619999885559082
2023-10-16,19731.75,66166.9296875,11.069999694824219
2023-10-17,19811.5,66428.09375,10.699999809265137
2023-10-18,19671.099609375,65877.0234375,10.970000267028809
2023-10-19,19624.69921875,65629.2421875,10.899999618530273
2023-10-20,19542.650390625,65397.62109375,10.819999694824219
2023-10-23,19281.75,64571.87890625,10.90999984741211
2023-10-25,19122.150390625,64049.05859375,11.3100004196167
2023-10-26,18857.25,63148.1484375,11.729999542236328
2023-10-27,19047.25,63782.80078125,10.90999984741211
2023-10-30,19140.900390625,64112.6484375,11.489999771118164
2023-10-31,19079.599609375,63874.9296875,11.829999923706055
2023-11-01,18989.150390625,63591.328125,12.050000190734863
2023-11-02,19133.25,64080.8984375,11.079999923706055
2023-11-03,19230.599609375,64363.78125,10.880000114440918
2023-11-06,19411.75,64958.69140625,11.109999656677246
2023-11-07,19406.69921875,64942.3984375,11.1899995803833
2023-11-08,19443.5,64975.609375,11.039999961853027
2023-11-09,19395.30078125,64832.19921875,10.979999542236328
2023-11-10,19425.349609375,64904.6796875,11.109999656677246
2023-11-13,19443.55078125,64933.87109375,11.1899995803833
2023-11-15,19675.44921875,65675.9296875,11.140000343322754
2023-11-16,19765.19921875,65982.4765625,11.649999618530273
2023-11-17,19731.80078125,65794.7265625,11.829999923706055
2023-11-20,19694.0,65655.1484375,12.149999618530273
2023-11-21,19783.400390625,65930.7734375,12.229999542236328
2023-11-22,19811.849609375,66023.2421875,11.869999885559082
2023-11-23,19802.0,66017.8125,11.319999694824219
2023-11-24,19794.69921875,65970.0390625,11.329999923706055
2023-11-28,19889.69921875,66174.203125,12.180000305175781
2023-11-29,20096.599609375,66901.90625,12.710000038146973
2023-11-30,20133.150390625,66988.4375,12.6899995803833
2023-12-01,20267.900390625,67481.1875,12.380000114440918
2023-12-04,20686.80078125,68865.1171875,12.989999771118164
2023-12-05,20855.099609375,69296.140625,13.460000038146973
2023-12-06,20937.69921875,69653.7265625,13.739999771118164
2023-12-07,20901.150390625,69521.6875,12.670000076293945
2023-12-08,20969.400390625,69825.6015625,12.470000267028809
2023-12-11,20997.099609375,69928.53125,12.760000228881836
2023-12-12,20906.400390625,69551.03125,12.710000038146973
2023-12-13,20926.349609375,69584.6015625,12.069999694824219
2023-12-14,21182.69921875,70514.203125,12.319999694824219
2023-12-15,21456.650390625,71483.75,13.130000114440918
2023-12-18,21418.650390625,71315.09375,13.899999618530273
2023-12-19,21453.099609375,71437.1875,13.869999885559082
2023-12-20,21150.150390625,70506.3125,14.449999809265137
2023-12-21,21255.05078125,70865.1015625,13.760000228881836
2023-12-22,21349.400390625,71106.9609375,13.710000038146973
2023-12-26,21441.349609375,71336.796875,14.680000305175781
2023-12-27,21654.75,72038.4296875,15.5600004196167
2023-12-28,21778.69921875,72410.3828125,15.140000343322754
2023-12-29,21731.400390625,72240.2578125,14.5
2024-01-02,21665.80078125,71892.4765625,14.579999923706055
2024-01-03,21517.349609375,71356.6015625,14.100000381469727
2024-01-04,21658.599609375,71847.5703125,13.329999923706055
2024-01-05,21710.80078125,72026.1484375,12.630000114440918
2024-01-08,21513.0,71355.21875,13.460000038146973
2024-01-09,21544.849609375,71386.2109375,13.260000228881836
2024-01-10,21618.69921875,71657.7109375,12.970000267028809
2024-01-11,21647.19921875,71721.1796875,12.770000457763672
2024-01-12,21894.55078125,72568.453125,13.100000381469727
2024-01-15,22097.44921875,73327.9375,13.789999961853027
2024-01-16,22032.30078125,73128.7734375,13.569999694824219
2024-01-17,21571.94921875,71500.7578125,15.079999923706055
2024-01-18,21462.25,71186.859375,14.069999694824219
2024-01-19,21622.400390625,71683.2265625,13.880000114440918
2024-01-23,21238.80078125,70370.546875,14.850000381469727
2024-01-24,21453.94921875,71060.3125,14.380000114440918
2024-01-25,21352.599609375,70700.671875,13.869999885559082
2024-01-29,21737.599609375,71941.5703125,15.680000305175781
2024-01-30,21522.099609375,71139.8984375,16.100000381469727
2024-01-31,21725.69921875,71752.109375,16.049999237060547
2024-02-01,21697.44921875,71645.296875,14.460000038146973
2024-02-02,21853.80078125,72085.6328125,14.699999809265137
2024-02-05,21771.69921875,71731.421875,15.619999885559082
2024-02-06,21929.400390625,72186.09375,15.789999961853027
2024-02-07,21930.5,72152.0,15.510000228881836
2024-02-08,21717.94921875,71428.4296875,15.829999923706055
2024-02-09,21782.5,71595.4921875,15.449999809265137
2024-02-12,21616.05078125,71072.4921875,16.059999465942383
2024-02-13,21743.25,71555.1875,15.8100004196167
2024-02-14,21840.05078125,71822.828125,15.4399995803833
2024-02-15,21910.75,72050.3828125,15.229999542236328
2024-02-16,22040.69921875,72426.640625,15.220000267028809
2024-02-20,22196.94921875,73057.3984375,16.06999969482422
2024-02-21,22055.05078125,72623.09375,15.930000305175781
2024-02-22,22217.44921875,73158.2421875,15.199999809265137
2024-02-23,22212.69921875,73142.796875,14.970000267028809
2024-02-26,22122.05078125,72790.1328125,15.600000381469727
2024-02-27,22198.349609375,73095.21875,15.729999542236328
2024-02-28,21951.150390625,72304.8828125,16.329999923706055
2024-02-29,21982.80078125,72500.296875,15.569999694824219
2024-03-01,22338.75,73745.3515625,15.239999771118164
2024-03-04,22405.599609375,73872.2890625,14.920000076293945
2024-03-05,22356.30078125,73677.1328125,14.380000114440918
2024-03-06,22474.05078125,74085.9921875,14.300000190734863
2024-03-07,22493.55078125,74119.390625,13.609999656677246
2024-03-11,22332.650390625,73502.640625,14.0
2024-03-12,22335.69921875,73667.9609375,13.640000343322754
2024-03-13,21997.69921875,72761.890625,14.430000305175781
2024-03-14,22146.650390625,73097.28125,13.619999885559082
2024-03-15,22023.349609375,72643.4296875,13.6899995803833
2024-03-18,22055.69921875,72748.421875,13.899999618530273
2024-03-19,21817.44921875,72012.046875,14.109999656677246
2024-03-20,21839.099609375,72101.6875,13.470000267028809
2024-03-21,22011.94921875,72641.1875,12.510000228881836
2024-03-22,22096.75,72831.9375,12.220000267028809
2024-03-26,22004.69921875,72470.296875,12.819999694824219
2024-03-27,22123.650390625,72996.3125,12.699999809265137
2024-03-28,22326.900390625,73651.3515625,12.829999923706055
2024-04-01,22462.0,74014.546875,12.079999923706055
2024-04-02,22453.30078125,73903.90625,11.649999618530273
2024-04-03,22434.650390625,73876.8203125,11.369999885559082
2024-04-04,22514.650390625,74227.6328125,11.220000267028809
2024-04-05,22513.69921875,74248.21875,11.34000015258789
2024-04-08,22666.30078125,74742.5,11.609999656677246
2024-04-09,22642.75,74683.703125,11.359999656677246
2024-04-10,22753.80078125,75038.1484375,11.109999656677246
2024-04-12,22519.400390625,74244.8984375,11.529999732971191
2024-04-15,22272.5,73399.78125,12.470000267028809
2024-04-16,22147.900390625,72943.6796875,12.619999885559082
2024-04-18,21995.849609375,72488.9921875,13.039999961853027
2024-04-19,22147.0,73088.328125,13.460000038146973
2024-04-22,22336.400390625,73648.6171875,12.699999809265137
2024-04-23,22368.0,73738.453125,10.199999809265137
2024-04-24,22402.400390625,73852.9375,10.279999732971191
2024-04-25,22570.349609375,74339.4375,10.729999542236328
2024-04-26,22419.94921875,73730.15625,10.930000305175781
2024-04-29,22643.400390625,74671.28125,12.239999771118164
2024-04-30,22604.849609375,74482.78125,12.869999885559082
2024-05-02,22648.19921875,74611.109375,13.449999809265137
2024-05-03,22475.849609375,73878.1484375,14.619999885559082
2024-05-06,22442.69921875,73895.5390625,16.600000381469727
2024-05-07,22302.5,73511.8515625,17.010000228881836
2024-05-08,22302.5,73466.390625,17.079999923706055
2024-05-09,21957.5,72404.171875,18.200000762939453
2024-05-10,22055.19921875,72664.46875,18.469999313354492
2024-05-13,22104.05078125,72776.1328125,20.600000381469727
2024-05-14,22217.849609375,73104.609375,20.200000762939453
2024-05-15,22200.55078125,72987.03125,20.270000457763672
2024-05-16,22403.849609375,73663.71875,20.0
2024-05-17,22466.099609375,73917.03125,19.799999237060547
2024-05-21,22529.05078125,73953.3125,21.809999465942383
2024-05-22,22597.80078125,74221.0625,21.469999313354492
2024-05-23,22967.650390625,75418.0390625,21.3799991607666
2024-05-24,22957.099609375,75410.390625,21.709999084472656
2024-05-27,22932.44921875,75390.5,23.190000534057617
2024-05-28,22888.150390625,75170.453125,24.200000762939453
2024-05-29,22704.69921875,74502.8984375,24.18000030517578
2024-05-30,22488.650390625,73885.6015625,24.18000030517578
2024-05-31,22530.69921875,73961.3125,24.600000381469727
2024-06-03,23263.900390625,76468.78125,20.940000534057617
2024-06-04,21884.5,72079.046875,26.75
2024-06-05,22620.349609375,74382.2421875,18.889999389648438
2024-06-06,22821.400390625,75074.5078125,16.799999237060547
2024-06-07,23290.150390625,76693.359375,16.8799991607666
2024-06-10,23259.19921875,76490.078125,16.399999618530273
2024-06-11,23264.849609375,76456.59375,14.770000457763672
2024-06-12,23322.94921875,76606.5703125,14.390000343322754
2024-06-13,23398.900390625,76810.8984375,13.489999771118164
2024-06-14,23465.599609375,76992.7734375,12.819999694824219
2024-06-18,23557.900390625,77301.140625,12.970000267028809
2024-06-19,23516.0,77337.59375,13.710000038146973
2024-06-20,23567.0,77478.9296875,13.350000381469727
2024-06-21,23501.099609375,77209.8984375,13.180000305175781
2024-06-24,23537.849609375,77341.078125,14.0600004196167
2024-06-25,23721.30078125,78053.5234375,14.3100004196167
2024-06-26,23868.80078125,78674.25,14.050000190734863
2024-06-27,24044.5,79243.1796875,14.149999618530273
2024-06-28,24010.599609375,79032.7265625,13.800000190734863
2024-07-01,24141.94921875,79476.1875,13.829999923706055
2024-07-02,24123.849609375,79441.453125,13.640000343322754
2024-07-03,24286.5,79986.796875,13.210000038146973
2024-07-04,24302.150390625,80049.671875,12.859999656677246
2024-07-05,24323.849609375,79996.6015625,12.699999809265137
2024-07-08,24320.55078125,79960.3828125,13.600000381469727
2024-07-09,24433.19921875,80351.640625,14.279999732971191
2024-07-10,24324.44921875,79924.7734375,14.430000305175781
2024-07-11,24315.94921875,79897.34375,14.0
2024-07-12,24502.150390625,80519.34375,13.729999542236328
2024-07-15,24586.69921875,80664.859375,14.1899995803833
2024-07-16,24613.0,80716.546875,14.220000267028809
2024-07-18,24800.849609375,81343.4609375,14.510000228881836
2024-07-19,24530.900390625,80604.6484375,14.829999923706055
2024-07-22,24509.25,80502.078125,15.4399995803833
2024-07-23,24479.05078125,80429.0390625,12.75
2024-07-24,24413.5,80148.8828125,11.760000228881836
2024-07-25,24406.099609375,80039.796875,12.619999885559082
2024-07-26,24834.849609375,81332.71875,12.25
2024-07-29,24836.099609375,81355.84375,12.949999809265137
2024-07-30,24857.30078125,81455.3984375,12.880000114440918
2024-07-31,24951.150390625,81741.34375,13.25
2024-08-01,25010.900390625,81867.546875,12.930000305175781
2024-08-02,24717.69921875,80981.953125,14.319999694824219
2024-08-05,24055.599609375,78759.3984375,20.3700008392334
2024-08-06,23992.55078125,78593.0703125,18.739999771118164
2024-08-07,24297.5,79468.0078125,16.170000076293945
2024-08-08,24117.0,78886.21875,16.600000381469727
2024-08-09,24367.5,79705.90625,15.34000015258789
2024-08-12,24347.0,79648.921875,15.869999885559082
2024-08-13,24139.0,78956.03125,16.170000076293945
2024-08-14,24143.75,79105.8828125,15.4399995803833
2024-08-16,24541.150390625,80436.84375,14.399999618530273
2024-08-19,24572.650390625,80424.6796875,14.319999694824219
2024-08-20,24698.849609375,80802.859375,13.819999694824219
2024-08-21,24770.19921875,80905.296875,13.329999923706055
2024-08-22,24811.5,81053.1875,13.0
2024-08-23,24823.150390625,81086.2109375,13.550000190734863
2024-08-26,25010.599609375,81698.109375,13.800000190734863
2024-08-27,25017.75,81711.7578125,13.630000114440918
2024-08-28,25052.349609375,81785.5625,13.949999809265137
2024-08-29,25151.94921875,82134.609375,13.789999961853027
2024-08-30,25235.900390625,82365.7734375,13.390000343322754
2024-09-02,25278.69921875,82559.84375,14.0600004196167
2024-09-03,25279.849609375,82555.4375,13.84000015258789
2024-09-04,25198.69921875,82352.640625,14.380000114440918
2024-09-05,25145.099609375,82201.15625,14.210000038146973
2024-09-06,24852.150390625,81183.9296875,15.220000267028809
2024-09-09,24936.400390625,81559.5390625,14.239999771118164
2024-09-10,25041.099609375,81921.2890625,13.359999656677246
2024-09-11,24918.44921875,81523.15625,13.630000114440918
2024-09-12,25388.900390625,82962.7109375,13.180000305175781
2024-09-13,25356.5,82890.9375,12.550000190734863
2024-09-16,25383.75,82988.78125,12.460000038146973
2024-09-17,25418.55078125,83079.65625,12.59000015258789
2024-09-18,25377.55078125,82948.2265625,13.369999885559082
2024-09-19,25415.80078125,83184.796875,12.470000267028809
2024-09-20,25790.94921875,84544.3125,12.789999961853027
2024-09-23,25939.05078125,84928.609375,13.789999961853027
2024-09-24,25940.400390625,84914.0390625,13.390000343322754
2024-09-25,26004.150390625,85169.8671875,12.739999771118164
2024-09-26,26216.05078125,85836.1171875,12.0
2024-09-27,26178.94921875,85571.8515625,11.960000038146973
2024-09-30,25810.849609375,84299.78125,12.789999961853027
2024-10-01,25796.900390625,84266.2890625,11.989999771118164
2024-10-03,25250.099609375,82497.1015625,13.170000076293945
2024-10-04,25014.599609375,81688.453125,14.130000114440918
2024-10-07,24795.75,81050.0,15.079999923706055
2024-10-08,25013.150390625,81634.8125,14.59000015258789
2024-10-09,24981.94921875,81467.1015625,14.119999885559082
2024-10-10,24998.44921875,81611.40625,13.5
2024-10-11,24964.25,81381.359375,13.220000267028809
2024-10-14,25127.94921875,81973.046875,13.0
2024-10-15,25057.349609375,81820.1171875,13.0
2024-10-16,24971.30078125,81501.359375,13.050000190734863
2024-10-17,24749.849609375,81006.609375,13.390000343322754
2024-10-18,24854.05078125,81224.75,13.039999961853027
2024-10-21,24781.099609375,81151.2734375,13.760000228881836
2024-10-22,24472.099609375,80220.71875,14.399999618530273
2024-10-23,24435.5,80081.9765625,14.619999885559082
2024-10-24,24399.400390625,80065.15625,13.970000267028809
2024-10-25,24180.80078125,79402.2890625,14.630000114440918
2024-10-28,24339.150390625,80005.0390625,14.289999961853027
2024-10-29,24466.849609375,80369.03125,14.520000457763672
2024-10-30,24340.849609375,79942.1796875,15.510000228881836
2024-10-31,24205.349609375,79389.0625,15.550000190734863
2024-11-01,24304.349609375,79724.1171875,15.899999618530273
2024-11-04,23995.349609375,78782.2421875,16.690000534057617
2024-11-05,24213.30078125,79476.6328125,16.1200008392334
2024-11-06,24484.05078125,80378.1328125,14.869999885559082
2024-11-07,24199.349609375,79541.7890625,14.9399995803833
2024-11-08,24148.19921875,79486.3203125,14.470000267028809
2024-11-11,24141.30078125,79496.1484375,14.270000457763672
2024-11-12,23883.44921875,78675.1796875,14.59000015258789
2024-11-13,23559.05078125,77690.953125,15.4399995803833
2024-11-14,23532.69921875,77580.3125,14.779999732971191
2024-11-18,23453.80078125,77339.0078125,15.170000076293945
2024-11-19,23518.5,77578.3828125,15.65999984741211
2024-11-21,23349.900390625,77155.7890625,15.989999771118164
2024-11-22,23907.25,79117.109375,16.100000381469727
2024-11-25,24221.900390625,80109.8515625,15.300000190734863
2024-11-26,24194.5,80004.0625,15.3100004196167
2024-11-27,24274.900390625,80234.078125,14.630000114440918
2024-11-28,23914.150390625,79043.7421875,15.210000038146973
2024-11-29,24131.099609375,79802.7890625,14.430000305175781
2024-12-02,24276.05078125,80248.078125,14.699999809265137
2024-12-03,24457.150390625,80845.75,14.369999885559082
2024-12-04,24467.44921875,80956.328125,14.449999809265137
2024-12-05,24708.400390625,81765.859375,14.529999732971191
2024-12-06,24677.80078125,81709.1171875,14.140000343322754
2024-12-09,24619.0,81508.4609375,14.109999656677246
2024-12-10,24610.05078125,81510.046875,13.779999732971191
2024-12-11,24641.80078125,81526.140625,13.270000457763672
2024-12-12,24548.69921875,81289.9609375,13.1899995803833
2024-12-13,24768.30078125,82133.1171875,13.050000190734863
2024-12-16,24668.25,81748.5703125,14.020000457763672
2024-12-17,24336.0,80684.453125,14.489999771118164
2024-12-18,24198.849609375,80182.203125,14.369999885559082
2024-12-19,23951.69921875,79218.046875,14.510000228881836
2024-12-20,23587.5,78041.59375,15.069999694824219
2024-12-23,23753.44921875,78540.171875,13.520000457763672
2024-12-24,23727.650390625,78472.8671875,13.180000305175781
2024-12-26,23750.19921875,78472.4765625,14.039999961853027
2024-12-27,23813.400390625,78699.0703125,13.239999771118164
2024-12-30,23644.900390625,78248.1328125,13.970000267028809
2024-12-31,23644.80078125,78139.0078125,14.449999809265137
2025-01-02,24188.650390625,79943.7109375,13.739999771118164
2025-01-03,24004.75,79223.109375,13.539999961853027
2025-01-06,23616.05078125,77964.9921875,15.649999618530273
2025-01-07,23707.900390625,78199.109375,14.65999984741211
2025-01-08,23688.94921875,78148.4921875,14.470000267028809
2025-01-09,23526.5,77620.2109375,14.65999984741211
2025-01-10,23431.5,77378.90625,14.920000076293945
2025-01-13,23085.94921875,76330.0078125,16.0
2025-01-14,23176.05078125,76499.6328125,15.470000267028809
2025-01-15,23213.19921875,76724.078125,15.260000228881836
2025-01-16,23311.80078125,77042.8203125,15.470000267028809
2025-01-17,23203.19921875,76619.328125,15.75
2025-01-20,23344.75,77073.4375,16.420000076293945
2025-01-21,23024.650390625,75838.359375,17.059999465942383
2025-01-22,23155.349609375,76404.9921875,16.770000457763672
2025-01-23,23205.349609375,76520.3828125,16.700000762939453
2025-01-24,23092.19921875,76190.4609375,16.75
2025-01-27,22829.150390625,75366.171875,18.1299991607666
2025-01-28,22957.25,75901.40625,18.200000762939453
2025-01-29,23163.099609375,76532.9609375,18.639999389648438
2025-01-30,23249.5,76759.8125,17.389999389648438
2025-01-31,23508.400390625,77500.5703125,16.25
2025-02-03,23361.05078125,77186.7421875,14.350000381469727
2025-02-04,23739.25,78583.8125,14.020000457763672
2025-02-05,23696.30078125,78271.28125,14.079999923706055
2025-02-06,23603.349609375,78058.15625,14.180000305175781
2025-02-07,23559.94921875,77860.1875,13.6899995803833
2025-02-10,23381.599609375,77311.796875,14.449999809265137
2025-02-11,23071.80078125,76293.6015625,14.869999885559082
2025-02-12,23045.25,76171.078125,14.899999618530273
2025-02-13,23031.400390625,76138.96875,14.960000038146973
2025-02-14,22929.25,75939.2109375,15.020000457763672
2025-02-17,22959.5,75996.859375,15.720000267028809
2025-02-18,22945.30078125,75967.390625,15.670000076293945
2025-02-19,22932.900390625,75939.1796875,15.420000076293945
2025-02-20,22913.150390625,75735.9609375,14.680000305175781
2025-02-21,22795.900390625,75311.0625,14.529999732971191
2025-02-24,22553.349609375,74454.40625,14.4399995803833
2025-02-25,22547.55078125,74602.1171875,13.720000267028809
2025-02-27,22545.05078125,74612.4296875,13.3100004196167
2025-02-28,22124.69921875,73198.1015625,13.90999984741211
2025-03-03,22119.30078125,73085.9375,13.760000228881836
2025-03-04,22082.650390625,72989.9296875,13.829999923706055
2025-03-05,22337.30078125,73730.2265625,13.670000076293945
2025-03-06,22544.69921875,74340.09375,13.729999542236328
2025-03-07,22552.5,74332.578125,13.470000267028809
2025-03-10,22460.30078125,74115.171875,13.989999771118164
2025-03-11,22497.900390625,74102.3203125,14.069999694824219
2025-03-12,22470.5,74029.7578125,13.6899995803833
2025-03-13,22397.19921875,73828.90625,13.279999732971191
2025-03-17,22508.75,74169.953125,13.420000076293945
2025-03-18,22834.30078125,75301.2578125,13.210000038146973
2025-03-19,22907.599609375,75449.046875,13.300000190734863
2025-03-20,23190.650390625,76348.0625,12.600000381469727
2025-03-21,23350.400390625,76905.5078125,12.579999923706055
2025-03-24,23658.349609375,77984.3828125,13.699999809265137
2025-03-25,23668.650390625,78017.1875,13.640000343322754
2025-03-26,23486.849609375,77288.5,13.470000267028809
2025-03-27,23591.94921875,77606.4296875,13.300000190734863
2025-03-28,23519.349609375,77414.921875,12.720000267028809
2025-04-01,23165.69921875,76024.5078125,13.779999732971191
2025-04-02,23332.349609375,76617.4375,13.720000267028809
2025-04-03,23250.099609375,76295.359375,13.600000381469727
2025-04-04,22904.44921875,75364.6875,13.760000228881836
2025-04-07,22161.599609375,73137.8984375,22.790000915527344
2025-04-08,22535.849609375,74227.078125,20.440000534057617
2025-04-09,22399.150390625,73847.1484375,21.43000030517578
2025-04-11,22828.55078125,75157.2578125,20.110000610351562
2025-04-15,23328.55078125,76734.890625,16.1299991607666
2025-04-16,23437.19921875,77044.2890625,15.869999885559082
2025-04-17,23851.650390625,78553.203125,15.470000267028809
2025-04-21,24125.55078125,79408.5,15.520000457763672
2025-04-22,24167.25,79595.59375,15.229999542236328
2025-04-23,24328.94921875,80116.4921875,15.960000038146973
2025-04-24,24246.69921875,79801.4296875,16.25
2025-04-25,24039.349609375,79212.53125,17.15999984741211
2025-04-28,24328.5,80218.3671875,16.940000534057617
2025-04-29,24335.94921875,80288.3828125,17.3700008392334
2025-04-30,24334.19921875,80242.2421875,18.219999313354492
2025-05-02,24346.69921875,80501.9921875,18.260000228881836
2025-05-05,24461.150390625,80796.84375,18.34000015258789
2025-05-06,24379.599609375,80641.0703125,19.0
2025-05-07,24414.400390625,80746.78125,19.059999465942383
2025-05-08,24273.80078125,80334.8125,21.010000228881836
2025-05-09,24008.0,79454.46875,21.6299991607666
2025-05-12,24924.69921875,82429.8984375,18.389999389648438
2025-05-13,24578.349609375,81148.21875,18.200000762939453
2025-05-14,24666.900390625,81330.5625,17.229999542236328
2025-05-15,25062.099609375,82530.7421875,16.889999389648438
2025-05-16,25019.80078125,82330.59375,16.549999237060547
2025-05-19,24945.44921875,82059.421875,17.360000610351562
2025-05-20,24683.900390625,81186.4375,17.389999389648438
2025-05-21,24813.44921875,81596.6328125,17.549999237060547
2025-05-22,24609.69921875,80951.9921875,17.260000228881836
2025-05-23,24853.150390625,81721.078125,17.280000686645508
2025-05-26,25001.150390625,82176.453125,18.020000457763672
2025-05-27,24826.19921875,81551.6328125,18.540000915527344
2025-05-28,24752.44921875,81312.3203125,18.020000457763672
2025-05-29,24833.599609375,81633.0234375,16.420000076293945
2025-05-30,24750.69921875,81451.0078125,16.079999923706055
2025-06-02,24716.599609375,81373.75,17.15999984741211
2025-06-03,24542.5,80737.5078125,16.559999465942383
2025-06-04,24620.19921875,80998.25,15.75
2025-06-05,24750.900390625,81442.0390625,15.079999923706055
2025-06-06,25003.05078125,82188.9921875,14.630000114440918
2025-06-09,25103.19921875,82445.2109375,14.6899995803833
2025-06-10,25104.25,82391.71875,14.020000457763672
2025-06-11,25141.400390625,82515.140625,13.670000076293945
2025-06-12,24888.19921875,81691.9765625,14.020000457763672
2025-06-13,24718.599609375,81118.6015625,15.079999923706055
2025-06-16,24946.5,81796.1484375,14.84000015258789
2025-06-17,24853.400390625,81583.296875,14.399999618530273
2025-06-18,24812.05078125,81444.65625,14.279999732971191
2025-06-19,24793.25,81361.8671875,14.260000228881836
2025-06-20,25112.400390625,82408.171875,13.670000076293945
2025-06-23,24971.900390625,81896.7890625,14.050000190734863
2025-06-24,25044.349609375,82055.109375,13.640000343322754
2025-06-25,25244.75,82755.5078125,12.960000038146973
2025-06-26,25549.0,83755.8671875,12.59000015258789
2025-06-27,25637.80078125,84058.8984375,12.390000343322754
2025-06-30,25517.05078125,83606.4609375,12.789999961853027
2025-07-01,25541.80078125,83697.2890625,12.529999732971191
2025-07-02,25453.400390625,83409.6875,12.449999809265137
2025-07-03,25405.30078125,83239.46875,12.390000343322754
2025-07-04,25461.0,83432.890625,12.319999694824219
2025-07-07,25461.30078125,83442.5,12.5600004196167
2025-07-08,25522.5,83712.5078125,12.199999809265137
2025-07-09,25476.099609375,83536.078125,11.9399995803833
2025-07-10,25355.25,83190.28125,11.670000076293945
2025-07-11,25149.849609375,82500.46875,11.819999694824219
2025-07-14,25082.30078125,82253.4609375,11.979999542236328
2025-07-15,25195.80078125,82570.90625,11.479999542236328
2025-07-16,25212.05078125,82634.4765625,11.239999771118164
2025-07-17,25111.44921875,82259.2421875,11.239999771118164
2025-07-18,24968.400390625,81757.7265625,11.390000343322754
2025-07-21,25090.69921875,82200.34375,11.199999809265137
2025-07-22,25060.900390625,82186.8125,10.75
2025-07-23,25219.900390625,82726.640625,10.520000457763672
2025-07-24,25062.099609375,82184.171875,10.720000267028809
2025-07-25,24837.0,81463.09375,11.279999732971191
2025-07-28,24680.900390625,80891.0234375,12.0600004196167
2025-07-29,24821.099609375,81337.953125,11.529999732971191
2025-07-30,24855.05078125,81481.859375,11.210000038146973
2025-07-31,24768.349609375,81185.578125,11.539999961853027
2025-08-01,24565.349609375,80599.90625,11.979999542236328
2025-08-04,24722.75,81018.71875,11.970000267028809
2025-08-05,24649.55078125,80710.25,11.710000038146973
2025-08-06,24574.19921875,80543.9921875,11.960000038146973
2025-08-07,24596.150390625,80623.2578125,11.6899995803833
2025-08-08,24363.30078125,79857.7890625,12.029999732971191
2025-08-11,24585.05078125,80604.078125,12.220000267028809
2025-08-12,24487.400390625,80235.59375,12.229999542236328
2025-08-13,24619.349609375,80539.90625,12.140000343322754
2025-08-14,24631.30078125,80597.65625,12.359999656677246
2025-08-18,24876.94921875,81273.75,12.34000015258789
2025-08-19,24980.650390625,81644.390625,11.789999961853027
2025-08-20,25050.55078125,81857.84375,11.789999961853027
2025-08-21,25083.75,82000.7109375,11.369999885559082
2025-08-22,24870.099609375,81306.8515625,11.729999542236328
2025-08-25,24967.75,81635.90625,11.760000228881836
2025-08-26,24712.05078125,80786.5390625,12.1899995803833
2025-08-28,24500.900390625,80080.5703125,12.180000305175781
2025-08-29,24426.849609375,79809.6484375,11.75
2025-09-01,24625.05078125,80364.4921875,11.289999961853027
2025-09-02,24579.599609375,80157.8828125,11.399999618530273
2025-09-03,24715.05078125,80567.7109375,10.930000305175781
2025-09-04,24734.30078125,80718.0078125,10.850000381469727
2025-09-05,24741.0,80710.7578125,10.779999732971191
2025-09-08,24773.150390625,80787.296875,10.84000015258789
2025-09-09,24868.599609375,81101.3203125,10.6899995803833
2025-09-10,24973.099609375,81425.1484375,10.539999961853027
2025-09-11,25005.5,81548.7265625,10.359999656677246
2025-09-12,25114.0,81904.703125,10.119999885559082
2025-09-15,25069.19921875,81785.7421875,10.399999618530273
2025-09-16,25239.099609375,82380.6875,10.270000457763672
2025-09-17,25330.25,82693.7109375,10.25
2025-09-18,25423.599609375,83013.9609375,9.890000343322754
2025-09-19,25327.05078125,82626.2265625,9.970000267028809
2025-09-22,25202.349609375,82159.96875,10.5600004196167
2025-09-23,25169.5,82102.1015625,10.630000114440918
2025-09-24,25056.900390625,81715.6328125,10.520000457763672
2025-09-25,24890.849609375,81159.6796875,10.779999732971191
2025-09-26,24654.69921875,80426.4609375,11.430000305175781
2025-09-29,24634.900390625,80364.9375,11.369999885559082
2025-09-30,24611.099609375,80267.6171875,11.069999694824219
2025-10-01,24836.30078125,80983.3125,10.289999961853027
2025-10-03,24894.25,81207.171875,10.0600004196167
2025-10-06,25077.650390625,81790.1171875,10.1899995803833
2025-10-07,25108.30078125,81926.75,10.050000190734863
2025-10-08,25046.150390625,81773.65625,10.3100004196167
2025-10-09,25181.80078125,82172.1015625,10.119999885559082
2025-10-10,25285.349609375,82500.8203125,10.100000381469727
2025-10-13,25227.349609375,82327.046875,11.010000228881836
2025-10-14,25145.5,82029.9765625,11.15999984741211
2025-10-15,25323.55078125,82605.4296875,10.529999732971191
2025-10-16,25585.30078125,83467.65625,10.869999885559082
2025-10-17,25709.849609375,83952.1875,11.630000114440918
2025-10-20,25843.150390625,84363.3671875,11.359999656677246
2025-10-21,25868.599609375,84426.34375,11.300000190734863
2025-10-23,25891.400390625,84556.3984375,11.729999542236328
2025-10-24,25795.150390625,84211.8828125,11.59000015258789
2025-10-27,25966.05078125,84778.84375,11.859999656677246
2025-10-28,25936.19921875,84628.15625,11.949999809265137
2025-10-29,26053.900390625,84997.1328125,11.970000267028809
2025-10-30,25877.849609375,84404.4609375,12.069999694824219
2025-10-31,25722.099609375,83938.7109375,12.149999618530273
2025-11-03,25763.349609375,83978.4921875,12.670000076293945
2025-11-04,25597.650390625,83459.1484375,12.649999618530273
2025-11-06,25509.69921875,83311.0078125,12.40999984741211
2025-11-07,25492.30078125,83216.28125,12.5600004196167
2025-11-10,25574.349609375,83535.3515625,12.300000190734863
2025-11-11,25694.94921875,83871.3203125,12.489999771118164
2025-11-12,25875.80078125,84466.5078125,12.109999656677246
2025-11-13,25879.150390625,84478.671875,12.15999984741211
2025-11-14,25910.05078125,84562.78125,11.9399995803833
2025-11-17,26013.44921875,84950.953125,11.789999961853027
2025-11-18,25910.05078125,84673.0234375,12.100000381469727
2025-11-19,26052.650390625,85186.46875,11.970000267028809
2025-11-20,26192.150390625,85632.6796875,12.140000343322754
2025-11-21,26068.150390625,85231.921875,13.630000114440918
2025-11-24,25959.5,84900.7109375,13.239999771118164
2025-11-25,25884.80078125,84587.0078125,12.239999771118164
2025-11-26,26205.30078125,85609.5078125,11.970000267028809
2025-11-27,26215.55078125,85720.3828125,11.789999961853027
2025-11-28,26202.94921875,85706.671875,11.619999885559082
2025-12-01,26175.75,85641.8984375,11.630000114440918
2025-12-02,26032.19921875,85138.2734375,11.229999542236328
2025-12-03,25986.0,85106.8125,11.210000038146973
2025-12-04,26033.75,85265.3203125,10.819999694824219
2025-12-05,26186.44921875,85712.3671875,10.319999694824219
2025-12-08,25960.55078125,85102.6875,11.130000114440918
2025-12-09,25839.650390625,84666.28125,10.949999809265137
2025-12-10,25758.0,84391.2734375,10.90999984741211
2025-12-11,25898.55078125,84818.1328125,10.399999618530273
2025-12-12,26046.94921875,85267.65625,10.109999656677246
2025-12-15,26027.30078125,85213.359375,10.25
2025-12-16,25860.099609375,84679.859375,10.0600004196167
2025-12-17,25818.55078125,84559.6484375,9.84000015258789
2025-12-18,25815.55078125,84481.8125,9.710000038146973
2025-12-19,25966.400390625,84929.359375,9.520000457763672
2025-12-22,26172.400390625,85567.4765625,9.680000305175781
2025-12-23,26177.150390625,85524.84375,9.380000114440918
2025-12-24,26142.099609375,85408.703125,9.1899995803833
2025-12-26,26042.30078125,85041.453125,9.149999618530273
2025-12-29,25942.099609375,84695.5390625,9.720000267028809
2025-12-30,25938.849609375,84675.078125,9.680000305175781
2025-12-31,26129.599609375,85220.6015625,9.479999542236328
2026-01-02,26328.55078125,85762.0078125,9.449999809265137
2026-01-05,26250.30078125,85439.6171875,10.020000457763672
2026-01-06,26178.69921875,85063.34375,10.020000457763672
2026-01-07,26140.75,84961.140625,9.949999809265137
2026-01-08,25876.849609375,84180.9609375,10.600000381469727
2026-01-09,25683.30078125,83576.2421875,10.930000305175781
2026-01-12,25790.25,83878.171875,11.369999885559082
2026-01-13,25732.30078125,83627.6875,11.199999809265137
2026-01-14,25665.599609375,83382.7109375,11.319999694824219
2026-01-16,25694.349609375,83570.3515625,11.369999885559082
2026-01-19,25585.5,83246.1796875,11.829999923706055
2026-01-20,25232.5,82180.46875,12.729999542236328
2026-01-21,25157.5,81909.6328125,13.779999732971191
2026-01-22,25289.900390625,82307.3671875,13.350000381469727
2026-01-23,25048.650390625,81537.703125,14.1899995803833
2026-01-27,25175.400390625,81857.4765625,14.449999809265137
2026-01-28,25342.75,82344.6796875,13.529999732971191
2026-01-29,25418.900390625,82566.3671875,13.369999885559082
2026-01-30,25320.650390625,82269.78125,13.630000114440918
2026-02-02,25088.400390625,81666.4609375,13.869999885559082
2026-02-03,25727.55078125,83739.1328125,12.899999618530273
2026-02-04,25776.0,83817.6875,12.25
2026-02-05,25642.80078125,83313.9296875,12.170000076293945
2026-02-06,25693.69921875,83580.3984375,11.9399995803833
2026-02-09,25867.30078125,84065.75,12.1899995803833
2026-02-10,25935.150390625,84273.921875,11.670000076293945
2026-02-11,25953.849609375,84233.640625,11.550000190734863
2026-02-12,25807.19921875,83674.921875,11.729999542236328
2026-02-13,25471.099609375,82626.7578125,13.289999961853027
2026-02-16,25682.75,83277.1484375,13.329999923706055
2026-02-17,25725.400390625,83450.9609375,12.670000076293945
2026-02-18,25819.349609375,83734.25,12.220000267028809
2026-02-19,25454.349609375,82498.140625,13.460000038146973
2026-02-20,25571.25,82814.7109375,14.359999656677246
2026-02-23,25713.0,83294.65625,14.170000076293945
2026-02-24,25424.650390625,82225.921875,14.149999618530273
2026-02-25,25482.5,82276.0703125,13.489999771118164
2026-02-26,25496.55078125,82248.609375,13.0600004196167
2026-02-27,25178.650390625,81287.1875,13.699999809265137
2026-03-02,24865.69921875,80238.8515625,17.1299991607666
2026-03-04,24480.5,79116.1875,21.139999389648438
2026-03-05,24765.900390625,80015.8984375,17.860000610351562
2026-03-06,24450.44921875,78918.8984375,19.8799991607666
2026-03-09,24028.05078125,77566.15625,23.360000610351562
2026-03-10,24261.599609375,78205.9765625,18.90999984741211
2026-03-11,23866.849609375,76863.7109375,21.059999465942383
2026-03-12,23639.150390625,76034.421875,21.520000457763672
2026-03-13,23151.099609375,74563.921875,22.649999618530273
2026-03-16,23408.80078125,75502.8515625,21.600000381469727
2026-03-17,23581.150390625,76070.84375,19.790000915527344
2026-03-18,23777.80078125,76704.1328125,18.719999313354492
2026-03-19,23002.150390625,74207.2421875,22.799999237060547
2026-03-20,23114.5,74532.9609375,22.809999465942383
2026-03-23,22512.650390625,72696.390625,26.729999542236328
2026-03-24,22912.400390625,74068.453125,24.739999771118164
2026-03-25,23306.44921875,75273.453125,24.639999389648438
2026-03-27,22819.599609375,73583.21875,26.799999237060547
2026-03-30,22331.400390625,71947.546875,27.889999389648438
2026-04-01,22679.400390625,73134.3203125,25.010000228881836
2026-04-02,22713.099609375,73319.546875,25.520000457763672
2026-04-06,22968.25,74106.8515625,25.469999313354492
2026-04-07,23123.650390625,74616.578125,24.700000762939453
2026-04-08,23997.349609375,77562.8984375,19.700000762939453
2026-04-09,23775.099609375,76631.6484375,20.43000030517578
2026-04-10,24050.599609375,77550.25,18.850000381469727
2026-04-13,23842.650390625,76847.5703125,20.5
2026-04-15,24231.30078125,78111.2421875,18.670000076293945
2026-04-16,24196.75,77988.6796875,18.09000015258789
2026-04-17,24353.55078125,78493.5390625,17.209999084472656
2026-04-20,24364.849609375,78520.296875,18.790000915527344
2026-04-21,24576.599609375,79273.328125,17.530000686645508
2026-04-22,24378.099609375,78516.4921875,18.299999237060547
2026-04-23,24173.05078125,77664.0,18.59000015258789
2026-04-24,23897.94921875,76664.2109375,19.709999084472656
2026-04-27,24092.69921875,77303.6328125,18.3799991607666
2026-04-28,23995.69921875,76886.90625,18.049999237060547
2026-04-29,24177.650390625,77496.359375,17.440000534057617
2026-04-30,23997.55078125,76913.5,18.459999084472656
2026-05-04,24119.30078125,77269.3984375,18.299999237060547
2026-05-05,24032.80078125,77017.7890625,17.90999984741211
2026-05-06,24330.94921875,77958.5234375,16.68000030517578
2026-05-07,24326.650390625,77844.5234375,16.6200008392334
2026-05-08,24176.150390625,77328.1875,16.84000015258789
2026-05-11,23815.849609375,76015.28125,18.549999237060547
2026-05-12,23379.55078125,74559.2421875,19.280000686645508
2026-05-13,23412.599609375,74608.9765625,19.43000030517578
2026-05-14,23689.599609375,75398.71875,18.610000610351562
2026-05-15,23643.5,75237.9921875,18.790000915527344
2026-05-18,23649.94921875,75315.0390625,19.6299991607666
2026-05-19,23618.0,75200.8515625,18.68000030517578
2026-05-20,23659.0,75318.390625,18.440000534057617
2026-05-21,23654.69921875,75183.359375,17.81999969482422
2026-05-22,23719.30078125,75415.3515625,17.90999984741211
2026-05-25,24031.69921875,76488.9609375,16.700000762939453
2026-05-26,23913.69921875,76009.703125,16.1299991607666
2026-05-27,23907.150390625,75867.796875,14.979999542236328
2026-05-29,23547.75,74775.7421875,16.190000534057617
2026-06-01,23382.599609375,74267.34375,16.540000915527344
2026-06-02,23483.55078125,74649.84375,15.359999656677246
2026-06-03,23405.599609375,74346.171875,16.280000686645508
2026-06-04,23416.55078125,74360.0078125,15.890000343322754
2026-06-05,23366.69921875,74243.34375,15.789999961853027
2026-06-08,23123.0,73524.2578125,17.030000686645508
2026-06-09,23242.099609375,73918.7578125,15.579999923706055
2026-06-10,23214.94921875,73983.1796875,15.630000114440918
2026-06-11,23161.599609375,73832.546875,15.609999656677246
2026-06-12,23622.900390625,75527.953125,14.720000267028809
2026-06-15,23853.900390625,76264.328125,14.350000381469727
2026-06-16,23989.150390625,76808.4765625,13.359999656677246
2026-06-17,24085.69921875,77155.6171875,13.1899995803833
2026-06-18,24168.0,77409.9765625,12.670000076293945
2026-06-19,24013.099609375,76802.8984375,12.970000267028809
2026-06-22,24102.900390625,77094.0703125,12.84000015258789
2026-06-23,23824.099609375,76200.6796875,13.9399995803833
2026-06-24,24021.650390625,76991.21875,13.390000343322754
2026-06-25,24056.0,77100.46875,13.050000190734863
2026-06-29,23946.25,76728.3671875,13.609999656677246
2026-06-30,23865.75,76478.671875,13.600000381469727
2026-07-01,24005.849609375,76922.640625,13.239999771118164
2026-07-02,24175.69921875,77502.1171875,12.289999961853027
2026-07-03,24270.849609375,77763.90625,11.800000190734863
2026-07-06,24430.349609375,78285.0703125,11.819999694824219
2026-07-07,24398.69921875,78180.71875,11.649999618530273
2026-07-08,23882.05078125,76503.6015625,14.680000305175781
2026-07-09,23962.80078125,76741.8203125,13.359999656677246
2026-07-10,24206.900390625,77569.390625,12.25
2026-07-13,24211.0,77616.3984375,13.279999732971191
2026-07-14,24052.05078125,77054.9375,13.75
2026-07-15,24078.5,77185.4296875,13.270000457763672
2026-07-16,24072.75,77186.8671875,12.880000114440918
2026-07-17,24334.30078125,78151.453125,13.149999618530273
2026-07-20,24238.5,77708.5234375,12.979999542236328
2026-07-21,24187.69921875,77470.109375,12.600000381469727
2026-07-22,23996.25,76755.046875,13.289999961853027
2026-07-23,23869.599609375,76391.390625,13.479999542236328
2026-07-27,23995.94921875,76835.78125,12.65999984741211
2026-07-28,23985.349609375,76765.921875,12.5625
